1,13,504.23,134.74,51.32,176.84,0.3702,-1,-1,-1
1,12,273.15,379.05,52.48,212.40,0.3728,-1,-1,-1
1,11,1047.12,133.11,62.93,182.85,0.4447,-1,-1,-1
1,10,789.24,145.32,64.25,178.73,0.4614,-1,-1,-1
1,9,225.79,399.57,64.29,198.91,0.5118,-1,-1,-1
1,8,546.15,146.37,57.89,183.43,0.5198,-1,-1,-1
1,7,1103.64,210.05,56.21,179.71,0.5269,-1,-1,-1
1,6,0.22,880.53,41.50,199.47,0.5315,-1,-1,-1
1,5,1355.87,569.75,82.08,221.03,0.5500,-1,-1,-1
1,4,1732.44,452.89,73.78,221.06,0.6220,-1,-1,-1
1,3,1095.29,980.85,73.73,99.15,0.6920,-1,-1,-1
1,2,104.37,546.39,73.25,245.35,0.7260,-1,-1,-1
1,1,371.74,408.30,79.69,239.71,0.7909,-1,-1,-1
2,13,503.49,134.34,51.08,176.80,0.3706,-1,-1,-1
2,12,267.80,379.29,55.12,210.44,0.4318,-1,-1,-1
2,11,1046.10,132.97,63.96,181.97,0.4650,-1,-1,-1
2,10,789.64,145.31,64.44,178.91,0.4606,-1,-1,-1
2,9,225.14,398.12,65.27,199.34,0.4910,-1,-1,-1
2,8,545.60,146.85,57.53,184.07,0.5070,-1,-1,-1
2,7,1098.12,211.84,58.33,178.31,0.4729,-1,-1,-1
2,6,0.21,877.97,39.84,201.48,0.3839,-1,-1,-1
2,5,1355.91,570.14,81.69,217.33,0.5680,-1,-1,-1
2,4,1730.49,455.08,75.25,215.36,0.6073,-1,-1,-1
2,3,1101.04,981.21,71.39,98.79,0.6895,-1,-1,-1
2,2,104.29,546.55,72.95,245.64,0.7255,-1,-1,-1
2,1,372.25,408.13,80.23,239.83,0.7973,-1,-1,-1
3,13,504.08,133.73,49.71,168.80,0.3938,-1,-1,-1
3,12,259.66,365.54,66.12,227.41,0.3911,-1,-1,-1
3,11,1045.33,132.76,64.48,179.36,0.4988,-1,-1,-1
3,10,788.77,145.16,64.98,178.55,0.4541,-1,-1,-1
3,9,223.02,396.59,67.79,202.30,0.4723,-1,-1,-1
3,8,544.84,147.54,58.27,183.55,0.4875,-1,-1,-1
3,7,1092.12,213.76,61.98,177.20,0.5645,-1,-1,-1
3,6,0.23,877.51,39.69,201.51,0.3544,-1,-1,-1
3,5,1356.47,570.01,81.15,216.77,0.5666,-1,-1,-1
3,4,1731.06,452.80,73.85,220.23,0.6000,-1,-1,-1
3,3,1105.43,980.85,71.89,99.15,0.6963,-1,-1,-1
3,2,104.65,546.07,73.46,246.88,0.7315,-1,-1,-1
3,1,373.52,407.78,78.76,241.42,0.7819,-1,-1,-1
4,13,500.40,135.63,53.40,174.27,0.4398,-1,-1,-1
4,12,265.55,384.65,56.67,209.32,0.4012,-1,-1,-1
4,11,1045.42,133.68,63.02,179.73,0.4595,-1,-1,-1
4,10,789.57,144.63,64.01,178.13,0.4697,-1,-1,-1
4,9,221.53,396.88,69.81,202.32,0.4799,-1,-1,-1
4,8,546.48,145.14,55.85,183.75,0.4674,-1,-1,-1
4,7,1087.09,210.85,64.02,180.47,0.5528,-1,-1,-1
4,6,0.30,876.14,43.68,203.36,0.5373,-1,-1,-1
4,5,1356.13,570.24,82.89,217.35,0.5754,-1,-1,-1
4,4,1729.40,452.63,73.99,216.60,0.6199,-1,-1,-1
4,3,1108.33,978.74,72.30,101.26,0.6950,-1,-1,-1
4,2,104.13,545.74,73.17,247.19,0.7230,-1,-1,-1
4,1,372.59,407.25,80.10,241.00,0.7959,-1,-1,-1
5,13,501.54,135.44,50.77,167.76,0.4855,-1,-1,-1
5,12,267.89,380.43,50.89,208.59,0.3873,-1,-1,-1
5,11,1044.06,134.18,65.43,161.03,0.3774,-1,-1,-1
5,10,789.04,145.93,65.09,176.60,0.4967,-1,-1,-1
5,9,220.99,396.97,72.08,200.11,0.3747,-1,-1,-1
5,8,545.84,145.06,56.38,186.79,0.5050,-1,-1,-1
5,7,1072.27,210.42,79.10,178.51,0.5394,-1,-1,-1
5,6,0.34,874.13,45.27,204.93,0.5592,-1,-1,-1
5,5,1355.81,570.08,82.32,213.72,0.6076,-1,-1,-1
5,4,1728.62,452.21,74.17,218.64,0.6542,-1,-1,-1
5,3,1112.75,975.87,72.25,104.13,0.6964,-1,-1,-1
5,2,104.16,545.92,72.44,246.95,0.7243,-1,-1,-1
5,1,374.76,406.77,78.77,241.19,0.7978,-1,-1,-1
6,13,502.43,136.93,49.22,167.25,0.5138,-1,-1,-1
6,12,267.93,379.69,48.23,208.57,0.3933,-1,-1,-1
6,11,1043.64,135.21,64.39,154.16,0.3077,-1,-1,-1
6,10,787.80,145.24,65.12,178.22,0.5056,-1,-1,-1
6,9,218.98,392.42,75.33,204.08,0.3017,-1,-1,-1
6,8,545.22,148.12,55.42,186.14,0.5159,-1,-1,-1
6,7,1062.85,209.00,88.99,179.75,0.5797,-1,-1,-1
6,6,0.37,871.82,46.09,207.61,0.6048,-1,-1,-1
6,5,1356.92,570.14,81.32,213.42,0.6186,-1,-1,-1
6,4,1726.79,455.07,75.14,215.62,0.6514,-1,-1,-1
6,3,1114.36,975.84,72.92,104.16,0.6912,-1,-1,-1
6,2,104.39,546.14,72.63,246.62,0.7309,-1,-1,-1
6,1,375.00,405.93,79.37,239.88,0.7852,-1,-1,-1
7,13,501.86,139.33,48.82,165.61,0.4799,-1,-1,-1
7,12,266.26,380.41,48.86,197.40,0.3576,-1,-1,-1
7,10,788.45,145.44,65.60,177.93,0.5154,-1,-1,-1
7,8,544.21,148.75,54.16,186.97,0.5409,-1,-1,-1
7,7,1054.30,208.05,98.87,181.32,0.5515,-1,-1,-1
7,6,0.35,870.97,47.04,208.49,0.5963,-1,-1,-1
7,5,1356.30,570.36,82.18,212.89,0.6334,-1,-1,-1
7,4,1726.49,454.38,74.55,212.31,0.6315,-1,-1,-1
7,3,1116.55,973.95,70.91,106.05,0.7056,-1,-1,-1
7,2,104.12,545.99,72.65,245.82,0.7311,-1,-1,-1
7,1,375.75,404.67,80.52,239.99,0.7800,-1,-1,-1
8,13,499.35,141.56,52.89,174.82,0.4575,-1,-1,-1
8,12,264.52,381.26,49.49,188.14,0.3175,-1,-1,-1
8,10,788.00,146.04,65.59,176.71,0.5034,-1,-1,-1
8,8,544.70,146.58,52.99,188.92,0.5501,-1,-1,-1
8,7,1053.39,211.85,100.63,177.04,0.5409,-1,-1,-1
8,6,0.25,871.73,46.37,206.82,0.5826,-1,-1,-1
8,5,1356.58,569.91,81.47,214.89,0.6125,-1,-1,-1
8,4,1724.08,454.81,75.86,208.55,0.6454,-1,-1,-1
8,3,1119.06,973.44,70.23,106.56,0.7071,-1,-1,-1
8,2,104.89,546.16,72.93,246.68,0.7358,-1,-1,-1
8,1,376.74,402.04,80.01,238.82,0.7696,-1,-1,-1
9,14,1799.40,208.20,62.02,186.65,0.3266,-1,-1,-1
9,13,500.74,141.82,49.61,174.03,0.4449,-1,-1,-1
9,10,787.95,145.72,65.38,175.61,0.4782,-1,-1,-1
9,8,544.79,147.87,51.78,189.61,0.4971,-1,-1,-1
9,7,1049.56,210.75,105.36,175.10,0.5086,-1,-1,-1
9,6,0.27,869.63,46.48,209.48,0.5596,-1,-1,-1
9,5,1356.71,570.49,81.16,214.26,0.6143,-1,-1,-1
9,4,1723.74,454.34,75.38,210.52,0.6349,-1,-1,-1
9,3,1124.61,973.78,67.52,106.22,0.6692,-1,-1,-1
9,2,104.66,546.08,73.72,246.85,0.7443,-1,-1,-1
9,1,376.87,401.75,81.45,237.09,0.7678,-1,-1,-1
10,14,1799.56,211.99,64.65,187.57,0.3421,-1,-1,-1
10,13,498.35,142.15,52.14,174.97,0.4337,-1,-1,-1
10,12,265.17,384.45,45.76,171.79,0.3154,-1,-1,-1
10,10,788.14,145.80,65.12,177.33,0.4860,-1,-1,-1
10,8,543.44,148.82,52.08,192.06,0.4782,-1,-1,-1
10,7,1046.33,211.70,107.51,172.68,0.4661,-1,-1,-1
10,6,0.27,864.37,46.95,214.16,0.5661,-1,-1,-1
10,5,1356.16,569.36,82.46,216.37,0.6147,-1,-1,-1
10,4,1724.34,454.70,74.35,210.05,0.6104,-1,-1,-1
10,3,1127.93,973.37,67.05,106.63,0.6880,-1,-1,-1
10,2,104.84,545.87,74.00,246.63,0.7400,-1,-1,-1
10,1,377.35,400.27,81.32,236.04,0.7579,-1,-1,-1
11,14,1802.52,218.37,62.49,177.29,0.3489,-1,-1,-1
11,13,498.58,142.67,51.09,175.87,0.4252,-1,-1,-1
11,10,788.05,145.67,65.52,177.37,0.4864,-1,-1,-1
11,9,261.16,385.07,49.45,194.41,0.3796,-1,-1,-1
11,8,542.08,148.69,52.56,192.95,0.4813,-1,-1,-1
11,7,1044.95,209.63,102.35,174.56,0.4522,-1,-1,-1
11,6,0.25,862.01,46.07,216.36,0.5584,-1,-1,-1
11,5,1356.34,569.74,82.38,216.01,0.6406,-1,-1,-1
11,4,1723.82,459.66,75.01,205.46,0.6067,-1,-1,-1
11,3,1130.35,974.03,67.76,105.97,0.6688,-1,-1,-1
11,2,104.52,546.21,74.08,246.76,0.7417,-1,-1,-1
11,1,378.65,397.91,80.70,233.79,0.7550,-1,-1,-1
12,14,1802.25,219.74,64.23,175.06,0.3372,-1,-1,-1
12,13,497.10,144.17,52.88,174.26,0.4129,-1,-1,-1
12,10,788.08,145.86,65.27,177.80,0.4828,-1,-1,-1
12,8,541.82,149.32,53.16,191.46,0.5006,-1,-1,-1
12,7,1046.15,207.35,95.15,176.90,0.3598,-1,-1,-1
12,6,0.50,855.27,46.97,222.16,0.5764,-1,-1,-1
12,5,1357.04,569.59,80.38,215.27,0.6329,-1,-1,-1
12,4,1723.61,459.64,75.14,205.44,0.6362,-1,-1,-1
12,3,1133.88,973.47,67.32,106.53,0.6720,-1,-1,-1
12,2,104.23,546.13,75.12,247.13,0.7371,-1,-1,-1
12,1,378.12,396.63,81.69,233.93,0.7530,-1,-1,-1
13,14,1802.07,221.68,68.06,177.96,0.3713,-1,-1,-1
13,13,496.70,144.86,52.85,175.00,0.3769,-1,-1,-1
13,10,788.29,146.41,65.20,177.42,0.5103,-1,-1,-1
13,8,539.62,149.62,55.69,191.86,0.5203,-1,-1,-1
13,6,0.22,850.72,46.04,226.51,0.5896,-1,-1,-1
13,5,1356.60,570.17,81.17,213.31,0.6359,-1,-1,-1
13,4,1724.42,457.78,73.74,207.67,0.6621,-1,-1,-1
13,3,1135.84,973.00,66.32,107.00,0.6339,-1,-1,-1
13,2,104.23,545.90,75.73,247.93,0.7420,-1,-1,-1
13,1,378.37,395.27,81.90,232.05,0.7610,-1,-1,-1
14,16,880.61,130.07,87.14,177.90,0.4139,-1,-1,-1
14,15,209.60,396.99,64.13,178.28,0.3795,-1,-1,-1
14,14,1802.95,222.46,66.66,177.10,0.3743,-1,-1,-1
14,13,494.39,143.81,54.53,176.54,0.4112,-1,-1,-1
14,10,788.67,146.12,64.11,177.52,0.5246,-1,-1,-1
14,8,538.37,151.07,55.81,191.30,0.5044,-1,-1,-1
14,6,0.22,849.20,46.86,228.57,0.6077,-1,-1,-1
14,5,1357.30,569.93,80.45,214.53,0.6135,-1,-1,-1
14,4,1722.95,459.68,76.40,206.75,0.6575,-1,-1,-1
14,3,1139.15,972.76,64.22,107.24,0.6305,-1,-1,-1
14,2,104.05,545.91,75.95,248.49,0.7475,-1,-1,-1
14,1,379.22,394.80,81.16,231.23,0.7606,-1,-1,-1
15,16,879.72,130.61,86.46,177.62,0.3794,-1,-1,-1
15,15,208.81,390.39,62.82,184.39,0.3146,-1,-1,-1
15,14,1804.20,223.34,67.12,185.47,0.3943,-1,-1,-1
15,13,494.14,143.35,53.87,177.89,0.3866,-1,-1,-1
15,10,787.89,147.03,65.50,175.46,0.5364,-1,-1,-1
15,8,537.18,152.08,55.70,191.43,0.5038,-1,-1,-1
15,6,0.22,849.33,47.37,229.48,0.5862,-1,-1,-1
15,5,1356.77,570.63,80.50,212.76,0.6056,-1,-1,-1
15,4,1724.37,454.71,74.25,211.74,0.6507,-1,-1,-1
15,3,1140.55,973.38,64.38,106.05,0.5995,-1,-1,-1
15,2,104.39,546.03,75.66,248.00,0.7549,-1,-1,-1
15,1,379.85,393.57,81.24,231.73,0.7611,-1,-1,-1
16,16,880.05,131.83,86.09,179.20,0.3332,-1,-1,-1
16,15,208.12,382.36,58.81,193.81,0.3669,-1,-1,-1
16,14,1804.60,224.29,69.25,188.87,0.3867,-1,-1,-1
16,13,493.42,143.10,54.57,178.58,0.3327,-1,-1,-1
16,10,788.98,147.00,64.19,175.49,0.5039,-1,-1,-1
16,9,249.63,386.20,55.49,184.18,0.3551,-1,-1,-1
16,8,534.11,153.93,57.34,188.05,0.5244,-1,-1,-1
16,6,0.20,849.54,48.70,229.10,0.5054,-1,-1,-1
16,5,1356.75,570.17,80.24,213.81,0.6194,-1,-1,-1
16,4,1725.16,455.05,72.94,210.54,0.6556,-1,-1,-1
16,3,1145.08,972.95,62.85,105.98,0.5672,-1,-1,-1
16,2,104.51,546.34,75.25,246.84,0.7503,-1,-1,-1
16,1,380.21,393.05,80.71,232.53,0.7659,-1,-1,-1
17,16,880.85,132.28,84.79,177.26,0.3201,-1,-1,-1
17,15,207.37,379.98,58.63,197.32,0.3340,-1,-1,-1
17,14,1806.38,225.71,66.72,191.44,0.3620,-1,-1,-1
17,13,493.40,145.03,54.13,177.01,0.3616,-1,-1,-1
17,10,788.70,147.12,64.40,174.57,0.4923,-1,-1,-1
17,9,247.26,381.56,57.57,189.61,0.3619,-1,-1,-1
17,8,533.13,156.40,58.47,187.30,0.6085,-1,-1,-1
17,6,0.26,848.53,50.87,231.47,0.5549,-1,-1,-1
17,5,1356.60,569.94,81.83,215.14,0.6041,-1,-1,-1
17,4,1722.96,458.67,76.40,208.76,0.6399,-1,-1,-1
17,3,1148.84,973.15,59.70,106.85,0.5345,-1,-1,-1
17,2,104.04,546.93,76.82,245.80,0.7453,-1,-1,-1
17,1,380.64,391.64,81.42,234.83,0.7511,-1,-1,-1
18,16,880.45,132.77,84.70,178.24,0.3421,-1,-1,-1
18,15,207.65,383.04,56.01,192.66,0.3618,-1,-1,-1
18,14,1806.35,226.34,69.09,191.36,0.3825,-1,-1,-1
18,13,493.20,143.22,53.62,179.15,0.3680,-1,-1,-1
18,10,789.20,147.25,63.95,174.39,0.5330,-1,-1,-1
18,9,246.72,383.72,56.75,187.47,0.4081,-1,-1,-1
18,8,531.60,156.04,57.66,186.63,0.6042,-1,-1,-1
18,7,1031.69,143.99,60.32,183.55,0.3230,-1,-1,-1
18,6,0.25,847.88,52.18,232.02,0.5066,-1,-1,-1
18,5,1356.67,569.90,80.78,214.50,0.6182,-1,-1,-1
18,4,1723.39,458.02,76.13,208.48,0.6457,-1,-1,-1
18,3,1151.97,973.31,57.48,106.69,0.5305,-1,-1,-1
18,2,104.22,546.52,76.36,245.84,0.7479,-1,-1,-1
18,1,380.59,389.83,81.89,237.55,0.7520,-1,-1,-1
19,15,206.45,382.11,56.79,195.78,0.4001,-1,-1,-1
19,14,1808.79,227.08,69.11,190.40,0.3604,-1,-1,-1
19,10,789.06,146.84,63.75,174.54,0.4808,-1,-1,-1
19,9,246.30,379.98,55.54,191.61,0.4172,-1,-1,-1
19,8,530.07,159.53,58.06,182.89,0.5466,-1,-1,-1
19,7,1030.44,143.82,61.03,185.57,0.4152,-1,-1,-1
19,6,0.26,845.80,52.48,234.09,0.5326,-1,-1,-1
19,5,1357.01,569.99,80.17,214.99,0.6405,-1,-1,-1
19,4,1723.72,454.90,74.95,211.45,0.6467,-1,-1,-1
19,3,1154.01,972.76,57.69,107.24,0.5198,-1,-1,-1
19,2,104.41,546.57,76.05,246.19,0.7459,-1,-1,-1
19,1,380.77,388.52,82.75,238.77,0.7551,-1,-1,-1
20,15,204.72,389.66,58.07,185.32,0.4155,-1,-1,-1
20,14,1809.84,227.39,69.95,189.42,0.3427,-1,-1,-1
20,10,789.14,147.88,64.16,173.93,0.4956,-1,-1,-1
20,9,245.11,375.29,54.26,193.61,0.3149,-1,-1,-1
20,8,530.53,158.61,55.24,184.04,0.5439,-1,-1,-1
20,7,1027.41,144.51,63.42,234.26,0.4028,-1,-1,-1
20,6,0.25,845.98,52.43,234.02,0.4771,-1,-1,-1
20,5,1357.06,570.68,80.07,213.99,0.6494,-1,-1,-1
20,4,1723.66,458.92,75.82,207.01,0.6295,-1,-1,-1
20,3,1157.15,972.95,55.67,107.05,0.5105,-1,-1,-1
20,2,104.31,546.57,75.87,245.94,0.7456,-1,-1,-1
20,1,380.63,387.08,82.82,240.27,0.7480,-1,-1,-1
21,15,203.58,376.47,57.86,197.79,0.4005,-1,-1,-1
21,10,788.62,147.63,64.81,174.44,0.4867,-1,-1,-1
21,9,245.28,375.76,51.53,189.35,0.3460,-1,-1,-1
21,8,530.75,158.79,54.21,183.78,0.5888,-1,-1,-1
21,6,0.34,838.98,53.61,238.69,0.5228,-1,-1,-1
21,5,1357.72,570.40,79.19,216.27,0.6137,-1,-1,-1
21,4,1723.51,458.13,75.78,208.42,0.6341,-1,-1,-1
21,3,1157.48,973.57,57.25,106.43,0.5021,-1,-1,-1
21,2,104.28,546.41,75.88,246.45,0.7433,-1,-1,-1
21,1,380.45,386.34,83.33,240.31,0.7588,-1,-1,-1
22,15,203.86,370.92,61.72,202.45,0.3304,-1,-1,-1
22,10,789.32,147.73,64.36,175.31,0.4618,-1,-1,-1
22,8,528.92,155.47,54.40,187.67,0.5037,-1,-1,-1
22,7,1002.27,144.76,88.47,234.90,0.3479,-1,-1,-1
22,6,0.26,842.27,53.37,237.73,0.5434,-1,-1,-1
22,5,1357.42,570.10,79.54,214.93,0.6385,-1,-1,-1
22,4,1724.16,458.50,74.50,207.42,0.6682,-1,-1,-1
22,3,1156.33,974.81,58.91,105.19,0.5591,-1,-1,-1
22,2,104.10,546.88,76.17,245.45,0.7385,-1,-1,-1
22,1,380.84,386.40,82.99,239.38,0.7578,-1,-1,-1
23,10,790.47,148.62,61.23,174.16,0.4303,-1,-1,-1
23,8,527.86,157.57,51.94,187.02,0.4697,-1,-1,-1
23,7,1025.06,146.17,64.60,179.98,0.3871,-1,-1,-1
23,6,0.27,842.96,53.32,235.81,0.5669,-1,-1,-1
23,5,1356.80,569.92,80.73,215.20,0.6141,-1,-1,-1
23,4,1724.54,457.38,74.07,207.84,0.6392,-1,-1,-1
23,3,1158.40,973.84,61.25,106.16,0.5504,-1,-1,-1
23,2,104.26,546.47,75.91,245.62,0.7394,-1,-1,-1
23,1,381.76,385.50,81.67,238.35,0.7569,-1,-1,-1
24,15,202.37,354.01,66.56,218.10,0.3055,-1,-1,-1
24,14,1821.10,230.55,68.33,189.50,0.3512,-1,-1,-1
24,10,789.42,148.30,64.61,173.62,0.4291,-1,-1,-1
24,8,524.62,157.17,55.23,187.82,0.4250,-1,-1,-1
24,7,1022.84,147.39,66.30,178.68,0.3215,-1,-1,-1
24,6,0.27,839.72,54.50,235.97,0.5361,-1,-1,-1
24,5,1356.60,569.69,80.96,217.80,0.5891,-1,-1,-1
24,4,1723.96,455.15,74.33,211.33,0.6434,-1,-1,-1
24,3,1159.21,974.99,61.46,105.01,0.5497,-1,-1,-1
24,2,104.29,546.56,76.29,245.73,0.7382,-1,-1,-1
24,1,381.54,385.18,81.57,237.53,0.7574,-1,-1,-1
25,14,1822.43,233.36,68.32,193.62,0.3875,-1,-1,-1
25,10,789.22,147.39,64.85,175.36,0.4319,-1,-1,-1
25,8,524.81,159.28,54.44,184.35,0.4365,-1,-1,-1
25,6,0.33,835.31,54.98,238.79,0.5031,-1,-1,-1
25,5,1357.15,570.37,79.10,212.58,0.6125,-1,-1,-1
25,4,1722.36,458.22,76.16,208.81,0.6544,-1,-1,-1
25,3,1159.84,974.81,62.09,105.19,0.5631,-1,-1,-1
25,2,103.90,546.90,76.72,246.03,0.7384,-1,-1,-1
25,1,381.64,384.18,80.62,236.83,0.7571,-1,-1,-1
26,14,1826.36,236.55,66.20,192.47,0.3700,-1,-1,-1
26,10,788.65,147.91,66.27,175.36,0.4471,-1,-1,-1
26,8,525.66,161.00,52.69,183.26,0.4214,-1,-1,-1
26,6,0.26,833.65,55.82,231.39,0.5684,-1,-1,-1
26,5,1356.77,570.62,80.57,213.16,0.6084,-1,-1,-1
26,4,1723.25,453.25,73.91,214.45,0.6365,-1,-1,-1
26,3,1161.25,975.14,61.94,104.86,0.5967,-1,-1,-1
26,2,103.35,546.11,77.42,247.47,0.7375,-1,-1,-1
26,1,382.34,382.91,79.68,237.22,0.7684,-1,-1,-1
27,15,198.95,348.29,72.78,223.00,0.3685,-1,-1,-1
27,14,1827.94,238.15,65.39,191.25,0.3461,-1,-1,-1
27,10,789.62,147.90,64.87,174.77,0.4484,-1,-1,-1
27,8,526.15,160.81,51.97,185.43,0.3655,-1,-1,-1
27,7,978.22,206.39,104.81,170.77,0.4321,-1,-1,-1
27,6,0.34,829.95,56.77,235.02,0.6075,-1,-1,-1
27,5,1356.55,569.99,80.41,214.84,0.5868,-1,-1,-1
27,4,1722.75,459.39,74.76,206.80,0.6521,-1,-1,-1
27,3,1162.96,975.06,62.60,104.94,0.6073,-1,-1,-1
27,2,103.38,546.10,76.85,247.22,0.7377,-1,-1,-1
27,1,381.57,381.21,81.05,237.46,0.7790,-1,-1,-1
28,15,197.82,351.71,71.87,222.66,0.3995,-1,-1,-1
28,10,790.71,148.75,60.05,173.46,0.4501,-1,-1,-1
28,6,0.04,827.62,58.87,232.51,0.6340,-1,-1,-1
28,5,1356.75,569.37,80.85,216.43,0.5881,-1,-1,-1
28,4,1723.23,455.40,73.73,211.62,0.6400,-1,-1,-1
28,3,1164.46,975.87,63.23,104.13,0.6165,-1,-1,-1
28,2,103.00,546.85,77.20,245.94,0.7386,-1,-1,-1
28,1,381.77,379.27,82.37,238.10,0.7725,-1,-1,-1
29,17,1593.31,241.52,64.12,182.01,0.3305,-1,-1,-1
29,15,197.30,354.51,70.52,217.20,0.3247,-1,-1,-1
29,11,1025.96,151.38,60.55,169.46,0.3194,-1,-1,-1
29,10,791.08,148.59,59.45,174.36,0.4573,-1,-1,-1
29,6,0.20,826.22,59.63,228.07,0.6978,-1,-1,-1
29,5,1356.62,569.84,81.35,215.21,0.6246,-1,-1,-1
29,4,1723.13,457.53,74.28,208.49,0.6502,-1,-1,-1
29,3,1165.14,975.87,65.33,104.13,0.6355,-1,-1,-1
29,2,102.79,546.29,77.59,246.53,0.7455,-1,-1,-1
29,1,382.81,377.72,81.87,238.08,0.7810,-1,-1,-1
30,17,1593.94,240.28,61.50,183.45,0.3559,-1,-1,-1
30,15,196.20,356.85,68.92,213.00,0.3162,-1,-1,-1
30,10,790.65,148.28,59.51,174.36,0.4582,-1,-1,-1
30,8,523.37,163.69,53.45,187.26,0.3043,-1,-1,-1
30,6,0.01,822.90,60.09,228.25,0.6767,-1,-1,-1
30,5,1356.84,569.89,79.79,215.75,0.6171,-1,-1,-1
30,4,1723.08,457.51,75.15,208.49,0.6633,-1,-1,-1
30,3,1167.13,977.04,65.16,102.90,0.6211,-1,-1,-1
30,2,103.11,547.25,77.42,245.28,0.7384,-1,-1,-1
30,1,383.00,376.30,83.77,236.76,0.7847,-1,-1,-1
31,17,1589.87,238.47,62.07,181.35,0.3096,-1,-1,-1
31,15,194.78,357.74,68.60,209.49,0.3465,-1,-1,-1
31,11,1021.86,154.92,68.11,183.85,0.3513,-1,-1,-1
31,10,790.45,148.08,60.22,175.62,0.4282,-1,-1,-1
31,6,0.33,817.18,59.62,238.90,0.6491,-1,-1,-1
31,5,1356.66,569.74,80.36,213.77,0.5914,-1,-1,-1
31,4,1723.28,455.02,73.37,212.43,0.6545,-1,-1,-1
31,3,1168.25,977.37,66.03,102.63,0.6157,-1,-1,-1
31,2,103.10,546.83,76.79,246.43,0.7404,-1,-1,-1
31,1,383.77,374.74,87.17,232.93,0.7516,-1,-1,-1
32,17,1589.36,236.39,59.50,183.36,0.3030,-1,-1,-1
32,15,192.85,348.80,70.24,215.28,0.3971,-1,-1,-1
32,10,791.69,148.88,58.94,174.78,0.4570,-1,-1,-1
32,6,0.42,815.19,59.83,243.80,0.6162,-1,-1,-1
32,5,1356.48,569.80,80.06,214.33,0.6039,-1,-1,-1
32,4,1722.68,457.49,75.31,209.04,0.6534,-1,-1,-1
32,3,1169.10,978.24,66.70,101.76,0.6746,-1,-1,-1
32,2,103.10,546.68,76.37,246.51,0.7472,-1,-1,-1
32,1,383.72,373.17,91.28,232.25,0.7457,-1,-1,-1
33,15,190.09,348.76,70.65,217.40,0.4230,-1,-1,-1
33,14,1834.81,250.15,71.62,191.26,0.3130,-1,-1,-1
33,11,1019.48,157.05,67.34,183.92,0.3643,-1,-1,-1
33,10,790.75,149.10,59.63,174.05,0.4375,-1,-1,-1
33,8,492.90,159.45,84.18,196.51,0.3918,-1,-1,-1
33,6,0.38,813.51,60.86,248.86,0.6217,-1,-1,-1
33,5,1356.12,569.35,81.35,217.79,0.6021,-1,-1,-1
33,4,1722.37,457.36,75.12,210.33,0.6571,-1,-1,-1
33,3,1170.87,979.19,66.95,100.81,0.6781,-1,-1,-1
33,2,102.75,546.74,78.09,246.59,0.7486,-1,-1,-1
33,1,384.19,370.79,93.05,232.83,0.7501,-1,-1,-1
34,15,188.70,353.67,69.27,208.60,0.4157,-1,-1,-1
34,14,1835.88,250.55,68.42,190.07,0.3188,-1,-1,-1
34,11,1021.61,154.96,61.42,187.78,0.4152,-1,-1,-1
34,10,790.49,148.57,59.20,175.32,0.4324,-1,-1,-1
34,8,493.06,160.64,81.90,195.01,0.3893,-1,-1,-1
34,6,0.45,811.61,61.20,249.19,0.6135,-1,-1,-1
34,5,1356.91,569.29,80.92,216.61,0.5996,-1,-1,-1
34,4,1722.78,458.30,74.10,207.85,0.6499,-1,-1,-1
34,3,1173.90,981.25,66.45,98.75,0.6763,-1,-1,-1
34,2,102.74,546.84,77.72,246.54,0.7391,-1,-1,-1
34,1,384.98,370.48,92.32,231.57,0.7515,-1,-1,-1
35,15,186.83,344.10,64.93,212.89,0.4548,-1,-1,-1
35,14,1837.35,251.17,68.41,187.63,0.3249,-1,-1,-1
35,11,1022.13,156.20,60.56,184.25,0.4622,-1,-1,-1
35,10,791.12,148.53,59.03,175.15,0.4427,-1,-1,-1
35,8,494.15,160.80,79.90,194.68,0.3989,-1,-1,-1
35,7,960.65,200.96,61.33,173.51,0.3348,-1,-1,-1
35,6,0.45,811.04,63.34,253.30,0.5751,-1,-1,-1
35,5,1355.83,569.43,81.80,215.57,0.6011,-1,-1,-1
35,4,1722.49,457.47,73.92,208.66,0.6606,-1,-1,-1
35,3,1177.75,982.54,64.11,97.46,0.6624,-1,-1,-1
35,2,102.48,546.87,78.55,247.09,0.7346,-1,-1,-1
35,1,384.79,369.51,93.15,233.01,0.7410,-1,-1,-1
36,18,384.64,994.97,90.57,85.03,0.4535,-1,-1,-1
36,15,188.80,367.18,61.33,192.00,0.3995,-1,-1,-1
36,14,1839.89,249.36,66.89,189.12,0.3537,-1,-1,-1
36,11,1021.91,156.83,61.73,181.64,0.5125,-1,-1,-1
36,10,790.98,149.20,59.01,173.89,0.4402,-1,-1,-1
36,8,494.92,160.84,77.06,193.75,0.4165,-1,-1,-1
36,7,954.36,200.82,64.45,174.10,0.3265,-1,-1,-1
36,6,0.54,810.35,63.17,248.38,0.5426,-1,-1,-1
36,5,1355.94,569.44,82.26,216.78,0.5767,-1,-1,-1
36,4,1722.95,458.82,74.16,207.70,0.6161,-1,-1,-1
36,3,1179.86,984.35,64.33,95.65,0.6412,-1,-1,-1
36,2,102.88,547.13,77.31,246.33,0.7385,-1,-1,-1
36,1,385.24,369.04,91.98,233.18,0.7009,-1,-1,-1
37,18,384.27,993.93,92.28,86.07,0.5152,-1,-1,-1
37,15,187.21,362.10,62.29,194.96,0.4086,-1,-1,-1
37,14,1839.98,252.43,63.39,184.05,0.3773,-1,-1,-1
37,11,1021.83,158.12,61.69,183.73,0.5344,-1,-1,-1
37,10,790.27,148.72,59.94,175.00,0.4360,-1,-1,-1
37,8,494.99,162.38,75.72,192.69,0.4226,-1,-1,-1
37,7,946.17,200.80,69.18,173.42,0.4378,-1,-1,-1
37,6,0.53,809.14,65.51,248.26,0.6285,-1,-1,-1
37,5,1356.26,569.06,82.10,219.25,0.5677,-1,-1,-1
37,4,1723.08,457.35,73.97,209.55,0.6401,-1,-1,-1
37,3,1182.53,984.49,64.81,95.51,0.6850,-1,-1,-1
37,2,103.02,547.28,76.61,245.57,0.7344,-1,-1,-1
37,1,386.13,367.84,88.93,234.07,0.6902,-1,-1,-1
38,18,384.46,992.80,93.44,87.20,0.5469,-1,-1,-1
38,15,185.84,364.98,61.52,191.27,0.4321,-1,-1,-1
38,14,1840.54,252.39,63.03,185.44,0.3217,-1,-1,-1
38,11,1023.74,158.63,60.31,184.31,0.5451,-1,-1,-1
38,10,791.10,149.12,58.90,175.22,0.4243,-1,-1,-1
38,8,494.29,162.75,75.76,192.62,0.4184,-1,-1,-1
38,7,935.69,202.09,75.84,172.73,0.3836,-1,-1,-1
38,6,0.54,808.86,66.09,245.25,0.6404,-1,-1,-1
38,5,1355.87,569.44,81.73,213.64,0.6049,-1,-1,-1
38,4,1722.63,458.46,74.59,207.29,0.6428,-1,-1,-1
38,3,1184.16,984.24,66.98,95.76,0.6922,-1,-1,-1
38,2,102.77,546.88,76.43,245.40,0.7328,-1,-1,-1
38,1,387.46,366.64,85.18,235.42,0.6937,-1,-1,-1
39,18,384.56,991.55,92.84,88.45,0.5276,-1,-1,-1
39,15,183.20,361.83,63.58,195.40,0.4939,-1,-1,-1
39,14,1840.38,252.80,64.32,184.73,0.3539,-1,-1,-1
39,11,1022.08,158.85,62.10,182.82,0.5211,-1,-1,-1
39,10,790.88,148.78,58.90,175.14,0.4153,-1,-1,-1
39,8,494.63,163.39,74.59,191.40,0.4237,-1,-1,-1
39,7,923.72,201.00,86.76,172.69,0.5013,-1,-1,-1
39,6,0.52,807.56,65.90,244.29,0.6523,-1,-1,-1
39,5,1357.09,567.86,81.04,217.79,0.5814,-1,-1,-1
39,4,1722.55,456.71,73.48,210.02,0.6227,-1,-1,-1
39,3,1186.90,983.51,68.73,96.49,0.6789,-1,-1,-1
39,2,102.35,547.26,77.58,244.84,0.7308,-1,-1,-1
39,1,387.52,365.37,84.44,237.15,0.6891,-1,-1,-1
40,18,385.16,989.85,92.83,90.15,0.5279,-1,-1,-1
40,15,181.03,363.50,62.76,192.53,0.4306,-1,-1,-1
40,14,1837.89,252.72,68.04,187.62,0.3340,-1,-1,-1
40,11,1021.73,159.09,62.55,182.40,0.5093,-1,-1,-1
40,10,791.11,148.98,58.11,176.20,0.4046,-1,-1,-1
40,8,494.30,167.58,72.89,191.53,0.4405,-1,-1,-1
40,7,914.79,197.08,96.53,176.59,0.5105,-1,-1,-1
40,6,0.68,806.54,65.65,241.81,0.6072,-1,-1,-1
40,5,1357.58,569.75,79.99,212.02,0.6151,-1,-1,-1
40,4,1722.71,456.19,73.52,211.11,0.6273,-1,-1,-1
40,3,1190.80,983.65,69.31,96.35,0.6545,-1,-1,-1
40,2,102.19,547.00,77.51,244.88,0.7335,-1,-1,-1
40,1,387.90,367.06,86.60,234.99,0.6972,-1,-1,-1
41,18,385.22,989.24,93.41,90.76,0.4924,-1,-1,-1
41,15,179.53,360.70,62.35,195.52,0.3636,-1,-1,-1
41,11,1021.40,159.09,62.68,180.82,0.4771,-1,-1,-1
41,10,791.41,149.20,57.25,174.94,0.4079,-1,-1,-1
41,8,495.87,165.70,75.21,190.83,0.3632,-1,-1,-1
41,7,911.66,203.40,99.91,169.77,0.5440,-1,-1,-1
41,6,0.47,805.43,66.52,242.97,0.6001,-1,-1,-1
41,5,1356.78,568.63,81.06,215.93,0.6073,-1,-1,-1
41,4,1722.49,455.83,73.86,211.10,0.6395,-1,-1,-1
41,3,1193.20,985.00,67.51,95.00,0.6802,-1,-1,-1
41,2,102.31,546.67,77.69,245.78,0.7313,-1,-1,-1
41,1,389.54,366.16,85.25,235.38,0.6909,-1,-1,-1
42,18,384.21,987.73,94.62,92.27,0.5331,-1,-1,-1
42,15,179.82,370.90,59.25,186.95,0.3295,-1,-1,-1
42,11,1021.12,159.46,62.77,182.23,0.4734,-1,-1,-1
42,10,791.09,148.73,57.46,177.40,0.4202,-1,-1,-1
42,8,495.40,167.27,75.17,192.15,0.3718,-1,-1,-1
42,7,908.32,200.03,102.88,173.64,0.5451,-1,-1,-1
42,6,0.27,802.61,66.70,242.95,0.6312,-1,-1,-1
42,5,1356.93,569.43,80.29,214.24,0.6145,-1,-1,-1
42,4,1721.94,454.92,74.07,211.51,0.6461,-1,-1,-1
42,3,1195.65,984.78,69.10,95.22,0.6923,-1,-1,-1
42,2,102.24,546.70,78.41,245.76,0.7402,-1,-1,-1
42,1,390.43,364.55,84.90,235.51,0.7104,-1,-1,-1
43,18,383.21,987.78,95.31,92.22,0.5402,-1,-1,-1
43,11,1021.46,159.76,62.17,183.59,0.4672,-1,-1,-1
43,10,790.40,149.38,58.95,175.95,0.4042,-1,-1,-1
43,8,493.89,167.93,77.00,195.17,0.3847,-1,-1,-1
43,7,904.24,195.77,105.06,177.19,0.4978,-1,-1,-1
43,6,0.20,797.95,66.92,231.73,0.6608,-1,-1,-1
43,5,1356.76,569.13,80.53,214.51,0.6090,-1,-1,-1
43,4,1722.36,454.65,73.58,212.24,0.6162,-1,-1,-1
43,3,1198.45,985.05,70.78,94.94,0.6623,-1,-1,-1
43,2,101.82,546.84,78.42,245.91,0.7338,-1,-1,-1
43,1,391.27,365.15,85.09,233.13,0.7374,-1,-1,-1
44,18,382.53,985.24,96.11,94.76,0.5968,-1,-1,-1
44,15,175.17,364.50,58.36,191.39,0.3525,-1,-1,-1
44,14,1840.73,255.20,78.60,195.35,0.3252,-1,-1,-1
44,11,1021.56,160.20,61.35,184.63,0.4379,-1,-1,-1
44,10,790.98,149.09,58.06,176.11,0.4005,-1,-1,-1
44,8,494.28,169.13,76.26,195.85,0.3771,-1,-1,-1
44,7,902.66,193.02,100.94,180.41,0.3167,-1,-1,-1
44,6,0.19,794.66,67.33,229.15,0.6726,-1,-1,-1
44,5,1356.80,568.89,81.17,216.95,0.6236,-1,-1,-1
44,4,1721.01,457.80,75.24,208.94,0.6474,-1,-1,-1
44,3,1198.95,985.38,71.72,94.62,0.6688,-1,-1,-1
44,2,101.99,547.20,77.83,245.34,0.7334,-1,-1,-1
44,1,391.56,364.74,85.94,231.42,0.7343,-1,-1,-1
45,18,381.19,984.85,95.64,95.15,0.5952,-1,-1,-1
45,15,173.62,357.51,55.83,196.86,0.3643,-1,-1,-1
45,14,1842.14,256.76,73.14,197.61,0.3492,-1,-1,-1
45,11,1019.47,161.89,65.56,182.10,0.3991,-1,-1,-1
45,10,790.49,149.17,58.83,175.58,0.4243,-1,-1,-1
45,8,495.66,173.08,73.96,193.47,0.3115,-1,-1,-1
45,6,0.29,792.60,67.43,229.06,0.6685,-1,-1,-1
45,5,1356.35,568.81,81.01,216.28,0.6345,-1,-1,-1
45,4,1721.67,458.84,74.31,207.52,0.6321,-1,-1,-1
45,3,1200.19,985.71,72.58,94.28,0.6709,-1,-1,-1
45,2,101.74,546.73,77.49,245.84,0.7425,-1,-1,-1
45,1,393.14,361.76,85.07,232.35,0.7371,-1,-1,-1
46,18,379.74,978.00,97.15,102.00,0.6033,-1,-1,-1
46,15,172.21,352.40,54.99,201.78,0.3621,-1,-1,-1
46,14,1843.19,257.03,74.45,201.74,0.3300,-1,-1,-1
46,11,1019.13,161.97,65.60,182.18,0.4088,-1,-1,-1
46,10,790.70,149.32,58.20,174.97,0.3893,-1,-1,-1
46,8,491.92,174.11,78.40,193.58,0.3314,-1,-1,-1
46,6,0.45,790.47,68.23,229.75,0.6718,-1,-1,-1
46,5,1356.15,569.43,82.46,216.97,0.6039,-1,-1,-1
46,4,1720.77,459.25,75.03,206.47,0.6155,-1,-1,-1
46,3,1200.56,986.22,71.77,93.78,0.6854,-1,-1,-1
46,2,101.69,546.34,77.86,246.29,0.7447,-1,-1,-1
46,1,395.21,360.63,82.60,231.87,0.7422,-1,-1,-1
47,18,379.71,971.91,97.78,108.09,0.5909,-1,-1,-1
47,15,169.58,343.24,59.25,210.81,0.3911,-1,-1,-1
47,14,1844.57,259.22,73.57,202.40,0.3460,-1,-1,-1
47,11,1018.95,162.83,63.79,183.97,0.3951,-1,-1,-1
47,10,789.95,149.40,60.34,174.76,0.4296,-1,-1,-1
47,8,508.63,181.27,56.21,184.43,0.3161,-1,-1,-1
47,7,903.59,171.62,75.95,201.68,0.3144,-1,-1,-1
47,6,0.67,789.29,68.98,232.48,0.6183,-1,-1,-1
47,5,1356.64,569.56,81.37,215.63,0.5933,-1,-1,-1
47,4,1721.35,458.87,74.79,208.24,0.6306,-1,-1,-1
47,3,1201.39,986.19,73.12,93.81,0.6670,-1,-1,-1
47,2,101.44,546.31,78.03,246.24,0.7292,-1,-1,-1
47,1,395.51,358.31,83.45,232.19,0.7461,-1,-1,-1
48,18,378.57,964.72,99.52,115.28,0.6089,-1,-1,-1
48,15,168.96,344.67,57.23,211.52,0.3360,-1,-1,-1
48,14,1847.94,263.49,66.64,199.81,0.3696,-1,-1,-1
48,11,1018.68,163.13,63.12,182.83,0.3309,-1,-1,-1
48,10,790.61,149.47,59.80,175.80,0.4552,-1,-1,-1
48,8,507.36,183.58,56.76,182.11,0.3326,-1,-1,-1
48,6,0.94,788.87,70.44,234.82,0.5857,-1,-1,-1
48,5,1356.48,569.00,82.99,217.06,0.6132,-1,-1,-1
48,4,1721.53,459.65,74.26,205.91,0.6357,-1,-1,-1
48,3,1203.13,984.41,76.77,95.53,0.6326,-1,-1,-1
48,2,101.66,546.06,77.82,247.01,0.7353,-1,-1,-1
48,1,396.35,356.93,83.62,229.63,0.7647,-1,-1,-1
49,18,378.44,963.76,99.71,116.24,0.5888,-1,-1,-1
49,16,862.89,153.02,54.94,174.32,0.3164,-1,-1,-1
49,15,167.33,354.68,58.12,201.26,0.3555,-1,-1,-1
49,14,1849.64,264.52,64.49,200.58,0.3337,-1,-1,-1
49,11,1016.43,164.84,65.36,182.92,0.3711,-1,-1,-1
49,10,790.40,149.12,60.42,176.16,0.4317,-1,-1,-1
49,8,491.76,179.07,76.49,190.12,0.3703,-1,-1,-1
49,6,0.75,785.00,72.65,247.67,0.6188,-1,-1,-1
49,5,1356.50,569.52,82.54,218.14,0.6018,-1,-1,-1
49,4,1720.89,458.65,74.79,207.55,0.6575,-1,-1,-1
49,3,1203.39,983.37,77.71,96.63,0.6518,-1,-1,-1
49,2,101.55,546.08,77.85,246.96,0.7393,-1,-1,-1
49,1,396.26,356.44,84.52,226.44,0.7608,-1,-1,-1
50,18,380.94,961.45,97.57,117.29,0.5867,-1,-1,-1
50,14,1852.62,266.31,65.98,199.66,0.3915,-1,-1,-1
50,11,1017.18,164.90,61.34,175.56,0.3841,-1,-1,-1
50,10,790.39,148.94,59.69,177.27,0.4070,-1,-1,-1
50,8,491.99,178.84,77.17,192.21,0.3775,-1,-1,-1
50,6,1.07,785.21,74.07,249.20,0.6055,-1,-1,-1
50,5,1357.15,569.92,81.36,215.22,0.6122,-1,-1,-1
50,4,1721.08,459.13,74.29,206.66,0.6391,-1,-1,-1
50,3,1203.54,982.70,78.48,97.30,0.6281,-1,-1,-1
50,2,101.65,546.14,77.88,246.48,0.7482,-1,-1,-1
50,1,395.85,355.01,85.81,225.96,0.7546,-1,-1,-1
51,18,380.94,956.60,98.05,123.32,0.5503,-1,-1,-1
51,14,1854.41,267.25,62.41,195.24,0.3626,-1,-1,-1
51,11,1016.81,166.93,61.64,173.97,0.4440,-1,-1,-1
51,10,790.52,148.60,59.76,177.85,0.4134,-1,-1,-1
51,8,493.41,180.07,76.11,191.64,0.3679,-1,-1,-1
51,6,1.22,783.35,73.76,247.04,0.6422,-1,-1,-1
51,5,1357.11,569.21,81.28,214.67,0.6198,-1,-1,-1
51,4,1720.59,460.24,74.63,205.05,0.6227,-1,-1,-1
51,3,1204.30,981.50,78.93,98.50,0.6111,-1,-1,-1
51,2,101.84,545.48,77.58,247.40,0.7505,-1,-1,-1
51,1,395.92,354.38,86.62,223.10,0.7538,-1,-1,-1
52,18,381.98,952.45,98.69,127.55,0.5450,-1,-1,-1
52,11,1016.01,168.14,63.48,180.57,0.4711,-1,-1,-1
52,10,789.66,149.17,60.76,178.19,0.3952,-1,-1,-1
52,8,489.41,179.82,81.00,191.12,0.3819,-1,-1,-1
52,6,2.25,782.44,74.64,244.41,0.6113,-1,-1,-1
52,5,1356.87,569.12,81.33,215.52,0.6233,-1,-1,-1
52,4,1722.16,455.69,73.24,210.97,0.6266,-1,-1,-1
52,3,1203.84,981.71,79.19,98.29,0.6304,-1,-1,-1
52,2,102.19,545.43,76.85,247.00,0.7519,-1,-1,-1
52,1,396.93,353.10,86.63,224.21,0.7677,-1,-1,-1
53,18,382.01,950.00,101.30,129.55,0.6933,-1,-1,-1
53,14,1860.00,264.76,59.48,197.88,0.3205,-1,-1,-1
53,11,1015.86,168.96,62.77,182.23,0.4505,-1,-1,-1
53,10,789.21,148.38,61.48,177.73,0.4121,-1,-1,-1
53,8,488.64,180.31,82.97,190.67,0.4034,-1,-1,-1
53,6,3.55,781.15,72.47,241.50,0.6510,-1,-1,-1
53,5,1357.17,569.61,81.64,213.44,0.6401,-1,-1,-1
53,4,1722.20,456.02,73.38,209.29,0.6261,-1,-1,-1
53,3,1203.82,979.92,79.19,100.08,0.6525,-1,-1,-1
53,2,102.56,545.16,75.62,247.52,0.7453,-1,-1,-1
53,1,398.54,351.37,85.13,226.21,0.7697,-1,-1,-1
54,18,383.03,948.96,103.43,129.21,0.7180,-1,-1,-1
54,14,1861.74,261.88,57.79,205.35,0.3113,-1,-1,-1
54,11,1013.87,171.42,62.21,181.78,0.4274,-1,-1,-1
54,10,789.63,148.92,61.54,176.69,0.3981,-1,-1,-1
54,8,488.26,180.19,84.32,190.63,0.3868,-1,-1,-1
54,6,6.60,778.41,70.18,236.69,0.6455,-1,-1,-1
54,5,1356.94,569.10,82.17,214.12,0.6411,-1,-1,-1
54,4,1722.01,456.03,73.50,209.98,0.6240,-1,-1,-1
54,3,1202.87,979.79,80.50,100.21,0.6571,-1,-1,-1
54,2,102.52,544.87,75.71,248.18,0.7479,-1,-1,-1
54,1,398.48,350.93,85.61,226.72,0.7711,-1,-1,-1
55,18,383.10,947.22,106.49,131.62,0.6929,-1,-1,-1
55,14,1864.40,261.69,55.23,208.31,0.3406,-1,-1,-1
55,11,1012.25,173.63,62.92,181.58,0.4561,-1,-1,-1
55,10,790.07,149.04,60.93,176.72,0.4251,-1,-1,-1
55,8,488.49,179.78,84.08,191.55,0.4235,-1,-1,-1
55,6,8.30,774.22,69.49,237.45,0.6805,-1,-1,-1
55,5,1357.61,568.95,80.94,215.65,0.6082,-1,-1,-1
55,4,1722.22,456.91,74.20,210.81,0.6376,-1,-1,-1
55,3,1203.19,978.98,80.68,101.02,0.6651,-1,-1,-1
55,2,102.51,545.17,75.78,248.60,0.7363,-1,-1,-1
55,1,399.54,349.66,84.74,228.70,0.7785,-1,-1,-1
56,18,384.01,946.78,106.01,132.88,0.6985,-1,-1,-1
56,11,1014.15,175.15,60.03,179.95,0.4680,-1,-1,-1
56,10,790.05,148.69,61.54,177.98,0.4100,-1,-1,-1
56,8,488.67,179.95,81.78,191.42,0.4782,-1,-1,-1
56,6,8.13,772.02,70.21,234.98,0.6943,-1,-1,-1
56,5,1357.06,569.19,80.74,216.44,0.6102,-1,-1,-1
56,4,1721.94,455.81,73.48,210.60,0.6445,-1,-1,-1
56,3,1202.85,977.26,80.96,102.74,0.6744,-1,-1,-1
56,2,102.53,544.37,75.98,249.34,0.7376,-1,-1,-1
56,1,400.06,349.35,84.25,229.87,0.7878,-1,-1,-1
57,19,1470.91,215.79,64.72,189.98,0.3341,-1,-1,-1
57,18,385.74,946.00,105.47,133.31,0.7176,-1,-1,-1
57,11,1011.33,176.51,61.04,179.62,0.4636,-1,-1,-1
57,10,789.81,148.63,62.18,178.97,0.4009,-1,-1,-1
57,8,488.01,180.98,81.34,190.71,0.4590,-1,-1,-1
57,7,832.64,162.35,105.81,208.69,0.3014,-1,-1,-1
57,6,5.61,771.13,71.94,230.42,0.7197,-1,-1,-1
57,5,1356.92,569.23,81.51,213.12,0.6174,-1,-1,-1
57,4,1721.82,458.87,73.33,206.82,0.6509,-1,-1,-1
57,3,1202.05,976.14,81.75,103.86,0.6850,-1,-1,-1
57,2,102.35,544.92,76.07,249.49,0.7329,-1,-1,-1
57,1,400.00,348.12,83.77,230.89,0.7938,-1,-1,-1
58,19,1469.42,214.40,64.35,188.78,0.3099,-1,-1,-1
58,18,387.45,944.87,104.01,135.06,0.6723,-1,-1,-1
58,11,1011.14,179.49,59.79,178.94,0.4566,-1,-1,-1
58,10,790.27,149.05,61.48,178.43,0.3946,-1,-1,-1
58,8,488.41,181.47,80.10,191.10,0.4484,-1,-1,-1
58,6,7.14,767.34,74.15,229.03,0.7118,-1,-1,-1
58,5,1357.12,569.42,81.17,215.05,0.6247,-1,-1,-1
58,4,1722.17,455.44,72.90,210.00,0.6400,-1,-1,-1
58,3,1201.24,976.28,83.15,103.72,0.6688,-1,-1,-1
58,2,102.75,545.32,75.41,249.05,0.7288,-1,-1,-1
58,1,399.75,347.20,84.58,231.54,0.7873,-1,-1,-1
59,18,388.24,943.60,103.08,136.01,0.7142,-1,-1,-1
59,11,1009.93,180.38,60.70,178.23,0.3744,-1,-1,-1
59,10,789.51,148.84,60.77,178.46,0.3894,-1,-1,-1
59,8,488.38,181.91,81.65,191.61,0.4378,-1,-1,-1
59,6,6.42,765.34,75.83,224.80,0.7217,-1,-1,-1
59,5,1357.01,568.70,81.39,212.98,0.6413,-1,-1,-1
59,4,1722.99,455.95,72.98,211.01,0.6377,-1,-1,-1
59,3,1199.31,975.73,85.21,104.27,0.6719,-1,-1,-1
59,2,102.70,545.12,75.29,249.47,0.7327,-1,-1,-1
59,1,401.30,345.58,83.53,233.32,0.7851,-1,-1,-1
60,19,1466.58,211.76,64.30,192.89,0.3100,-1,-1,-1
60,18,387.68,940.33,105.46,138.68,0.7101,-1,-1,-1
60,11,1006.68,181.24,63.25,177.96,0.3406,-1,-1,-1
60,10,789.55,148.39,61.83,185.37,0.4231,-1,-1,-1
60,8,488.90,183.25,80.17,191.05,0.4531,-1,-1,-1
60,6,9.31,760.23,70.26,225.37,0.7345,-1,-1,-1
60,5,1356.79,568.94,81.34,215.54,0.6262,-1,-1,-1
60,4,1722.04,458.96,73.50,207.09,0.6275,-1,-1,-1
60,3,1198.98,974.70,85.20,105.30,0.6700,-1,-1,-1
60,2,102.16,545.17,75.86,250.58,0.7259,-1,-1,-1
60,1,402.07,346.04,82.15,231.48,0.7925,-1,-1,-1
61,18,386.94,938.96,107.77,140.55,0.6141,-1,-1,-1
61,11,1007.23,181.91,61.71,176.50,0.3029,-1,-1,-1
61,10,788.70,148.42,63.13,188.15,0.3661,-1,-1,-1
61,8,493.65,190.37,71.99,186.25,0.4803,-1,-1,-1
61,6,9.94,758.05,68.94,225.90,0.7307,-1,-1,-1
61,5,1357.33,569.35,80.83,213.99,0.6299,-1,-1,-1
61,4,1722.71,457.66,72.06,207.60,0.6112,-1,-1,-1
61,3,1196.38,971.98,86.25,108.02,0.6306,-1,-1,-1
61,2,103.06,546.43,74.07,247.49,0.7279,-1,-1,-1
61,1,401.70,344.36,82.46,230.91,0.7977,-1,-1,-1
62,18,385.60,936.67,108.47,141.91,0.5694,-1,-1,-1
62,11,1008.31,184.20,60.55,174.71,0.3032,-1,-1,-1
62,10,790.36,148.20,60.80,186.45,0.3199,-1,-1,-1
62,8,492.85,190.12,73.03,189.27,0.4967,-1,-1,-1
62,6,11.08,756.38,68.88,225.96,0.7302,-1,-1,-1
62,5,1357.69,569.23,80.45,214.78,0.6174,-1,-1,-1
62,4,1722.47,456.37,73.34,209.44,0.6000,-1,-1,-1
62,3,1195.83,972.44,86.44,107.56,0.6220,-1,-1,-1
62,2,103.06,546.85,74.22,247.43,0.7287,-1,-1,-1
62,1,402.14,343.04,81.71,230.90,0.7907,-1,-1,-1
63,18,385.84,934.63,106.92,144.31,0.6604,-1,-1,-1
63,8,491.10,188.01,74.89,196.64,0.5326,-1,-1,-1
63,6,10.38,755.36,71.43,229.91,0.7189,-1,-1,-1
63,5,1356.95,568.93,81.14,213.44,0.6020,-1,-1,-1
63,4,1721.54,458.75,74.27,207.30,0.5906,-1,-1,-1
63,3,1194.17,971.94,87.50,108.06,0.6573,-1,-1,-1
63,2,103.22,546.70,73.86,247.38,0.7298,-1,-1,-1
63,1,402.04,341.00,82.26,232.20,0.7965,-1,-1,-1
64,18,384.97,930.48,109.05,148.92,0.6716,-1,-1,-1
64,11,1003.87,186.47,62.26,170.96,0.3625,-1,-1,-1
64,8,493.36,191.83,72.39,193.98,0.4907,-1,-1,-1
64,6,11.01,753.71,70.88,229.84,0.7204,-1,-1,-1
64,5,1356.03,569.42,81.71,216.16,0.5977,-1,-1,-1
64,4,1721.93,456.25,73.82,209.82,0.6059,-1,-1,-1
64,3,1192.89,973.46,86.82,106.54,0.6856,-1,-1,-1
64,2,102.41,546.38,74.81,248.76,0.7195,-1,-1,-1
64,1,402.30,338.43,82.41,232.17,0.7907,-1,-1,-1
65,18,385.23,923.08,107.89,156.70,0.5634,-1,-1,-1
65,11,1003.55,187.06,62.53,171.87,0.3134,-1,-1,-1
65,8,494.05,191.71,72.07,194.92,0.5081,-1,-1,-1
65,6,10.61,752.71,71.06,233.26,0.7136,-1,-1,-1
65,5,1356.07,569.20,82.94,214.11,0.6283,-1,-1,-1
65,4,1720.53,459.88,75.30,206.36,0.6133,-1,-1,-1
65,3,1192.23,973.44,85.06,106.56,0.6846,-1,-1,-1
65,2,102.78,547.14,74.56,246.77,0.7280,-1,-1,-1
65,1,402.01,336.80,82.77,232.18,0.7933,-1,-1,-1
66,18,387.06,917.03,104.47,162.97,0.5605,-1,-1,-1
66,11,1004.13,187.69,60.28,175.37,0.3622,-1,-1,-1
66,8,496.26,190.58,68.88,196.18,0.5281,-1,-1,-1
66,6,10.55,751.33,71.36,234.41,0.7134,-1,-1,-1
66,5,1355.78,568.47,83.44,216.51,0.6046,-1,-1,-1
66,4,1719.73,459.29,75.88,207.88,0.6260,-1,-1,-1
66,3,1189.99,971.65,84.86,108.35,0.7063,-1,-1,-1
66,2,102.78,546.29,75.67,248.02,0.7208,-1,-1,-1
66,1,402.23,334.91,83.23,231.93,0.7929,-1,-1,-1
67,18,385.57,913.47,105.65,164.85,0.6553,-1,-1,-1
67,11,1002.47,187.41,59.55,175.57,0.4069,-1,-1,-1
67,8,495.28,190.82,70.02,200.02,0.5657,-1,-1,-1
67,6,9.97,749.13,71.76,237.43,0.7028,-1,-1,-1
67,5,1356.95,569.21,81.45,214.01,0.5982,-1,-1,-1
67,4,1720.64,458.98,74.84,206.72,0.5965,-1,-1,-1
67,3,1188.57,971.80,86.45,108.20,0.6942,-1,-1,-1
67,2,102.78,546.81,75.81,247.48,0.7250,-1,-1,-1
67,1,402.10,333.99,84.68,228.87,0.7944,-1,-1,-1
68,18,384.89,912.02,106.49,165.92,0.7051,-1,-1,-1
68,11,1001.01,187.99,61.42,176.95,0.4874,-1,-1,-1
68,8,495.28,192.58,69.06,196.93,0.5750,-1,-1,-1
68,6,10.10,746.64,72.03,241.36,0.7077,-1,-1,-1
68,5,1356.50,568.03,82.31,216.34,0.5953,-1,-1,-1
68,4,1721.54,459.47,74.10,207.01,0.6081,-1,-1,-1
68,3,1185.10,969.75,86.15,110.25,0.6957,-1,-1,-1
68,2,102.64,546.61,75.95,247.86,0.7294,-1,-1,-1
68,1,403.00,333.62,84.18,226.69,0.7902,-1,-1,-1
69,18,384.56,910.56,106.96,168.18,0.6853,-1,-1,-1
69,11,1000.71,187.70,62.12,177.31,0.5338,-1,-1,-1
69,8,492.35,193.46,74.94,195.29,0.5869,-1,-1,-1
69,6,10.38,744.82,71.98,241.92,0.7102,-1,-1,-1
69,5,1356.78,568.69,81.82,217.36,0.5962,-1,-1,-1
69,4,1722.59,456.80,74.67,212.94,0.5947,-1,-1,-1
69,3,1183.76,969.66,86.05,110.29,0.6797,-1,-1,-1
69,2,102.79,546.61,75.20,248.27,0.7309,-1,-1,-1
69,1,402.60,332.30,85.55,225.69,0.7834,-1,-1,-1
70,18,384.05,907.37,107.28,172.26,0.6793,-1,-1,-1
70,11,1000.37,187.61,61.38,178.15,0.5581,-1,-1,-1
70,8,490.41,195.53,78.11,193.30,0.5919,-1,-1,-1
70,6,10.91,743.34,71.75,237.36,0.7152,-1,-1,-1
70,5,1356.24,568.39,83.20,217.71,0.6087,-1,-1,-1
70,4,1722.96,455.29,74.29,212.50,0.6157,-1,-1,-1
70,3,1182.35,969.21,85.72,110.79,0.6649,-1,-1,-1
70,2,103.17,546.27,74.69,248.44,0.7319,-1,-1,-1
70,1,402.67,331.49,86.07,223.93,0.7903,-1,-1,-1
71,18,380.48,905.19,111.15,174.81,0.7093,-1,-1,-1
71,16,846.78,168.11,50.45,174.66,0.3337,-1,-1,-1
71,11,998.53,188.07,60.14,178.21,0.5614,-1,-1,-1
71,8,492.28,193.06,77.70,196.11,0.6135,-1,-1,-1
71,7,786.52,150.82,76.68,219.44,0.3588,-1,-1,-1
71,6,11.53,741.64,72.23,230.52,0.7212,-1,-1,-1
71,5,1357.03,568.84,82.07,218.75,0.5627,-1,-1,-1
71,4,1722.33,456.68,74.81,210.90,0.6225,-1,-1,-1
71,3,1181.27,968.21,86.01,111.79,0.6676,-1,-1,-1
71,2,102.19,545.06,76.11,250.56,0.7292,-1,-1,-1
71,1,403.07,329.95,85.45,223.73,0.7909,-1,-1,-1
72,18,379.87,903.79,111.20,176.21,0.7213,-1,-1,-1
72,16,843.86,169.51,52.93,176.19,0.3494,-1,-1,-1
72,11,998.27,188.42,58.29,178.99,0.5725,-1,-1,-1
72,8,487.30,193.28,84.20,196.36,0.5970,-1,-1,-1
72,7,780.06,146.87,85.09,223.06,0.3792,-1,-1,-1
72,6,10.67,737.68,73.63,228.28,0.7274,-1,-1,-1
72,5,1357.24,569.17,82.18,218.07,0.6062,-1,-1,-1
72,4,1722.43,457.12,74.42,210.21,0.6192,-1,-1,-1
72,3,1180.13,965.74,85.23,114.26,0.5933,-1,-1,-1
72,2,102.12,544.48,76.04,250.76,0.7259,-1,-1,-1
72,1,403.37,328.34,85.60,225.77,0.7885,-1,-1,-1
73,18,378.53,902.92,112.42,177.08,0.7151,-1,-1,-1
73,16,845.30,170.49,51.61,178.09,0.3473,-1,-1,-1
73,11,996.87,189.59,57.31,178.90,0.5500,-1,-1,-1
73,8,485.04,193.03,87.92,196.82,0.5927,-1,-1,-1
73,7,776.06,149.11,88.36,219.59,0.3039,-1,-1,-1
73,6,10.61,734.28,74.25,229.21,0.7478,-1,-1,-1
73,5,1356.85,569.53,83.07,215.78,0.6160,-1,-1,-1
73,4,1722.82,456.05,74.57,213.38,0.6133,-1,-1,-1
73,3,1179.24,965.12,86.20,114.88,0.6094,-1,-1,-1
73,2,101.85,545.21,76.31,249.96,0.7321,-1,-1,-1
73,1,404.49,327.82,84.83,227.30,0.7872,-1,-1,-1
74,18,378.86,900.78,111.85,179.22,0.6885,-1,-1,-1
74,16,844.85,171.27,53.43,179.88,0.3055,-1,-1,-1
74,11,998.12,190.02,54.62,181.31,0.5586,-1,-1,-1
74,8,484.75,195.07,88.77,194.68,0.5599,-1,-1,-1
74,6,10.80,732.19,74.81,225.33,0.7514,-1,-1,-1
74,5,1356.49,569.60,82.88,214.88,0.6195,-1,-1,-1
74,4,1721.94,460.34,74.22,206.44,0.5958,-1,-1,-1
74,3,1178.16,965.06,87.37,114.94,0.6237,-1,-1,-1
74,2,102.35,545.62,75.31,248.59,0.7220,-1,-1,-1
74,1,405.30,327.79,84.06,226.34,0.7842,-1,-1,-1
75,18,379.48,898.32,110.83,181.68,0.6778,-1,-1,-1
75,16,842.93,171.89,55.05,186.06,0.3013,-1,-1,-1
75,11,994.49,188.91,57.83,184.20,0.6141,-1,-1,-1
75,8,482.89,196.66,89.43,193.48,0.5708,-1,-1,-1
75,6,10.54,731.23,74.68,227.62,0.7486,-1,-1,-1
75,5,1356.85,570.06,82.38,211.66,0.6548,-1,-1,-1
75,4,1722.19,456.91,74.43,212.34,0.6187,-1,-1,-1
75,3,1176.96,964.57,88.55,115.43,0.6363,-1,-1,-1
75,2,101.79,545.08,75.44,249.57,0.7284,-1,-1,-1
75,1,405.11,326.94,84.34,226.99,0.7785,-1,-1,-1
76,19,1436.74,205.80,65.55,190.98,0.3226,-1,-1,-1
76,18,381.01,895.16,108.23,184.84,0.6904,-1,-1,-1
76,11,994.07,189.04,57.63,181.89,0.5748,-1,-1,-1
76,8,486.47,200.44,86.49,190.89,0.5540,-1,-1,-1
76,6,10.78,729.39,74.14,231.17,0.7470,-1,-1,-1
76,5,1356.13,570.59,83.22,212.51,0.6477,-1,-1,-1
76,4,1721.13,459.77,74.63,206.17,0.6303,-1,-1,-1
76,3,1176.80,963.96,88.65,116.04,0.6886,-1,-1,-1
76,2,102.00,544.11,74.82,250.55,0.7220,-1,-1,-1
76,1,406.70,326.64,83.00,227.66,0.7724,-1,-1,-1
77,19,1436.24,205.67,64.70,188.99,0.3562,-1,-1,-1
77,18,382.73,893.23,106.08,186.77,0.7466,-1,-1,-1
77,11,993.36,190.20,58.33,180.33,0.5922,-1,-1,-1
77,8,494.39,201.85,77.47,188.36,0.5687,-1,-1,-1
77,6,11.00,728.05,74.10,231.27,0.7515,-1,-1,-1
77,5,1355.80,569.76,84.90,215.19,0.6321,-1,-1,-1
77,4,1721.18,458.78,74.69,206.21,0.6226,-1,-1,-1
77,3,1176.73,963.96,88.20,116.04,0.6972,-1,-1,-1
77,2,102.17,544.28,73.84,250.33,0.7224,-1,-1,-1
77,1,407.04,325.21,83.42,229.60,0.7668,-1,-1,-1
78,19,1434.30,205.13,65.07,190.13,0.3353,-1,-1,-1
78,18,382.91,890.82,104.93,189.18,0.7540,-1,-1,-1
78,11,994.38,188.74,56.39,181.22,0.5644,-1,-1,-1
78,8,490.67,205.33,78.30,186.17,0.6007,-1,-1,-1
78,6,10.73,726.95,75.96,234.11,0.7458,-1,-1,-1
78,5,1355.41,571.58,85.28,214.50,0.6380,-1,-1,-1
78,4,1720.88,459.90,75.36,205.64,0.6372,-1,-1,-1
78,3,1176.35,963.09,88.33,116.91,0.7207,-1,-1,-1
78,2,101.78,544.24,73.74,249.87,0.7233,-1,-1,-1
78,1,406.79,324.79,83.51,229.47,0.7694,-1,-1,-1
79,18,385.90,887.11,101.71,192.89,0.7680,-1,-1,-1
79,11,992.17,190.59,58.28,178.24,0.5754,-1,-1,-1
79,8,489.52,202.27,81.12,192.93,0.5841,-1,-1,-1
79,6,11.86,726.73,75.81,232.94,0.7472,-1,-1,-1
79,5,1355.23,572.53,85.23,213.41,0.6071,-1,-1,-1
79,4,1720.90,458.47,74.76,206.91,0.6468,-1,-1,-1
79,3,1176.28,963.20,88.03,116.80,0.7240,-1,-1,-1
79,2,102.08,545.37,73.39,248.23,0.7258,-1,-1,-1
79,1,408.09,324.60,82.23,230.48,0.7798,-1,-1,-1
80,18,387.07,881.95,100.33,198.05,0.7885,-1,-1,-1
80,11,990.79,190.40,58.55,184.53,0.6078,-1,-1,-1
80,8,491.59,203.41,79.48,194.70,0.5726,-1,-1,-1
80,6,12.63,725.47,76.87,234.05,0.7277,-1,-1,-1
80,5,1356.41,572.14,85.80,217.16,0.5754,-1,-1,-1
80,4,1721.08,460.02,75.10,206.03,0.6344,-1,-1,-1
80,3,1175.34,962.42,88.32,117.58,0.7371,-1,-1,-1
80,2,102.25,545.65,72.97,248.19,0.7273,-1,-1,-1
80,1,409.67,324.43,80.78,229.34,0.7780,-1,-1,-1
81,19,1427.38,202.37,60.22,187.53,0.3166,-1,-1,-1
81,18,387.92,878.91,99.72,201.09,0.7855,-1,-1,-1
81,11,989.86,191.28,58.35,182.72,0.6100,-1,-1,-1
81,8,492.16,204.14,78.58,196.87,0.5467,-1,-1,-1
81,6,13.13,724.93,75.28,233.64,0.7207,-1,-1,-1
81,5,1355.59,571.64,85.98,217.79,0.5507,-1,-1,-1
81,4,1721.60,459.16,74.79,206.53,0.6201,-1,-1,-1
81,3,1176.76,961.91,86.33,118.09,0.7442,-1,-1,-1
81,2,102.70,544.80,72.09,248.55,0.7278,-1,-1,-1
81,1,410.09,323.79,80.37,227.29,0.7615,-1,-1,-1
82,19,1426.03,199.47,60.57,189.00,0.3005,-1,-1,-1
82,18,386.82,875.41,101.86,204.59,0.7833,-1,-1,-1
82,11,988.67,190.95,57.59,183.24,0.6095,-1,-1,-1
82,8,494.80,207.37,76.45,194.65,0.5545,-1,-1,-1
82,6,13.65,721.79,77.30,236.65,0.7266,-1,-1,-1
82,5,1355.87,571.93,85.73,217.58,0.5451,-1,-1,-1
82,4,1721.47,459.36,74.48,206.76,0.6201,-1,-1,-1
82,3,1176.22,961.42,85.43,118.58,0.7317,-1,-1,-1
82,2,102.38,545.98,72.25,246.67,0.7279,-1,-1,-1
82,1,412.54,323.63,79.68,226.33,0.7528,-1,-1,-1
83,19,1424.43,201.55,60.52,186.86,0.3057,-1,-1,-1
83,18,388.09,873.42,101.61,206.58,0.7796,-1,-1,-1
83,11,987.03,191.56,57.69,182.34,0.5994,-1,-1,-1
83,8,494.27,207.12,78.72,194.89,0.5793,-1,-1,-1
83,6,15.07,720.48,75.62,237.87,0.7177,-1,-1,-1
83,5,1356.22,571.18,85.71,219.11,0.5500,-1,-1,-1
83,4,1722.17,459.68,73.61,204.77,0.6159,-1,-1,-1
83,3,1175.54,961.92,84.63,118.08,0.7057,-1,-1,-1
83,2,101.78,545.83,72.46,247.49,0.7278,-1,-1,-1
83,1,411.91,321.82,81.53,226.16,0.7641,-1,-1,-1
84,18,388.25,871.15,102.54,208.85,0.7700,-1,-1,-1
84,11,985.95,191.86,57.46,182.17,0.6085,-1,-1,-1
84,10,794.01,149.22,55.39,170.87,0.3684,-1,-1,-1
84,8,496.06,208.37,77.13,196.72,0.5983,-1,-1,-1
84,6,14.40,718.64,75.40,239.85,0.7199,-1,-1,-1
84,5,1356.33,572.11,85.25,216.35,0.5437,-1,-1,-1
84,4,1721.58,459.49,74.56,206.02,0.5940,-1,-1,-1
84,3,1174.81,961.54,84.49,118.46,0.7224,-1,-1,-1
84,2,102.20,545.95,72.49,247.46,0.7183,-1,-1,-1
84,1,413.65,320.00,79.89,225.95,0.7627,-1,-1,-1
85,18,388.76,869.29,102.76,210.71,0.7789,-1,-1,-1
85,11,983.01,190.37,59.67,185.26,0.5486,-1,-1,-1
85,10,793.32,149.35,54.95,170.88,0.3151,-1,-1,-1
85,8,496.07,209.27,77.44,194.83,0.5914,-1,-1,-1
85,6,16.31,717.86,76.59,240.31,0.7212,-1,-1,-1
85,5,1356.67,572.90,86.13,222.18,0.4904,-1,-1,-1
85,4,1721.03,460.60,75.17,205.76,0.5994,-1,-1,-1
85,3,1174.61,961.56,83.87,118.44,0.7154,-1,-1,-1
85,2,101.76,544.91,73.13,249.39,0.7187,-1,-1,-1
85,1,413.46,318.44,81.93,224.41,0.7575,-1,-1,-1
86,19,1419.60,198.14,60.63,190.29,0.3150,-1,-1,-1
86,18,389.50,866.55,102.81,213.45,0.7884,-1,-1,-1
86,11,980.58,191.42,60.74,185.01,0.4825,-1,-1,-1
86,10,792.95,149.40,56.31,172.90,0.3062,-1,-1,-1
86,8,496.18,208.88,78.47,198.05,0.6102,-1,-1,-1
86,7,748.45,186.71,51.25,178.13,0.3357,-1,-1,-1
86,6,17.58,716.05,75.69,234.76,0.7461,-1,-1,-1
86,5,1357.47,574.04,84.83,213.15,0.5336,-1,-1,-1
86,4,1722.03,457.24,75.08,210.15,0.6081,-1,-1,-1
86,3,1172.54,961.16,85.47,118.84,0.7081,-1,-1,-1
86,2,102.08,546.13,73.38,247.22,0.7209,-1,-1,-1
86,1,414.55,317.39,81.55,221.26,0.7630,-1,-1,-1
87,18,389.76,864.77,103.93,215.23,0.7884,-1,-1,-1
87,16,835.16,179.45,61.36,189.22,0.3396,-1,-1,-1
87,11,978.72,191.90,62.29,180.63,0.4578,-1,-1,-1
87,10,791.94,149.10,57.29,173.69,0.3228,-1,-1,-1
87,8,495.75,209.92,80.47,195.60,0.6204,-1,-1,-1
87,7,747.51,186.89,51.98,178.14,0.4062,-1,-1,-1
87,6,19.16,713.75,74.02,224.76,0.7605,-1,-1,-1
87,5,1357.05,573.66,84.05,215.16,0.5166,-1,-1,-1
87,4,1721.19,460.44,74.44,206.37,0.6337,-1,-1,-1
87,3,1173.41,960.69,83.31,119.31,0.7056,-1,-1,-1
87,2,102.00,545.66,73.61,247.17,0.7339,-1,-1,-1
87,1,413.97,316.70,84.17,220.30,0.7753,-1,-1,-1
88,18,390.17,862.30,105.67,217.70,0.8054,-1,-1,-1
88,11,976.53,190.94,63.59,187.07,0.4209,-1,-1,-1
88,10,791.88,150.54,56.67,169.99,0.3240,-1,-1,-1
88,8,497.18,209.29,81.44,198.01,0.6166,-1,-1,-1
88,7,742.55,187.12,56.01,176.93,0.3602,-1,-1,-1
88,6,18.29,710.11,75.08,226.01,0.7287,-1,-1,-1
88,5,1357.26,572.69,84.15,216.18,0.5495,-1,-1,-1
88,4,1720.67,460.20,74.91,206.26,0.6468,-1,-1,-1
88,3,1170.85,960.27,84.24,119.73,0.7422,-1,-1,-1
88,2,101.98,546.32,73.59,246.26,0.7177,-1,-1,-1
88,1,413.71,315.42,85.08,220.09,0.7855,-1,-1,-1
89,18,391.61,861.75,103.76,218.25,0.8131,-1,-1,-1
89,11,975.57,193.66,64.01,184.82,0.4931,-1,-1,-1
89,8,497.46,208.00,83.20,199.63,0.6147,-1,-1,-1
89,6,17.83,705.36,76.94,227.85,0.7358,-1,-1,-1
89,5,1357.11,573.79,84.55,218.18,0.5392,-1,-1,-1
89,4,1720.08,458.91,74.97,207.55,0.6361,-1,-1,-1
89,3,1171.28,959.80,81.33,120.11,0.7522,-1,-1,-1
89,2,101.94,546.36,73.56,245.52,0.7233,-1,-1,-1
89,1,413.97,313.78,84.70,220.15,0.7766,-1,-1,-1
90,18,392.60,860.24,102.75,219.76,0.8173,-1,-1,-1
90,11,974.26,195.52,64.94,184.54,0.4124,-1,-1,-1
90,8,499.11,207.24,84.18,198.86,0.5991,-1,-1,-1
90,6,20.49,703.92,74.21,227.98,0.7339,-1,-1,-1
90,5,1356.81,573.05,82.91,216.33,0.5371,-1,-1,-1
90,4,1720.44,459.44,74.39,206.66,0.6227,-1,-1,-1
90,3,1170.62,958.52,80.90,121.48,0.7640,-1,-1,-1
90,2,101.72,546.69,73.82,245.18,0.7134,-1,-1,-1
90,1,414.98,312.43,84.22,220.54,0.7463,-1,-1,-1
91,18,391.93,857.82,104.33,222.18,0.8023,-1,-1,-1
91,11,974.14,193.28,62.93,183.79,0.3692,-1,-1,-1
91,8,501.97,208.55,78.69,199.15,0.5637,-1,-1,-1
91,6,21.32,700.77,73.82,226.91,0.7229,-1,-1,-1
91,5,1356.77,571.87,83.87,220.23,0.5257,-1,-1,-1
91,4,1720.18,460.33,74.64,206.58,0.6289,-1,-1,-1
91,3,1169.32,957.26,80.83,122.74,0.7737,-1,-1,-1
91,2,102.18,546.95,73.60,244.69,0.7042,-1,-1,-1
91,1,416.36,311.01,82.10,223.23,0.7441,-1,-1,-1
92,18,392.74,854.20,102.55,225.80,0.7953,-1,-1,-1
92,11,972.43,195.92,63.00,182.84,0.3984,-1,-1,-1
92,8,500.13,212.46,79.56,195.05,0.5911,-1,-1,-1
92,6,22.39,696.64,72.10,229.75,0.7176,-1,-1,-1
92,5,1357.29,572.32,82.88,215.73,0.5328,-1,-1,-1
92,4,1720.83,459.97,74.49,206.87,0.6310,-1,-1,-1
92,3,1169.10,956.92,78.99,123.08,0.7608,-1,-1,-1
92,2,102.20,546.66,73.37,245.12,0.7011,-1,-1,-1
92,1,416.72,310.93,82.52,224.01,0.7394,-1,-1,-1
93,18,393.81,850.90,102.77,229.10,0.8024,-1,-1,-1
93,11,973.01,195.25,61.90,186.72,0.3527,-1,-1,-1
93,8,501.60,208.99,78.88,198.75,0.5532,-1,-1,-1
93,6,23.57,698.37,71.16,225.28,0.7093,-1,-1,-1
93,5,1356.89,571.89,82.76,216.46,0.5182,-1,-1,-1
93,4,1720.72,459.99,74.73,206.37,0.6208,-1,-1,-1
93,3,1168.12,956.72,78.35,123.28,0.7792,-1,-1,-1
93,2,102.21,547.05,72.88,244.77,0.6920,-1,-1,-1
93,1,417.13,309.78,82.43,225.06,0.7306,-1,-1,-1
94,18,394.27,849.02,102.69,230.98,0.7916,-1,-1,-1
94,11,972.00,197.21,61.92,186.10,0.3334,-1,-1,-1
94,8,501.33,211.07,77.60,199.17,0.5256,-1,-1,-1
94,6,23.58,697.39,70.81,224.67,0.7143,-1,-1,-1
94,5,1356.89,572.43,83.58,217.32,0.4741,-1,-1,-1
94,4,1721.64,460.19,74.37,207.11,0.6233,-1,-1,-1
94,3,1167.29,955.50,76.77,124.50,0.7913,-1,-1,-1
94,2,102.16,547.14,73.65,244.60,0.6883,-1,-1,-1
94,1,417.10,309.21,82.44,225.01,0.7310,-1,-1,-1
95,18,395.23,843.61,100.99,236.39,0.7974,-1,-1,-1
95,11,971.05,197.34,61.63,188.63,0.3203,-1,-1,-1
95,8,503.56,213.34,76.10,199.27,0.4969,-1,-1,-1
95,6,25.47,696.37,68.96,226.38,0.7151,-1,-1,-1
95,5,1356.82,573.80,83.39,216.16,0.4456,-1,-1,-1
95,4,1721.78,460.02,73.29,206.96,0.6117,-1,-1,-1
95,3,1165.52,953.64,77.71,126.36,0.7874,-1,-1,-1
95,2,101.91,547.11,73.77,244.34,0.6853,-1,-1,-1
95,1,416.41,307.95,82.91,226.95,0.7427,-1,-1,-1
96,20,1170.26,155.97,89.21,167.17,0.3009,-1,-1,-1
96,18,395.22,841.38,100.58,238.62,0.8076,-1,-1,-1
96,11,968.47,199.74,61.11,190.27,0.4080,-1,-1,-1
96,8,507.82,211.69,78.64,204.47,0.5504,-1,-1,-1
96,6,26.10,694.04,68.36,229.60,0.7193,-1,-1,-1
96,5,1356.86,573.34,84.72,221.65,0.4978,-1,-1,-1
96,4,1721.56,458.95,73.70,207.10,0.6219,-1,-1,-1
96,3,1164.86,953.17,75.91,126.83,0.7955,-1,-1,-1
96,2,101.76,546.88,73.61,243.92,0.6778,-1,-1,-1
96,1,417.74,307.30,84.03,227.08,0.7600,-1,-1,-1
97,18,395.46,841.32,98.20,238.68,0.8020,-1,-1,-1
97,11,966.42,199.35,61.16,190.94,0.3787,-1,-1,-1
97,8,509.99,213.51,74.78,204.47,0.5288,-1,-1,-1
97,6,25.39,693.24,69.16,228.82,0.7185,-1,-1,-1
97,5,1356.53,572.37,83.77,221.49,0.5215,-1,-1,-1
97,4,1721.80,459.47,74.11,207.82,0.6386,-1,-1,-1
97,3,1163.28,951.47,74.93,128.53,0.7830,-1,-1,-1
97,2,101.97,546.98,73.43,245.01,0.6833,-1,-1,-1
97,1,417.50,306.80,83.25,227.40,0.7582,-1,-1,-1
98,18,395.08,839.09,97.13,240.91,0.8025,-1,-1,-1
98,11,964.52,199.72,62.18,190.14,0.4792,-1,-1,-1
98,8,511.13,214.35,73.17,204.55,0.5613,-1,-1,-1
98,6,25.82,692.83,69.04,229.32,0.7197,-1,-1,-1
98,5,1357.20,573.21,81.68,217.89,0.5183,-1,-1,-1
98,4,1721.98,455.56,73.92,211.84,0.6372,-1,-1,-1
98,3,1160.97,949.23,76.28,130.77,0.7766,-1,-1,-1
98,2,101.74,546.75,73.51,244.77,0.6731,-1,-1,-1
98,1,418.34,305.11,82.64,229.26,0.7627,-1,-1,-1
99,20,1165.42,159.85,89.88,163.61,0.3311,-1,-1,-1
99,18,394.71,833.93,97.09,246.07,0.8040,-1,-1,-1
99,11,962.72,200.41,61.60,189.58,0.4278,-1,-1,-1
99,8,512.77,214.50,70.76,204.41,0.5247,-1,-1,-1
99,6,26.58,692.13,69.15,228.98,0.7220,-1,-1,-1
99,5,1357.10,573.61,81.89,212.82,0.5439,-1,-1,-1
99,4,1722.21,459.49,73.55,208.05,0.6248,-1,-1,-1
99,3,1159.59,946.32,76.82,133.68,0.7661,-1,-1,-1
99,2,101.68,546.41,73.56,245.26,0.6740,-1,-1,-1
99,1,418.62,305.12,83.35,228.73,0.7623,-1,-1,-1
100,20,1167.03,161.52,88.71,161.81,0.3744,-1,-1,-1
100,18,393.55,831.84,97.18,248.16,0.7951,-1,-1,-1
100,11,961.49,201.60,60.45,188.09,0.4511,-1,-1,-1
100,8,511.25,213.68,70.58,207.10,0.4418,-1,-1,-1
100,6,26.61,690.05,70.39,230.01,0.7321,-1,-1,-1
100,5,1356.86,574.20,82.31,214.35,0.5219,-1,-1,-1
100,4,1721.85,459.52,73.76,207.85,0.6092,-1,-1,-1
100,3,1158.88,946.13,74.76,133.87,0.7549,-1,-1,-1
100,2,101.95,545.05,72.98,248.72,0.6635,-1,-1,-1
100,1,419.79,303.19,82.98,229.36,0.7518,-1,-1,-1
101,21,477.68,133.39,57.83,199.77,0.3147,-1,-1,-1
101,20,1167.74,163.25,84.07,160.31,0.3462,-1,-1,-1
101,18,391.68,830.40,98.01,249.60,0.7904,-1,-1,-1
101,11,960.30,202.06,60.17,183.25,0.4394,-1,-1,-1
101,8,511.80,217.01,71.85,207.46,0.5113,-1,-1,-1
101,6,28.33,687.73,69.69,226.09,0.7360,-1,-1,-1
101,5,1356.85,574.50,82.47,214.68,0.5131,-1,-1,-1
101,4,1721.71,459.76,74.21,207.86,0.6193,-1,-1,-1
101,3,1157.14,945.54,74.70,133.75,0.7602,-1,-1,-1
101,2,102.13,545.02,73.16,248.63,0.6691,-1,-1,-1
101,1,419.90,302.24,83.52,229.51,0.7660,-1,-1,-1
102,21,477.82,135.92,58.22,194.73,0.3717,-1,-1,-1
102,18,390.23,827.13,99.37,252.87,0.7981,-1,-1,-1
102,11,957.27,203.49,60.76,183.40,0.4930,-1,-1,-1
102,8,512.19,217.45,72.32,207.31,0.5148,-1,-1,-1
102,6,28.21,685.06,70.18,223.61,0.7533,-1,-1,-1
102,5,1356.90,574.26,82.63,217.51,0.5021,-1,-1,-1
102,4,1721.98,460.11,73.36,207.01,0.6224,-1,-1,-1
102,3,1156.16,944.03,72.97,134.60,0.7409,-1,-1,-1
102,2,102.41,544.66,73.30,248.71,0.6745,-1,-1,-1
102,1,420.74,299.91,82.49,229.73,0.7644,-1,-1,-1
103,18,388.36,825.73,101.14,254.27,0.7944,-1,-1,-1
103,11,954.23,200.34,61.15,185.26,0.4965,-1,-1,-1
103,8,511.14,216.50,74.43,210.33,0.5130,-1,-1,-1
103,6,30.92,684.33,68.94,219.20,0.7641,-1,-1,-1
103,5,1357.39,573.76,82.98,218.51,0.4881,-1,-1,-1
103,4,1721.04,459.89,74.53,206.52,0.6110,-1,-1,-1
103,3,1154.52,941.02,72.13,137.63,0.7410,-1,-1,-1
103,2,102.40,544.73,73.07,249.26,0.6718,-1,-1,-1
103,1,420.41,299.08,82.64,227.70,0.7478,-1,-1,-1
104,18,386.88,822.75,102.19,257.25,0.8052,-1,-1,-1
104,11,952.68,201.49,60.89,184.95,0.4648,-1,-1,-1
104,8,512.58,216.48,76.90,209.71,0.5278,-1,-1,-1
104,6,32.67,682.01,68.13,219.99,0.7643,-1,-1,-1
104,5,1357.28,574.34,83.20,219.12,0.4486,-1,-1,-1
104,4,1721.67,459.10,73.03,206.85,0.6162,-1,-1,-1
104,3,1151.98,941.69,70.95,137.06,0.7273,-1,-1,-1
104,2,102.75,543.94,72.95,250.24,0.6567,-1,-1,-1
104,1,421.13,299.37,81.29,224.09,0.7410,-1,-1,-1
105,21,477.34,143.19,56.64,185.22,0.3206,-1,-1,-1
105,18,386.66,821.43,102.18,258.57,0.8103,-1,-1,-1
105,11,950.64,200.84,60.56,187.50,0.4982,-1,-1,-1
105,8,514.53,221.75,73.41,204.09,0.5061,-1,-1,-1
105,6,35.42,681.13,67.89,222.32,0.7763,-1,-1,-1
105,5,1356.99,574.20,85.59,226.63,0.4627,-1,-1,-1
105,4,1721.11,458.75,74.73,207.06,0.6148,-1,-1,-1
105,3,1150.93,940.66,69.48,137.43,0.7222,-1,-1,-1
105,2,102.76,544.46,73.22,249.60,0.6829,-1,-1,-1
105,1,420.53,298.26,82.53,218.70,0.7365,-1,-1,-1
106,18,385.45,819.28,102.54,260.72,0.8043,-1,-1,-1
106,11,949.08,201.38,59.68,186.22,0.5160,-1,-1,-1
106,8,513.91,219.67,73.54,205.51,0.4992,-1,-1,-1
106,6,35.84,679.88,71.10,222.94,0.7827,-1,-1,-1
106,5,1357.15,574.43,82.12,218.35,0.4964,-1,-1,-1
106,4,1721.33,459.87,73.84,206.71,0.6220,-1,-1,-1
106,3,1149.87,939.87,68.78,138.87,0.7098,-1,-1,-1
106,2,103.00,546.00,73.19,248.29,0.6617,-1,-1,-1
106,1,421.40,296.96,81.56,215.40,0.7385,-1,-1,-1
107,18,385.63,818.11,101.00,261.89,0.8076,-1,-1,-1
107,11,949.45,204.79,58.38,186.59,0.5247,-1,-1,-1
107,8,514.09,224.09,72.27,201.33,0.5120,-1,-1,-1
107,6,36.01,679.19,76.84,222.49,0.7871,-1,-1,-1
107,5,1356.83,574.32,85.06,223.73,0.4665,-1,-1,-1
107,4,1720.93,459.61,74.44,206.82,0.6308,-1,-1,-1
107,3,1147.49,938.26,70.74,140.56,0.7247,-1,-1,-1
107,2,103.22,546.27,73.28,248.97,0.6631,-1,-1,-1
107,1,420.83,295.64,81.72,215.67,0.7489,-1,-1,-1
108,20,1162.63,153.16,56.91,169.53,0.3970,-1,-1,-1
108,18,385.81,816.39,100.40,263.61,0.8065,-1,-1,-1
108,11,946.07,205.61,60.55,189.70,0.5481,-1,-1,-1
108,8,515.52,223.85,67.57,202.07,0.4524,-1,-1,-1
108,6,36.97,676.87,81.23,225.25,0.8082,-1,-1,-1
108,5,1356.84,575.26,85.39,221.31,0.4991,-1,-1,-1
108,4,1720.84,459.07,74.34,207.20,0.6401,-1,-1,-1
108,3,1145.56,938.11,71.10,140.21,0.7298,-1,-1,-1
108,2,102.98,545.89,73.92,250.72,0.6416,-1,-1,-1
108,1,420.77,294.27,82.01,216.70,0.7383,-1,-1,-1
109,20,1160.95,153.23,56.78,167.26,0.3705,-1,-1,-1
109,18,385.73,810.97,99.67,269.03,0.8131,-1,-1,-1
109,11,945.58,204.56,59.13,188.13,0.6071,-1,-1,-1
109,8,515.73,225.35,67.29,200.63,0.4467,-1,-1,-1
109,6,38.15,676.29,78.62,225.65,0.8145,-1,-1,-1
109,5,1356.53,575.65,82.76,215.96,0.5245,-1,-1,-1
109,4,1721.92,458.64,72.77,206.27,0.6151,-1,-1,-1
109,3,1143.58,937.11,71.35,142.16,0.7533,-1,-1,-1
109,2,102.97,545.46,73.39,251.79,0.6548,-1,-1,-1
109,1,419.36,294.01,83.97,216.51,0.7413,-1,-1,-1
110,20,1158.12,149.77,58.39,174.13,0.3678,-1,-1,-1
110,18,386.41,805.44,98.14,274.56,0.8169,-1,-1,-1
110,11,944.85,206.03,57.42,186.53,0.6181,-1,-1,-1
110,8,513.96,227.67,64.23,197.87,0.4354,-1,-1,-1
110,6,38.98,673.47,89.04,226.44,0.7994,-1,-1,-1
110,5,1356.71,576.27,84.41,218.11,0.5024,-1,-1,-1
110,4,1721.43,459.48,73.75,208.00,0.6224,-1,-1,-1
110,3,1140.56,936.91,72.74,142.84,0.7566,-1,-1,-1
110,2,102.99,544.86,73.63,254.96,0.6552,-1,-1,-1
110,1,419.29,291.33,84.77,219.13,0.7467,-1,-1,-1
111,20,1154.13,149.79,56.26,169.98,0.3393,-1,-1,-1
111,18,387.92,801.34,97.24,278.66,0.8207,-1,-1,-1
111,11,942.66,207.05,59.30,187.00,0.6484,-1,-1,-1
111,8,516.37,227.57,73.75,199.42,0.5173,-1,-1,-1
111,6,41.41,671.44,90.72,226.20,0.7702,-1,-1,-1
111,5,1356.85,575.83,81.55,212.64,0.5081,-1,-1,-1
111,4,1721.96,456.04,73.47,210.78,0.5936,-1,-1,-1
111,3,1138.29,936.04,73.27,143.96,0.7606,-1,-1,-1
111,2,102.70,544.72,73.39,255.38,0.6583,-1,-1,-1
111,1,419.98,288.79,84.92,222.63,0.7341,-1,-1,-1
112,20,1151.25,149.73,59.44,168.63,0.4271,-1,-1,-1
112,18,388.71,799.88,96.01,275.89,0.8148,-1,-1,-1
112,11,940.72,209.67,59.48,185.03,0.6367,-1,-1,-1
112,8,517.56,231.28,73.89,198.00,0.5553,-1,-1,-1
112,6,43.86,670.39,89.85,225.95,0.7174,-1,-1,-1
112,5,1357.35,574.97,81.12,211.68,0.5605,-1,-1,-1
112,4,1721.99,456.48,73.78,210.72,0.6127,-1,-1,-1
112,3,1138.15,934.72,72.36,145.28,0.7561,-1,-1,-1
112,2,103.15,544.74,72.61,254.84,0.6414,-1,-1,-1
112,1,419.19,287.84,84.94,223.15,0.7348,-1,-1,-1
113,20,1146.36,150.63,63.50,166.76,0.4302,-1,-1,-1
113,18,388.46,797.68,95.88,271.43,0.8059,-1,-1,-1
113,11,940.38,210.13,57.94,185.23,0.6518,-1,-1,-1
113,8,518.05,233.49,73.41,198.31,0.5480,-1,-1,-1
113,6,46.10,670.39,79.68,224.97,0.6615,-1,-1,-1
113,5,1356.63,575.38,83.74,216.97,0.5355,-1,-1,-1
113,4,1721.69,460.41,73.81,205.24,0.6321,-1,-1,-1
113,3,1134.97,934.44,73.89,145.56,0.7561,-1,-1,-1
113,2,103.75,545.66,71.94,251.55,0.6696,-1,-1,-1
113,1,420.23,287.18,85.12,224.16,0.7437,-1,-1,-1
114,21,475.63,154.52,60.17,178.28,0.3257,-1,-1,-1
114,20,1132.89,149.86,75.63,167.38,0.3072,-1,-1,-1
114,18,389.15,794.11,95.84,270.50,0.8079,-1,-1,-1
114,11,937.05,209.46,58.66,185.69,0.6028,-1,-1,-1
114,8,519.63,235.26,74.34,201.44,0.5681,-1,-1,-1
114,6,48.46,667.98,82.04,226.25,0.6566,-1,-1,-1
114,5,1356.96,575.29,81.98,215.27,0.5363,-1,-1,-1
114,4,1721.76,456.26,73.70,210.87,0.6197,-1,-1,-1
114,3,1133.13,933.47,73.29,146.53,0.7547,-1,-1,-1
114,2,103.66,545.48,72.09,251.19,0.6596,-1,-1,-1
114,1,419.63,286.21,87.25,223.18,0.7351,-1,-1,-1
115,21,476.32,154.89,58.78,175.61,0.3448,-1,-1,-1
115,18,389.28,790.67,98.13,269.54,0.8049,-1,-1,-1
115,11,937.32,210.52,57.05,183.76,0.6124,-1,-1,-1
115,8,521.59,236.41,74.99,201.55,0.6077,-1,-1,-1
115,6,53.60,665.83,81.46,227.41,0.6841,-1,-1,-1
115,5,1357.01,574.85,82.91,213.97,0.5490,-1,-1,-1
115,4,1721.55,456.79,74.53,210.84,0.6517,-1,-1,-1
115,3,1128.94,933.97,75.81,146.03,0.7633,-1,-1,-1
115,2,103.93,545.34,71.35,253.24,0.6313,-1,-1,-1
115,1,420.15,286.89,86.92,222.39,0.7587,-1,-1,-1
116,21,474.89,153.27,60.85,178.02,0.3677,-1,-1,-1
116,20,1116.77,149.86,85.84,169.23,0.3418,-1,-1,-1
116,18,390.69,788.31,98.77,272.54,0.8108,-1,-1,-1
116,11,934.96,211.04,58.58,182.31,0.5616,-1,-1,-1
116,8,519.99,235.21,74.53,203.22,0.5904,-1,-1,-1
116,6,59.57,664.82,76.09,220.70,0.6925,-1,-1,-1
116,5,1356.42,574.91,83.99,218.33,0.5442,-1,-1,-1
116,4,1721.68,460.71,73.77,206.24,0.6297,-1,-1,-1
116,3,1126.62,934.38,75.19,145.55,0.7660,-1,-1,-1
116,2,103.34,546.49,70.80,247.07,0.5932,-1,-1,-1
116,1,419.40,285.66,87.19,223.73,0.7554,-1,-1,-1
117,20,1108.69,146.62,90.74,173.78,0.3494,-1,-1,-1
117,18,390.21,787.18,100.08,272.09,0.8087,-1,-1,-1
117,11,934.43,210.80,56.21,180.47,0.5329,-1,-1,-1
117,8,520.28,236.05,74.09,203.65,0.5523,-1,-1,-1
117,6,67.90,664.90,73.44,216.21,0.7182,-1,-1,-1
117,5,1356.01,576.01,84.93,221.73,0.5567,-1,-1,-1
117,4,1721.26,459.62,74.24,206.64,0.6431,-1,-1,-1
117,3,1124.26,934.32,76.00,145.04,0.7593,-1,-1,-1
117,2,103.27,545.88,70.81,244.77,0.5549,-1,-1,-1
117,1,419.81,285.30,86.83,223.92,0.7546,-1,-1,-1
118,20,1107.81,146.80,89.26,173.31,0.3865,-1,-1,-1
118,18,390.20,785.34,101.59,276.08,0.7998,-1,-1,-1
118,11,929.99,211.27,59.37,183.83,0.5609,-1,-1,-1
118,8,519.92,235.09,74.50,207.58,0.5837,-1,-1,-1
118,6,72.26,666.77,70.69,211.15,0.6107,-1,-1,-1
118,5,1356.64,576.09,83.55,213.71,0.5140,-1,-1,-1
118,4,1721.53,459.88,73.85,206.48,0.6523,-1,-1,-1
118,3,1121.02,934.18,77.86,145.60,0.7776,-1,-1,-1
118,2,98.78,545.03,75.36,246.82,0.5335,-1,-1,-1
118,1,420.85,284.95,85.44,223.76,0.7446,-1,-1,-1
119,21,478.51,160.83,56.04,170.74,0.3114,-1,-1,-1
119,20,1104.62,145.78,91.39,175.22,0.4330,-1,-1,-1
119,18,392.48,784.16,100.34,274.48,0.8012,-1,-1,-1
119,11,930.88,210.41,55.95,186.24,0.5357,-1,-1,-1
119,8,520.10,237.23,72.48,207.27,0.6031,-1,-1,-1
119,6,77.12,669.52,72.24,208.37,0.5400,-1,-1,-1
119,5,1356.87,575.70,83.28,217.86,0.4828,-1,-1,-1
119,4,1720.63,459.55,75.17,206.91,0.6540,-1,-1,-1
119,3,1117.73,934.24,78.31,145.76,0.7949,-1,-1,-1
119,2,99.06,546.38,75.43,256.22,0.5138,-1,-1,-1
119,1,420.69,284.66,85.29,223.68,0.7466,-1,-1,-1
120,20,1102.82,146.25,92.43,174.14,0.4382,-1,-1,-1
120,18,392.68,782.94,100.58,274.81,0.8033,-1,-1,-1
120,11,929.25,211.12,56.81,186.69,0.5363,-1,-1,-1
120,8,521.04,240.81,71.10,202.07,0.5786,-1,-1,-1
120,6,81.84,666.26,68.96,207.63,0.5924,-1,-1,-1
120,5,1356.39,577.54,83.11,211.59,0.4812,-1,-1,-1
120,4,1720.85,459.89,75.11,206.97,0.6276,-1,-1,-1
120,3,1114.10,933.54,78.84,146.46,0.7978,-1,-1,-1
120,2,99.19,545.40,75.10,257.31,0.5082,-1,-1,-1
120,1,420.97,284.01,84.88,224.57,0.7468,-1,-1,-1
121,22,625.39,750.18,57.10,170.53,0.3399,-1,-1,-1
121,21,479.10,166.04,54.39,163.25,0.3195,-1,-1,-1
121,20,1104.52,145.86,85.80,173.40,0.4002,-1,-1,-1
121,18,392.83,780.32,101.07,276.74,0.8022,-1,-1,-1
121,11,926.79,211.28,57.70,186.96,0.4909,-1,-1,-1
121,8,521.98,242.99,67.41,199.17,0.5770,-1,-1,-1
121,6,80.84,663.81,72.97,212.04,0.6927,-1,-1,-1
121,5,1356.48,575.88,82.67,212.93,0.5522,-1,-1,-1
121,4,1721.81,455.60,73.86,211.54,0.6353,-1,-1,-1
121,3,1110.23,932.74,80.05,147.26,0.7761,-1,-1,-1
121,2,100.33,544.56,74.20,244.98,0.4923,-1,-1,-1
121,1,421.14,281.83,83.93,225.27,0.7512,-1,-1,-1
122,22,625.81,751.22,57.37,168.43,0.3503,-1,-1,-1
122,20,1105.67,145.33,82.47,172.73,0.3583,-1,-1,-1
122,18,392.41,779.98,102.06,276.78,0.7995,-1,-1,-1
122,11,926.15,211.24,55.79,187.10,0.4256,-1,-1,-1
122,8,520.95,242.31,66.43,199.56,0.5996,-1,-1,-1
122,6,83.81,660.97,76.67,214.32,0.6641,-1,-1,-1
122,5,1356.69,576.06,84.24,217.05,0.4780,-1,-1,-1
122,4,1720.26,459.81,75.71,206.86,0.6479,-1,-1,-1
122,3,1106.34,932.39,80.59,147.61,0.7837,-1,-1,-1
122,2,102.46,546.63,70.66,207.87,0.4591,-1,-1,-1
122,1,421.33,281.19,84.08,223.26,0.7521,-1,-1,-1
123,22,625.48,752.37,57.02,167.40,0.3276,-1,-1,-1
123,20,1107.26,144.76,75.55,172.70,0.3435,-1,-1,-1
123,18,392.22,778.48,102.14,276.79,0.7933,-1,-1,-1
123,11,925.67,209.56,56.02,189.14,0.4608,-1,-1,-1
123,8,521.59,244.69,66.35,196.39,0.5734,-1,-1,-1
123,6,84.34,658.88,77.03,215.06,0.6610,-1,-1,-1
123,5,1356.51,576.50,84.01,212.40,0.5540,-1,-1,-1
123,4,1720.91,458.94,75.55,207.85,0.6469,-1,-1,-1
123,3,1104.63,931.49,79.44,148.04,0.7825,-1,-1,-1
123,2,102.75,546.26,70.41,207.10,0.4804,-1,-1,-1
123,1,422.31,280.28,82.79,220.51,0.7330,-1,-1,-1
124,20,1105.37,143.20,72.31,171.92,0.3047,-1,-1,-1
124,18,393.35,778.17,102.79,273.54,0.7934,-1,-1,-1
124,11,922.63,209.97,57.12,188.55,0.4639,-1,-1,-1
124,8,522.63,244.66,69.32,197.82,0.5242,-1,-1,-1
124,6,92.14,656.67,70.75,217.50,0.5096,-1,-1,-1
124,5,1356.82,576.31,83.52,214.76,0.5143,-1,-1,-1
124,4,1720.74,459.63,75.33,206.71,0.6137,-1,-1,-1
124,3,1101.02,929.85,79.57,149.55,0.7832,-1,-1,-1
124,2,102.02,544.96,71.19,214.90,0.3543,-1,-1,-1
124,1,422.28,279.00,82.48,217.29,0.7284,-1,-1,-1
125,20,1106.04,141.45,68.86,173.73,0.3247,-1,-1,-1
125,18,393.26,775.01,101.82,276.32,0.7895,-1,-1,-1
125,11,920.99,210.52,56.12,188.76,0.4718,-1,-1,-1
125,8,522.77,247.56,67.26,190.46,0.5251,-1,-1,-1
125,6,97.32,653.13,64.89,221.10,0.4099,-1,-1,-1
125,5,1357.10,575.77,83.01,215.05,0.4869,-1,-1,-1
125,4,1720.94,457.95,74.68,208.93,0.6329,-1,-1,-1
125,3,1097.23,929.75,80.21,150.11,0.7885,-1,-1,-1
125,2,102.39,545.20,70.60,210.36,0.3387,-1,-1,-1
125,1,422.82,278.34,81.66,213.31,0.7079,-1,-1,-1
126,20,1104.98,140.82,62.66,172.20,0.3627,-1,-1,-1
126,18,393.42,770.02,98.87,279.15,0.8007,-1,-1,-1
126,11,919.91,211.09,53.48,189.14,0.4829,-1,-1,-1
126,8,523.14,248.66,67.83,192.12,0.5492,-1,-1,-1
126,5,1357.59,575.94,82.03,212.37,0.5259,-1,-1,-1
126,4,1720.38,458.53,74.97,208.88,0.6346,-1,-1,-1
126,3,1093.75,929.10,80.97,150.43,0.8040,-1,-1,-1
126,2,102.58,543.50,70.13,163.36,0.3044,-1,-1,-1
126,1,421.69,277.41,82.47,213.64,0.7058,-1,-1,-1
127,20,1105.44,141.03,57.10,172.78,0.3619,-1,-1,-1
127,18,394.23,765.46,96.22,276.48,0.7937,-1,-1,-1
127,11,918.62,210.82,53.53,189.10,0.4226,-1,-1,-1
127,8,523.94,252.03,67.07,188.51,0.5626,-1,-1,-1
127,6,103.20,544.31,72.94,321.23,0.3014,-1,-1,-1
127,5,1357.56,576.70,82.67,213.69,0.5202,-1,-1,-1
127,4,1721.00,459.08,74.77,207.42,0.6575,-1,-1,-1
127,3,1090.55,929.09,82.56,150.91,0.8076,-1,-1,-1
127,1,422.77,276.99,80.52,213.54,0.6877,-1,-1,-1
128,20,1100.69,140.75,59.33,172.28,0.3974,-1,-1,-1
128,18,393.46,760.88,97.88,276.11,0.7918,-1,-1,-1
128,11,914.41,212.42,55.30,189.68,0.4353,-1,-1,-1
128,8,524.81,254.48,65.50,188.55,0.5367,-1,-1,-1
128,5,1357.19,576.71,83.03,214.99,0.5055,-1,-1,-1
128,4,1720.95,459.25,75.38,207.00,0.6282,-1,-1,-1
128,3,1087.74,928.11,81.29,151.51,0.7922,-1,-1,-1
128,2,102.61,543.62,70.61,155.38,0.3952,-1,-1,-1
128,1,422.48,276.45,80.05,213.19,0.6688,-1,-1,-1
129,18,395.78,756.29,94.88,270.70,0.7937,-1,-1,-1
129,11,911.55,213.24,56.57,187.17,0.4731,-1,-1,-1
129,8,525.46,255.13,64.08,192.44,0.5923,-1,-1,-1
129,6,102.56,540.76,72.39,249.25,0.3534,-1,-1,-1
129,5,1365.05,575.70,78.04,221.49,0.4777,-1,-1,-1
129,4,1720.76,458.30,74.93,206.44,0.6354,-1,-1,-1
129,3,1085.82,927.66,80.91,151.75,0.7887,-1,-1,-1
129,1,419.00,275.70,81.12,216.80,0.6899,-1,-1,-1
130,22,624.91,752.05,57.24,165.83,0.3088,-1,-1,-1
130,18,397.11,754.33,93.23,264.55,0.7504,-1,-1,-1
130,11,904.27,214.47,63.28,186.49,0.4832,-1,-1,-1
130,8,527.37,257.61,61.33,193.33,0.5550,-1,-1,-1
130,6,102.85,544.11,71.60,244.80,0.5555,-1,-1,-1
130,5,1358.82,575.50,83.19,217.61,0.4890,-1,-1,-1
130,4,1721.41,458.37,74.44,207.90,0.6125,-1,-1,-1
130,3,1082.02,926.88,82.04,152.23,0.7803,-1,-1,-1
130,1,418.87,273.89,81.20,218.67,0.7042,-1,-1,-1
131,18,395.99,752.41,93.20,263.24,0.7422,-1,-1,-1
131,11,900.83,214.16,64.48,186.42,0.4995,-1,-1,-1
131,8,528.10,257.20,60.94,200.51,0.5050,-1,-1,-1
131,6,103.02,543.40,71.63,244.23,0.6451,-1,-1,-1
131,5,1360.67,576.85,81.29,214.16,0.5041,-1,-1,-1
131,4,1721.32,459.12,74.22,207.02,0.6176,-1,-1,-1
131,3,1080.88,926.91,80.44,151.17,0.7587,-1,-1,-1
131,1,420.39,272.86,79.72,219.16,0.6626,-1,-1,-1
132,20,1090.13,139.91,57.93,169.33,0.3921,-1,-1,-1
132,18,393.50,750.12,94.36,265.95,0.7529,-1,-1,-1
132,11,900.13,212.91,67.22,187.88,0.4835,-1,-1,-1
132,8,529.61,252.24,62.56,205.88,0.5009,-1,-1,-1
132,6,102.57,544.54,73.55,246.01,0.5842,-1,-1,-1
132,5,1359.35,576.16,81.62,215.16,0.5141,-1,-1,-1
132,4,1721.35,459.31,74.26,207.02,0.6174,-1,-1,-1
132,3,1079.86,927.63,80.77,150.69,0.7711,-1,-1,-1
132,1,419.24,273.10,81.08,219.41,0.6495,-1,-1,-1
133,25,574.52,247.78,55.58,181.98,0.3166,-1,-1,-1
133,20,1082.60,140.07,59.72,169.55,0.3848,-1,-1,-1
133,18,389.96,749.05,98.22,265.53,0.7542,-1,-1,-1
133,11,900.14,210.44,67.55,192.12,0.4768,-1,-1,-1
133,8,530.92,252.75,60.35,207.34,0.5161,-1,-1,-1
133,6,102.30,544.77,74.55,245.59,0.5375,-1,-1,-1
133,5,1357.67,576.80,83.85,213.83,0.4921,-1,-1,-1
133,4,1720.85,458.74,74.68,206.64,0.6036,-1,-1,-1
133,3,1078.16,927.67,80.80,150.90,0.7793,-1,-1,-1
133,1,418.57,271.99,81.45,219.84,0.6420,-1,-1,-1
134,25,575.11,246.13,54.48,184.26,0.4136,-1,-1,-1
134,20,1074.02,139.44,68.53,171.87,0.4332,-1,-1,-1
134,18,388.78,748.15,98.93,266.01,0.7698,-1,-1,-1
134,11,899.03,211.91,66.36,190.04,0.4615,-1,-1,-1
134,8,531.54,255.49,57.22,203.08,0.5157,-1,-1,-1
134,6,102.26,545.34,76.14,233.91,0.5149,-1,-1,-1
134,5,1358.57,575.63,83.64,217.09,0.4819,-1,-1,-1
134,4,1721.11,459.66,74.08,206.98,0.5937,-1,-1,-1
134,3,1076.25,927.15,78.78,150.69,0.7850,-1,-1,-1
134,1,418.12,273.03,81.40,218.51,0.6426,-1,-1,-1
135,25,575.94,247.02,54.12,184.86,0.4340,-1,-1,-1
135,20,1057.39,140.47,82.82,172.64,0.4568,-1,-1,-1
135,18,388.98,745.71,98.35,268.67,0.7788,-1,-1,-1
135,11,898.92,210.78,66.19,191.59,0.4350,-1,-1,-1
135,8,530.32,259.12,57.92,202.76,0.5556,-1,-1,-1
135,6,101.34,542.61,77.86,241.90,0.6190,-1,-1,-1
135,5,1358.07,575.91,84.39,217.34,0.5092,-1,-1,-1
135,4,1720.17,458.37,75.21,207.83,0.5994,-1,-1,-1
135,3,1074.87,926.38,79.12,151.76,0.7817,-1,-1,-1
135,1,415.72,271.15,83.64,219.37,0.6417,-1,-1,-1
136,25,576.18,250.06,53.00,185.65,0.5027,-1,-1,-1
136,20,1045.61,140.66,91.83,170.60,0.5634,-1,-1,-1
136,18,385.29,745.33,102.14,268.40,0.7918,-1,-1,-1
136,11,897.83,212.22,63.10,189.06,0.4134,-1,-1,-1
136,8,530.08,258.69,57.29,202.59,0.5589,-1,-1,-1
136,6,101.73,544.04,75.12,238.62,0.6223,-1,-1,-1
136,5,1362.11,577.01,83.12,221.16,0.4843,-1,-1,-1
136,4,1721.24,458.81,74.37,208.23,0.6121,-1,-1,-1
136,3,1073.40,926.87,76.90,150.54,0.7888,-1,-1,-1
136,1,417.34,270.80,81.41,218.49,0.6724,-1,-1,-1
137,25,574.64,250.64,55.16,185.45,0.4581,-1,-1,-1
137,20,1043.22,138.81,92.05,171.60,0.5818,-1,-1,-1
137,18,384.02,744.94,102.65,268.36,0.7897,-1,-1,-1
137,11,896.51,210.89,61.21,191.61,0.4159,-1,-1,-1
137,8,531.85,255.44,55.99,205.33,0.5878,-1,-1,-1
137,6,101.29,545.11,71.12,236.46,0.5724,-1,-1,-1
137,5,1365.86,577.75,78.73,218.69,0.4571,-1,-1,-1
137,4,1721.16,457.33,74.85,209.06,0.6079,-1,-1,-1
137,3,1071.48,927.35,77.15,149.80,0.7951,-1,-1,-1
137,1,415.92,268.80,82.43,219.25,0.6636,-1,-1,-1
138,26,134.56,638.19,82.45,208.82,0.4311,-1,-1,-1
138,25,574.59,250.98,55.56,184.54,0.4441,-1,-1,-1
138,20,1039.82,140.65,94.46,169.86,0.6013,-1,-1,-1
138,18,383.13,744.84,103.18,267.75,0.7893,-1,-1,-1
138,11,894.92,212.32,53.69,178.82,0.4602,-1,-1,-1
138,8,532.65,255.83,54.47,202.71,0.5918,-1,-1,-1
138,6,101.81,545.40,67.20,236.51,0.5974,-1,-1,-1
138,5,1364.97,577.05,79.76,222.18,0.4475,-1,-1,-1
138,4,1721.00,457.77,74.92,209.12,0.6051,-1,-1,-1
138,3,1070.13,927.66,76.42,149.63,0.7898,-1,-1,-1
138,1,416.14,267.64,81.89,219.50,0.6922,-1,-1,-1
139,26,139.66,636.16,88.76,207.80,0.4477,-1,-1,-1
139,25,574.24,250.83,56.21,183.80,0.4394,-1,-1,-1
139,20,1040.86,140.64,92.20,171.02,0.5912,-1,-1,-1
139,18,382.79,744.56,102.57,266.97,0.7959,-1,-1,-1
139,11,893.13,209.92,60.05,191.16,0.5239,-1,-1,-1
139,8,532.34,259.15,54.85,200.12,0.5747,-1,-1,-1
139,6,101.72,545.44,67.09,238.29,0.6166,-1,-1,-1
139,5,1361.69,576.22,84.25,224.33,0.4683,-1,-1,-1
139,4,1720.65,457.76,75.36,209.16,0.6233,-1,-1,-1
139,3,1068.79,927.35,75.83,149.18,0.7876,-1,-1,-1
139,1,415.70,265.98,81.26,220.98,0.6406,-1,-1,-1
140,27,818.54,249.21,59.16,168.40,0.3097,-1,-1,-1
140,26,143.80,633.70,89.46,206.40,0.4220,-1,-1,-1
140,25,578.26,251.93,53.82,180.03,0.4521,-1,-1,-1
140,20,1039.95,140.79,91.44,171.22,0.5768,-1,-1,-1
140,18,383.99,741.56,101.76,267.34,0.7963,-1,-1,-1
140,11,889.30,210.12,52.62,182.09,0.4706,-1,-1,-1
140,8,531.88,258.00,56.23,202.98,0.6024,-1,-1,-1
140,6,102.13,545.25,65.56,239.40,0.6185,-1,-1,-1
140,5,1358.58,577.04,84.18,212.90,0.5493,-1,-1,-1
140,4,1720.84,458.41,75.16,208.64,0.6352,-1,-1,-1
140,3,1066.90,926.33,76.33,149.72,0.7917,-1,-1,-1
140,1,417.56,267.63,79.31,216.81,0.6140,-1,-1,-1
141,27,818.17,248.39,57.98,169.36,0.3833,-1,-1,-1
141,26,145.08,629.03,88.67,208.03,0.5908,-1,-1,-1
141,25,579.89,249.14,51.52,184.46,0.4784,-1,-1,-1
141,20,1042.22,140.33,85.92,170.19,0.5570,-1,-1,-1
141,18,384.86,739.41,99.94,267.42,0.7963,-1,-1,-1
141,11,886.15,209.54,55.03,187.78,0.5441,-1,-1,-1
141,8,531.75,257.92,55.93,201.91,0.6032,-1,-1,-1
141,6,102.58,545.90,66.19,240.54,0.6445,-1,-1,-1
141,5,1357.53,575.51,86.29,216.69,0.4985,-1,-1,-1
141,4,1721.07,458.33,74.98,207.90,0.6219,-1,-1,-1
141,3,1064.87,924.94,75.90,151.67,0.7871,-1,-1,-1
141,1,416.68,265.05,79.79,216.86,0.6318,-1,-1,-1
142,26,148.94,628.97,83.65,204.72,0.5432,-1,-1,-1
142,25,581.07,249.97,52.36,182.41,0.4965,-1,-1,-1
142,22,624.02,752.03,58.93,168.58,0.3324,-1,-1,-1
142,20,1039.92,140.58,86.56,168.96,0.5949,-1,-1,-1
142,18,387.23,737.17,96.56,268.32,0.7917,-1,-1,-1
142,11,883.05,208.33,54.65,187.39,0.5159,-1,-1,-1
142,8,531.74,257.01,55.92,203.21,0.5994,-1,-1,-1
142,6,103.59,545.95,66.52,241.76,0.6580,-1,-1,-1
142,5,1357.22,575.83,87.03,218.16,0.4819,-1,-1,-1
142,4,1721.45,459.19,74.91,206.88,0.6235,-1,-1,-1
142,3,1064.96,924.63,72.94,152.87,0.7774,-1,-1,-1
142,1,417.07,264.23,78.50,216.58,0.6327,-1,-1,-1
143,26,149.13,629.56,86.22,208.39,0.6519,-1,-1,-1
143,25,581.35,247.27,53.64,187.37,0.4530,-1,-1,-1
143,20,1041.97,137.67,81.94,171.92,0.5702,-1,-1,-1
143,18,388.56,734.32,94.71,265.54,0.8025,-1,-1,-1
143,11,881.43,206.68,53.64,189.28,0.4785,-1,-1,-1
143,8,530.76,257.43,56.28,202.96,0.5946,-1,-1,-1
143,6,103.72,545.38,67.08,241.05,0.6746,-1,-1,-1
143,5,1357.84,575.81,85.96,217.78,0.4816,-1,-1,-1
143,4,1721.27,459.17,74.87,206.97,0.6333,-1,-1,-1
143,3,1063.40,923.46,72.22,153.14,0.7622,-1,-1,-1
143,1,414.96,258.84,78.81,222.04,0.6328,-1,-1,-1
144,26,153.39,630.83,81.60,207.18,0.6813,-1,-1,-1
144,25,582.00,252.79,55.84,182.93,0.4934,-1,-1,-1
144,21,479.59,184.28,57.90,176.67,0.3204,-1,-1,-1
144,20,1041.42,136.53,78.70,171.96,0.4549,-1,-1,-1
144,18,389.50,730.97,93.46,261.74,0.7948,-1,-1,-1
144,11,877.59,206.83,57.35,188.69,0.4732,-1,-1,-1
144,8,530.37,259.79,57.69,202.74,0.6042,-1,-1,-1
144,6,103.39,545.80,68.14,240.93,0.6866,-1,-1,-1
144,5,1358.47,576.00,85.62,217.07,0.4981,-1,-1,-1
144,4,1721.63,459.76,74.57,207.03,0.6214,-1,-1,-1
144,3,1062.28,923.06,70.45,153.59,0.7572,-1,-1,-1
144,1,414.61,259.45,80.14,217.30,0.6324,-1,-1,-1
145,26,157.70,627.35,76.54,212.31,0.7007,-1,-1,-1
145,25,583.19,252.49,55.01,184.01,0.5289,-1,-1,-1
145,20,1041.35,136.35,69.40,171.83,0.4216,-1,-1,-1
145,18,392.83,729.53,90.80,255.96,0.7985,-1,-1,-1
145,11,872.24,207.37,61.90,185.72,0.5442,-1,-1,-1
145,8,529.55,259.26,56.74,202.56,0.5953,-1,-1,-1
145,6,103.82,545.74,69.12,242.75,0.7088,-1,-1,-1
145,5,1358.09,576.05,84.59,213.86,0.5396,-1,-1,-1
145,4,1721.58,459.25,74.18,206.60,0.6099,-1,-1,-1
145,3,1060.90,922.83,67.98,153.82,0.7582,-1,-1,-1
145,1,416.57,259.84,77.68,210.54,0.6204,-1,-1,-1
146,26,158.93,624.34,76.37,214.50,0.7110,-1,-1,-1
146,25,584.96,254.24,53.17,187.18,0.5108,-1,-1,-1
146,20,1041.25,136.41,63.93,171.03,0.4843,-1,-1,-1
146,18,393.56,726.32,91.05,251.50,0.7770,-1,-1,-1
146,11,872.57,206.44,59.73,185.42,0.4901,-1,-1,-1
146,8,530.32,259.19,57.62,205.00,0.5935,-1,-1,-1
146,6,103.69,546.03,69.63,242.40,0.7156,-1,-1,-1
146,5,1357.74,575.33,85.27,218.49,0.5126,-1,-1,-1
146,4,1721.89,459.56,74.19,207.65,0.6137,-1,-1,-1
146,3,1058.57,921.67,66.44,156.96,0.7412,-1,-1,-1
146,1,414.63,252.82,76.83,219.19,0.6393,-1,-1,-1
147,26,160.72,619.91,75.41,216.31,0.6894,-1,-1,-1
147,25,584.82,254.92,54.37,188.59,0.5380,-1,-1,-1
147,20,1040.42,135.24,60.95,171.13,0.4764,-1,-1,-1
147,18,394.34,718.68,91.37,256.31,0.7796,-1,-1,-1
147,11,869.57,205.72,62.06,185.16,0.4783,-1,-1,-1
147,8,530.33,260.18,56.72,206.51,0.6095,-1,-1,-1
147,6,104.04,546.23,69.63,240.90,0.7131,-1,-1,-1
147,5,1358.44,574.40,84.49,217.54,0.5407,-1,-1,-1
147,4,1721.45,458.83,74.93,207.33,0.6268,-1,-1,-1
147,3,1057.08,921.09,63.08,157.61,0.7264,-1,-1,-1
147,1,414.44,253.16,77.65,219.39,0.6465,-1,-1,-1
148,26,163.87,616.55,75.54,215.22,0.7078,-1,-1,-1
148,25,585.64,255.54,54.23,188.94,0.4954,-1,-1,-1
148,20,1038.52,134.83,56.23,171.32,0.4424,-1,-1,-1
148,18,394.54,717.01,92.40,255.55,0.7777,-1,-1,-1
148,11,866.79,204.50,63.48,193.29,0.4446,-1,-1,-1
148,8,530.30,261.58,59.33,207.00,0.5946,-1,-1,-1
148,6,103.70,545.47,70.54,241.80,0.7135,-1,-1,-1
148,5,1357.81,575.44,83.67,216.04,0.5588,-1,-1,-1
148,4,1721.45,458.32,74.89,208.85,0.6466,-1,-1,-1
148,3,1055.16,919.40,62.74,157.27,0.7273,-1,-1,-1
148,1,413.93,252.84,78.31,219.26,0.6339,-1,-1,-1
149,26,168.45,614.70,72.44,214.48,0.6958,-1,-1,-1
149,25,586.32,256.23,54.85,190.06,0.4500,-1,-1,-1
149,22,624.26,751.46,59.12,167.17,0.3254,-1,-1,-1
149,20,1037.05,135.77,53.87,168.74,0.3608,-1,-1,-1
149,18,396.17,712.49,93.40,260.54,0.7879,-1,-1,-1
149,11,865.96,204.45,61.85,192.90,0.4432,-1,-1,-1
149,8,531.14,263.41,59.30,205.92,0.6301,-1,-1,-1
149,6,103.89,545.77,70.31,241.29,0.7151,-1,-1,-1
149,5,1357.92,575.41,84.74,215.27,0.5452,-1,-1,-1
149,4,1721.06,458.99,74.36,207.37,0.6218,-1,-1,-1
149,3,1054.26,918.10,62.46,159.03,0.7264,-1,-1,-1
149,1,416.30,257.49,76.98,212.96,0.6248,-1,-1,-1
150,26,175.98,613.85,65.24,213.32,0.6570,-1,-1,-1
150,25,586.92,256.92,55.39,190.71,0.4352,-1,-1,-1
150,22,625.68,751.68,56.70,166.91,0.3234,-1,-1,-1
150,20,1033.44,134.24,56.46,172.62,0.4901,-1,-1,-1
150,18,394.58,710.75,97.07,263.34,0.7855,-1,-1,-1
150,11,865.94,205.68,63.13,192.53,0.4056,-1,-1,-1
150,8,531.37,265.41,57.55,207.72,0.6155,-1,-1,-1
150,6,103.49,545.58,70.76,243.00,0.7131,-1,-1,-1
150,5,1356.89,574.83,85.69,217.49,0.5402,-1,-1,-1
150,4,1721.20,458.47,74.64,208.26,0.6385,-1,-1,-1
150,3,1052.18,916.21,61.38,161.82,0.7368,-1,-1,-1
150,1,416.49,256.87,76.93,213.23,0.6198,-1,-1,-1
151,26,181.03,611.75,68.86,215.13,0.6707,-1,-1,-1
151,25,587.93,260.22,55.07,190.63,0.4180,-1,-1,-1
151,22,625.37,751.17,57.18,167.18,0.3577,-1,-1,-1
151,20,1030.08,132.11,57.16,173.83,0.4879,-1,-1,-1
151,18,396.22,710.48,95.84,263.37,0.7809,-1,-1,-1
151,11,864.54,205.23,62.69,190.73,0.4592,-1,-1,-1
151,8,531.35,266.23,56.24,209.53,0.6117,-1,-1,-1
151,6,103.28,546.81,71.42,243.33,0.7216,-1,-1,-1
151,5,1367.24,573.96,75.86,224.95,0.4863,-1,-1,-1
151,4,1722.13,458.34,72.97,207.44,0.6249,-1,-1,-1
151,3,1051.39,913.37,60.95,164.09,0.7371,-1,-1,-1
151,1,417.11,255.84,75.33,214.60,0.6157,-1,-1,-1
152,26,182.68,610.35,67.41,216.45,0.6899,-1,-1,-1
152,25,588.58,260.87,55.52,191.13,0.4119,-1,-1,-1
152,22,624.68,751.80,56.58,166.30,0.4327,-1,-1,-1
152,20,1024.82,129.97,60.00,172.29,0.4077,-1,-1,-1
152,18,396.63,708.18,97.81,264.83,0.7669,-1,-1,-1
152,11,863.66,205.93,62.63,190.02,0.5191,-1,-1,-1
152,8,532.03,272.41,54.11,205.07,0.5926,-1,-1,-1
152,6,102.66,546.99,72.50,242.64,0.7175,-1,-1,-1
152,5,1360.21,577.01,81.62,212.71,0.5299,-1,-1,-1
152,4,1721.84,458.03,73.71,208.60,0.6152,-1,-1,-1
152,3,1049.56,913.45,60.40,164.57,0.7421,-1,-1,-1
152,1,417.46,255.10,75.41,215.43,0.6061,-1,-1,-1
153,26,184.78,610.73,69.50,215.19,0.7364,-1,-1,-1
153,25,591.81,268.42,52.88,181.87,0.3229,-1,-1,-1
153,22,625.95,751.17,54.54,166.90,0.4101,-1,-1,-1
153,20,1022.84,132.20,60.15,170.58,0.4118,-1,-1,-1
153,18,396.43,709.21,99.51,264.12,0.7589,-1,-1,-1
153,11,862.12,204.69,63.59,191.65,0.4964,-1,-1,-1
153,8,531.74,275.53,54.63,201.40,0.5870,-1,-1,-1
153,6,103.66,547.99,71.21,245.32,0.7265,-1,-1,-1
153,5,1360.40,575.37,80.68,215.70,0.5163,-1,-1,-1
153,4,1721.53,457.41,73.95,209.09,0.6099,-1,-1,-1
153,3,1047.64,912.17,60.44,166.75,0.7304,-1,-1,-1
153,1,417.45,254.17,74.39,215.79,0.5831,-1,-1,-1
154,26,187.76,611.01,68.86,213.55,0.7530,-1,-1,-1
154,22,624.82,751.94,57.93,167.52,0.3307,-1,-1,-1
154,20,1016.42,131.71,63.11,171.90,0.3510,-1,-1,-1
154,18,396.79,709.16,100.63,263.14,0.7634,-1,-1,-1
154,11,860.19,205.32,64.38,191.24,0.5085,-1,-1,-1
154,8,532.72,277.22,54.44,199.88,0.5632,-1,-1,-1
154,6,103.96,547.07,71.20,246.06,0.7199,-1,-1,-1
154,5,1359.89,576.55,81.84,215.46,0.5207,-1,-1,-1
154,4,1721.57,459.96,73.62,206.08,0.5869,-1,-1,-1
154,3,1046.85,911.68,59.39,167.56,0.7146,-1,-1,-1
154,1,415.02,253.01,75.69,216.97,0.6003,-1,-1,-1
155,26,192.87,610.97,67.01,213.05,0.7611,-1,-1,-1
155,22,625.92,751.42,55.47,166.45,0.3380,-1,-1,-1
155,20,999.70,133.01,76.64,172.87,0.3938,-1,-1,-1
155,18,397.87,705.97,101.96,266.10,0.7629,-1,-1,-1
155,11,857.34,205.24,66.27,189.02,0.5120,-1,-1,-1
155,8,532.65,278.87,55.80,197.81,0.5144,-1,-1,-1
155,6,102.92,545.59,71.59,247.77,0.6968,-1,-1,-1
155,5,1359.42,576.33,82.62,212.88,0.5691,-1,-1,-1
155,4,1722.67,459.12,72.67,206.75,0.5962,-1,-1,-1
155,3,1044.91,911.19,59.67,167.69,0.7279,-1,-1,-1
155,1,415.96,251.59,74.36,218.68,0.6029,-1,-1,-1
156,26,194.85,608.95,67.43,214.00,0.7525,-1,-1,-1
156,20,992.12,133.92,80.62,171.49,0.4380,-1,-1,-1
156,18,398.46,702.52,100.66,267.01,0.7607,-1,-1,-1
156,11,855.83,204.15,67.30,187.62,0.5456,-1,-1,-1
156,8,532.54,274.11,56.96,201.68,0.4659,-1,-1,-1
156,6,102.54,545.42,72.11,247.22,0.6976,-1,-1,-1
156,5,1357.42,578.98,82.53,211.61,0.5199,-1,-1,-1
156,4,1722.34,459.68,73.15,205.67,0.5857,-1,-1,-1
156,3,1042.93,910.58,60.30,169.42,0.7072,-1,-1,-1
156,1,416.84,251.59,74.75,214.33,0.6179,-1,-1,-1
157,26,197.35,608.38,66.53,214.67,0.7420,-1,-1,-1
157,22,624.96,747.59,56.99,171.14,0.3370,-1,-1,-1
157,20,987.59,133.87,82.79,171.50,0.4656,-1,-1,-1
157,18,399.57,705.08,100.02,263.96,0.7720,-1,-1,-1
157,11,855.99,203.01,66.71,184.48,0.5671,-1,-1,-1
157,8,532.46,273.91,57.21,199.16,0.4364,-1,-1,-1
157,6,102.75,545.76,72.21,246.93,0.6958,-1,-1,-1
157,5,1356.88,578.73,83.29,210.48,0.5215,-1,-1,-1
157,4,1722.76,460.09,72.58,205.55,0.5926,-1,-1,-1
157,3,1041.84,910.07,59.69,169.36,0.7011,-1,-1,-1
157,1,416.61,251.85,74.28,212.86,0.6182,-1,-1,-1
158,26,198.13,606.89,65.57,212.73,0.7153,-1,-1,-1
158,20,987.92,132.39,81.65,172.34,0.3917,-1,-1,-1
158,18,398.88,704.66,98.37,261.58,0.7844,-1,-1,-1
158,11,853.21,201.18,68.56,184.44,0.5558,-1,-1,-1
158,8,529.95,271.97,60.87,200.47,0.4534,-1,-1,-1
158,6,102.46,546.35,72.20,246.10,0.6986,-1,-1,-1
158,5,1357.02,577.24,83.31,210.71,0.5366,-1,-1,-1
158,4,1722.05,459.88,73.69,206.69,0.6106,-1,-1,-1
158,3,1039.07,909.73,62.51,170.27,0.7158,-1,-1,-1
158,1,417.01,249.18,76.27,215.70,0.6446,-1,-1,-1
159,26,199.61,604.30,65.77,212.68,0.6951,-1,-1,-1
159,20,984.85,133.24,82.60,171.22,0.4133,-1,-1,-1
159,18,402.51,703.22,91.10,260.06,0.7611,-1,-1,-1
159,11,851.18,200.17,69.96,189.68,0.5482,-1,-1,-1
159,8,527.01,280.76,64.08,193.69,0.4321,-1,-1,-1
159,6,102.64,546.28,72.02,246.52,0.6950,-1,-1,-1
159,5,1356.51,578.45,84.71,212.75,0.5145,-1,-1,-1
159,4,1722.29,461.65,73.51,204.51,0.6000,-1,-1,-1
159,3,1037.58,908.64,61.70,170.50,0.6983,-1,-1,-1
159,1,417.99,250.11,75.80,211.88,0.6106,-1,-1,-1
160,26,201.11,602.32,65.49,215.73,0.7002,-1,-1,-1
160,20,981.52,132.46,83.98,169.85,0.4722,-1,-1,-1
160,18,401.83,697.54,92.23,256.68,0.7656,-1,-1,-1
160,11,851.52,198.56,68.90,192.72,0.5134,-1,-1,-1
160,8,526.42,286.39,65.08,189.52,0.4709,-1,-1,-1
160,6,102.50,546.88,71.78,246.19,0.6985,-1,-1,-1
160,5,1357.24,579.39,86.29,218.39,0.4776,-1,-1,-1
160,4,1721.42,461.26,73.75,204.78,0.5705,-1,-1,-1
160,3,1037.23,908.93,60.84,171.07,0.6799,-1,-1,-1
160,1,418.66,247.59,74.40,214.46,0.6440,-1,-1,-1
161,26,207.02,598.79,60.48,213.13,0.6675,-1,-1,-1
161,20,982.27,132.54,82.08,170.46,0.4897,-1,-1,-1
161,18,402.47,691.84,91.06,252.62,0.7744,-1,-1,-1
161,11,850.43,196.24,69.67,191.13,0.4850,-1,-1,-1
161,8,525.73,287.44,68.64,190.83,0.4184,-1,-1,-1
161,6,102.34,546.65,72.03,247.28,0.6866,-1,-1,-1
161,5,1357.23,579.86,84.79,216.36,0.5265,-1,-1,-1
161,4,1721.88,460.83,73.47,206.01,0.5775,-1,-1,-1
161,3,1033.61,908.20,63.08,171.80,0.6929,-1,-1,-1
161,1,417.72,246.87,76.71,211.53,0.6232,-1,-1,-1
162,26,211.20,598.29,61.47,206.84,0.6741,-1,-1,-1
162,20,982.22,133.90,79.45,169.67,0.3936,-1,-1,-1
162,18,403.19,687.55,91.41,253.72,0.7652,-1,-1,-1
162,11,849.79,195.80,69.16,190.84,0.4876,-1,-1,-1
162,6,102.04,546.27,71.73,247.89,0.6726,-1,-1,-1
162,5,1363.92,577.19,80.80,224.57,0.4897,-1,-1,-1
162,4,1721.98,461.76,73.36,205.60,0.5775,-1,-1,-1
162,3,1033.13,907.32,61.79,172.68,0.7115,-1,-1,-1
162,1,418.87,246.20,75.97,210.12,0.6233,-1,-1,-1
163,26,212.69,595.52,62.50,207.58,0.6715,-1,-1,-1
163,25,598.07,272.58,64.07,180.76,0.3019,-1,-1,-1
163,20,983.03,129.86,75.47,174.02,0.3591,-1,-1,-1
163,18,403.35,683.77,90.50,255.90,0.7710,-1,-1,-1
163,11,850.38,194.35,68.48,187.64,0.4677,-1,-1,-1
163,8,519.70,289.64,71.41,195.21,0.3767,-1,-1,-1
163,6,102.30,546.40,72.21,247.69,0.6631,-1,-1,-1
163,5,1356.93,579.87,88.82,225.18,0.5055,-1,-1,-1
163,4,1721.66,460.61,73.78,206.92,0.5791,-1,-1,-1
163,3,1031.42,906.34,62.60,173.66,0.6839,-1,-1,-1
163,1,418.61,244.76,77.76,209.57,0.6178,-1,-1,-1
164,26,214.97,593.93,63.27,209.56,0.7065,-1,-1,-1
164,20,984.08,128.47,69.36,172.56,0.3058,-1,-1,-1
164,18,402.35,682.26,91.84,254.77,0.7738,-1,-1,-1
164,11,852.82,191.90,68.82,195.34,0.4605,-1,-1,-1
164,8,519.25,290.85,72.95,194.84,0.3107,-1,-1,-1
164,6,102.06,546.59,71.80,246.77,0.6805,-1,-1,-1
164,5,1357.12,580.00,88.01,222.32,0.4790,-1,-1,-1
164,4,1721.62,460.56,73.98,206.77,0.5990,-1,-1,-1
164,3,1030.29,907.46,60.76,171.94,0.7307,-1,-1,-1
164,1,417.96,244.38,78.70,208.24,0.6263,-1,-1,-1
165,26,212.67,592.10,65.56,209.71,0.7327,-1,-1,-1
165,18,400.45,680.55,94.13,256.88,0.7917,-1,-1,-1
165,11,853.66,191.55,68.30,194.61,0.4859,-1,-1,-1
165,6,102.21,546.34,71.58,246.58,0.6766,-1,-1,-1
165,5,1357.69,581.09,85.95,217.83,0.5013,-1,-1,-1
165,4,1721.72,460.25,74.33,206.46,0.5945,-1,-1,-1
165,3,1028.57,908.01,60.99,171.47,0.7265,-1,-1,-1
165,1,418.46,242.26,79.13,210.40,0.6170,-1,-1,-1
166,26,214.93,590.50,71.15,212.04,0.7025,-1,-1,-1
166,25,601.49,274.68,55.97,181.37,0.3005,-1,-1,-1
166,18,399.44,679.02,94.60,259.61,0.7914,-1,-1,-1
166,11,853.05,191.17,69.20,190.95,0.4911,-1,-1,-1
166,6,102.03,546.15,71.46,246.77,0.6849,-1,-1,-1
166,5,1357.27,580.01,84.27,214.42,0.5031,-1,-1,-1
166,4,1722.19,460.76,73.17,207.16,0.6247,-1,-1,-1
166,3,1026.53,907.53,61.83,171.90,0.6855,-1,-1,-1
166,1,418.93,241.56,76.12,210.68,0.5914,-1,-1,-1
167,26,214.62,589.64,75.05,214.62,0.7071,-1,-1,-1
167,25,602.40,276.80,56.96,179.03,0.3135,-1,-1,-1
167,18,399.88,675.46,93.41,261.32,0.7967,-1,-1,-1
167,11,853.36,190.96,69.45,187.88,0.4849,-1,-1,-1
167,6,101.77,546.36,72.07,247.28,0.6872,-1,-1,-1
167,5,1356.69,579.36,84.87,218.17,0.4910,-1,-1,-1
167,4,1722.37,460.38,72.67,207.08,0.6082,-1,-1,-1
167,3,1023.45,906.61,64.54,173.10,0.6849,-1,-1,-1
167,1,418.59,240.46,76.18,212.68,0.5753,-1,-1,-1
168,26,217.73,589.74,79.16,212.06,0.7157,-1,-1,-1
168,25,601.86,276.63,59.38,177.83,0.3066,-1,-1,-1
168,20,979.05,123.18,55.93,170.10,0.3000,-1,-1,-1
168,18,398.47,675.87,94.63,261.13,0.7840,-1,-1,-1
168,11,853.46,191.17,70.05,190.53,0.5117,-1,-1,-1
168,6,101.81,546.63,72.29,246.82,0.6861,-1,-1,-1
168,5,1357.56,578.62,82.32,217.29,0.4972,-1,-1,-1
168,4,1721.64,458.62,73.74,209.61,0.6115,-1,-1,-1
168,3,1020.96,907.25,65.16,171.92,0.7042,-1,-1,-1
168,1,417.60,239.46,77.05,213.73,0.5939,-1,-1,-1
169,26,220.63,589.17,77.76,213.52,0.6902,-1,-1,-1
169,25,601.82,277.27,60.66,177.15,0.3113,-1,-1,-1
169,18,399.16,674.84,94.68,260.76,0.7770,-1,-1,-1
169,11,852.69,190.79,71.14,188.67,0.5304,-1,-1,-1
169,6,101.44,545.56,73.26,248.85,0.6516,-1,-1,-1
169,5,1357.22,578.82,85.67,218.13,0.4622,-1,-1,-1
169,4,1721.55,460.08,73.89,207.83,0.6104,-1,-1,-1
169,3,1020.50,908.55,64.96,170.47,0.7078,-1,-1,-1
169,1,418.21,238.69,78.33,214.20,0.6112,-1,-1,-1
170,26,220.80,588.87,74.97,213.83,0.6627,-1,-1,-1
170,18,400.20,673.72,92.64,260.86,0.7748,-1,-1,-1
170,11,856.40,189.80,67.61,188.20,0.5096,-1,-1,-1
170,8,523.93,290.50,66.14,203.36,0.3580,-1,-1,-1
170,6,101.47,546.66,73.75,246.31,0.6539,-1,-1,-1
170,5,1368.72,577.30,74.55,221.66,0.4458,-1,-1,-1
170,4,1720.99,460.83,74.49,207.28,0.6201,-1,-1,-1
170,3,1018.67,908.80,62.60,171.01,0.7220,-1,-1,-1
170,1,417.97,237.91,78.53,215.52,0.6154,-1,-1,-1
171,29,753.21,260.17,57.95,192.71,0.3134,-1,-1,-1
171,26,219.35,588.70,76.27,212.77,0.6914,-1,-1,-1
171,18,400.12,672.84,92.42,259.83,0.7746,-1,-1,-1
171,11,860.42,192.79,61.69,182.50,0.4111,-1,-1,-1
171,8,526.28,296.27,61.74,197.46,0.4481,-1,-1,-1
171,6,101.22,546.44,74.92,247.42,0.6602,-1,-1,-1
171,5,1365.94,577.00,76.48,222.53,0.4551,-1,-1,-1
171,4,1721.66,459.74,74.07,208.32,0.6031,-1,-1,-1
171,3,1017.96,909.28,61.30,170.72,0.7228,-1,-1,-1
171,1,417.57,238.20,78.70,215.11,0.6221,-1,-1,-1
172,26,218.55,586.91,77.61,213.86,0.6431,-1,-1,-1
172,18,400.62,670.71,91.65,259.71,0.7812,-1,-1,-1
172,11,860.32,190.00,65.67,185.72,0.5030,-1,-1,-1
172,8,526.14,291.05,61.40,202.87,0.4288,-1,-1,-1
172,6,100.43,546.73,74.26,245.88,0.6623,-1,-1,-1
172,5,1357.30,578.69,83.99,215.14,0.4744,-1,-1,-1
172,4,1721.89,460.44,73.79,207.25,0.5985,-1,-1,-1
172,3,1015.97,910.09,61.39,169.38,0.7436,-1,-1,-1
172,1,417.63,237.86,78.37,216.98,0.6276,-1,-1,-1
173,29,753.19,260.17,56.73,194.07,0.3908,-1,-1,-1
173,26,219.08,583.37,76.40,215.84,0.6587,-1,-1,-1
173,18,403.29,668.64,88.21,259.00,0.7742,-1,-1,-1
173,11,860.71,188.66,66.24,187.37,0.4489,-1,-1,-1
173,8,520.99,296.06,66.39,198.34,0.3301,-1,-1,-1
173,6,100.97,546.15,73.86,247.17,0.6574,-1,-1,-1
173,5,1357.37,578.82,83.12,214.01,0.5034,-1,-1,-1
173,4,1721.03,461.01,74.53,206.25,0.5928,-1,-1,-1
173,3,1012.55,910.22,62.74,169.42,0.7341,-1,-1,-1
173,1,417.77,237.30,78.17,216.53,0.6146,-1,-1,-1
174,29,752.81,261.91,55.67,191.93,0.3572,-1,-1,-1
174,26,222.72,583.15,75.12,213.31,0.6752,-1,-1,-1
174,18,405.95,666.62,85.57,259.87,0.7818,-1,-1,-1
174,11,861.76,185.92,65.24,186.74,0.4383,-1,-1,-1
174,8,522.67,293.61,66.79,201.16,0.4238,-1,-1,-1
174,6,100.32,546.90,74.14,246.50,0.6518,-1,-1,-1
174,5,1357.33,579.18,82.81,211.15,0.4983,-1,-1,-1
174,4,1721.21,459.39,74.33,208.21,0.5966,-1,-1,-1
174,3,1009.94,911.89,63.56,168.11,0.7399,-1,-1,-1
174,1,417.56,236.63,77.32,217.36,0.6205,-1,-1,-1
175,29,752.55,261.02,57.07,195.54,0.4064,-1,-1,-1
175,26,225.70,578.79,70.16,214.45,0.6874,-1,-1,-1
175,20,945.47,123.26,73.17,174.38,0.3177,-1,-1,-1
175,18,406.41,663.44,85.48,261.46,0.8043,-1,-1,-1
175,11,863.24,185.86,65.81,182.24,0.4610,-1,-1,-1
175,8,521.77,293.18,66.77,200.77,0.3845,-1,-1,-1
175,6,100.03,546.61,73.87,246.22,0.6572,-1,-1,-1
175,5,1357.49,578.80,83.38,208.49,0.5184,-1,-1,-1
175,4,1721.81,459.93,73.45,207.98,0.5931,-1,-1,-1
175,3,1006.64,913.39,64.05,166.61,0.7263,-1,-1,-1
175,1,416.83,235.68,77.11,216.38,0.6517,-1,-1,-1
176,29,753.18,262.05,55.76,196.33,0.4104,-1,-1,-1
176,26,227.31,576.65,67.94,213.06,0.6685,-1,-1,-1
176,20,939.33,123.09,77.38,175.20,0.3969,-1,-1,-1
176,18,407.24,658.38,83.53,258.91,0.7913,-1,-1,-1
176,11,863.09,184.07,66.36,185.99,0.5037,-1,-1,-1
176,8,510.44,231.30,81.30,264.17,0.3236,-1,-1,-1
176,6,100.28,546.87,73.05,246.45,0.6576,-1,-1,-1
176,5,1357.46,578.92,82.35,207.00,0.5145,-1,-1,-1
176,4,1721.42,459.57,73.40,208.35,0.5885,-1,-1,-1
176,3,1006.10,913.21,62.33,166.79,0.7290,-1,-1,-1
176,1,417.17,232.60,75.62,218.16,0.6333,-1,-1,-1
177,30,0.29,621.57,101.43,221.72,0.4409,-1,-1,-1
177,29,752.39,261.24,56.67,198.93,0.3569,-1,-1,-1
177,26,227.20,575.12,67.99,211.01,0.6766,-1,-1,-1
177,20,936.93,124.07,78.02,172.64,0.3620,-1,-1,-1
177,18,408.27,653.48,82.44,252.86,0.7858,-1,-1,-1
177,11,864.14,181.68,66.87,185.25,0.5223,-1,-1,-1
177,8,517.44,250.80,72.71,243.51,0.3778,-1,-1,-1
177,6,100.20,546.92,73.09,245.90,0.6565,-1,-1,-1
177,5,1357.16,578.96,83.22,210.50,0.4843,-1,-1,-1
177,4,1721.07,459.75,74.15,208.03,0.5823,-1,-1,-1
177,3,1004.89,913.04,63.18,164.67,0.7308,-1,-1,-1
177,1,416.82,232.92,74.96,217.82,0.6375,-1,-1,-1
178,30,0.00,614.27,88.54,230.30,0.3779,-1,-1,-1
178,29,751.95,268.09,57.17,194.56,0.4084,-1,-1,-1
178,26,227.68,573.38,67.45,206.37,0.6069,-1,-1,-1
178,18,406.51,650.15,84.96,250.40,0.7857,-1,-1,-1
178,11,864.98,180.82,66.89,184.73,0.4978,-1,-1,-1
178,8,522.77,291.76,65.11,202.72,0.4454,-1,-1,-1
178,6,100.21,547.09,71.72,244.58,0.6539,-1,-1,-1
178,5,1356.84,577.57,83.41,212.88,0.4804,-1,-1,-1
178,4,1721.40,460.33,73.76,207.51,0.5631,-1,-1,-1
178,3,1004.28,913.26,62.10,164.62,0.7206,-1,-1,-1
178,1,416.32,230.69,74.51,214.70,0.6172,-1,-1,-1
179,30,0.00,618.58,96.89,230.12,0.5217,-1,-1,-1
179,29,750.78,271.46,58.79,193.40,0.4042,-1,-1,-1
179,26,227.10,571.31,68.64,207.42,0.6183,-1,-1,-1
179,25,606.84,278.56,58.27,192.10,0.3478,-1,-1,-1
179,20,936.62,125.86,72.98,168.78,0.3145,-1,-1,-1
179,18,407.53,648.78,85.28,249.48,0.7860,-1,-1,-1
179,11,866.12,180.55,67.07,183.80,0.4839,-1,-1,-1
179,8,522.95,297.14,63.88,196.39,0.4350,-1,-1,-1
179,6,101.10,545.71,70.47,247.15,0.6507,-1,-1,-1
179,5,1357.19,577.43,84.00,219.93,0.5050,-1,-1,-1
179,4,1721.38,460.68,73.24,206.97,0.5469,-1,-1,-1
179,3,1003.01,913.52,59.93,164.86,0.7161,-1,-1,-1
179,1,415.66,227.78,73.31,215.90,0.5930,-1,-1,-1
180,30,0.75,617.90,81.41,221.14,0.5042,-1,-1,-1
180,29,750.46,273.22,59.31,192.41,0.4176,-1,-1,-1
180,26,228.99,570.10,68.08,207.13,0.5864,-1,-1,-1
180,25,607.08,278.36,57.61,194.36,0.3532,-1,-1,-1
180,18,409.30,648.49,86.15,248.65,0.7905,-1,-1,-1
180,11,867.22,181.52,67.76,184.58,0.5042,-1,-1,-1
180,8,526.15,294.93,60.71,202.38,0.5224,-1,-1,-1
180,6,100.94,545.90,69.87,246.22,0.6557,-1,-1,-1
180,5,1357.71,577.02,81.54,210.42,0.5125,-1,-1,-1
180,4,1721.93,460.05,73.14,208.32,0.5274,-1,-1,-1
180,3,1000.92,913.09,59.78,165.63,0.7209,-1,-1,-1
180,1,414.43,227.55,74.87,211.89,0.6236,-1,-1,-1
181,30,0.85,617.42,79.27,224.72,0.4732,-1,-1,-1
181,29,751.26,273.56,57.17,192.81,0.4249,-1,-1,-1
181,26,229.65,569.30,68.81,205.49,0.5737,-1,-1,-1
181,25,606.81,278.98,58.84,203.08,0.3080,-1,-1,-1
181,18,409.66,646.78,88.24,249.46,0.7886,-1,-1,-1
181,11,868.96,178.74,67.09,184.12,0.5017,-1,-1,-1
181,8,527.72,301.28,58.82,198.89,0.5467,-1,-1,-1
181,6,100.88,545.20,69.82,248.55,0.6546,-1,-1,-1
181,5,1357.39,577.52,84.00,216.04,0.4994,-1,-1,-1
181,4,1721.73,458.66,74.05,210.08,0.5129,-1,-1,-1
181,3,998.47,914.64,59.73,164.57,0.7208,-1,-1,-1
181,1,414.76,227.41,74.00,209.52,0.5963,-1,-1,-1
182,30,1.39,618.95,105.13,239.71,0.6071,-1,-1,-1
182,29,751.39,275.12,57.49,193.76,0.3596,-1,-1,-1
182,26,231.55,567.72,64.25,203.28,0.5869,-1,-1,-1
182,18,408.46,645.68,90.82,250.96,0.7844,-1,-1,-1
182,11,867.01,177.48,73.08,186.69,0.5388,-1,-1,-1
182,8,525.81,296.14,61.03,200.79,0.4856,-1,-1,-1
182,6,101.14,545.88,69.50,246.98,0.6712,-1,-1,-1
182,5,1357.41,576.38,84.36,226.27,0.4785,-1,-1,-1
182,4,1722.34,459.31,72.62,209.04,0.5284,-1,-1,-1
182,3,996.90,916.28,58.08,162.39,0.7356,-1,-1,-1
182,1,415.16,226.90,74.16,207.75,0.5808,-1,-1,-1
183,30,3.79,622.19,102.75,237.82,0.6555,-1,-1,-1
183,29,749.47,276.50,61.14,194.55,0.3655,-1,-1,-1
183,26,230.50,566.18,66.49,205.71,0.5514,-1,-1,-1
183,25,607.12,280.14,58.93,211.51,0.3247,-1,-1,-1
183,18,408.05,643.84,93.38,252.41,0.7979,-1,-1,-1
183,11,867.88,176.75,72.70,187.52,0.5564,-1,-1,-1
183,8,522.88,294.72,65.64,208.04,0.4062,-1,-1,-1
183,6,101.24,545.88,69.27,247.93,0.6819,-1,-1,-1
183,5,1357.39,577.04,84.76,223.23,0.4897,-1,-1,-1
183,4,1722.40,459.49,72.55,208.45,0.5237,-1,-1,-1
183,3,995.84,916.17,58.20,162.01,0.7283,-1,-1,-1
183,1,416.91,229.14,72.38,205.83,0.5793,-1,-1,-1
184,30,7.82,622.49,96.31,233.40,0.6215,-1,-1,-1
184,29,750.33,278.77,60.45,192.26,0.3489,-1,-1,-1
184,26,231.89,565.66,65.28,209.97,0.5351,-1,-1,-1
184,25,607.59,279.02,60.86,212.47,0.3337,-1,-1,-1
184,18,408.96,642.58,93.65,253.25,0.7735,-1,-1,-1
184,11,867.87,176.98,72.59,187.38,0.5430,-1,-1,-1
184,8,520.30,230.68,68.76,275.56,0.3986,-1,-1,-1
184,6,100.68,545.86,68.87,248.13,0.6704,-1,-1,-1
184,5,1357.62,576.46,84.81,224.83,0.4653,-1,-1,-1
184,4,1721.20,459.22,73.30,209.02,0.5334,-1,-1,-1
184,3,994.97,918.20,57.83,161.37,0.7233,-1,-1,-1
184,1,417.02,227.76,73.43,207.31,0.5791,-1,-1,-1
185,30,14.36,621.59,92.01,233.27,0.6221,-1,-1,-1
185,29,750.78,280.36,62.54,191.49,0.3298,-1,-1,-1
185,26,231.83,565.55,66.38,210.19,0.5680,-1,-1,-1
185,25,607.23,288.98,59.27,204.98,0.3305,-1,-1,-1
185,18,408.28,643.36,95.35,252.49,0.7859,-1,-1,-1
185,11,867.55,178.22,75.03,188.88,0.5879,-1,-1,-1
185,8,521.53,293.18,65.72,212.77,0.4305,-1,-1,-1
185,6,100.09,546.24,68.66,246.88,0.6464,-1,-1,-1
185,5,1357.89,575.74,83.71,218.69,0.4800,-1,-1,-1
185,4,1721.71,459.48,72.77,208.33,0.5027,-1,-1,-1
185,3,993.30,918.37,58.71,159.58,0.7175,-1,-1,-1
185,1,415.71,227.33,74.21,207.60,0.5878,-1,-1,-1
186,31,1194.82,150.19,56.23,180.61,0.3235,-1,-1,-1
186,30,16.58,618.90,93.85,236.13,0.6575,-1,-1,-1
186,26,229.79,565.32,67.10,207.97,0.5833,-1,-1,-1
186,25,607.78,284.46,59.30,206.78,0.3588,-1,-1,-1
186,18,408.69,641.11,94.41,255.30,0.7943,-1,-1,-1
186,11,867.52,175.91,74.22,191.37,0.5612,-1,-1,-1
186,8,524.26,303.37,60.30,199.31,0.4266,-1,-1,-1
186,6,99.50,546.65,69.30,246.11,0.6452,-1,-1,-1
186,5,1357.24,574.34,84.20,225.42,0.4939,-1,-1,-1
186,4,1721.92,459.05,72.59,208.80,0.5033,-1,-1,-1
186,3,992.20,918.29,57.85,160.58,0.7341,-1,-1,-1
186,1,415.57,226.73,74.39,207.61,0.5963,-1,-1,-1
187,31,1192.38,149.31,58.05,181.51,0.3554,-1,-1,-1
187,30,22.90,619.89,97.22,240.16,0.6872,-1,-1,-1
187,26,228.87,564.14,67.54,209.75,0.6350,-1,-1,-1
187,25,607.22,287.72,60.10,200.54,0.3475,-1,-1,-1
187,18,408.53,639.13,94.54,256.39,0.7812,-1,-1,-1
187,11,867.22,176.57,74.95,191.53,0.5617,-1,-1,-1
187,8,526.02,301.85,59.28,205.38,0.5400,-1,-1,-1
187,6,97.70,546.53,71.16,243.00,0.6377,-1,-1,-1
187,5,1357.63,573.28,83.99,224.81,0.5044,-1,-1,-1
187,4,1721.80,459.76,72.50,207.84,0.4952,-1,-1,-1
187,3,989.42,918.89,60.45,159.50,0.7347,-1,-1,-1
187,1,416.03,224.96,74.35,210.23,0.6014,-1,-1,-1
188,30,23.06,618.52,104.77,240.63,0.7143,-1,-1,-1
188,29,752.33,280.72,62.02,192.03,0.3160,-1,-1,-1
188,26,227.87,561.68,68.69,211.74,0.6183,-1,-1,-1
188,25,606.10,289.36,59.73,199.77,0.3350,-1,-1,-1
188,18,410.60,637.48,92.17,256.36,0.7685,-1,-1,-1
188,11,868.28,177.79,74.42,184.70,0.4322,-1,-1,-1
188,8,523.71,300.23,62.53,207.56,0.5397,-1,-1,-1
188,6,96.68,546.18,71.78,241.54,0.5923,-1,-1,-1
188,5,1357.82,572.43,83.92,226.09,0.4594,-1,-1,-1
188,4,1721.26,460.37,73.52,207.17,0.5075,-1,-1,-1
188,3,988.91,919.21,60.54,159.35,0.7218,-1,-1,-1
188,1,415.99,226.23,74.64,207.17,0.5946,-1,-1,-1
189,30,23.79,619.80,110.21,242.03,0.6902,-1,-1,-1
189,26,229.43,557.29,64.76,209.09,0.5553,-1,-1,-1
189,25,605.34,301.01,59.35,189.45,0.3508,-1,-1,-1
189,18,409.64,633.71,92.25,259.01,0.7985,-1,-1,-1
189,11,866.75,177.34,79.15,186.13,0.4621,-1,-1,-1
189,8,523.09,304.97,63.13,206.32,0.5648,-1,-1,-1
189,6,94.90,546.62,70.61,237.66,0.5354,-1,-1,-1
189,5,1357.99,572.82,81.67,217.77,0.4582,-1,-1,-1
189,4,1720.86,460.76,73.77,207.34,0.4816,-1,-1,-1
189,3,987.64,919.83,59.66,158.94,0.7122,-1,-1,-1
189,1,416.01,224.43,74.27,207.80,0.5819,-1,-1,-1
190,30,27.35,621.94,112.95,245.82,0.6737,-1,-1,-1
190,26,229.59,554.81,64.32,206.95,0.5731,-1,-1,-1
190,25,605.05,296.57,60.17,195.61,0.3469,-1,-1,-1
190,18,412.03,634.02,87.66,255.77,0.7853,-1,-1,-1
190,11,867.23,179.21,82.18,184.35,0.5122,-1,-1,-1
190,8,522.14,302.81,65.49,210.00,0.5938,-1,-1,-1
190,6,93.59,546.48,71.54,230.39,0.4935,-1,-1,-1
190,5,1357.77,572.29,81.59,218.00,0.4494,-1,-1,-1
190,4,1721.51,458.57,73.35,209.26,0.4643,-1,-1,-1
190,3,986.58,920.91,59.36,157.30,0.7264,-1,-1,-1
190,1,417.07,224.45,73.59,207.54,0.5687,-1,-1,-1
191,30,29.52,622.66,121.11,250.23,0.6087,-1,-1,-1
191,26,229.39,551.36,63.20,205.62,0.5918,-1,-1,-1
191,25,604.36,304.53,60.36,188.50,0.3196,-1,-1,-1
191,18,411.94,630.32,86.20,255.15,0.7833,-1,-1,-1
191,11,870.24,174.44,78.22,185.77,0.4829,-1,-1,-1
191,8,522.07,303.08,66.45,210.68,0.5484,-1,-1,-1
191,6,96.13,545.54,68.06,184.01,0.5734,-1,-1,-1
191,5,1357.93,571.48,87.12,232.25,0.4815,-1,-1,-1
191,4,1720.26,459.68,74.68,208.36,0.4924,-1,-1,-1
191,3,985.47,922.01,59.25,155.22,0.7426,-1,-1,-1
191,1,417.64,222.88,73.75,207.78,0.5656,-1,-1,-1
192,30,33.01,626.04,120.91,251.51,0.5943,-1,-1,-1
192,26,227.96,550.37,65.60,204.41,0.6324,-1,-1,-1
192,25,603.48,306.17,60.15,186.35,0.3872,-1,-1,-1
192,18,412.35,624.88,84.87,251.67,0.7717,-1,-1,-1
192,11,872.25,172.50,76.92,185.95,0.5071,-1,-1,-1
192,8,522.53,305.17,66.34,208.28,0.5989,-1,-1,-1
192,6,95.68,544.98,68.80,182.95,0.5979,-1,-1,-1
192,5,1357.34,570.93,85.59,223.30,0.4981,-1,-1,-1
192,4,1720.46,459.98,74.35,207.49,0.5382,-1,-1,-1
192,3,984.79,922.69,58.29,154.54,0.7447,-1,-1,-1
192,1,418.64,223.02,73.69,207.86,0.5437,-1,-1,-1
193,30,37.73,629.90,112.78,245.22,0.5098,-1,-1,-1
193,26,228.40,546.73,64.88,207.24,0.6395,-1,-1,-1
193,25,602.38,307.77,60.83,185.86,0.3524,-1,-1,-1
193,18,412.46,621.85,83.63,247.92,0.7896,-1,-1,-1
193,11,875.34,172.97,73.99,184.56,0.4296,-1,-1,-1
193,8,521.12,308.86,67.76,204.56,0.5524,-1,-1,-1
193,6,94.76,545.09,68.71,180.11,0.5867,-1,-1,-1
193,5,1357.55,570.76,85.62,229.63,0.4933,-1,-1,-1
193,4,1720.77,459.40,73.86,207.51,0.5201,-1,-1,-1
193,3,984.32,921.98,57.29,155.87,0.7164,-1,-1,-1
193,1,417.74,220.86,74.78,208.82,0.5236,-1,-1,-1
194,30,41.14,632.19,111.10,240.93,0.5885,-1,-1,-1
194,26,228.13,545.87,64.76,205.56,0.6429,-1,-1,-1
194,25,601.72,307.90,60.16,186.85,0.3650,-1,-1,-1
194,18,413.51,618.69,79.64,247.88,0.7743,-1,-1,-1
194,11,875.67,173.14,74.30,181.62,0.3923,-1,-1,-1
194,8,519.62,308.94,68.76,205.19,0.5770,-1,-1,-1
194,6,93.06,544.77,70.59,176.37,0.6222,-1,-1,-1
194,5,1356.78,570.60,85.39,230.95,0.4713,-1,-1,-1
194,4,1720.81,460.00,73.92,207.60,0.5017,-1,-1,-1
194,3,981.70,921.60,60.27,156.74,0.7386,-1,-1,-1
194,1,417.94,222.04,75.66,206.42,0.5100,-1,-1,-1
195,30,42.63,633.87,109.98,233.75,0.6656,-1,-1,-1
195,26,228.43,544.59,63.24,208.14,0.6471,-1,-1,-1
195,25,601.11,308.90,60.71,184.61,0.4301,-1,-1,-1
195,18,412.85,617.58,80.63,247.14,0.7846,-1,-1,-1
195,11,878.33,169.74,72.04,178.08,0.3666,-1,-1,-1
195,8,516.75,308.40,72.09,207.34,0.6708,-1,-1,-1
195,6,93.16,544.48,70.05,176.59,0.6015,-1,-1,-1
195,5,1356.89,570.23,83.99,217.91,0.5590,-1,-1,-1
195,4,1721.11,459.39,73.67,208.43,0.5215,-1,-1,-1
195,3,982.39,922.15,58.59,155.89,0.7299,-1,-1,-1
195,1,418.77,218.87,75.08,211.01,0.5585,-1,-1,-1
196,30,46.48,636.39,107.01,244.10,0.6668,-1,-1,-1
196,29,752.81,291.31,62.72,190.76,0.3690,-1,-1,-1
196,26,226.75,544.53,63.83,207.24,0.6475,-1,-1,-1
196,25,601.50,311.11,61.02,182.26,0.4007,-1,-1,-1
196,18,408.33,613.90,85.02,248.93,0.7515,-1,-1,-1
196,11,881.63,169.21,67.59,176.05,0.4262,-1,-1,-1
196,8,517.96,310.86,71.34,207.13,0.6012,-1,-1,-1
196,6,93.44,544.21,68.85,177.39,0.5414,-1,-1,-1
196,5,1356.47,571.99,84.30,219.19,0.5213,-1,-1,-1
196,4,1720.71,458.29,73.23,210.19,0.5037,-1,-1,-1
196,3,980.12,921.50,61.52,157.06,0.7311,-1,-1,-1
196,1,420.01,217.55,73.18,209.81,0.5386,-1,-1,-1
197,31,1163.23,143.75,57.62,181.58,0.3170,-1,-1,-1
197,30,51.50,639.79,108.19,249.00,0.6736,-1,-1,-1
197,29,753.45,293.63,60.77,187.92,0.3260,-1,-1,-1
197,26,226.16,543.82,64.24,209.62,0.6860,-1,-1,-1
197,25,601.05,311.26,61.01,182.74,0.4319,-1,-1,-1
197,18,404.34,610.90,88.00,250.19,0.7413,-1,-1,-1
197,11,882.43,168.27,66.23,176.46,0.4546,-1,-1,-1
197,8,514.97,306.81,74.49,212.68,0.6745,-1,-1,-1
197,6,94.48,544.04,66.77,171.39,0.5280,-1,-1,-1
197,5,1356.53,571.58,84.04,217.97,0.5401,-1,-1,-1
197,4,1721.46,458.85,73.35,209.41,0.5006,-1,-1,-1
197,3,977.34,921.91,63.78,156.65,0.7374,-1,-1,-1
197,1,419.20,216.27,76.48,209.23,0.5739,-1,-1,-1
198,30,55.13,642.34,107.25,247.41,0.6953,-1,-1,-1
198,29,754.49,294.70,63.34,189.97,0.3059,-1,-1,-1
198,26,225.95,542.82,64.93,210.03,0.6939,-1,-1,-1
198,25,600.87,312.41,60.60,182.60,0.4362,-1,-1,-1
198,18,400.46,611.49,90.80,251.63,0.7492,-1,-1,-1
198,11,885.72,158.49,63.61,186.36,0.4296,-1,-1,-1
198,8,515.64,312.91,72.93,210.23,0.6261,-1,-1,-1
198,6,96.27,543.96,64.32,171.11,0.5198,-1,-1,-1
198,5,1356.55,571.95,84.99,219.29,0.5586,-1,-1,-1
198,4,1720.92,459.08,73.57,208.44,0.4964,-1,-1,-1
198,3,976.37,921.08,61.90,157.79,0.7018,-1,-1,-1
198,1,420.69,215.31,75.71,208.36,0.5656,-1,-1,-1
199,31,1159.88,141.93,57.91,182.78,0.3185,-1,-1,-1
199,30,57.06,644.27,106.94,247.76,0.7226,-1,-1,-1
199,26,226.38,543.29,64.45,208.85,0.7028,-1,-1,-1
199,25,601.51,313.49,59.78,179.65,0.4473,-1,-1,-1
199,18,398.13,610.71,93.17,253.50,0.7422,-1,-1,-1
199,11,885.36,156.97,66.43,187.84,0.3958,-1,-1,-1
199,8,516.44,315.32,71.69,209.79,0.6018,-1,-1,-1
199,6,95.77,544.45,64.49,171.61,0.5182,-1,-1,-1
199,5,1354.93,570.82,86.15,223.04,0.5205,-1,-1,-1
199,4,1720.77,458.68,73.14,209.17,0.5286,-1,-1,-1
199,3,973.44,921.17,64.60,157.64,0.7289,-1,-1,-1
199,1,418.99,214.15,77.27,205.29,0.5663,-1,-1,-1
200,31,1157.66,141.22,58.75,182.16,0.3478,-1,-1,-1
200,30,60.28,649.15,102.28,243.01,0.7122,-1,-1,-1
200,29,751.57,295.61,63.43,195.21,0.3102,-1,-1,-1
200,26,225.98,542.29,63.30,208.38,0.7167,-1,-1,-1
200,25,601.77,315.17,59.86,178.44,0.4225,-1,-1,-1
200,18,397.59,610.15,92.24,252.14,0.7471,-1,-1,-1
200,11,884.49,160.00,68.90,187.05,0.4004,-1,-1,-1
200,8,518.28,318.92,67.86,208.99,0.5842,-1,-1,-1
200,6,95.72,543.67,64.35,166.60,0.5372,-1,-1,-1
200,5,1356.10,571.44,81.95,216.62,0.5400,-1,-1,-1
200,4,1721.00,458.72,72.62,208.60,0.5340,-1,-1,-1
200,3,972.50,920.07,63.62,157.85,0.7147,-1,-1,-1
200,1,418.93,212.13,77.65,205.47,0.5739,-1,-1,-1
201,31,1156.75,139.76,57.63,181.91,0.3180,-1,-1,-1
201,30,64.93,654.72,97.13,238.07,0.7342,-1,-1,-1
201,26,226.17,541.39,62.76,209.19,0.7041,-1,-1,-1
201,25,602.07,318.81,58.10,171.94,0.4311,-1,-1,-1
201,18,395.46,609.67,93.51,252.17,0.7428,-1,-1,-1
201,11,886.05,158.86,70.49,187.17,0.4226,-1,-1,-1
201,8,516.14,318.72,70.65,213.28,0.5941,-1,-1,-1
201,6,94.50,543.98,64.74,166.90,0.4987,-1,-1,-1
201,5,1355.74,571.01,81.73,219.92,0.5451,-1,-1,-1
201,4,1720.96,458.12,72.66,209.17,0.5539,-1,-1,-1
201,3,971.98,919.76,62.78,158.23,0.7218,-1,-1,-1
201,1,419.32,211.33,79.13,206.37,0.5669,-1,-1,-1
202,31,1155.21,139.31,57.68,182.69,0.3837,-1,-1,-1
202,30,66.76,656.22,95.17,236.31,0.7427,-1,-1,-1
202,26,225.20,539.93,63.98,210.89,0.7057,-1,-1,-1
202,25,602.06,322.99,57.42,167.33,0.4481,-1,-1,-1
202,18,396.61,608.90,92.07,250.13,0.7354,-1,-1,-1
202,11,888.15,158.08,70.87,185.17,0.4323,-1,-1,-1
202,8,516.23,317.53,72.33,215.94,0.6122,-1,-1,-1
202,6,97.28,542.72,62.26,154.05,0.4446,-1,-1,-1
202,5,1355.16,571.11,81.20,215.41,0.5172,-1,-1,-1
202,4,1721.50,458.40,72.63,209.69,0.5819,-1,-1,-1
202,3,971.24,919.20,61.86,159.10,0.7279,-1,-1,-1
202,1,419.57,210.16,79.91,205.43,0.5610,-1,-1,-1
203,31,1154.07,138.24,55.90,183.87,0.3753,-1,-1,-1
203,30,68.66,657.18,95.08,234.42,0.6964,-1,-1,-1
203,26,223.02,537.18,65.60,212.21,0.6996,-1,-1,-1
203,25,602.11,322.26,57.38,167.51,0.4457,-1,-1,-1
203,18,395.03,607.03,91.75,248.43,0.7339,-1,-1,-1
203,11,887.13,156.65,70.98,186.39,0.4726,-1,-1,-1
203,8,515.93,317.80,72.27,216.24,0.5676,-1,-1,-1
203,6,97.32,542.89,60.87,151.82,0.3301,-1,-1,-1
203,5,1356.59,572.46,81.21,210.54,0.5458,-1,-1,-1
203,4,1720.84,458.37,73.17,209.61,0.5910,-1,-1,-1
203,3,970.56,918.71,63.10,159.18,0.7357,-1,-1,-1
203,1,421.45,208.75,78.14,207.08,0.4910,-1,-1,-1
204,31,1153.25,141.21,54.06,179.14,0.3813,-1,-1,-1
204,30,69.82,658.08,95.68,232.85,0.6856,-1,-1,-1
204,26,222.88,534.99,64.60,210.94,0.6727,-1,-1,-1
204,25,602.72,324.54,56.89,167.46,0.3988,-1,-1,-1
204,18,397.32,602.16,88.90,250.44,0.7216,-1,-1,-1
204,11,887.10,157.16,71.90,186.03,0.5037,-1,-1,-1
204,8,512.45,317.63,74.50,218.65,0.5869,-1,-1,-1
204,6,97.40,543.30,60.51,149.59,0.3513,-1,-1,-1
204,5,1356.82,571.43,83.04,214.45,0.5603,-1,-1,-1
204,4,1721.02,459.10,73.22,208.99,0.5781,-1,-1,-1
204,3,968.13,915.73,63.11,162.07,0.7307,-1,-1,-1
204,1,423.83,208.71,76.71,206.89,0.4480,-1,-1,-1
205,37,0.37,598.73,65.73,241.25,0.3527,-1,-1,-1
205,31,1151.61,138.96,55.28,181.66,0.3937,-1,-1,-1
205,30,70.59,656.23,99.06,235.15,0.7375,-1,-1,-1
205,29,756.35,299.40,59.47,195.79,0.3386,-1,-1,-1
205,26,219.99,530.71,66.42,209.83,0.6652,-1,-1,-1
205,25,604.06,324.33,55.90,167.97,0.3882,-1,-1,-1
205,18,394.27,599.60,91.08,251.92,0.7193,-1,-1,-1
205,11,888.86,155.31,68.85,187.66,0.4669,-1,-1,-1
205,8,514.64,317.94,73.68,218.11,0.5049,-1,-1,-1
205,6,97.19,542.60,60.30,146.62,0.3398,-1,-1,-1
205,5,1356.21,571.66,82.73,215.07,0.5317,-1,-1,-1
205,4,1720.18,458.74,74.21,210.07,0.5665,-1,-1,-1
205,3,967.20,915.29,62.20,162.92,0.7310,-1,-1,-1
205,1,424.28,208.52,77.37,207.15,0.4663,-1,-1,-1
206,37,0.45,601.60,79.49,237.09,0.4629,-1,-1,-1
206,31,1149.90,137.81,55.35,182.68,0.4033,-1,-1,-1
206,30,75.47,656.31,98.27,234.82,0.7627,-1,-1,-1
206,29,758.56,299.15,57.98,195.76,0.3774,-1,-1,-1
206,26,221.28,528.80,63.47,202.17,0.6692,-1,-1,-1
206,25,604.15,324.55,55.89,167.21,0.4112,-1,-1,-1
206,18,396.02,597.75,88.16,252.39,0.7334,-1,-1,-1
206,11,890.67,156.34,68.31,183.85,0.5184,-1,-1,-1
206,8,512.74,319.70,75.06,217.58,0.5080,-1,-1,-1
206,6,97.22,542.98,61.56,146.95,0.3889,-1,-1,-1
206,5,1355.35,571.35,82.11,215.91,0.5380,-1,-1,-1
206,4,1720.32,459.08,74.61,209.52,0.5679,-1,-1,-1
206,3,965.28,914.83,63.00,163.05,0.7458,-1,-1,-1
206,1,422.85,205.17,79.31,208.60,0.5126,-1,-1,-1
207,31,1147.04,137.41,55.46,183.57,0.3709,-1,-1,-1
207,30,80.77,659.07,104.47,236.22,0.7234,-1,-1,-1
207,29,759.13,298.28,58.16,195.27,0.3295,-1,-1,-1
207,26,221.94,526.61,62.51,201.52,0.6494,-1,-1,-1
207,25,604.02,324.99,56.17,168.11,0.4119,-1,-1,-1
207,18,396.50,596.54,86.92,246.55,0.7456,-1,-1,-1
207,11,890.75,154.38,71.74,190.51,0.5108,-1,-1,-1
207,8,510.91,319.59,75.58,216.75,0.5340,-1,-1,-1
207,6,98.12,543.45,61.05,148.08,0.4421,-1,-1,-1
207,5,1357.51,570.68,79.97,213.33,0.4978,-1,-1,-1
207,4,1720.77,458.89,73.62,208.66,0.5735,-1,-1,-1
207,3,964.26,913.14,62.32,165.01,0.7476,-1,-1,-1
207,1,422.98,205.23,79.72,207.11,0.4888,-1,-1,-1
208,37,0.93,605.79,85.88,234.48,0.3637,-1,-1,-1
208,31,1144.46,136.85,56.21,183.97,0.3935,-1,-1,-1
208,30,84.76,660.17,108.86,241.57,0.7345,-1,-1,-1
208,29,758.28,298.43,59.17,195.86,0.3509,-1,-1,-1
208,26,220.01,524.73,64.62,202.68,0.6129,-1,-1,-1
208,25,602.97,323.91,57.14,167.49,0.4062,-1,-1,-1
208,18,398.50,593.26,84.36,244.26,0.7482,-1,-1,-1
208,11,892.99,152.65,68.27,191.65,0.4737,-1,-1,-1
208,8,508.32,323.72,76.08,211.80,0.5138,-1,-1,-1
208,6,98.25,543.58,61.51,148.21,0.3912,-1,-1,-1
208,5,1357.45,570.41,79.97,214.30,0.5151,-1,-1,-1
208,4,1721.51,458.79,73.09,209.88,0.5807,-1,-1,-1
208,3,961.43,912.61,63.80,165.92,0.7408,-1,-1,-1
208,1,424.48,206.44,77.77,207.84,0.4770,-1,-1,-1
209,37,0.90,606.18,84.21,236.29,0.5766,-1,-1,-1
209,31,1142.10,137.96,57.06,181.75,0.3426,-1,-1,-1
209,30,86.31,665.50,115.07,239.92,0.7617,-1,-1,-1
209,29,758.65,301.54,59.48,194.84,0.3531,-1,-1,-1
209,26,220.45,523.21,63.52,202.53,0.6256,-1,-1,-1
209,25,601.70,323.69,57.36,168.97,0.3730,-1,-1,-1
209,18,399.37,590.91,82.01,240.17,0.7519,-1,-1,-1
209,11,893.76,151.54,68.47,189.48,0.4535,-1,-1,-1
209,8,508.58,323.40,74.54,212.64,0.5572,-1,-1,-1
209,6,98.91,545.44,61.58,150.28,0.3752,-1,-1,-1
209,5,1357.34,570.86,77.43,215.64,0.4956,-1,-1,-1
209,4,1721.62,457.47,72.86,210.64,0.5548,-1,-1,-1
209,3,961.09,912.51,61.52,166.13,0.7305,-1,-1,-1
209,1,425.44,206.25,77.10,209.10,0.4398,-1,-1,-1
210,37,1.48,607.22,86.22,233.82,0.5913,-1,-1,-1
210,33,817.68,318.77,58.50,184.77,0.3465,-1,-1,-1
210,31,1141.24,137.78,56.28,181.56,0.3409,-1,-1,-1
210,30,84.93,666.99,120.58,240.55,0.7543,-1,-1,-1
210,29,759.85,304.73,61.13,196.18,0.3198,-1,-1,-1
210,26,218.99,522.47,65.38,203.90,0.6205,-1,-1,-1
210,25,602.00,322.78,57.58,179.38,0.3335,-1,-1,-1
210,18,400.80,590.12,80.49,237.59,0.7551,-1,-1,-1
210,11,894.22,151.15,67.47,189.33,0.4767,-1,-1,-1
210,8,508.45,323.68,73.40,213.36,0.5971,-1,-1,-1
210,6,99.97,543.04,61.02,152.26,0.3845,-1,-1,-1
210,5,1356.95,571.01,78.54,215.14,0.5190,-1,-1,-1
210,4,1721.14,458.28,73.30,210.38,0.5698,-1,-1,-1
210,3,957.86,912.14,63.40,167.07,0.7292,-1,-1,-1
210,1,425.36,205.47,76.36,210.22,0.4219,-1,-1,-1
211,37,0.66,612.49,89.04,228.59,0.5870,-1,-1,-1
211,31,1138.74,137.73,56.63,182.73,0.3332,-1,-1,-1
211,30,92.23,668.90,113.70,241.40,0.7521,-1,-1,-1
211,29,758.47,305.87,64.76,198.27,0.3100,-1,-1,-1
211,26,217.57,520.99,65.80,205.20,0.5994,-1,-1,-1
211,18,401.08,586.99,79.73,238.55,0.7515,-1,-1,-1
211,11,894.88,150.51,69.20,185.37,0.4973,-1,-1,-1
211,8,508.39,323.84,72.67,211.37,0.5998,-1,-1,-1
211,6,100.13,543.63,63.07,153.49,0.3776,-1,-1,-1
211,5,1356.18,570.24,78.43,219.97,0.5124,-1,-1,-1
211,4,1720.83,459.28,73.61,207.65,0.5500,-1,-1,-1
211,3,955.63,912.42,64.45,166.17,0.7376,-1,-1,-1
211,1,427.01,205.07,76.05,209.59,0.4367,-1,-1,-1
212,37,17.66,609.59,83.08,234.66,0.5596,-1,-1,-1
212,33,813.94,321.82,63.59,186.21,0.3805,-1,-1,-1
212,30,98.08,669.88,108.26,244.82,0.7423,-1,-1,-1
212,26,216.48,519.66,66.06,206.14,0.6211,-1,-1,-1
212,18,399.90,585.22,81.75,239.37,0.7133,-1,-1,-1
212,11,898.31,147.49,67.73,183.30,0.4892,-1,-1,-1
212,8,507.55,325.57,72.29,210.34,0.5918,-1,-1,-1
212,6,101.43,543.85,63.28,158.69,0.4590,-1,-1,-1
212,5,1356.42,571.12,78.21,219.70,0.5009,-1,-1,-1
212,4,1720.59,459.51,74.22,209.82,0.5753,-1,-1,-1
212,3,953.98,910.84,64.76,169.16,0.7329,-1,-1,-1
212,1,425.92,203.17,77.40,210.15,0.4024,-1,-1,-1
213,37,25.70,610.00,76.54,234.38,0.5290,-1,-1,-1
213,33,808.36,321.10,71.96,188.37,0.3330,-1,-1,-1
213,30,100.62,668.94,106.36,250.10,0.7477,-1,-1,-1
213,26,215.80,519.35,65.65,204.31,0.6150,-1,-1,-1
213,25,600.61,327.77,60.31,187.28,0.3035,-1,-1,-1
213,18,400.13,582.71,82.32,242.71,0.7104,-1,-1,-1
213,11,899.27,144.84,67.19,183.76,0.5013,-1,-1,-1
213,8,507.78,325.91,70.85,211.53,0.6299,-1,-1,-1
213,6,101.67,544.04,63.84,173.70,0.4890,-1,-1,-1
213,5,1355.86,570.52,78.80,221.44,0.5398,-1,-1,-1
213,4,1720.57,458.98,74.68,209.94,0.5666,-1,-1,-1
213,3,951.71,909.88,65.13,170.12,0.7463,-1,-1,-1
213,1,425.70,201.79,77.34,210.16,0.4076,-1,-1,-1
214,37,35.79,613.85,66.90,232.48,0.5563,-1,-1,-1
214,33,819.45,325.12,61.79,186.92,0.3310,-1,-1,-1
214,30,106.11,665.67,101.90,254.66,0.7556,-1,-1,-1
214,26,215.90,518.95,65.91,203.14,0.5915,-1,-1,-1
214,25,600.79,331.44,59.04,195.36,0.3601,-1,-1,-1
214,18,398.87,579.98,85.74,245.07,0.6935,-1,-1,-1
214,11,901.03,141.67,66.14,186.00,0.4662,-1,-1,-1
214,8,508.81,324.32,71.69,211.36,0.7047,-1,-1,-1
214,6,101.34,546.98,66.26,174.05,0.4908,-1,-1,-1
214,5,1355.22,571.36,78.68,217.49,0.5271,-1,-1,-1
214,4,1721.58,459.53,73.47,207.05,0.5645,-1,-1,-1
214,3,951.46,908.65,64.01,171.35,0.7357,-1,-1,-1
214,1,425.54,201.31,75.89,210.41,0.3946,-1,-1,-1
215,37,42.33,612.36,71.33,235.87,0.5209,-1,-1,-1
215,33,811.39,323.30,71.34,187.65,0.3430,-1,-1,-1
215,30,111.31,664.46,96.17,257.54,0.7662,-1,-1,-1
215,29,759.19,312.46,70.43,191.62,0.3765,-1,-1,-1
215,26,216.14,517.83,65.17,203.86,0.5843,-1,-1,-1
215,25,600.75,332.99,61.57,199.89,0.3784,-1,-1,-1
215,18,398.40,578.96,87.67,245.74,0.7152,-1,-1,-1
215,11,901.63,142.21,66.33,185.73,0.4448,-1,-1,-1
215,8,509.17,325.17,70.81,214.26,0.6742,-1,-1,-1
215,6,101.84,548.16,68.51,170.92,0.4498,-1,-1,-1
215,5,1356.38,571.74,78.41,214.64,0.5403,-1,-1,-1
215,4,1721.45,459.70,73.64,207.60,0.5782,-1,-1,-1
215,3,949.94,909.14,63.04,170.86,0.7452,-1,-1,-1
215,1,427.14,200.65,74.76,209.17,0.3773,-1,-1,-1
216,37,45.08,610.72,71.41,240.92,0.6183,-1,-1,-1
216,33,811.84,322.28,75.88,190.65,0.3305,-1,-1,-1
216,31,1128.77,132.58,56.83,185.23,0.3453,-1,-1,-1
216,30,114.98,662.67,92.20,259.74,0.7806,-1,-1,-1
216,29,755.78,313.62,73.50,192.18,0.3829,-1,-1,-1
216,26,214.82,516.96,65.18,201.21,0.5842,-1,-1,-1
216,25,599.38,333.07,63.54,200.15,0.3830,-1,-1,-1
216,18,399.44,578.71,87.66,246.45,0.7187,-1,-1,-1
216,11,901.41,140.99,66.35,186.62,0.5114,-1,-1,-1
216,8,508.27,327.35,70.50,216.76,0.6221,-1,-1,-1
216,6,102.20,547.86,70.24,173.04,0.4643,-1,-1,-1
216,5,1355.79,571.02,79.91,218.27,0.5404,-1,-1,-1
216,4,1721.71,458.75,72.91,209.14,0.5417,-1,-1,-1
216,3,949.89,909.23,62.21,170.77,0.7376,-1,-1,-1
216,1,426.78,201.74,73.95,203.15,0.3520,-1,-1,-1
217,37,49.26,613.86,74.37,239.52,0.6280,-1,-1,-1
217,30,114.15,662.72,94.17,259.45,0.7908,-1,-1,-1
217,29,756.33,315.38,75.54,189.97,0.3677,-1,-1,-1
217,26,218.70,515.91,60.29,204.40,0.5800,-1,-1,-1
217,25,601.06,337.06,58.50,199.92,0.3870,-1,-1,-1
217,18,398.86,577.12,89.30,246.89,0.7099,-1,-1,-1
217,11,901.04,141.11,67.78,185.11,0.4604,-1,-1,-1
217,8,509.11,329.66,69.57,217.97,0.5991,-1,-1,-1
217,6,101.93,549.12,67.87,171.16,0.3979,-1,-1,-1
217,5,1354.88,571.72,82.11,218.57,0.5258,-1,-1,-1
217,4,1721.07,459.04,73.63,209.02,0.5315,-1,-1,-1
217,3,949.79,908.85,60.85,171.15,0.7374,-1,-1,-1
217,1,426.87,199.26,72.90,203.01,0.3484,-1,-1,-1
218,37,52.99,618.19,84.02,236.57,0.4969,-1,-1,-1
218,30,118.52,664.13,92.47,257.64,0.7803,-1,-1,-1
218,29,761.29,314.58,69.05,192.93,0.3127,-1,-1,-1
218,26,219.50,514.06,57.65,206.39,0.5482,-1,-1,-1
218,25,598.77,340.16,60.04,197.47,0.4311,-1,-1,-1
218,18,398.25,576.83,90.29,246.35,0.7189,-1,-1,-1
218,11,901.48,141.48,67.07,183.11,0.3776,-1,-1,-1
218,8,510.19,330.29,67.52,220.40,0.6173,-1,-1,-1
218,6,102.72,548.25,68.40,136.06,0.3216,-1,-1,-1
218,5,1354.92,571.30,80.93,218.88,0.4938,-1,-1,-1
218,4,1721.51,459.35,73.08,209.62,0.5225,-1,-1,-1
218,3,946.45,908.32,63.98,171.68,0.7344,-1,-1,-1
218,1,426.46,198.63,74.89,201.05,0.3752,-1,-1,-1
219,37,56.09,626.40,82.87,223.58,0.5830,-1,-1,-1
219,31,1125.26,128.10,56.29,189.70,0.3216,-1,-1,-1
219,30,121.80,662.58,90.81,257.68,0.7718,-1,-1,-1
219,26,216.67,511.56,58.55,202.55,0.5354,-1,-1,-1
219,25,597.81,341.71,59.60,198.95,0.4980,-1,-1,-1
219,18,399.70,575.47,88.04,245.32,0.6946,-1,-1,-1
219,11,899.78,140.75,70.11,187.89,0.4737,-1,-1,-1
219,8,510.78,332.00,66.49,220.04,0.6280,-1,-1,-1
219,6,100.27,549.20,72.15,132.65,0.3710,-1,-1,-1
219,5,1354.95,572.00,81.41,216.72,0.5037,-1,-1,-1
219,4,1721.27,458.77,73.22,210.09,0.5485,-1,-1,-1
219,3,942.71,907.37,66.81,172.63,0.7538,-1,-1,-1
219,1,427.91,196.78,73.32,198.77,0.3551,-1,-1,-1
220,37,57.75,631.25,87.02,220.89,0.6052,-1,-1,-1
220,30,122.76,666.17,96.51,249.65,0.7425,-1,-1,-1
220,29,758.48,317.50,75.63,189.02,0.3103,-1,-1,-1
220,26,214.13,507.10,59.05,201.75,0.5506,-1,-1,-1
220,25,598.22,341.93,58.21,200.18,0.5147,-1,-1,-1
220,18,398.09,571.98,88.45,247.46,0.7156,-1,-1,-1
220,11,898.48,141.55,72.83,187.90,0.5145,-1,-1,-1
220,8,510.50,334.64,65.27,217.24,0.6369,-1,-1,-1
220,6,94.23,549.77,78.36,134.65,0.3996,-1,-1,-1
220,5,1354.49,570.73,83.28,218.75,0.5130,-1,-1,-1
220,4,1721.30,459.06,73.53,209.12,0.5642,-1,-1,-1
220,3,941.00,905.46,68.16,174.54,0.7481,-1,-1,-1
220,1,428.24,196.65,71.97,198.57,0.3742,-1,-1,-1
221,37,62.01,634.95,88.13,219.13,0.6305,-1,-1,-1
221,31,1122.43,126.71,56.91,185.76,0.3121,-1,-1,-1
221,30,126.71,667.75,98.09,251.55,0.7301,-1,-1,-1
221,29,762.01,314.08,70.82,192.56,0.3331,-1,-1,-1
221,26,212.53,504.04,60.66,201.29,0.5997,-1,-1,-1
221,25,597.73,344.20,57.96,199.90,0.5801,-1,-1,-1
221,18,399.69,569.09,85.60,248.52,0.6923,-1,-1,-1
221,11,901.14,141.63,69.86,188.22,0.5417,-1,-1,-1
221,8,510.47,336.73,67.03,218.58,0.6034,-1,-1,-1
221,6,89.46,550.78,84.76,138.08,0.4767,-1,-1,-1
221,5,1354.49,571.55,82.86,217.98,0.5156,-1,-1,-1
221,4,1720.87,458.42,73.53,209.29,0.5864,-1,-1,-1
221,3,937.73,904.80,69.38,175.20,0.7478,-1,-1,-1
221,1,429.01,195.08,71.63,199.79,0.3794,-1,-1,-1
222,37,65.53,630.77,94.24,226.72,0.5137,-1,-1,-1
222,30,130.11,669.25,108.65,251.42,0.7160,-1,-1,-1
222,26,208.33,503.58,65.82,200.66,0.5618,-1,-1,-1
222,25,596.51,345.45,59.11,198.99,0.5701,-1,-1,-1
222,18,399.34,565.11,84.54,250.78,0.7094,-1,-1,-1
222,11,901.74,140.81,68.22,186.72,0.4980,-1,-1,-1
222,8,511.68,336.55,65.15,218.88,0.5869,-1,-1,-1
222,6,94.00,550.97,80.55,157.78,0.3797,-1,-1,-1
222,5,1354.64,571.65,84.07,220.22,0.4860,-1,-1,-1
222,4,1721.51,458.54,73.66,208.75,0.5638,-1,-1,-1
222,3,935.67,905.12,72.27,174.88,0.7533,-1,-1,-1
222,1,429.49,193.79,71.46,200.39,0.3578,-1,-1,-1
223,37,68.51,633.69,89.25,225.68,0.5791,-1,-1,-1
223,31,1119.40,128.60,54.16,178.56,0.3350,-1,-1,-1
223,30,131.51,670.82,113.90,257.92,0.6903,-1,-1,-1
223,29,770.87,315.26,66.32,194.68,0.3005,-1,-1,-1
223,26,208.71,502.66,65.41,200.20,0.5643,-1,-1,-1
223,25,595.44,346.19,59.30,198.23,0.5594,-1,-1,-1
223,18,399.07,564.17,83.74,244.94,0.7257,-1,-1,-1
223,11,900.26,140.83,68.88,185.20,0.4489,-1,-1,-1
223,8,511.20,337.16,66.68,218.32,0.5835,-1,-1,-1
223,6,94.82,552.19,80.15,140.05,0.4595,-1,-1,-1
223,5,1354.75,571.70,84.74,221.49,0.4526,-1,-1,-1
223,4,1722.35,457.75,72.03,209.37,0.5424,-1,-1,-1
223,3,935.07,904.76,72.26,175.24,0.7456,-1,-1,-1
223,1,431.77,193.95,69.78,202.25,0.3377,-1,-1,-1
224,37,72.92,634.97,83.51,222.42,0.5422,-1,-1,-1
224,31,1117.96,127.95,53.71,179.33,0.3189,-1,-1,-1
224,30,133.75,676.01,119.05,259.76,0.7254,-1,-1,-1
224,26,212.93,500.88,58.15,202.15,0.5535,-1,-1,-1
224,25,594.66,346.46,59.72,197.94,0.5603,-1,-1,-1
224,18,398.54,560.41,82.19,239.04,0.7171,-1,-1,-1
224,11,902.51,137.20,70.98,186.56,0.4197,-1,-1,-1
224,8,511.60,338.01,67.99,218.06,0.5859,-1,-1,-1
224,6,96.33,552.57,78.72,142.87,0.3632,-1,-1,-1
224,5,1354.74,571.59,88.75,229.35,0.4353,-1,-1,-1
224,4,1721.47,459.13,73.46,208.84,0.5487,-1,-1,-1
224,3,935.28,904.46,71.10,175.54,0.7161,-1,-1,-1
224,1,432.68,193.60,70.00,202.58,0.3577,-1,-1,-1
225,37,80.00,638.91,76.95,227.38,0.5941,-1,-1,-1
225,31,1115.13,127.24,55.49,179.43,0.3688,-1,-1,-1
225,30,136.01,678.28,118.24,264.47,0.7732,-1,-1,-1
225,29,772.17,316.70,71.93,195.68,0.3959,-1,-1,-1
225,26,212.14,499.62,59.25,200.86,0.6084,-1,-1,-1
225,25,594.08,347.98,59.31,195.60,0.5705,-1,-1,-1
225,18,397.58,557.59,80.60,236.47,0.7170,-1,-1,-1
225,11,903.77,137.21,71.65,185.41,0.3902,-1,-1,-1
225,8,511.93,338.54,69.57,217.38,0.5865,-1,-1,-1
225,6,97.62,553.15,77.13,149.81,0.3705,-1,-1,-1
225,5,1354.97,572.31,89.52,232.06,0.4103,-1,-1,-1
225,4,1721.06,458.75,74.18,209.68,0.5840,-1,-1,-1
225,3,934.95,903.21,71.29,176.70,0.7277,-1,-1,-1
225,1,430.31,191.84,72.14,204.82,0.3693,-1,-1,-1
226,37,84.67,640.15,77.67,227.68,0.6079,-1,-1,-1
226,33,842.46,327.53,55.54,186.08,0.3173,-1,-1,-1
226,31,1113.44,126.79,55.53,175.42,0.3614,-1,-1,-1
226,30,138.55,680.84,116.50,265.05,0.7539,-1,-1,-1
226,29,776.48,316.08,67.42,198.09,0.3801,-1,-1,-1
226,26,205.90,499.71,67.26,201.90,0.6060,-1,-1,-1
226,25,592.00,347.38,60.81,196.25,0.5807,-1,-1,-1
226,18,392.40,555.42,85.92,238.35,0.7250,-1,-1,-1
226,11,906.81,135.24,66.11,184.56,0.3656,-1,-1,-1
226,8,508.96,339.49,73.35,216.98,0.6155,-1,-1,-1
226,6,99.04,554.44,78.28,154.28,0.4247,-1,-1,-1
226,5,1354.88,574.07,91.37,224.53,0.4488,-1,-1,-1
226,4,1721.24,458.03,74.36,210.71,0.5769,-1,-1,-1
226,3,932.41,902.06,73.92,177.94,0.7226,-1,-1,-1
226,1,431.24,190.21,72.00,205.56,0.3925,-1,-1,-1
227,37,92.63,638.25,75.46,228.69,0.5921,-1,-1,-1
227,31,1112.35,125.32,55.37,178.74,0.3726,-1,-1,-1
227,30,143.53,683.10,113.47,269.25,0.7643,-1,-1,-1
227,29,777.11,317.96,76.43,201.31,0.3027,-1,-1,-1
227,26,207.64,498.28,66.02,204.18,0.6048,-1,-1,-1
227,25,589.73,347.32,63.05,197.57,0.5905,-1,-1,-1
227,18,390.93,553.09,85.89,239.52,0.7344,-1,-1,-1
227,11,909.47,133.60,62.98,187.55,0.3490,-1,-1,-1
227,8,509.20,343.31,73.50,212.13,0.6181,-1,-1,-1
227,6,100.46,554.48,78.81,156.96,0.4687,-1,-1,-1
227,5,1354.92,574.04,89.74,225.44,0.4627,-1,-1,-1
227,4,1721.50,458.26,73.44,209.86,0.5957,-1,-1,-1
227,3,932.67,902.07,72.70,177.93,0.7081,-1,-1,-1
227,1,432.14,188.36,72.18,208.28,0.4145,-1,-1,-1
228,37,96.14,639.51,78.00,231.94,0.6010,-1,-1,-1
228,31,1108.68,125.33,57.52,180.12,0.3302,-1,-1,-1
228,30,148.32,687.78,103.65,265.53,0.7345,-1,-1,-1
228,29,777.60,318.93,74.33,205.06,0.3923,-1,-1,-1
228,26,208.17,497.08,66.17,203.92,0.6215,-1,-1,-1
228,25,588.82,349.02,63.27,195.17,0.5721,-1,-1,-1
228,18,386.42,552.30,89.97,240.06,0.7352,-1,-1,-1
228,11,910.10,132.78,66.19,180.10,0.3559,-1,-1,-1
228,8,509.43,341.30,71.28,213.96,0.6387,-1,-1,-1
228,6,101.36,554.95,78.98,145.08,0.4599,-1,-1,-1
228,5,1354.46,575.83,95.90,230.55,0.4474,-1,-1,-1
228,4,1721.53,459.66,73.76,207.90,0.5956,-1,-1,-1
228,3,932.83,901.01,72.34,178.96,0.6954,-1,-1,-1
228,1,433.04,188.44,71.90,207.63,0.4362,-1,-1,-1
229,38,791.04,109.00,73.86,217.68,0.3255,-1,-1,-1
229,37,103.52,643.28,75.18,224.15,0.5913,-1,-1,-1
229,31,1103.83,125.06,61.31,180.54,0.3414,-1,-1,-1
229,30,148.83,690.41,100.77,264.70,0.7290,-1,-1,-1
229,29,776.29,317.75,71.38,210.75,0.3436,-1,-1,-1
229,26,206.87,496.01,67.00,205.49,0.5912,-1,-1,-1
229,25,588.50,349.65,63.14,194.47,0.5615,-1,-1,-1
229,18,383.88,549.60,92.39,243.08,0.7255,-1,-1,-1
229,11,913.11,132.07,65.90,176.83,0.3882,-1,-1,-1
229,8,509.16,343.97,72.84,211.93,0.6495,-1,-1,-1
229,6,102.40,556.15,80.14,140.12,0.4673,-1,-1,-1
229,5,1354.34,576.17,91.92,220.44,0.4909,-1,-1,-1
229,4,1720.65,459.37,74.38,209.01,0.6028,-1,-1,-1
229,3,931.90,900.27,73.02,179.73,0.7155,-1,-1,-1
229,1,434.15,188.10,70.30,208.90,0.4224,-1,-1,-1
230,38,791.86,110.30,69.48,216.73,0.3006,-1,-1,-1
230,37,108.33,645.35,73.19,214.96,0.5594,-1,-1,-1
230,31,1094.14,126.23,70.49,179.06,0.3479,-1,-1,-1
230,30,147.28,693.66,107.33,263.63,0.7489,-1,-1,-1
230,29,779.63,319.05,73.16,211.82,0.3199,-1,-1,-1
230,26,205.58,494.67,68.33,204.57,0.5886,-1,-1,-1
230,25,587.57,351.37,64.25,193.37,0.5281,-1,-1,-1
230,18,382.16,546.29,94.11,247.97,0.7325,-1,-1,-1
230,11,916.33,130.40,65.46,174.02,0.3404,-1,-1,-1
230,8,509.80,344.28,72.40,213.77,0.6390,-1,-1,-1
230,6,102.39,556.46,82.79,128.83,0.4543,-1,-1,-1
230,5,1354.39,574.96,96.60,229.43,0.4598,-1,-1,-1
230,4,1720.94,459.64,74.16,208.33,0.5841,-1,-1,-1
230,3,932.61,899.68,72.18,180.32,0.7126,-1,-1,-1
230,1,435.52,187.68,69.92,205.52,0.4565,-1,-1,-1
231,37,112.95,643.56,70.76,147.39,0.4767,-1,-1,-1
231,33,844.80,335.09,56.82,191.53,0.3368,-1,-1,-1
231,31,1093.42,126.35,69.68,178.44,0.3567,-1,-1,-1
231,30,153.17,695.45,101.27,262.12,0.7687,-1,-1,-1
231,29,780.45,329.12,58.16,199.86,0.3281,-1,-1,-1
231,26,211.45,493.35,64.14,204.27,0.5610,-1,-1,-1
231,25,586.30,349.87,66.21,193.52,0.5485,-1,-1,-1
231,18,380.05,545.51,95.39,248.62,0.7377,-1,-1,-1
231,11,917.76,129.55,67.58,178.67,0.3072,-1,-1,-1
231,8,508.02,345.39,73.81,213.06,0.6584,-1,-1,-1
231,6,102.21,556.67,82.60,127.61,0.4820,-1,-1,-1
231,5,1354.91,578.11,95.62,222.74,0.4701,-1,-1,-1
231,4,1721.36,458.40,74.02,210.07,0.6109,-1,-1,-1
231,3,931.60,899.41,73.23,180.51,0.7279,-1,-1,-1
231,1,436.09,187.05,70.78,203.78,0.4376,-1,-1,-1
232,39,1176.38,125.86,59.09,161.69,0.3465,-1,-1,-1
232,37,117.86,647.81,67.37,229.88,0.5335,-1,-1,-1
232,33,844.35,335.56,59.74,190.70,0.3275,-1,-1,-1
232,31,1094.99,125.84,65.90,178.19,0.4092,-1,-1,-1
232,30,162.88,697.75,93.34,258.82,0.7634,-1,-1,-1
232,26,216.87,492.36,59.57,202.94,0.5231,-1,-1,-1
232,25,587.71,352.16,63.94,190.31,0.5231,-1,-1,-1
232,18,376.43,545.41,97.98,248.33,0.7132,-1,-1,-1
232,11,918.83,126.52,68.50,181.30,0.3077,-1,-1,-1
232,8,508.29,345.69,71.25,216.26,0.6662,-1,-1,-1
232,6,103.08,557.10,81.47,129.60,0.4507,-1,-1,-1
232,5,1356.10,578.62,96.47,229.91,0.4679,-1,-1,-1
232,4,1721.93,457.71,73.16,210.56,0.6170,-1,-1,-1
232,3,931.79,899.55,73.22,180.45,0.7215,-1,-1,-1
232,1,437.55,186.66,69.99,205.61,0.4461,-1,-1,-1
233,39,1173.80,123.79,59.84,162.84,0.3516,-1,-1,-1
233,37,117.56,648.16,67.22,226.86,0.5440,-1,-1,-1
233,33,844.14,337.62,63.06,189.48,0.3757,-1,-1,-1
233,31,1094.47,126.03,64.71,175.80,0.4655,-1,-1,-1
233,30,166.57,699.88,91.62,256.65,0.7783,-1,-1,-1
233,26,211.94,490.55,66.03,203.63,0.5892,-1,-1,-1
233,25,587.53,353.85,63.77,190.96,0.5164,-1,-1,-1
233,18,375.19,545.05,97.75,246.29,0.6917,-1,-1,-1
233,8,507.73,346.81,71.60,219.79,0.6781,-1,-1,-1
233,6,104.25,557.91,81.81,133.85,0.4187,-1,-1,-1
233,5,1355.69,577.23,98.96,236.02,0.4534,-1,-1,-1
233,4,1721.69,458.52,73.67,209.12,0.5951,-1,-1,-1
233,3,933.01,899.11,71.52,180.89,0.7089,-1,-1,-1
233,1,439.16,184.28,69.29,208.01,0.4114,-1,-1,-1
234,39,1171.57,123.96,61.13,160.84,0.3480,-1,-1,-1
234,37,115.50,650.61,71.08,224.11,0.4359,-1,-1,-1
234,33,844.52,339.44,62.71,188.36,0.3161,-1,-1,-1
234,31,1092.96,127.08,65.23,176.98,0.4582,-1,-1,-1
234,30,167.70,700.84,92.01,256.71,0.7941,-1,-1,-1
234,26,215.33,488.37,63.13,198.70,0.5975,-1,-1,-1
234,25,587.24,354.43,63.89,194.34,0.5440,-1,-1,-1
234,18,373.95,542.94,98.19,244.07,0.7133,-1,-1,-1
234,11,921.01,123.59,68.30,181.70,0.3618,-1,-1,-1
234,8,507.11,347.75,70.48,221.26,0.6880,-1,-1,-1
234,6,108.52,558.95,74.25,232.12,0.3856,-1,-1,-1
234,5,1354.64,575.32,101.88,239.98,0.5107,-1,-1,-1
234,4,1722.27,458.23,73.43,209.76,0.6140,-1,-1,-1
234,3,935.55,900.51,68.10,179.49,0.6985,-1,-1,-1
234,1,440.34,183.44,69.87,208.80,0.4265,-1,-1,-1
235,39,1170.02,122.84,61.75,162.48,0.3524,-1,-1,-1
235,37,118.66,653.38,69.15,219.70,0.5006,-1,-1,-1
235,33,844.70,345.67,54.93,185.02,0.3318,-1,-1,-1
235,31,1092.87,126.67,63.52,176.20,0.4523,-1,-1,-1
235,30,172.64,702.27,86.99,253.24,0.7767,-1,-1,-1
235,29,781.30,338.40,64.85,198.92,0.3723,-1,-1,-1
235,26,216.74,485.67,61.44,197.69,0.5967,-1,-1,-1
235,25,588.30,356.95,62.75,192.39,0.5304,-1,-1,-1
235,18,373.49,541.85,96.23,245.29,0.7200,-1,-1,-1
235,11,922.61,123.25,66.69,186.68,0.3726,-1,-1,-1
235,8,506.52,350.76,70.16,220.86,0.6852,-1,-1,-1
235,6,105.98,559.36,80.91,135.68,0.4372,-1,-1,-1
235,5,1356.52,576.45,103.06,237.75,0.4402,-1,-1,-1
235,4,1722.33,458.95,72.73,209.12,0.5925,-1,-1,-1
235,3,935.22,900.84,67.07,179.16,0.6793,-1,-1,-1
235,1,442.55,182.26,68.81,207.12,0.4530,-1,-1,-1
236,39,1167.46,123.04,62.15,160.76,0.3315,-1,-1,-1
236,37,122.44,657.61,69.49,218.90,0.5671,-1,-1,-1
236,33,843.25,348.28,58.14,183.80,0.3304,-1,-1,-1
236,31,1091.70,125.77,65.13,176.61,0.4149,-1,-1,-1
236,30,176.02,702.40,85.57,253.86,0.7783,-1,-1,-1
236,29,782.58,339.48,62.14,197.19,0.4095,-1,-1,-1
236,26,216.44,483.63,63.21,196.57,0.5818,-1,-1,-1
236,25,587.69,359.03,61.20,186.99,0.5084,-1,-1,-1
236,18,373.61,541.29,94.95,243.66,0.7202,-1,-1,-1
236,11,923.04,122.14,68.45,187.26,0.3631,-1,-1,-1
236,8,506.29,353.54,68.78,217.84,0.6844,-1,-1,-1
236,6,106.59,560.23,82.78,141.97,0.5191,-1,-1,-1
236,5,1358.28,576.60,102.96,238.24,0.4502,-1,-1,-1
236,4,1722.29,459.32,72.36,208.91,0.6041,-1,-1,-1
236,3,936.04,900.52,66.09,179.48,0.6705,-1,-1,-1
236,1,444.04,182.81,67.91,202.17,0.4484,-1,-1,-1
237,37,126.94,653.80,69.00,222.38,0.6008,-1,-1,-1
237,31,1091.09,124.36,63.28,178.17,0.3747,-1,-1,-1
237,30,178.21,703.19,85.77,250.89,0.7906,-1,-1,-1
237,29,783.41,338.17,62.86,198.84,0.4106,-1,-1,-1
237,26,218.01,482.50,62.68,196.40,0.5577,-1,-1,-1
237,25,587.53,361.19,61.48,189.00,0.5128,-1,-1,-1
237,18,374.90,537.43,92.46,245.20,0.7035,-1,-1,-1
237,11,925.74,123.44,65.92,186.58,0.3100,-1,-1,-1
237,8,503.94,356.10,70.16,216.37,0.6776,-1,-1,-1
237,6,107.43,560.12,81.91,143.12,0.5160,-1,-1,-1
237,5,1361.88,577.75,101.78,238.31,0.4263,-1,-1,-1
237,4,1721.69,458.19,73.11,209.78,0.5917,-1,-1,-1
237,3,936.64,900.50,64.77,179.50,0.6756,-1,-1,-1
237,1,443.14,181.50,69.83,200.25,0.3803,-1,-1,-1
238,37,136.28,658.94,63.98,213.86,0.4653,-1,-1,-1
238,31,1090.74,124.38,57.93,181.77,0.4178,-1,-1,-1
238,30,182.29,703.18,85.77,253.36,0.7751,-1,-1,-1
238,29,784.24,339.51,63.87,198.28,0.4495,-1,-1,-1
238,26,217.42,480.10,63.20,197.58,0.5441,-1,-1,-1
238,25,587.40,362.12,62.00,187.96,0.5444,-1,-1,-1
238,18,377.05,535.29,90.03,243.33,0.7075,-1,-1,-1
238,11,925.89,120.10,67.94,188.43,0.3607,-1,-1,-1
238,8,502.92,357.02,70.39,218.45,0.6982,-1,-1,-1
238,6,110.79,561.01,81.87,230.97,0.4703,-1,-1,-1
238,5,1365.54,579.04,102.40,239.55,0.4166,-1,-1,-1
238,4,1721.40,460.06,73.09,207.71,0.6043,-1,-1,-1
238,3,936.28,900.49,63.69,179.51,0.6801,-1,-1,-1
238,1,442.96,180.37,70.65,200.39,0.3879,-1,-1,-1
239,39,1160.11,120.35,63.43,166.10,0.3050,-1,-1,-1
239,37,138.50,656.70,66.60,219.16,0.5325,-1,-1,-1
239,31,1089.76,122.25,57.53,182.73,0.4246,-1,-1,-1
239,30,185.36,705.66,86.30,251.06,0.7562,-1,-1,-1
239,29,783.19,339.58,64.68,198.55,0.4084,-1,-1,-1
239,26,218.33,479.98,62.95,197.97,0.5839,-1,-1,-1
239,25,587.77,362.20,63.01,187.79,0.5599,-1,-1,-1
239,18,381.21,530.50,85.29,239.18,0.7622,-1,-1,-1
239,11,925.87,120.74,67.31,182.24,0.4367,-1,-1,-1
239,8,501.33,357.77,70.95,215.87,0.6809,-1,-1,-1
239,6,110.97,561.73,81.61,239.25,0.4800,-1,-1,-1
239,5,1357.61,576.49,111.66,240.48,0.4685,-1,-1,-1
239,4,1722.05,458.48,72.93,209.61,0.6240,-1,-1,-1
239,3,936.53,900.16,62.51,179.84,0.7089,-1,-1,-1
239,1,443.74,178.91,71.64,200.51,0.4008,-1,-1,-1
240,38,780.64,147.20,74.11,175.77,0.3152,-1,-1,-1
240,37,142.79,654.09,69.58,222.04,0.5604,-1,-1,-1
240,31,1088.30,122.17,57.21,180.21,0.3917,-1,-1,-1
240,30,186.74,707.01,95.20,255.40,0.7576,-1,-1,-1
240,29,783.79,340.06,65.73,197.38,0.4282,-1,-1,-1
240,26,217.94,478.41,63.53,200.07,0.5943,-1,-1,-1
240,25,589.39,364.00,57.80,184.64,0.5469,-1,-1,-1
240,18,385.59,528.18,80.64,235.09,0.7467,-1,-1,-1
240,11,924.75,118.81,66.32,185.43,0.4095,-1,-1,-1
240,8,498.79,358.28,73.68,218.61,0.6509,-1,-1,-1
240,6,108.87,562.23,85.37,147.15,0.4946,-1,-1,-1
240,5,1357.45,576.19,113.33,239.77,0.4574,-1,-1,-1
240,4,1721.05,459.24,74.57,208.87,0.5960,-1,-1,-1
240,3,936.99,900.44,61.52,178.96,0.7054,-1,-1,-1
240,1,443.19,177.29,74.04,201.80,0.3619,-1,-1,-1
241,38,783.90,147.03,70.93,176.59,0.3238,-1,-1,-1
241,37,149.45,651.51,67.00,139.99,0.4031,-1,-1,-1
241,31,1086.04,121.40,57.70,177.41,0.4318,-1,-1,-1
241,30,188.95,709.78,100.58,257.62,0.7769,-1,-1,-1
241,29,784.25,340.33,69.05,197.24,0.4428,-1,-1,-1
241,26,217.77,476.66,63.85,202.71,0.6210,-1,-1,-1
241,25,588.99,365.81,59.09,182.12,0.5622,-1,-1,-1
241,18,388.07,525.83,78.36,233.56,0.7304,-1,-1,-1
241,11,923.96,118.50,67.33,182.59,0.4465,-1,-1,-1
241,8,497.21,358.71,73.80,219.25,0.6603,-1,-1,-1
241,6,110.53,562.86,83.05,149.54,0.5324,-1,-1,-1
241,5,1356.23,572.00,120.41,242.30,0.5078,-1,-1,-1
241,4,1721.94,458.62,72.71,208.88,0.6290,-1,-1,-1
241,3,936.42,900.32,61.17,179.68,0.7162,-1,-1,-1
241,1,444.47,178.77,74.37,200.66,0.3664,-1,-1,-1
242,39,1155.96,119.37,62.19,159.83,0.3191,-1,-1,-1
242,38,783.08,151.70,72.02,170.86,0.3251,-1,-1,-1
242,37,153.44,649.72,68.63,170.42,0.4305,-1,-1,-1
242,33,853.39,347.84,63.09,187.63,0.3627,-1,-1,-1
242,31,1083.70,118.42,59.58,179.08,0.4118,-1,-1,-1
242,30,194.42,712.24,98.15,256.53,0.7483,-1,-1,-1
242,29,785.31,342.46,68.02,196.54,0.4306,-1,-1,-1
242,26,217.88,475.16,63.83,201.94,0.5969,-1,-1,-1
242,25,587.43,364.96,61.45,189.19,0.5493,-1,-1,-1
242,18,387.37,522.71,79.64,234.02,0.6991,-1,-1,-1
242,11,930.81,121.61,60.91,180.10,0.4581,-1,-1,-1
242,8,495.46,361.04,74.14,217.38,0.6504,-1,-1,-1
242,6,110.63,563.01,84.33,180.15,0.4398,-1,-1,-1
242,5,1356.53,569.85,121.31,243.90,0.5357,-1,-1,-1
242,4,1721.60,459.49,72.59,208.31,0.6144,-1,-1,-1
242,3,936.34,900.88,62.08,179.12,0.7259,-1,-1,-1
242,1,446.27,177.13,72.38,203.80,0.3642,-1,-1,-1
243,39,1155.43,118.16,63.76,158.24,0.3099,-1,-1,-1
243,38,787.89,152.09,65.46,168.86,0.3728,-1,-1,-1
243,37,155.61,651.01,73.99,163.09,0.4760,-1,-1,-1
243,31,1082.17,118.08,59.64,179.80,0.4664,-1,-1,-1
243,30,197.60,717.86,99.88,255.57,0.6950,-1,-1,-1
243,29,786.14,341.08,67.89,198.29,0.4228,-1,-1,-1
243,26,217.45,474.71,64.69,202.66,0.6049,-1,-1,-1
243,25,587.11,365.14,62.25,195.13,0.5771,-1,-1,-1
243,18,389.06,519.92,77.81,236.43,0.6883,-1,-1,-1
243,11,931.62,119.94,60.90,178.95,0.5040,-1,-1,-1
243,8,493.90,360.49,73.38,218.53,0.6476,-1,-1,-1
243,6,112.79,560.23,82.09,233.27,0.5381,-1,-1,-1
243,5,1356.85,567.86,119.06,246.62,0.5380,-1,-1,-1
243,4,1721.18,458.79,73.77,207.43,0.6317,-1,-1,-1
243,3,935.74,900.39,61.38,179.61,0.7104,-1,-1,-1
243,1,448.14,176.30,70.51,204.90,0.3479,-1,-1,-1
244,39,1155.16,113.95,57.14,159.70,0.3156,-1,-1,-1
244,38,786.73,152.10,69.22,170.49,0.3411,-1,-1,-1
244,37,158.60,653.85,84.21,158.31,0.5560,-1,-1,-1
244,33,852.62,353.04,66.81,182.22,0.3908,-1,-1,-1
244,31,1080.62,118.11,60.31,179.79,0.4479,-1,-1,-1
244,30,199.46,728.93,98.80,248.38,0.7041,-1,-1,-1
244,29,789.80,342.49,62.83,196.48,0.3871,-1,-1,-1
244,26,216.99,472.58,64.17,198.77,0.5755,-1,-1,-1
244,25,585.80,366.95,60.98,198.38,0.5805,-1,-1,-1
244,18,389.19,518.08,78.45,237.67,0.6919,-1,-1,-1
244,11,932.81,117.97,60.02,179.13,0.4405,-1,-1,-1
244,8,492.11,361.54,72.84,215.15,0.6436,-1,-1,-1
244,6,113.67,562.35,83.40,245.98,0.5662,-1,-1,-1
244,5,1356.84,570.37,117.68,243.48,0.5077,-1,-1,-1
244,4,1720.97,458.85,73.36,207.80,0.6061,-1,-1,-1
244,3,935.43,901.37,62.60,178.63,0.7835,-1,-1,-1
244,1,446.66,175.94,75.72,204.47,0.3518,-1,-1,-1
245,38,786.98,152.55,69.15,169.96,0.3184,-1,-1,-1
245,37,163.94,655.44,78.58,151.48,0.5935,-1,-1,-1
245,33,855.19,353.11,66.48,185.83,0.3902,-1,-1,-1
245,31,1080.47,117.48,58.36,179.17,0.4497,-1,-1,-1
245,30,197.28,729.52,99.97,250.77,0.7023,-1,-1,-1
245,29,790.09,343.48,63.94,196.69,0.3798,-1,-1,-1
245,26,216.87,471.39,64.23,201.34,0.5674,-1,-1,-1
245,25,586.02,369.60,59.84,199.55,0.5897,-1,-1,-1
245,18,388.83,518.63,79.71,238.05,0.6787,-1,-1,-1
245,11,934.60,116.09,58.81,178.99,0.4541,-1,-1,-1
245,8,491.80,361.65,72.54,219.61,0.6682,-1,-1,-1
245,6,116.62,566.32,81.60,245.86,0.6234,-1,-1,-1
245,5,1360.36,570.24,114.85,244.09,0.4324,-1,-1,-1
245,4,1720.69,459.03,73.65,208.10,0.5892,-1,-1,-1
245,3,934.93,902.89,63.70,177.11,0.7905,-1,-1,-1
245,1,447.51,176.02,74.15,203.60,0.3196,-1,-1,-1
246,38,784.19,152.68,72.34,170.26,0.3275,-1,-1,-1
246,37,171.74,655.09,75.31,152.80,0.6018,-1,-1,-1
246,33,861.27,351.86,63.45,187.81,0.3856,-1,-1,-1
246,31,1079.73,117.92,58.98,178.34,0.4121,-1,-1,-1
246,30,202.50,730.76,94.83,256.96,0.6849,-1,-1,-1
246,29,791.24,345.11,63.33,195.73,0.3963,-1,-1,-1
246,26,220.10,470.51,62.39,204.81,0.5838,-1,-1,-1
246,25,584.84,371.01,60.98,200.54,0.6292,-1,-1,-1
246,18,388.89,517.89,80.82,239.83,0.6971,-1,-1,-1
246,11,936.33,115.79,57.01,179.78,0.4114,-1,-1,-1
246,8,488.55,363.54,73.93,214.31,0.6925,-1,-1,-1
246,6,119.05,564.05,80.51,247.85,0.6373,-1,-1,-1
246,5,1369.85,572.24,104.94,241.59,0.4674,-1,-1,-1
246,4,1720.88,458.27,74.09,210.16,0.6068,-1,-1,-1
246,3,935.38,903.67,64.17,176.33,0.7800,-1,-1,-1
246,1,447.86,176.61,74.57,204.36,0.3246,-1,-1,-1
247,39,1150.71,113.04,56.39,162.90,0.3185,-1,-1,-1
247,38,787.77,152.88,68.66,168.70,0.3060,-1,-1,-1
247,37,175.47,656.68,81.13,145.19,0.4376,-1,-1,-1
247,33,863.42,352.38,58.56,188.37,0.3747,-1,-1,-1
247,31,1078.03,116.36,58.02,179.46,0.4382,-1,-1,-1
247,30,204.17,732.93,95.72,256.81,0.6711,-1,-1,-1
247,29,788.75,345.31,65.67,195.80,0.4094,-1,-1,-1
247,26,219.27,468.99,62.43,206.11,0.5815,-1,-1,-1
247,25,584.27,372.50,62.02,204.58,0.6803,-1,-1,-1
247,18,389.29,517.66,81.04,240.92,0.7037,-1,-1,-1
247,11,936.55,114.27,57.47,177.01,0.4336,-1,-1,-1
247,8,487.47,364.41,73.93,214.85,0.7434,-1,-1,-1
247,6,119.85,563.22,84.29,251.51,0.6223,-1,-1,-1
247,5,1371.22,567.48,105.96,249.13,0.5719,-1,-1,-1
247,4,1719.98,458.43,74.69,208.69,0.6209,-1,-1,-1
247,3,935.93,903.90,63.62,176.10,0.7677,-1,-1,-1
247,1,447.84,175.64,76.83,204.88,0.3373,-1,-1,-1
248,39,1149.90,113.53,56.61,164.71,0.3311,-1,-1,-1
248,37,179.37,663.50,81.45,146.60,0.3692,-1,-1,-1
248,33,862.76,353.15,64.55,190.37,0.4156,-1,-1,-1
248,31,1077.18,116.45,57.31,181.16,0.4956,-1,-1,-1
248,30,203.06,734.57,94.42,257.96,0.5897,-1,-1,-1
248,29,791.47,345.49,65.32,200.58,0.4234,-1,-1,-1
248,26,220.83,467.65,59.85,202.93,0.5748,-1,-1,-1
248,25,584.38,374.83,60.22,206.76,0.6461,-1,-1,-1
248,18,389.31,517.19,81.15,240.71,0.6928,-1,-1,-1
248,11,938.39,113.61,56.97,175.69,0.4607,-1,-1,-1
248,8,487.43,366.04,72.08,214.94,0.7417,-1,-1,-1
248,6,123.56,563.35,82.67,247.90,0.6796,-1,-1,-1
248,5,1375.32,570.13,102.50,245.36,0.5477,-1,-1,-1
248,4,1719.00,459.62,75.63,208.24,0.6282,-1,-1,-1
248,3,936.15,905.30,64.77,174.59,0.7521,-1,-1,-1
248,1,448.26,173.32,77.31,210.82,0.3513,-1,-1,-1
249,39,1148.84,111.20,56.47,166.65,0.3423,-1,-1,-1
249,37,180.78,666.34,88.47,239.47,0.4981,-1,-1,-1
249,33,860.97,352.82,68.64,190.25,0.3774,-1,-1,-1
249,31,1075.91,116.14,57.23,183.11,0.4615,-1,-1,-1
249,30,205.78,742.00,88.73,250.51,0.4883,-1,-1,-1
249,29,790.74,346.00,64.06,193.82,0.3833,-1,-1,-1
249,26,220.78,467.08,59.27,193.89,0.5555,-1,-1,-1
249,25,583.60,378.89,59.79,204.39,0.6023,-1,-1,-1
249,18,388.21,516.20,83.56,240.23,0.6853,-1,-1,-1
249,11,939.25,110.83,58.48,179.64,0.5151,-1,-1,-1
249,8,486.83,367.34,72.05,216.17,0.7132,-1,-1,-1
249,6,125.80,564.15,80.43,250.23,0.6679,-1,-1,-1
249,5,1382.35,570.35,92.77,247.46,0.5262,-1,-1,-1
249,4,1720.48,459.64,73.51,207.51,0.5910,-1,-1,-1
249,3,936.34,905.36,65.69,174.64,0.7497,-1,-1,-1
249,1,449.26,171.64,77.11,210.89,0.3885,-1,-1,-1
250,39,1147.53,110.78,56.97,166.07,0.3421,-1,-1,-1
250,37,182.63,669.93,90.55,148.24,0.4681,-1,-1,-1
250,33,854.38,355.80,72.65,191.09,0.3943,-1,-1,-1
250,31,1073.89,115.29,57.86,183.44,0.4139,-1,-1,-1
250,30,211.30,746.77,89.84,243.22,0.4586,-1,-1,-1
250,29,792.17,348.48,66.28,194.57,0.3414,-1,-1,-1
250,26,222.25,464.83,59.33,195.33,0.5543,-1,-1,-1
250,25,582.24,381.46,60.51,202.15,0.6331,-1,-1,-1
250,18,388.50,516.17,84.51,238.75,0.6793,-1,-1,-1
250,11,937.20,109.60,60.78,180.93,0.4961,-1,-1,-1
250,8,486.79,369.20,72.21,218.99,0.6858,-1,-1,-1
250,6,128.48,566.28,81.02,245.91,0.6766,-1,-1,-1
250,5,1386.26,569.72,88.49,246.17,0.5921,-1,-1,-1
250,4,1721.10,458.11,73.59,209.20,0.5973,-1,-1,-1
250,3,936.46,905.77,66.92,174.23,0.7302,-1,-1,-1
250,1,449.59,170.05,76.42,211.45,0.3735,-1,-1,-1
251,37,184.97,674.27,91.29,139.32,0.5093,-1,-1,-1
251,33,861.28,355.61,67.83,193.53,0.3471,-1,-1,-1
251,31,1073.07,114.94,57.75,183.84,0.3954,-1,-1,-1
251,30,211.18,743.90,89.10,248.47,0.5578,-1,-1,-1
251,29,791.73,351.47,65.90,191.31,0.3647,-1,-1,-1
251,26,222.17,461.05,59.54,197.40,0.5620,-1,-1,-1
251,25,581.69,383.19,60.27,203.09,0.6521,-1,-1,-1
251,18,388.18,512.49,85.27,239.85,0.6654,-1,-1,-1
251,11,935.28,110.41,65.12,180.95,0.4688,-1,-1,-1
251,8,490.50,369.00,68.32,226.68,0.6535,-1,-1,-1
251,6,132.00,565.12,80.78,249.54,0.7000,-1,-1,-1
251,5,1387.75,568.60,88.94,247.20,0.6259,-1,-1,-1
251,4,1719.79,459.33,75.47,207.70,0.6042,-1,-1,-1
251,3,938.20,907.72,66.29,172.28,0.7400,-1,-1,-1
251,1,450.28,168.10,74.12,211.32,0.3775,-1,-1,-1
252,39,1145.82,108.84,57.47,172.05,0.3290,-1,-1,-1
252,37,185.88,676.16,91.17,140.14,0.4683,-1,-1,-1
252,33,863.86,359.99,60.63,188.90,0.3575,-1,-1,-1
252,31,1072.17,114.30,57.83,184.14,0.3638,-1,-1,-1
252,30,209.46,740.70,97.76,250.46,0.6631,-1,-1,-1
252,26,221.19,455.67,59.65,202.56,0.5736,-1,-1,-1
252,25,580.63,383.55,61.53,205.20,0.6667,-1,-1,-1
252,18,389.87,509.72,83.29,241.15,0.6639,-1,-1,-1
252,11,936.29,106.79,64.67,182.85,0.4819,-1,-1,-1
252,8,489.91,372.51,68.49,227.36,0.6547,-1,-1,-1
252,6,133.94,566.18,82.98,246.93,0.7027,-1,-1,-1
252,5,1387.08,570.07,88.62,242.55,0.5677,-1,-1,-1
252,4,1720.60,459.70,74.02,207.16,0.5840,-1,-1,-1
252,3,938.48,908.09,66.95,171.91,0.7127,-1,-1,-1
252,1,450.04,167.30,74.22,207.66,0.3792,-1,-1,-1
253,39,1145.22,108.30,55.97,170.82,0.3577,-1,-1,-1
253,37,194.59,677.19,80.07,135.54,0.4555,-1,-1,-1
253,31,1069.59,114.68,59.30,182.32,0.3580,-1,-1,-1
253,30,217.24,737.47,91.55,251.90,0.7348,-1,-1,-1
253,26,221.18,457.23,62.06,198.36,0.6017,-1,-1,-1
253,25,578.76,383.37,62.18,208.12,0.6810,-1,-1,-1
253,18,389.21,507.07,83.41,239.72,0.6689,-1,-1,-1
253,11,934.81,109.32,66.70,181.38,0.4965,-1,-1,-1
253,8,489.18,374.58,69.58,225.73,0.6621,-1,-1,-1
253,6,136.17,565.86,84.44,245.40,0.6960,-1,-1,-1
253,5,1388.36,570.64,88.11,246.85,0.6154,-1,-1,-1
253,4,1721.33,457.91,73.62,209.42,0.5705,-1,-1,-1
253,3,938.64,908.16,68.45,171.84,0.7335,-1,-1,-1
253,1,452.31,166.78,71.15,207.70,0.3854,-1,-1,-1
254,39,1144.27,108.16,54.61,169.19,0.3485,-1,-1,-1
254,37,193.87,677.88,82.46,137.26,0.4664,-1,-1,-1
254,33,866.68,361.65,59.51,190.31,0.3532,-1,-1,-1
254,31,1069.33,114.16,56.37,183.19,0.3857,-1,-1,-1
254,30,222.15,736.56,87.79,254.49,0.7766,-1,-1,-1
254,29,795.06,350.48,68.56,193.64,0.3483,-1,-1,-1
254,26,220.88,456.23,62.30,198.70,0.5801,-1,-1,-1
254,25,577.57,385.91,62.74,207.16,0.6923,-1,-1,-1
254,18,390.50,504.52,80.23,238.09,0.6362,-1,-1,-1
254,11,934.87,109.23,68.50,181.71,0.4886,-1,-1,-1
254,8,488.90,373.59,69.11,230.70,0.6529,-1,-1,-1
254,6,137.41,565.67,85.37,243.52,0.6677,-1,-1,-1
254,5,1389.57,570.06,87.51,245.64,0.6186,-1,-1,-1
254,4,1720.66,458.83,73.66,208.67,0.5815,-1,-1,-1
254,3,939.77,909.63,68.26,170.37,0.7320,-1,-1,-1
254,1,452.60,166.13,70.63,203.97,0.3664,-1,-1,-1
255,39,1142.15,106.93,55.40,171.69,0.3294,-1,-1,-1
255,37,198.30,680.17,81.88,136.69,0.4729,-1,-1,-1
255,33,865.38,359.71,71.01,194.29,0.3658,-1,-1,-1
255,31,1066.98,113.25,57.03,183.45,0.4076,-1,-1,-1
255,30,221.16,735.20,92.16,262.10,0.7280,-1,-1,-1
255,29,797.88,351.04,69.51,201.47,0.3302,-1,-1,-1
255,26,220.68,455.81,63.22,197.75,0.6188,-1,-1,-1
255,25,576.63,385.74,62.47,207.84,0.7296,-1,-1,-1
255,18,391.52,502.05,80.54,232.21,0.6715,-1,-1,-1
255,11,933.64,108.91,70.46,180.09,0.4828,-1,-1,-1
255,8,488.34,374.65,69.64,230.52,0.6682,-1,-1,-1
255,6,139.70,563.62,84.71,243.69,0.6900,-1,-1,-1
255,5,1390.44,569.40,87.26,249.20,0.6545,-1,-1,-1
255,4,1721.22,459.36,72.67,207.35,0.6054,-1,-1,-1
255,3,939.30,909.60,70.46,169.55,0.7317,-1,-1,-1
255,1,455.66,165.53,64.78,200.63,0.3485,-1,-1,-1
256,39,1140.17,106.11,56.15,171.48,0.3385,-1,-1,-1
256,37,202.71,677.46,89.44,148.24,0.5373,-1,-1,-1
256,33,870.14,362.62,64.32,191.96,0.3302,-1,-1,-1
256,31,1066.30,113.22,56.34,183.06,0.3978,-1,-1,-1
256,30,228.05,736.32,87.82,267.84,0.7174,-1,-1,-1
256,26,220.94,455.09,62.83,196.30,0.5989,-1,-1,-1
256,25,576.00,386.80,62.44,207.13,0.7454,-1,-1,-1
256,18,391.74,498.29,79.36,230.80,0.6527,-1,-1,-1
256,11,934.60,107.76,69.94,180.57,0.4858,-1,-1,-1
256,8,490.03,375.38,67.67,229.71,0.6657,-1,-1,-1
256,6,140.68,564.62,85.48,242.67,0.6533,-1,-1,-1
256,5,1392.18,568.58,87.91,245.85,0.6370,-1,-1,-1
256,4,1720.01,459.01,74.33,208.77,0.5660,-1,-1,-1
256,3,939.18,909.83,71.70,170.17,0.7425,-1,-1,-1
256,1,454.63,164.53,67.36,198.54,0.3199,-1,-1,-1
257,39,1138.46,105.97,57.96,169.97,0.3210,-1,-1,-1
257,37,203.63,678.26,88.64,153.73,0.5771,-1,-1,-1
257,33,870.30,363.84,56.66,185.53,0.3794,-1,-1,-1
257,31,1063.86,112.56,57.15,184.36,0.3663,-1,-1,-1
257,30,234.32,746.24,85.12,267.30,0.7338,-1,-1,-1
257,29,799.18,350.82,74.77,201.43,0.3213,-1,-1,-1
257,26,220.28,454.33,64.91,198.02,0.5734,-1,-1,-1
257,25,575.13,387.04,62.33,205.75,0.7588,-1,-1,-1
257,18,392.15,494.14,80.16,232.49,0.6817,-1,-1,-1
257,11,934.97,106.90,69.22,181.48,0.4313,-1,-1,-1
257,8,487.96,378.83,70.04,226.92,0.6771,-1,-1,-1
257,6,140.67,564.44,89.61,243.00,0.6210,-1,-1,-1
257,5,1394.28,567.38,86.70,244.39,0.6262,-1,-1,-1
257,4,1719.99,460.04,73.78,207.11,0.5789,-1,-1,-1
257,3,938.95,911.21,73.77,168.50,0.7509,-1,-1,-1
257,1,455.40,163.24,67.02,196.40,0.3063,-1,-1,-1
258,37,212.30,679.73,81.58,156.83,0.5357,-1,-1,-1
258,33,871.92,363.07,55.18,185.13,0.3488,-1,-1,-1
258,31,1064.58,113.00,58.58,181.68,0.3173,-1,-1,-1
258,30,233.36,749.08,86.74,270.03,0.7663,-1,-1,-1
258,29,802.12,352.45,74.55,202.50,0.3331,-1,-1,-1
258,26,221.54,453.16,64.28,197.61,0.5340,-1,-1,-1
258,25,575.44,387.76,61.41,204.22,0.7465,-1,-1,-1
258,18,390.17,492.62,80.83,233.93,0.6806,-1,-1,-1
258,11,937.51,105.49,68.10,179.52,0.4246,-1,-1,-1
258,8,489.63,376.74,68.01,228.85,0.6611,-1,-1,-1
258,6,142.69,564.41,90.83,246.42,0.5900,-1,-1,-1
258,5,1395.58,566.55,85.98,240.32,0.6219,-1,-1,-1
258,4,1720.52,459.38,73.82,207.67,0.5669,-1,-1,-1
258,3,938.74,912.87,74.22,165.79,0.7498,-1,-1,-1
258,1,455.86,163.34,68.11,196.13,0.3235,-1,-1,-1
259,37,211.15,681.77,87.63,125.74,0.4737,-1,-1,-1
259,33,872.33,368.13,51.40,179.76,0.3343,-1,-1,-1
259,31,1062.69,112.10,58.32,181.40,0.3247,-1,-1,-1
259,30,234.22,754.89,87.25,263.36,0.7464,-1,-1,-1
259,29,803.56,353.03,71.47,202.44,0.4110,-1,-1,-1
259,26,222.93,452.42,62.29,196.41,0.5074,-1,-1,-1
259,25,574.24,389.71,62.92,201.88,0.7487,-1,-1,-1
259,18,387.95,491.92,83.05,233.94,0.6567,-1,-1,-1
259,11,939.75,103.20,64.67,179.07,0.4182,-1,-1,-1
259,8,486.88,381.85,70.17,223.38,0.6670,-1,-1,-1
259,6,144.26,565.93,93.26,243.92,0.6283,-1,-1,-1
259,5,1400.83,566.59,81.57,236.76,0.5865,-1,-1,-1
259,4,1719.84,459.30,74.98,208.67,0.5631,-1,-1,-1
259,3,938.64,914.23,76.43,164.35,0.7305,-1,-1,-1
259,1,459.23,162.46,67.64,197.86,0.3507,-1,-1,-1
260,37,215.78,682.51,86.19,123.68,0.5331,-1,-1,-1
260,31,1061.09,110.58,56.13,184.43,0.3457,-1,-1,-1
260,30,237.21,757.79,85.49,266.89,0.7298,-1,-1,-1
260,29,806.56,355.10,65.98,199.43,0.3902,-1,-1,-1
260,26,222.42,451.55,62.98,194.52,0.5083,-1,-1,-1
260,25,573.67,390.90,62.12,199.36,0.7529,-1,-1,-1
260,18,383.11,490.68,87.71,235.68,0.6631,-1,-1,-1
260,11,939.50,100.98,65.47,174.02,0.4327,-1,-1,-1
260,8,490.22,380.02,67.70,226.15,0.6626,-1,-1,-1
260,6,151.72,564.69,87.62,245.69,0.6318,-1,-1,-1
260,5,1403.45,565.76,79.07,239.99,0.5573,-1,-1,-1
260,4,1719.63,459.34,74.53,208.54,0.5879,-1,-1,-1
260,3,939.55,914.87,78.56,162.26,0.7217,-1,-1,-1
260,1,457.72,162.53,69.55,198.15,0.3750,-1,-1,-1
261,37,217.56,684.51,86.25,126.89,0.6275,-1,-1,-1
261,30,239.61,763.92,83.00,256.45,0.6983,-1,-1,-1
261,29,803.86,353.91,71.97,202.71,0.3709,-1,-1,-1
261,26,222.24,450.17,62.97,193.78,0.4815,-1,-1,-1
261,25,573.76,392.83,61.50,196.73,0.7489,-1,-1,-1
261,18,377.64,488.33,92.57,238.13,0.6510,-1,-1,-1
261,11,938.93,98.81,65.49,173.58,0.4453,-1,-1,-1
261,8,487.03,384.23,69.76,220.44,0.6898,-1,-1,-1
261,6,159.52,564.98,79.92,247.69,0.6509,-1,-1,-1
261,5,1409.60,565.77,74.24,240.01,0.5527,-1,-1,-1
261,4,1720.77,459.61,73.57,208.85,0.5983,-1,-1,-1
261,3,939.37,914.97,80.76,163.65,0.7260,-1,-1,-1
261,1,451.66,160.87,77.53,202.66,0.3851,-1,-1,-1
262,37,222.58,687.48,81.74,125.85,0.5634,-1,-1,-1
262,31,1058.31,108.00,57.23,184.15,0.3759,-1,-1,-1
262,30,241.23,764.31,86.05,264.68,0.6922,-1,-1,-1
262,29,806.38,355.39,67.76,201.65,0.4087,-1,-1,-1
262,26,222.18,448.94,63.23,193.12,0.5126,-1,-1,-1
262,25,573.27,395.41,61.41,196.34,0.7372,-1,-1,-1
262,18,376.24,487.37,93.63,237.82,0.6311,-1,-1,-1
262,11,937.54,98.12,66.56,171.13,0.4972,-1,-1,-1
262,8,488.05,384.73,68.61,220.15,0.7157,-1,-1,-1
262,6,162.60,565.43,83.01,250.42,0.6473,-1,-1,-1
262,5,1410.11,563.61,77.88,240.43,0.5657,-1,-1,-1
262,4,1720.26,460.04,74.29,208.20,0.5945,-1,-1,-1
262,3,937.49,917.48,82.96,159.51,0.7269,-1,-1,-1
262,1,458.95,162.29,68.92,198.50,0.3845,-1,-1,-1
263,37,224.28,688.80,83.98,124.60,0.4594,-1,-1,-1
263,31,1056.75,106.80,57.99,184.55,0.3885,-1,-1,-1
263,30,242.83,768.39,86.10,262.58,0.6713,-1,-1,-1
263,29,803.78,355.15,74.57,206.01,0.4034,-1,-1,-1
263,26,224.00,446.08,62.07,190.96,0.5247,-1,-1,-1
263,25,572.47,396.63,62.51,199.16,0.7084,-1,-1,-1
263,18,375.74,485.83,93.30,238.96,0.6100,-1,-1,-1
263,11,938.70,96.03,65.38,175.50,0.4814,-1,-1,-1
263,8,487.63,384.82,68.97,219.85,0.6995,-1,-1,-1
263,6,166.52,565.37,79.16,251.03,0.6833,-1,-1,-1
263,5,1410.42,565.46,76.69,236.33,0.5933,-1,-1,-1
263,4,1719.81,460.03,74.98,208.10,0.5727,-1,-1,-1
263,3,936.37,918.36,85.25,158.43,0.7392,-1,-1,-1
263,1,454.77,160.20,70.42,202.65,0.3654,-1,-1,-1
264,37,233.78,692.31,75.12,119.60,0.6105,-1,-1,-1
264,31,1054.63,107.10,57.57,176.64,0.3527,-1,-1,-1
264,30,245.94,772.07,86.86,260.29,0.7472,-1,-1,-1
264,29,802.21,358.29,69.55,204.73,0.3898,-1,-1,-1
264,26,226.06,448.08,60.74,186.77,0.5598,-1,-1,-1
264,25,570.72,397.26,62.66,200.41,0.6841,-1,-1,-1
264,18,374.26,485.34,94.07,238.31,0.6064,-1,-1,-1
264,11,937.61,94.21,66.65,178.14,0.4408,-1,-1,-1
264,8,486.14,385.02,70.57,218.04,0.6892,-1,-1,-1
264,6,169.74,564.32,77.70,252.56,0.6903,-1,-1,-1
264,5,1410.54,565.44,80.63,237.02,0.6156,-1,-1,-1
264,4,1720.87,459.70,74.04,208.64,0.5835,-1,-1,-1
264,3,937.26,919.76,84.70,156.22,0.7567,-1,-1,-1
264,1,459.49,160.67,66.23,199.60,0.3312,-1,-1,-1
265,39,1126.93,96.36,56.02,163.23,0.3309,-1,-1,-1
265,37,239.20,695.35,70.07,120.33,0.5715,-1,-1,-1
265,31,1054.26,106.09,56.24,175.63,0.3830,-1,-1,-1
265,30,246.76,771.49,86.13,261.33,0.7680,-1,-1,-1
265,29,802.50,358.28,73.88,208.52,0.3663,-1,-1,-1
265,26,227.13,443.96,60.64,189.06,0.5294,-1,-1,-1
265,25,569.96,399.01,63.31,198.79,0.7247,-1,-1,-1
265,18,373.62,484.53,94.14,238.49,0.6553,-1,-1,-1
265,11,939.34,93.10,64.16,180.11,0.4708,-1,-1,-1
265,8,486.04,385.24,69.57,218.48,0.6718,-1,-1,-1
265,6,173.37,565.64,75.50,254.08,0.6907,-1,-1,-1
265,5,1410.85,565.76,79.58,240.30,0.5871,-1,-1,-1
265,4,1720.66,460.10,73.92,208.24,0.6007,-1,-1,-1
265,3,938.45,919.87,84.79,156.65,0.7554,-1,-1,-1
265,1,460.13,161.64,63.71,199.18,0.3728,-1,-1,-1
266,39,1126.37,96.35,55.11,165.47,0.3526,-1,-1,-1
266,37,246.95,698.87,64.74,117.79,0.5293,-1,-1,-1
266,31,1053.65,104.95,56.38,178.53,0.4406,-1,-1,-1
266,30,249.99,774.17,92.58,258.44,0.7715,-1,-1,-1
266,29,801.48,359.82,78.13,209.91,0.3991,-1,-1,-1
266,26,225.31,444.26,62.00,182.63,0.4924,-1,-1,-1
266,25,567.74,401.06,64.62,202.90,0.6708,-1,-1,-1
266,18,373.85,484.11,93.94,237.18,0.6407,-1,-1,-1
266,11,939.70,92.72,64.98,178.90,0.4589,-1,-1,-1
266,8,484.50,384.81,69.23,220.85,0.6286,-1,-1,-1
266,6,176.02,566.36,77.92,255.86,0.6934,-1,-1,-1
266,5,1411.28,565.64,79.91,245.05,0.5707,-1,-1,-1
266,4,1720.36,460.44,74.14,208.05,0.5899,-1,-1,-1
266,3,938.08,920.38,85.91,156.24,0.7624,-1,-1,-1
266,1,460.82,160.08,63.96,201.97,0.3284,-1,-1,-1
267,39,1124.06,96.25,57.21,167.38,0.3902,-1,-1,-1
267,37,248.92,701.94,67.01,114.19,0.5142,-1,-1,-1
267,31,1051.01,104.23,58.52,179.42,0.4609,-1,-1,-1
267,30,248.21,771.73,94.25,261.81,0.7581,-1,-1,-1
267,29,802.39,362.06,72.44,212.22,0.3821,-1,-1,-1
267,26,223.63,441.00,64.42,185.70,0.4865,-1,-1,-1
267,25,567.00,402.26,64.94,205.44,0.6510,-1,-1,-1
267,18,373.52,481.07,93.02,238.49,0.6064,-1,-1,-1
267,11,939.84,91.79,65.44,180.04,0.4571,-1,-1,-1
267,8,481.24,385.84,70.80,222.18,0.6257,-1,-1,-1
267,6,178.83,567.44,77.91,260.56,0.6873,-1,-1,-1
267,5,1412.01,565.29,78.88,244.91,0.5651,-1,-1,-1
267,4,1720.19,459.93,75.22,208.20,0.5666,-1,-1,-1
267,3,939.29,920.11,85.22,156.80,0.7636,-1,-1,-1
267,1,461.57,159.63,64.50,201.32,0.3720,-1,-1,-1
268,39,1122.60,96.64,57.63,167.70,0.4121,-1,-1,-1
268,37,253.76,704.27,65.67,112.62,0.5485,-1,-1,-1
268,31,1049.87,105.23,59.18,177.85,0.4540,-1,-1,-1
268,30,251.21,768.82,88.29,264.64,0.7429,-1,-1,-1
268,29,803.83,362.60,70.83,215.75,0.3771,-1,-1,-1
268,26,223.75,439.55,64.01,187.41,0.5369,-1,-1,-1
268,25,565.66,403.11,66.28,206.16,0.6221,-1,-1,-1
268,18,373.77,479.46,91.02,239.03,0.6349,-1,-1,-1
268,11,942.41,92.61,64.84,178.62,0.4517,-1,-1,-1
268,8,478.90,388.50,72.96,223.68,0.6267,-1,-1,-1
268,6,182.17,569.23,76.03,258.17,0.7073,-1,-1,-1
268,5,1412.57,564.57,78.21,245.28,0.5938,-1,-1,-1
268,4,1720.45,459.99,73.79,208.13,0.5799,-1,-1,-1
268,3,941.50,919.91,83.17,157.14,0.7583,-1,-1,-1
268,1,461.91,156.90,65.28,203.66,0.3731,-1,-1,-1
269,39,1121.61,96.00,57.74,167.75,0.3738,-1,-1,-1
269,37,256.68,705.62,67.24,113.63,0.5752,-1,-1,-1
269,31,1048.67,104.77,59.06,175.63,0.4450,-1,-1,-1
269,30,251.88,773.87,90.22,259.81,0.7193,-1,-1,-1
269,29,806.38,366.41,64.10,211.81,0.4108,-1,-1,-1
269,26,224.78,437.26,64.01,190.36,0.5009,-1,-1,-1
269,25,565.59,399.59,67.17,209.66,0.6021,-1,-1,-1
269,18,374.91,477.73,89.99,239.30,0.6510,-1,-1,-1
269,11,942.57,92.36,64.60,178.33,0.4962,-1,-1,-1
269,8,475.61,389.77,75.41,221.66,0.6336,-1,-1,-1
269,6,183.51,571.82,79.89,251.82,0.7132,-1,-1,-1
269,5,1413.76,566.79,78.84,243.46,0.5817,-1,-1,-1
269,4,1720.75,460.70,73.82,206.74,0.5951,-1,-1,-1
269,3,943.67,920.27,82.16,157.17,0.7533,-1,-1,-1
269,1,461.85,159.46,65.69,198.24,0.4035,-1,-1,-1
270,39,1120.51,96.17,57.65,168.01,0.3589,-1,-1,-1
270,37,259.07,706.11,70.11,108.41,0.5492,-1,-1,-1
270,31,1046.88,104.22,59.08,177.14,0.4332,-1,-1,-1
270,30,257.04,768.54,86.15,264.14,0.7716,-1,-1,-1
270,29,806.12,367.74,64.74,210.79,0.3770,-1,-1,-1
270,26,225.50,436.65,62.99,190.93,0.4791,-1,-1,-1
270,25,564.37,401.38,68.45,212.60,0.6105,-1,-1,-1
270,18,375.72,475.34,88.60,235.33,0.6327,-1,-1,-1
270,11,941.41,91.93,67.15,178.70,0.4809,-1,-1,-1
270,8,474.73,392.66,75.33,221.27,0.6353,-1,-1,-1
270,6,185.00,572.51,83.32,246.24,0.6871,-1,-1,-1
270,5,1416.57,570.64,80.57,240.04,0.5699,-1,-1,-1
270,4,1720.62,461.15,73.96,206.48,0.5596,-1,-1,-1
270,3,944.59,920.72,81.49,157.73,0.7538,-1,-1,-1
270,1,462.56,154.23,61.84,202.67,0.3787,-1,-1,-1
271,39,1117.93,95.60,58.42,167.56,0.3163,-1,-1,-1
271,37,261.76,707.68,72.31,114.77,0.4877,-1,-1,-1
271,33,879.36,379.18,53.23,186.96,0.3121,-1,-1,-1
271,31,1044.87,103.85,59.95,178.80,0.4225,-1,-1,-1
271,30,259.22,771.95,85.28,260.85,0.7423,-1,-1,-1
271,29,811.67,370.67,60.30,213.38,0.4078,-1,-1,-1
271,26,226.77,435.60,61.32,185.67,0.4749,-1,-1,-1
271,25,565.15,402.36,66.12,208.78,0.6058,-1,-1,-1
271,18,379.72,471.88,84.39,228.64,0.6257,-1,-1,-1
271,11,942.14,91.11,66.56,177.46,0.5078,-1,-1,-1
271,8,473.52,393.86,76.05,219.42,0.6234,-1,-1,-1
271,6,186.73,574.66,85.41,245.06,0.6547,-1,-1,-1
271,5,1420.24,574.08,79.79,238.13,0.5320,-1,-1,-1
271,4,1719.69,460.11,75.17,208.62,0.5710,-1,-1,-1
271,3,945.75,921.55,80.93,156.67,0.7319,-1,-1,-1
271,1,462.75,156.41,64.31,200.67,0.3588,-1,-1,-1
272,39,1116.31,96.74,55.50,165.31,0.3192,-1,-1,-1
272,37,268.10,707.66,72.09,119.48,0.5237,-1,-1,-1
272,33,877.52,380.09,60.32,186.06,0.3475,-1,-1,-1
272,31,1041.99,103.63,61.00,179.06,0.3876,-1,-1,-1
272,30,259.21,781.63,88.61,257.32,0.7314,-1,-1,-1
272,29,810.11,371.81,61.73,214.77,0.3818,-1,-1,-1
272,26,228.34,433.60,59.64,186.81,0.4508,-1,-1,-1
272,25,564.56,402.67,65.89,213.21,0.5543,-1,-1,-1
272,18,386.51,468.18,79.79,226.12,0.5986,-1,-1,-1
272,11,941.34,90.52,68.66,178.72,0.4844,-1,-1,-1
272,8,472.06,395.29,76.37,219.40,0.5954,-1,-1,-1
272,6,188.60,574.28,87.30,246.05,0.6721,-1,-1,-1
272,5,1422.18,575.52,80.10,241.23,0.5202,-1,-1,-1
272,4,1720.05,460.18,74.31,206.99,0.5510,-1,-1,-1
272,3,945.89,921.64,80.84,156.57,0.7196,-1,-1,-1
272,1,463.11,154.05,66.17,201.22,0.3685,-1,-1,-1
273,39,1113.74,95.05,63.58,167.04,0.3025,-1,-1,-1
273,37,273.27,707.86,74.05,127.92,0.5733,-1,-1,-1
273,33,882.54,378.67,55.93,190.78,0.3398,-1,-1,-1
273,31,1039.46,102.49,63.16,177.98,0.3629,-1,-1,-1
273,30,257.13,781.62,93.20,262.32,0.7240,-1,-1,-1
273,29,808.46,373.02,64.14,210.16,0.3547,-1,-1,-1
273,26,229.43,432.86,58.46,183.64,0.4703,-1,-1,-1
273,25,562.21,404.29,67.34,212.20,0.5500,-1,-1,-1
273,18,388.48,464.91,77.44,226.16,0.5863,-1,-1,-1
273,11,942.18,89.17,66.09,178.86,0.4868,-1,-1,-1
273,8,471.34,396.36,74.83,218.51,0.6026,-1,-1,-1
273,6,190.19,575.35,90.76,245.61,0.6831,-1,-1,-1
273,5,1423.90,580.97,77.64,235.33,0.4939,-1,-1,-1
273,4,1720.00,460.57,73.88,207.38,0.5611,-1,-1,-1
273,3,945.49,921.97,81.55,156.45,0.7230,-1,-1,-1
273,1,463.63,152.46,64.26,199.39,0.4018,-1,-1,-1
274,39,1112.67,94.64,64.17,165.80,0.3419,-1,-1,-1
274,37,276.23,708.17,75.70,142.55,0.6443,-1,-1,-1
274,33,884.38,382.57,54.70,188.52,0.3506,-1,-1,-1
274,31,1034.88,102.21,68.34,178.64,0.3898,-1,-1,-1
274,30,262.26,786.45,94.13,262.66,0.7130,-1,-1,-1
274,29,806.20,373.43,63.44,212.27,0.3452,-1,-1,-1
274,26,228.83,431.87,58.67,183.06,0.4639,-1,-1,-1
274,25,560.02,404.93,66.87,211.07,0.5339,-1,-1,-1
274,18,387.28,461.67,78.90,228.72,0.6227,-1,-1,-1
274,11,942.50,88.14,65.27,179.94,0.5138,-1,-1,-1
274,8,470.71,397.31,74.02,218.77,0.6236,-1,-1,-1
274,6,192.83,576.42,91.39,247.55,0.6954,-1,-1,-1
274,5,1425.08,578.90,78.71,240.45,0.5281,-1,-1,-1
274,4,1720.60,460.27,73.54,207.64,0.5941,-1,-1,-1
274,3,945.78,922.17,81.19,156.65,0.7052,-1,-1,-1
274,1,463.09,152.12,63.53,195.21,0.4003,-1,-1,-1
275,39,1111.02,94.46,64.32,169.15,0.3063,-1,-1,-1
275,37,276.39,711.88,84.13,141.71,0.4186,-1,-1,-1
275,33,886.25,379.99,54.45,192.15,0.3567,-1,-1,-1
275,31,1031.82,102.76,70.07,179.28,0.3354,-1,-1,-1
275,30,267.07,781.25,91.82,269.38,0.7037,-1,-1,-1
275,29,812.34,374.17,60.72,210.16,0.3944,-1,-1,-1
275,26,228.17,430.59,60.48,190.79,0.3371,-1,-1,-1
275,25,559.41,405.74,66.20,207.91,0.5952,-1,-1,-1
275,18,386.55,461.82,79.70,226.60,0.6139,-1,-1,-1
275,11,942.24,85.70,65.37,181.54,0.4998,-1,-1,-1
275,8,470.15,397.32,72.70,216.26,0.6620,-1,-1,-1
275,6,194.34,578.33,94.87,250.52,0.6725,-1,-1,-1
275,5,1428.37,579.91,77.29,239.93,0.5103,-1,-1,-1
275,4,1720.47,460.03,73.58,207.60,0.5895,-1,-1,-1
275,3,944.41,922.16,83.11,156.70,0.7234,-1,-1,-1
275,1,463.19,151.01,64.08,194.07,0.4032,-1,-1,-1
276,37,279.35,715.51,86.12,141.82,0.3168,-1,-1,-1
276,33,886.13,382.23,56.61,190.57,0.3094,-1,-1,-1
276,31,1031.62,102.80,68.39,180.03,0.3314,-1,-1,-1
276,30,271.51,782.88,91.10,272.58,0.6299,-1,-1,-1
276,29,808.81,373.83,64.47,210.88,0.4044,-1,-1,-1
276,26,228.01,428.37,59.76,193.16,0.3359,-1,-1,-1
276,25,557.59,407.42,67.41,205.54,0.6338,-1,-1,-1
276,18,387.52,460.11,78.72,227.46,0.6325,-1,-1,-1
276,11,943.51,84.28,62.82,180.44,0.4536,-1,-1,-1
276,8,468.35,398.72,73.27,216.85,0.6650,-1,-1,-1
276,6,195.23,577.50,94.63,248.91,0.6740,-1,-1,-1
276,5,1432.06,578.66,74.86,242.51,0.5310,-1,-1,-1
276,4,1719.46,460.55,74.60,206.69,0.5906,-1,-1,-1
276,3,943.66,922.84,83.97,156.10,0.7484,-1,-1,-1
276,1,462.33,149.66,66.14,194.27,0.4030,-1,-1,-1
277,37,281.80,719.01,90.55,142.55,0.5265,-1,-1,-1
277,33,883.90,388.17,64.09,181.86,0.3402,-1,-1,-1
277,31,1030.57,102.94,68.51,179.63,0.3398,-1,-1,-1
277,30,272.84,783.51,87.65,278.64,0.6519,-1,-1,-1
277,29,809.14,374.99,65.32,209.87,0.3811,-1,-1,-1
277,26,228.89,426.31,58.27,183.88,0.3895,-1,-1,-1
277,25,557.26,410.03,66.12,203.30,0.6591,-1,-1,-1
277,18,388.62,459.54,78.76,228.30,0.6088,-1,-1,-1
277,11,943.96,83.90,59.15,174.03,0.4626,-1,-1,-1
277,8,466.60,401.22,72.14,216.35,0.6852,-1,-1,-1
277,6,196.19,576.63,89.84,249.79,0.6507,-1,-1,-1
277,5,1434.72,579.81,73.84,242.99,0.4950,-1,-1,-1
277,4,1719.01,459.63,75.13,208.81,0.5905,-1,-1,-1
277,3,943.50,923.54,84.32,154.76,0.7527,-1,-1,-1
277,1,463.35,147.04,66.20,196.14,0.3743,-1,-1,-1
278,37,283.30,721.80,98.87,144.21,0.6426,-1,-1,-1
278,33,884.24,388.29,63.86,183.46,0.3889,-1,-1,-1
278,31,1032.24,101.82,62.67,177.76,0.3738,-1,-1,-1
278,30,275.03,789.82,81.83,273.10,0.6252,-1,-1,-1
278,29,813.70,376.50,61.78,208.16,0.3481,-1,-1,-1
278,26,228.52,424.52,59.08,176.86,0.4276,-1,-1,-1
278,25,555.19,411.34,67.33,204.52,0.6520,-1,-1,-1
278,18,388.56,459.56,79.96,226.73,0.5992,-1,-1,-1
278,11,942.13,81.65,62.88,176.30,0.4516,-1,-1,-1
278,8,465.91,401.14,70.22,217.17,0.6676,-1,-1,-1
278,6,197.81,575.74,84.92,251.38,0.6512,-1,-1,-1
278,5,1436.04,582.72,74.49,242.05,0.4393,-1,-1,-1
278,4,1719.37,459.34,75.30,209.39,0.5593,-1,-1,-1
278,3,943.44,923.61,84.42,154.07,0.7646,-1,-1,-1
278,1,464.25,146.83,64.47,196.46,0.3478,-1,-1,-1
279,41,748.34,333.20,55.00,189.09,0.4048,-1,-1,-1
279,37,285.85,726.28,105.17,141.75,0.6490,-1,-1,-1
279,33,884.28,390.53,61.72,186.30,0.3319,-1,-1,-1
279,31,1031.26,101.54,62.11,176.66,0.3994,-1,-1,-1
279,30,276.65,794.12,83.34,278.91,0.6414,-1,-1,-1
279,29,816.89,378.48,58.53,207.05,0.3967,-1,-1,-1
279,26,229.32,423.06,58.79,175.79,0.4414,-1,-1,-1
279,25,554.73,413.01,66.58,204.27,0.6604,-1,-1,-1
279,18,387.52,458.77,81.99,229.37,0.5898,-1,-1,-1
279,11,941.98,78.73,61.01,178.28,0.4324,-1,-1,-1
279,8,465.66,404.25,69.18,211.82,0.6848,-1,-1,-1
279,6,202.17,577.31,77.24,250.37,0.5896,-1,-1,-1
279,4,1720.97,459.35,73.24,209.44,0.5667,-1,-1,-1
279,3,942.63,923.91,85.18,154.13,0.7570,-1,-1,-1
279,1,463.79,146.95,64.97,196.98,0.3521,-1,-1,-1
280,41,748.82,338.90,60.87,187.51,0.4455,-1,-1,-1
280,37,289.24,726.57,107.74,143.03,0.6615,-1,-1,-1
280,33,882.99,391.88,63.90,189.26,0.3277,-1,-1,-1
280,31,1027.81,100.03,69.81,180.78,0.4261,-1,-1,-1
280,30,276.89,797.24,83.23,278.45,0.6422,-1,-1,-1
280,29,818.23,379.69,56.94,204.53,0.3634,-1,-1,-1
280,26,229.42,420.92,58.59,179.43,0.4718,-1,-1,-1
280,25,554.19,415.28,66.20,207.27,0.6500,-1,-1,-1
280,18,388.57,457.74,80.64,231.01,0.6086,-1,-1,-1
280,11,941.85,78.54,61.27,178.32,0.4328,-1,-1,-1
280,8,466.08,405.01,66.72,212.93,0.7120,-1,-1,-1
280,6,209.50,583.34,65.29,242.39,0.5344,-1,-1,-1
280,5,1437.14,588.40,72.78,238.17,0.3337,-1,-1,-1
280,4,1720.76,459.00,72.95,209.49,0.5722,-1,-1,-1
280,3,941.73,924.43,86.59,153.22,0.7599,-1,-1,-1
280,1,463.34,144.54,66.82,199.97,0.3234,-1,-1,-1
281,41,752.97,340.81,56.53,181.61,0.3421,-1,-1,-1
281,39,1102.42,93.34,57.38,158.53,0.3382,-1,-1,-1
281,37,293.26,730.17,106.45,140.95,0.6484,-1,-1,-1
281,33,886.61,395.32,63.01,184.62,0.3181,-1,-1,-1
281,31,1028.22,100.69,62.03,175.37,0.4628,-1,-1,-1
281,30,280.03,798.33,83.82,277.25,0.6532,-1,-1,-1
281,29,818.91,380.45,57.32,199.51,0.3211,-1,-1,-1
281,26,228.49,419.01,61.37,187.32,0.4025,-1,-1,-1
281,25,553.65,418.01,65.00,206.72,0.6400,-1,-1,-1
281,18,390.65,457.04,77.83,230.04,0.6385,-1,-1,-1
281,11,941.30,77.51,60.61,178.41,0.4340,-1,-1,-1
281,8,465.17,405.29,66.39,213.23,0.6512,-1,-1,-1
281,6,208.94,580.62,70.86,250.64,0.5730,-1,-1,-1
281,5,1438.49,586.61,75.60,239.67,0.4650,-1,-1,-1
281,4,1719.72,459.86,74.42,208.79,0.5691,-1,-1,-1
281,3,941.22,923.56,86.69,154.66,0.7632,-1,-1,-1
281,1,463.59,143.94,66.96,200.32,0.3407,-1,-1,-1
282,41,756.04,341.92,56.88,177.48,0.4132,-1,-1,-1
282,39,1101.68,92.32,56.22,161.30,0.3526,-1,-1,-1
282,37,298.59,733.84,106.52,145.22,0.6510,-1,-1,-1
282,31,1025.87,99.62,62.51,174.78,0.4269,-1,-1,-1
282,30,281.72,800.20,84.09,276.08,0.7255,-1,-1,-1
282,29,819.98,382.42,58.02,184.54,0.3030,-1,-1,-1
282,26,228.18,416.18,61.85,191.26,0.4559,-1,-1,-1
282,25,552.44,419.34,64.57,204.24,0.6606,-1,-1,-1
282,18,390.41,455.48,76.26,228.65,0.6571,-1,-1,-1
282,11,940.07,77.72,61.72,177.71,0.4612,-1,-1,-1
282,8,465.74,406.06,64.36,210.98,0.6620,-1,-1,-1
282,6,216.57,585.40,63.46,243.09,0.6071,-1,-1,-1
282,5,1438.76,584.88,76.25,240.73,0.4946,-1,-1,-1
282,4,1719.76,460.51,73.66,209.05,0.6168,-1,-1,-1
282,3,940.58,923.87,87.33,153.83,0.7612,-1,-1,-1
282,1,463.81,143.27,67.67,201.02,0.3178,-1,-1,-1
283,41,759.81,343.90,56.93,175.22,0.3830,-1,-1,-1
283,39,1100.46,92.13,57.33,162.39,0.3741,-1,-1,-1
283,37,303.07,736.65,105.18,137.32,0.5674,-1,-1,-1
283,31,1023.38,98.48,63.07,175.37,0.4518,-1,-1,-1
283,30,282.93,799.17,85.16,277.23,0.7057,-1,-1,-1
283,29,819.52,382.93,58.92,197.62,0.3062,-1,-1,-1
283,26,228.57,414.92,61.87,183.13,0.4088,-1,-1,-1
283,25,553.21,421.09,61.54,206.05,0.6496,-1,-1,-1
283,18,388.68,451.24,78.62,231.92,0.6525,-1,-1,-1
283,11,940.71,79.59,58.33,170.62,0.4838,-1,-1,-1
283,8,465.99,407.52,64.47,212.72,0.6540,-1,-1,-1
283,6,219.20,583.98,64.64,245.25,0.5963,-1,-1,-1
283,5,1439.85,583.25,76.85,242.49,0.4685,-1,-1,-1
283,4,1720.71,459.42,73.38,209.51,0.6041,-1,-1,-1
283,3,940.72,923.66,87.52,153.92,0.7738,-1,-1,-1
283,1,464.05,144.51,67.96,199.45,0.3090,-1,-1,-1
284,41,763.57,345.78,57.45,174.94,0.3533,-1,-1,-1
284,39,1098.58,92.30,57.18,163.42,0.3392,-1,-1,-1
284,37,307.67,738.62,102.04,137.28,0.5649,-1,-1,-1
284,31,1021.11,96.92,63.21,178.05,0.4284,-1,-1,-1
284,30,282.70,800.78,86.95,276.48,0.7167,-1,-1,-1
284,26,228.85,412.50,59.91,176.15,0.3737,-1,-1,-1
284,25,552.22,423.52,63.26,210.04,0.6629,-1,-1,-1
284,18,391.84,449.27,74.78,232.59,0.6483,-1,-1,-1
284,11,940.85,79.05,59.04,171.88,0.4619,-1,-1,-1
284,8,464.55,409.32,67.03,216.56,0.6215,-1,-1,-1
284,6,223.45,579.04,63.95,255.71,0.5659,-1,-1,-1
284,5,1440.58,580.84,77.42,245.21,0.4534,-1,-1,-1
284,4,1720.19,460.20,74.10,208.80,0.5969,-1,-1,-1
284,3,938.66,922.77,89.46,155.13,0.7676,-1,-1,-1
284,1,462.81,143.06,67.55,200.13,0.3430,-1,-1,-1
285,41,766.10,350.27,59.84,188.59,0.3533,-1,-1,-1
285,39,1095.92,91.03,57.09,162.51,0.3303,-1,-1,-1
285,37,306.90,740.78,104.14,137.77,0.5574,-1,-1,-1
285,31,1019.67,97.19,66.71,176.37,0.4519,-1,-1,-1
285,30,283.66,801.93,88.04,275.47,0.6994,-1,-1,-1
285,29,824.38,383.98,57.60,205.00,0.3094,-1,-1,-1
285,26,227.30,413.24,63.34,186.27,0.3838,-1,-1,-1
285,25,551.24,423.88,61.13,211.60,0.6517,-1,-1,-1
285,18,392.08,448.25,74.00,232.07,0.6452,-1,-1,-1
285,11,940.50,79.36,60.96,174.46,0.4665,-1,-1,-1
285,8,464.71,409.86,66.54,218.68,0.6051,-1,-1,-1
285,6,227.27,579.07,63.88,255.03,0.5491,-1,-1,-1
285,5,1444.72,579.05,78.94,246.35,0.5650,-1,-1,-1
285,4,1720.52,460.39,74.22,208.10,0.5914,-1,-1,-1
285,3,937.91,922.21,89.55,155.23,0.7723,-1,-1,-1
285,1,463.05,143.27,65.21,200.02,0.3239,-1,-1,-1
286,39,1095.24,89.74,52.67,165.97,0.3440,-1,-1,-1
286,37,307.24,742.60,103.52,137.44,0.5544,-1,-1,-1
286,33,893.92,398.37,65.79,196.62,0.3613,-1,-1,-1
286,31,1018.51,97.29,59.13,178.72,0.4906,-1,-1,-1
286,30,283.88,804.26,91.85,272.24,0.7233,-1,-1,-1
286,29,825.68,386.20,57.17,204.85,0.3702,-1,-1,-1
286,26,229.17,411.49,62.20,202.34,0.3329,-1,-1,-1
286,25,548.33,425.16,63.49,211.66,0.6244,-1,-1,-1
286,18,392.12,445.70,73.46,230.87,0.6347,-1,-1,-1
286,11,940.40,78.73,60.93,175.10,0.4634,-1,-1,-1
286,8,464.10,411.05,66.72,224.38,0.6053,-1,-1,-1
286,6,231.42,577.63,63.48,256.89,0.5470,-1,-1,-1
286,5,1447.07,579.76,78.74,247.96,0.4795,-1,-1,-1
286,4,1721.03,459.94,72.83,208.55,0.6184,-1,-1,-1
286,3,939.91,921.94,86.29,155.83,0.7622,-1,-1,-1
286,1,463.08,144.72,62.69,197.09,0.3005,-1,-1,-1
287,39,1092.81,90.80,56.02,164.22,0.3661,-1,-1,-1
287,37,309.56,741.54,101.71,139.60,0.5582,-1,-1,-1
287,33,893.16,399.16,63.27,195.72,0.3728,-1,-1,-1
287,31,1018.07,96.90,59.82,178.06,0.4811,-1,-1,-1
287,30,285.25,809.00,93.91,266.37,0.7517,-1,-1,-1
287,29,822.31,392.24,71.76,204.71,0.3712,-1,-1,-1
287,26,229.62,412.20,62.71,213.42,0.3092,-1,-1,-1
287,25,544.49,425.61,65.81,210.98,0.6319,-1,-1,-1
287,18,392.23,443.89,73.92,223.23,0.6042,-1,-1,-1
287,11,939.92,78.06,61.46,177.15,0.4507,-1,-1,-1
287,8,464.15,412.24,65.75,224.80,0.5960,-1,-1,-1
287,6,232.85,580.19,64.31,254.39,0.5447,-1,-1,-1
287,5,1449.88,579.60,79.81,247.07,0.5470,-1,-1,-1
287,4,1720.46,459.63,73.28,209.16,0.6068,-1,-1,-1
287,3,939.47,922.16,86.04,155.82,0.7800,-1,-1,-1
287,1,461.56,143.63,64.65,198.20,0.3315,-1,-1,-1
288,39,1091.73,90.27,56.59,164.57,0.4101,-1,-1,-1
288,37,309.66,742.64,96.59,138.54,0.5782,-1,-1,-1
288,33,893.87,400.13,63.75,195.56,0.3706,-1,-1,-1
288,31,1017.72,95.87,59.63,176.35,0.5123,-1,-1,-1
288,30,286.23,812.19,94.83,266.73,0.7661,-1,-1,-1
288,29,824.41,394.63,72.17,202.83,0.4151,-1,-1,-1
288,26,230.47,410.92,62.64,199.54,0.3249,-1,-1,-1
288,25,542.22,426.24,67.20,210.27,0.6145,-1,-1,-1
288,18,393.28,441.28,72.35,221.46,0.6231,-1,-1,-1
288,11,938.50,74.39,58.81,176.22,0.5023,-1,-1,-1
288,8,461.69,407.62,66.48,228.88,0.5782,-1,-1,-1
288,6,233.06,579.25,67.38,255.48,0.5792,-1,-1,-1
288,5,1450.77,583.82,81.38,239.24,0.5275,-1,-1,-1
288,4,1720.59,460.14,73.01,208.39,0.6026,-1,-1,-1
288,3,940.59,921.65,83.88,156.03,0.7600,-1,-1,-1
288,1,462.65,144.38,66.63,196.86,0.3234,-1,-1,-1
289,41,782.78,351.31,55.96,192.77,0.3081,-1,-1,-1
289,39,1091.51,91.44,56.21,163.85,0.3941,-1,-1,-1
289,37,309.32,742.84,97.90,143.59,0.5943,-1,-1,-1
289,33,896.07,400.27,64.86,194.23,0.3241,-1,-1,-1
289,31,1016.30,94.76,62.42,177.73,0.4767,-1,-1,-1
289,30,289.20,812.24,95.69,266.75,0.7543,-1,-1,-1
289,29,825.59,394.34,70.51,202.88,0.3776,-1,-1,-1
289,26,232.25,409.26,60.67,183.64,0.4105,-1,-1,-1
289,25,540.38,427.11,68.22,209.99,0.6193,-1,-1,-1
289,18,393.35,439.20,72.64,221.08,0.6236,-1,-1,-1
289,11,938.11,73.60,57.61,175.25,0.5159,-1,-1,-1
289,8,461.90,411.96,65.18,227.51,0.6396,-1,-1,-1
289,6,234.68,580.39,69.25,253.17,0.5509,-1,-1,-1
289,5,1451.88,581.86,83.48,239.61,0.4919,-1,-1,-1
289,4,1719.77,458.93,74.36,210.97,0.5915,-1,-1,-1
289,3,941.18,921.01,80.87,156.49,0.7492,-1,-1,-1
289,1,462.87,143.64,64.32,198.28,0.3106,-1,-1,-1
290,41,787.16,353.11,52.62,189.56,0.3684,-1,-1,-1
290,39,1088.75,90.45,57.80,164.84,0.4081,-1,-1,-1
290,37,312.31,744.04,91.00,144.79,0.6312,-1,-1,-1
290,33,897.42,402.12,63.13,193.73,0.3320,-1,-1,-1
290,31,1015.54,93.79,61.31,177.99,0.4978,-1,-1,-1
290,30,290.67,816.16,97.17,263.84,0.7199,-1,-1,-1
290,29,825.45,394.90,75.08,203.71,0.4387,-1,-1,-1
290,26,234.13,408.99,59.19,181.62,0.4551,-1,-1,-1
290,25,539.37,427.08,68.18,209.73,0.6300,-1,-1,-1
290,18,388.81,437.37,77.10,225.24,0.6009,-1,-1,-1
290,11,938.19,72.24,55.98,175.64,0.5210,-1,-1,-1
290,8,460.09,411.60,66.56,231.34,0.6796,-1,-1,-1
290,6,236.27,581.93,67.64,252.71,0.5761,-1,-1,-1
290,5,1452.09,590.36,86.84,227.72,0.4023,-1,-1,-1
290,4,1720.26,459.51,73.96,209.22,0.5992,-1,-1,-1
290,3,941.82,920.09,78.38,156.81,0.7535,-1,-1,-1
291,41,790.16,353.39,56.69,194.95,0.4370,-1,-1,-1
291,39,1087.02,88.97,57.09,165.80,0.3653,-1,-1,-1
291,37,312.59,746.25,90.10,143.70,0.6181,-1,-1,-1
291,33,896.40,402.34,63.12,192.73,0.3259,-1,-1,-1
291,31,1014.93,92.90,61.08,177.83,0.4531,-1,-1,-1
291,30,293.10,820.71,95.57,259.29,0.7040,-1,-1,-1
291,29,830.58,398.72,67.02,203.20,0.3208,-1,-1,-1
291,26,233.02,408.43,61.00,181.87,0.4341,-1,-1,-1
291,25,536.57,427.90,69.01,209.23,0.6354,-1,-1,-1
291,18,384.63,435.42,81.56,227.57,0.5969,-1,-1,-1
291,11,938.11,70.84,56.01,178.78,0.5073,-1,-1,-1
291,8,460.44,412.73,66.49,230.77,0.6569,-1,-1,-1
291,6,238.59,580.79,67.94,254.24,0.5583,-1,-1,-1
291,5,1453.20,594.81,87.23,220.18,0.3740,-1,-1,-1
291,4,1721.65,459.95,73.13,208.73,0.5849,-1,-1,-1
291,3,942.06,919.72,77.41,157.01,0.7535,-1,-1,-1
292,41,790.34,350.76,57.95,204.55,0.3078,-1,-1,-1
292,39,1085.43,88.79,57.88,164.28,0.3721,-1,-1,-1
292,37,315.79,749.45,86.41,140.95,0.5284,-1,-1,-1
292,33,897.62,408.77,59.65,184.81,0.3526,-1,-1,-1
292,31,1013.87,92.84,61.43,177.42,0.4208,-1,-1,-1
292,30,295.43,827.91,99.92,250.50,0.6388,-1,-1,-1
292,29,832.05,398.13,64.10,206.98,0.4409,-1,-1,-1
292,26,232.42,407.64,60.63,184.15,0.4539,-1,-1,-1
292,25,537.72,429.90,68.40,207.18,0.6525,-1,-1,-1
292,18,383.72,435.48,81.48,227.99,0.5705,-1,-1,-1
292,11,937.87,69.83,56.69,175.01,0.5262,-1,-1,-1
292,8,460.61,414.39,66.31,229.92,0.5968,-1,-1,-1
292,6,240.76,581.26,73.40,252.84,0.5465,-1,-1,-1
292,5,1464.06,599.93,79.05,223.12,0.4207,-1,-1,-1
292,4,1719.87,460.71,74.66,208.42,0.5782,-1,-1,-1
292,3,942.23,919.72,75.73,157.54,0.7396,-1,-1,-1
292,1,457.58,139.69,61.29,195.07,0.3082,-1,-1,-1
293,39,1084.63,88.09,56.64,164.76,0.3250,-1,-1,-1
293,37,315.32,752.07,86.30,136.07,0.4064,-1,-1,-1
293,33,896.50,412.96,62.34,181.87,0.3423,-1,-1,-1
293,31,1012.64,92.06,61.86,178.98,0.3502,-1,-1,-1
293,30,296.05,832.36,92.83,245.13,0.6655,-1,-1,-1
293,29,832.30,398.45,64.61,205.71,0.3864,-1,-1,-1
293,26,231.88,406.09,60.96,183.92,0.5320,-1,-1,-1
293,25,535.50,432.67,69.02,206.23,0.6788,-1,-1,-1
293,18,381.29,433.29,83.40,228.94,0.5399,-1,-1,-1
293,11,938.24,68.64,56.09,172.05,0.4574,-1,-1,-1
293,8,460.08,415.14,67.86,226.76,0.5789,-1,-1,-1
293,6,242.23,582.04,82.73,253.70,0.5522,-1,-1,-1
293,5,1463.10,597.93,85.01,226.76,0.4391,-1,-1,-1
293,4,1720.88,460.86,73.28,207.73,0.5612,-1,-1,-1
293,3,942.62,918.43,71.26,159.41,0.7357,-1,-1,-1
294,43,326.34,753.81,82.47,260.49,0.3935,-1,-1,-1
294,41,794.87,355.75,62.03,214.73,0.3098,-1,-1,-1
294,39,1083.01,87.82,57.79,164.42,0.4089,-1,-1,-1
294,37,326.28,755.73,75.66,135.82,0.4974,-1,-1,-1
294,33,896.78,413.55,62.31,181.57,0.3590,-1,-1,-1
294,31,1012.01,91.52,59.10,177.34,0.3570,-1,-1,-1
294,30,298.11,836.92,91.51,241.31,0.7191,-1,-1,-1
294,29,834.17,400.85,63.01,204.05,0.3705,-1,-1,-1
294,26,232.14,404.71,60.97,180.27,0.5104,-1,-1,-1
294,25,535.57,434.59,69.10,209.46,0.6737,-1,-1,-1
294,18,379.01,433.25,84.65,230.28,0.5556,-1,-1,-1
294,11,938.75,67.33,54.19,170.70,0.4327,-1,-1,-1
294,8,459.07,415.48,69.20,226.48,0.6217,-1,-1,-1
294,6,242.75,582.75,87.92,253.32,0.6085,-1,-1,-1
294,5,1455.61,593.48,94.73,231.16,0.5253,-1,-1,-1
294,4,1720.11,459.46,74.54,210.21,0.5845,-1,-1,-1
294,3,942.50,917.78,67.56,160.43,0.7533,-1,-1,-1
294,1,457.65,137.63,61.52,191.99,0.3339,-1,-1,-1
295,43,328.18,757.91,84.43,253.89,0.4057,-1,-1,-1
295,42,787.01,150.83,68.17,170.91,0.3037,-1,-1,-1
295,39,1081.62,86.64,56.63,166.17,0.4010,-1,-1,-1
295,37,328.59,760.02,75.48,138.51,0.5066,-1,-1,-1
295,33,896.48,411.21,62.27,185.98,0.3723,-1,-1,-1
295,31,1011.08,91.80,58.27,178.72,0.3921,-1,-1,-1
295,30,300.66,840.03,89.73,239.36,0.7003,-1,-1,-1
295,29,833.29,401.61,63.99,203.00,0.3745,-1,-1,-1
295,26,231.47,401.40,60.63,184.21,0.4393,-1,-1,-1
295,25,534.16,436.38,68.70,210.60,0.6699,-1,-1,-1
295,18,376.00,433.70,87.72,230.81,0.5365,-1,-1,-1
295,11,937.60,67.14,54.50,173.20,0.4049,-1,-1,-1
295,8,459.54,416.02,68.36,224.37,0.6009,-1,-1,-1
295,6,242.91,582.94,92.44,252.15,0.6484,-1,-1,-1
295,5,1457.54,595.47,93.88,228.40,0.4853,-1,-1,-1
295,4,1719.75,460.33,74.64,209.24,0.5886,-1,-1,-1
295,3,941.39,916.46,66.37,162.26,0.7396,-1,-1,-1
295,1,458.46,137.97,60.29,191.21,0.3081,-1,-1,-1
296,42,786.95,151.71,68.75,171.08,0.3209,-1,-1,-1
296,39,1080.33,86.53,56.69,165.22,0.4088,-1,-1,-1
296,37,329.05,761.92,78.08,139.22,0.4921,-1,-1,-1
296,33,896.37,411.69,62.80,191.99,0.4579,-1,-1,-1
296,31,1010.34,90.89,57.29,179.47,0.4056,-1,-1,-1
296,30,301.96,842.76,91.11,236.35,0.7255,-1,-1,-1
296,29,832.65,401.49,63.40,203.76,0.4096,-1,-1,-1
296,26,231.70,400.66,62.44,181.48,0.5077,-1,-1,-1
296,25,535.15,439.03,67.30,205.35,0.6740,-1,-1,-1
296,18,376.46,431.19,85.69,232.84,0.5342,-1,-1,-1
296,11,937.58,65.98,54.06,172.21,0.4515,-1,-1,-1
296,8,458.06,419.18,71.31,222.82,0.6248,-1,-1,-1
296,6,243.47,583.46,91.16,251.48,0.6710,-1,-1,-1
296,5,1459.97,598.71,95.98,226.68,0.4934,-1,-1,-1
296,4,1720.28,460.02,73.67,209.13,0.5955,-1,-1,-1
296,3,941.28,915.66,63.35,162.71,0.7561,-1,-1,-1
297,42,789.33,151.04,67.12,170.86,0.3281,-1,-1,-1
297,39,1079.11,87.27,56.75,163.79,0.3425,-1,-1,-1
297,37,331.63,765.47,77.38,139.88,0.5168,-1,-1,-1
297,33,894.97,412.70,64.49,196.13,0.4661,-1,-1,-1
297,31,1009.28,90.41,57.69,179.90,0.3721,-1,-1,-1
297,30,303.25,842.71,91.55,236.96,0.7409,-1,-1,-1
297,29,833.27,400.49,62.68,208.44,0.3726,-1,-1,-1
297,26,233.42,400.08,61.07,183.25,0.5714,-1,-1,-1
297,25,535.04,441.19,65.05,205.43,0.6665,-1,-1,-1
297,18,376.90,430.03,84.58,233.52,0.5012,-1,-1,-1
297,11,936.77,64.80,54.47,174.25,0.4155,-1,-1,-1
297,8,457.47,419.56,69.01,221.58,0.6301,-1,-1,-1
297,6,244.95,585.36,90.90,250.27,0.6618,-1,-1,-1
297,5,1461.10,596.10,100.78,230.26,0.5440,-1,-1,-1
297,4,1719.64,460.46,73.76,208.83,0.5756,-1,-1,-1
297,3,941.26,914.96,62.43,164.27,0.7559,-1,-1,-1
298,39,1077.63,85.84,57.72,165.54,0.3685,-1,-1,-1
298,37,333.91,767.53,79.06,144.63,0.5770,-1,-1,-1
298,33,894.81,414.53,65.20,197.87,0.4875,-1,-1,-1
298,31,1010.46,92.58,57.51,173.44,0.3666,-1,-1,-1
298,30,304.58,844.57,93.11,235.43,0.7523,-1,-1,-1
298,29,830.54,400.03,66.60,210.58,0.3240,-1,-1,-1
298,26,234.47,398.56,61.09,185.02,0.5572,-1,-1,-1
298,25,535.05,443.00,64.90,201.48,0.6479,-1,-1,-1
298,18,376.29,429.88,84.67,229.02,0.5243,-1,-1,-1
298,11,936.57,64.27,55.76,171.86,0.4242,-1,-1,-1
298,8,456.90,419.84,68.82,221.49,0.6303,-1,-1,-1
298,6,245.70,584.73,90.27,249.76,0.6280,-1,-1,-1
298,5,1462.85,598.83,103.62,229.65,0.5540,-1,-1,-1
298,4,1721.19,461.01,73.15,207.95,0.5996,-1,-1,-1
298,3,940.68,914.57,63.11,165.20,0.7687,-1,-1,-1
299,39,1074.44,83.60,57.45,170.29,0.3209,-1,-1,-1
299,37,339.52,770.77,77.70,144.69,0.6277,-1,-1,-1
299,33,894.78,415.65,64.69,197.00,0.5023,-1,-1,-1
299,31,1009.61,88.14,56.98,184.24,0.3995,-1,-1,-1
299,30,305.41,845.75,93.54,234.25,0.7641,-1,-1,-1
299,26,233.56,397.70,61.77,183.91,0.5951,-1,-1,-1
299,25,535.54,444.36,63.81,203.62,0.6516,-1,-1,-1
299,18,378.00,428.42,82.38,227.83,0.5592,-1,-1,-1
299,11,936.46,63.94,56.55,170.92,0.4305,-1,-1,-1
299,8,456.81,421.11,68.34,224.05,0.6464,-1,-1,-1
299,6,248.90,583.42,87.75,250.64,0.6829,-1,-1,-1
299,5,1462.57,591.76,104.37,237.42,0.5895,-1,-1,-1
299,4,1720.51,461.63,73.42,207.44,0.5952,-1,-1,-1
299,3,940.00,913.60,61.84,165.42,0.7748,-1,-1,-1
300,37,344.57,772.57,75.62,146.68,0.6383,-1,-1,-1
300,33,895.86,416.44,62.87,198.01,0.4480,-1,-1,-1
300,31,1008.64,86.14,56.56,185.66,0.4005,-1,-1,-1
300,30,307.02,846.44,94.69,233.56,0.7498,-1,-1,-1
300,26,233.97,397.85,60.24,183.96,0.5750,-1,-1,-1
300,25,534.88,445.62,64.32,204.75,0.6557,-1,-1,-1
300,18,380.37,425.69,79.97,223.42,0.5439,-1,-1,-1
300,11,935.53,63.19,56.83,173.32,0.4551,-1,-1,-1
300,8,456.38,423.74,68.42,224.18,0.6617,-1,-1,-1
300,6,249.78,583.32,89.48,249.45,0.6895,-1,-1,-1
300,5,1464.27,589.45,104.38,240.13,0.5963,-1,-1,-1
300,4,1721.92,460.59,72.04,208.54,0.5807,-1,-1,-1
300,3,940.27,914.18,60.39,164.82,0.7696,-1,-1,-1
301,37,346.87,774.51,77.41,142.96,0.5974,-1,-1,-1
301,33,895.66,416.96,62.63,196.18,0.4670,-1,-1,-1
301,31,1008.21,85.03,57.44,184.51,0.4183,-1,-1,-1
301,30,307.35,847.20,95.60,232.80,0.7489,-1,-1,-1
301,29,824.21,404.23,76.73,204.58,0.3055,-1,-1,-1
301,26,234.49,397.07,59.31,184.51,0.5645,-1,-1,-1
301,25,535.25,445.95,63.81,206.96,0.6671,-1,-1,-1
301,18,383.08,422.33,76.69,224.45,0.5512,-1,-1,-1
301,11,934.72,63.14,57.39,174.34,0.4821,-1,-1,-1
301,8,456.50,427.76,67.94,221.37,0.6715,-1,-1,-1
301,6,251.52,581.13,89.45,250.88,0.6660,-1,-1,-1
301,5,1465.91,586.82,104.06,244.67,0.6005,-1,-1,-1
301,4,1721.12,460.91,72.63,207.82,0.5919,-1,-1,-1
301,3,941.78,914.28,57.54,165.04,0.7693,-1,-1,-1
302,41,830.97,407.49,73.08,213.63,0.4361,-1,-1,-1
302,37,348.39,775.47,82.07,148.32,0.6332,-1,-1,-1
302,33,895.16,419.06,62.74,198.68,0.5523,-1,-1,-1
302,31,1006.26,85.30,58.91,178.37,0.4283,-1,-1,-1
302,30,309.28,847.18,97.97,232.82,0.7381,-1,-1,-1
302,26,233.35,396.65,59.77,185.55,0.5497,-1,-1,-1
302,25,535.03,446.71,63.72,204.69,0.6401,-1,-1,-1
302,18,386.78,422.19,72.23,218.19,0.5318,-1,-1,-1
302,11,934.24,62.23,57.18,174.18,0.4793,-1,-1,-1
302,8,456.30,429.32,67.77,221.75,0.6197,-1,-1,-1
302,6,254.16,580.33,88.96,252.35,0.6766,-1,-1,-1
302,5,1469.13,589.93,101.12,240.99,0.5663,-1,-1,-1
302,4,1721.66,459.82,72.33,209.82,0.5722,-1,-1,-1
302,3,941.78,912.19,56.48,167.81,0.7518,-1,-1,-1
303,41,836.63,409.58,64.58,215.37,0.4760,-1,-1,-1
303,39,1070.80,80.69,55.72,171.01,0.3438,-1,-1,-1
303,37,350.53,776.30,87.07,150.46,0.6873,-1,-1,-1
303,33,895.45,421.46,60.76,194.59,0.5198,-1,-1,-1
303,31,1006.26,85.51,58.61,173.86,0.4683,-1,-1,-1
303,30,311.59,847.92,97.84,232.08,0.7381,-1,-1,-1
303,26,233.82,395.34,59.10,187.40,0.5517,-1,-1,-1
303,25,534.79,447.22,64.63,208.96,0.6541,-1,-1,-1
303,18,387.94,415.21,70.22,218.01,0.5974,-1,-1,-1
303,11,933.81,62.94,57.19,169.20,0.4930,-1,-1,-1
303,8,456.29,430.61,65.81,221.32,0.6295,-1,-1,-1
303,6,258.45,579.21,88.16,253.88,0.6385,-1,-1,-1
303,5,1472.35,585.21,100.56,245.92,0.4843,-1,-1,-1
303,4,1721.27,460.06,72.52,209.43,0.5830,-1,-1,-1
303,3,940.48,913.02,56.70,166.98,0.7241,-1,-1,-1
304,41,830.25,403.45,80.70,217.98,0.4786,-1,-1,-1
304,39,1068.56,81.28,56.62,169.21,0.3091,-1,-1,-1
304,37,354.72,777.41,88.30,152.92,0.6167,-1,-1,-1
304,33,898.14,420.72,57.61,196.05,0.4861,-1,-1,-1
304,31,1006.28,85.31,57.79,174.60,0.4763,-1,-1,-1
304,30,312.54,849.56,98.61,230.44,0.7474,-1,-1,-1
304,26,234.89,393.83,58.89,188.68,0.5433,-1,-1,-1
304,25,534.33,448.03,65.16,206.96,0.6425,-1,-1,-1
304,18,388.74,411.78,69.40,221.84,0.5725,-1,-1,-1
304,11,935.41,62.43,55.09,174.34,0.5339,-1,-1,-1
304,8,455.29,432.51,65.25,219.58,0.6324,-1,-1,-1
304,6,265.17,580.03,84.31,251.08,0.6160,-1,-1,-1
304,5,1474.51,581.06,99.82,250.87,0.5025,-1,-1,-1
304,4,1721.55,459.98,72.60,210.41,0.5905,-1,-1,-1
304,3,939.11,911.85,58.72,168.15,0.7402,-1,-1,-1
305,41,836.00,404.09,73.50,223.13,0.5170,-1,-1,-1
305,37,354.79,778.64,93.95,158.43,0.6138,-1,-1,-1
305,33,899.73,419.53,55.50,196.24,0.4624,-1,-1,-1
305,31,1005.43,85.55,59.33,170.90,0.4897,-1,-1,-1
305,30,316.13,851.55,97.20,228.45,0.7613,-1,-1,-1
305,26,233.44,390.58,59.05,192.71,0.5357,-1,-1,-1
305,25,534.19,448.51,65.32,208.31,0.6385,-1,-1,-1
305,18,389.64,408.84,69.15,223.60,0.5620,-1,-1,-1
305,11,934.84,62.12,55.38,173.37,0.4927,-1,-1,-1
305,8,454.33,435.24,65.36,219.06,0.6627,-1,-1,-1
305,6,275.09,581.44,77.38,248.34,0.5990,-1,-1,-1
305,5,1476.04,587.91,98.88,245.45,0.4534,-1,-1,-1
305,4,1720.73,460.43,72.59,209.26,0.5762,-1,-1,-1
305,3,936.95,909.71,60.87,170.29,0.7406,-1,-1,-1
306,41,832.45,403.85,77.88,220.17,0.5006,-1,-1,-1
306,37,356.95,780.26,95.46,152.06,0.6553,-1,-1,-1
306,33,897.87,423.16,57.77,191.55,0.4342,-1,-1,-1
306,31,1003.87,84.85,60.81,170.04,0.5223,-1,-1,-1
306,30,319.56,858.97,91.84,221.03,0.7690,-1,-1,-1
306,26,232.18,389.29,60.61,194.30,0.5649,-1,-1,-1
306,25,533.05,449.08,65.71,203.59,0.6218,-1,-1,-1
306,18,389.54,408.02,68.60,222.70,0.5313,-1,-1,-1
306,11,934.57,59.30,57.66,175.65,0.4716,-1,-1,-1
306,8,453.18,436.39,64.53,219.26,0.6821,-1,-1,-1
306,6,286.86,582.00,70.56,247.40,0.5436,-1,-1,-1
306,5,1480.31,589.09,97.90,245.18,0.5165,-1,-1,-1
306,4,1720.97,460.73,72.70,208.86,0.5687,-1,-1,-1
306,3,935.23,909.14,64.56,170.81,0.7182,-1,-1,-1
307,42,794.70,104.02,73.88,218.56,0.3702,-1,-1,-1
307,37,358.56,781.71,100.09,155.10,0.6473,-1,-1,-1
307,33,898.61,425.76,57.01,189.93,0.3656,-1,-1,-1
307,31,1003.48,83.31,59.91,169.96,0.5635,-1,-1,-1
307,30,319.73,862.06,94.62,217.94,0.7755,-1,-1,-1
307,29,833.86,407.15,76.91,217.10,0.3527,-1,-1,-1
307,26,232.53,387.58,59.63,193.01,0.5266,-1,-1,-1
307,25,532.27,449.43,65.52,205.44,0.6415,-1,-1,-1
307,18,391.39,408.02,67.88,222.38,0.5570,-1,-1,-1
307,11,934.72,59.52,56.75,173.94,0.4958,-1,-1,-1
307,8,450.93,438.76,65.53,217.33,0.6757,-1,-1,-1
307,6,296.55,580.75,69.65,245.19,0.5695,-1,-1,-1
307,5,1482.75,589.09,95.96,245.14,0.5470,-1,-1,-1
307,4,1720.89,459.56,73.06,210.15,0.5595,-1,-1,-1
307,3,933.99,908.01,66.44,171.83,0.7119,-1,-1,-1
308,42,793.73,104.23,73.45,218.57,0.3291,-1,-1,-1
308,39,1064.53,82.42,55.77,166.26,0.3175,-1,-1,-1
308,37,360.62,784.94,103.96,155.90,0.6934,-1,-1,-1
308,33,894.69,428.11,57.80,187.40,0.3305,-1,-1,-1
308,31,1002.22,82.87,61.20,172.54,0.6041,-1,-1,-1
308,30,322.04,867.59,95.24,212.41,0.7753,-1,-1,-1
308,29,833.55,413.96,78.47,211.55,0.3539,-1,-1,-1
308,26,229.88,385.84,62.40,190.54,0.5575,-1,-1,-1
308,25,529.79,451.64,67.89,204.12,0.6571,-1,-1,-1
308,18,390.66,406.66,70.13,224.37,0.5705,-1,-1,-1
308,11,935.50,55.89,55.54,169.03,0.5064,-1,-1,-1
308,8,449.81,440.69,64.32,215.26,0.6790,-1,-1,-1
308,6,304.36,580.25,70.34,244.10,0.6439,-1,-1,-1
308,5,1484.08,593.62,95.14,241.06,0.6302,-1,-1,-1
308,4,1721.20,459.05,72.56,210.45,0.5808,-1,-1,-1
308,3,931.72,908.06,69.39,171.94,0.7209,-1,-1,-1
309,42,793.49,104.21,73.51,218.89,0.3716,-1,-1,-1
309,37,364.74,790.55,105.77,151.76,0.6760,-1,-1,-1
309,31,1002.35,81.32,61.12,176.10,0.6234,-1,-1,-1
309,30,324.36,872.11,93.35,207.89,0.7802,-1,-1,-1
309,29,837.33,417.62,68.42,211.24,0.3831,-1,-1,-1
309,26,230.35,383.56,62.00,188.88,0.5283,-1,-1,-1
309,25,528.73,455.17,68.07,207.96,0.6705,-1,-1,-1
309,18,390.28,407.46,71.28,221.96,0.5209,-1,-1,-1
309,11,935.34,52.74,54.35,170.16,0.4842,-1,-1,-1
309,8,447.73,441.80,64.64,216.54,0.6596,-1,-1,-1
309,6,308.29,579.68,76.83,248.39,0.6485,-1,-1,-1
309,5,1486.11,589.15,95.37,245.30,0.5929,-1,-1,-1
309,4,1720.73,458.39,72.73,211.63,0.5735,-1,-1,-1
309,3,930.04,907.29,71.35,172.64,0.7368,-1,-1,-1
310,42,794.09,104.28,71.94,219.20,0.3229,-1,-1,-1
310,39,1064.24,83.09,55.66,164.27,0.3327,-1,-1,-1
310,37,366.32,794.74,106.42,149.56,0.6772,-1,-1,-1
310,31,1001.10,79.99,62.12,176.44,0.6478,-1,-1,-1
310,30,327.40,873.47,93.34,206.53,0.7566,-1,-1,-1
310,26,231.37,380.43,58.79,185.79,0.5567,-1,-1,-1
310,25,527.99,456.19,67.92,210.70,0.6984,-1,-1,-1
310,18,392.11,406.24,68.67,226.76,0.5017,-1,-1,-1
310,11,934.41,50.49,55.78,171.35,0.5422,-1,-1,-1
310,8,447.72,438.13,63.27,223.14,0.6519,-1,-1,-1
310,6,311.90,579.45,79.49,249.82,0.6942,-1,-1,-1
310,5,1487.36,587.91,96.22,245.25,0.5556,-1,-1,-1
310,4,1720.79,458.36,72.42,210.60,0.5750,-1,-1,-1
310,3,928.16,907.95,74.18,172.05,0.7483,-1,-1,-1
310,1,464.87,128.89,56.40,190.24,0.3100,-1,-1,-1
311,42,794.46,103.27,71.01,220.05,0.3388,-1,-1,-1
311,37,367.82,799.03,108.09,146.32,0.6622,-1,-1,-1
311,31,1000.41,79.96,62.51,175.16,0.6266,-1,-1,-1
311,30,330.15,876.30,95.32,203.70,0.7339,-1,-1,-1
311,29,834.63,422.96,69.76,192.80,0.3110,-1,-1,-1
311,26,232.11,378.92,57.34,186.42,0.5299,-1,-1,-1
311,25,527.64,457.50,67.02,212.79,0.6759,-1,-1,-1
311,18,391.51,408.03,70.20,223.36,0.4722,-1,-1,-1
311,11,933.73,49.37,55.93,171.56,0.5087,-1,-1,-1
311,8,445.57,439.70,64.40,222.25,0.6842,-1,-1,-1
311,6,315.16,579.83,82.90,247.38,0.7417,-1,-1,-1
311,5,1488.16,589.41,102.66,243.93,0.5832,-1,-1,-1
311,4,1720.75,458.29,72.78,210.62,0.5783,-1,-1,-1
311,3,927.64,907.15,74.78,172.85,0.7625,-1,-1,-1
312,42,792.50,103.75,70.34,218.92,0.3413,-1,-1,-1
312,37,367.14,801.60,108.52,148.30,0.6513,-1,-1,-1
312,31,1000.34,80.19,63.34,174.42,0.6073,-1,-1,-1
312,30,333.27,879.14,97.06,200.86,0.7442,-1,-1,-1
312,26,231.24,375.96,58.30,188.30,0.5372,-1,-1,-1
312,25,527.30,461.14,66.96,216.17,0.6739,-1,-1,-1
312,18,392.35,408.13,68.96,220.90,0.4320,-1,-1,-1
312,11,933.76,48.89,56.61,172.35,0.5143,-1,-1,-1
312,8,444.18,442.14,64.57,221.50,0.6668,-1,-1,-1
312,6,316.96,581.71,90.07,243.64,0.7537,-1,-1,-1
312,5,1489.50,593.39,101.80,238.70,0.6264,-1,-1,-1
312,4,1721.46,458.93,72.37,209.51,0.5817,-1,-1,-1
312,3,927.78,905.91,74.79,174.09,0.7517,-1,-1,-1
312,1,462.76,127.61,60.62,188.55,0.3059,-1,-1,-1
313,37,368.19,805.18,108.71,146.78,0.6929,-1,-1,-1
313,31,1000.62,80.67,62.20,172.92,0.5993,-1,-1,-1
313,30,336.86,882.81,99.62,197.19,0.7359,-1,-1,-1
313,26,231.07,374.68,58.28,189.44,0.5227,-1,-1,-1
313,25,527.62,463.67,66.16,214.58,0.6592,-1,-1,-1
313,18,393.24,406.05,68.24,224.65,0.4085,-1,-1,-1
313,11,933.68,48.11,55.80,172.90,0.5205,-1,-1,-1
313,8,441.87,447.67,65.15,221.94,0.6858,-1,-1,-1
313,6,316.62,584.54,96.85,240.59,0.7642,-1,-1,-1
313,5,1491.49,598.75,103.65,234.00,0.6175,-1,-1,-1
313,4,1722.31,457.69,71.84,210.49,0.5767,-1,-1,-1
313,3,927.39,905.46,75.65,174.54,0.7549,-1,-1,-1
313,1,463.64,123.48,60.47,191.17,0.3262,-1,-1,-1
314,37,369.36,808.42,110.55,148.12,0.6970,-1,-1,-1
314,31,1000.33,80.04,59.11,173.07,0.5512,-1,-1,-1
314,30,341.10,886.82,96.31,193.18,0.7245,-1,-1,-1
314,29,831.32,425.92,71.24,202.00,0.3154,-1,-1,-1
314,26,230.40,374.29,59.05,189.46,0.5528,-1,-1,-1
314,25,527.20,464.74,65.82,215.53,0.6575,-1,-1,-1
314,18,393.24,404.12,65.91,224.27,0.3840,-1,-1,-1
314,11,932.19,47.36,57.55,173.04,0.5235,-1,-1,-1
314,8,440.43,447.32,65.85,221.81,0.6997,-1,-1,-1
314,6,316.50,585.04,99.97,240.24,0.7642,-1,-1,-1
314,5,1494.78,599.89,101.34,233.48,0.5484,-1,-1,-1
314,4,1722.88,457.90,71.06,211.26,0.5739,-1,-1,-1
314,3,927.56,905.29,76.73,174.71,0.7554,-1,-1,-1
314,1,458.74,126.09,64.98,186.62,0.3019,-1,-1,-1
315,37,370.85,808.19,109.37,148.54,0.6414,-1,-1,-1
315,33,883.24,371.86,71.25,154.61,0.4120,-1,-1,-1
315,31,999.54,79.61,58.21,174.12,0.5357,-1,-1,-1
315,30,343.08,889.24,97.00,190.76,0.7273,-1,-1,-1
315,26,229.80,374.09,61.25,189.38,0.5637,-1,-1,-1
315,25,527.66,466.52,62.41,215.92,0.6693,-1,-1,-1
315,11,931.87,46.83,57.35,173.48,0.5311,-1,-1,-1
315,8,437.82,447.79,67.93,221.77,0.7304,-1,-1,-1
315,6,316.27,585.42,108.34,240.51,0.7693,-1,-1,-1
315,5,1498.13,602.37,96.14,231.07,0.5579,-1,-1,-1
315,4,1722.30,457.70,71.44,211.57,0.5547,-1,-1,-1
315,3,926.15,905.01,77.51,174.99,0.7592,-1,-1,-1
316,37,372.75,809.02,107.17,153.16,0.6638,-1,-1,-1
316,33,887.21,374.01,65.12,161.87,0.3392,-1,-1,-1
316,31,999.44,80.59,57.66,174.07,0.5942,-1,-1,-1
316,30,345.18,892.23,95.14,187.77,0.7154,-1,-1,-1
316,26,230.24,373.10,62.07,188.95,0.5838,-1,-1,-1
316,25,526.61,469.52,62.06,219.52,0.6475,-1,-1,-1
316,11,931.56,46.49,58.67,171.79,0.5317,-1,-1,-1
316,8,436.09,449.23,68.67,222.61,0.7150,-1,-1,-1
316,6,317.37,585.27,112.55,239.71,0.7697,-1,-1,-1
316,5,1502.47,601.94,92.40,233.15,0.6161,-1,-1,-1
316,4,1721.65,458.46,72.45,211.85,0.5329,-1,-1,-1
316,3,926.49,905.46,77.14,174.54,0.7542,-1,-1,-1
317,41,893.59,440.83,65.12,191.87,0.3049,-1,-1,-1
317,39,1050.87,82.40,59.56,163.46,0.3003,-1,-1,-1
317,37,375.07,813.21,102.98,150.82,0.5635,-1,-1,-1
317,31,996.98,79.48,58.46,173.76,0.5707,-1,-1,-1
317,30,346.46,887.55,94.08,192.45,0.7233,-1,-1,-1
317,26,230.19,372.47,61.62,187.74,0.5717,-1,-1,-1
317,25,523.40,472.32,63.75,219.12,0.6927,-1,-1,-1
317,18,396.68,393.78,61.69,221.18,0.3272,-1,-1,-1
317,11,931.03,45.86,59.10,172.92,0.5148,-1,-1,-1
317,8,433.86,449.52,68.82,218.61,0.7120,-1,-1,-1
317,6,317.34,584.53,115.78,242.17,0.7698,-1,-1,-1
317,5,1507.96,612.15,85.23,223.48,0.5588,-1,-1,-1
317,4,1721.73,458.17,72.43,211.93,0.5641,-1,-1,-1
317,3,926.61,906.04,77.88,173.96,0.7524,-1,-1,-1
317,1,457.86,121.09,66.81,190.62,0.3003,-1,-1,-1
318,37,376.91,812.01,99.31,154.58,0.6272,-1,-1,-1
318,31,994.28,78.12,60.72,174.64,0.5958,-1,-1,-1
318,30,349.50,889.17,95.73,190.83,0.7071,-1,-1,-1
318,26,231.06,371.93,59.75,186.12,0.5601,-1,-1,-1
318,25,521.51,471.36,64.76,217.77,0.6656,-1,-1,-1
318,11,931.11,45.27,60.05,173.95,0.5129,-1,-1,-1
318,8,433.93,451.45,68.46,218.79,0.7241,-1,-1,-1
318,6,319.50,585.20,111.39,240.80,0.7561,-1,-1,-1
318,5,1511.94,600.46,85.02,237.44,0.5667,-1,-1,-1
318,4,1721.85,458.57,72.36,210.93,0.5710,-1,-1,-1
318,3,926.35,905.65,77.95,174.35,0.7456,-1,-1,-1
319,39,1049.16,83.89,59.09,159.30,0.3012,-1,-1,-1
319,37,378.47,812.16,96.74,156.29,0.6723,-1,-1,-1
319,33,896.50,377.96,64.23,255.88,0.3372,-1,-1,-1
319,31,993.74,77.04,60.27,174.91,0.5780,-1,-1,-1
319,30,350.86,890.92,96.53,189.08,0.7008,-1,-1,-1
319,29,836.04,431.31,65.69,204.87,0.4219,-1,-1,-1
319,26,231.72,370.89,59.22,189.17,0.5898,-1,-1,-1
319,25,516.42,468.67,70.36,217.78,0.6753,-1,-1,-1
319,11,930.17,43.56,59.68,173.07,0.4965,-1,-1,-1
319,8,433.32,455.40,68.94,218.71,0.7253,-1,-1,-1
319,6,319.80,583.75,112.75,242.16,0.7529,-1,-1,-1
319,5,1515.72,601.49,81.61,238.10,0.5144,-1,-1,-1
319,4,1723.19,459.20,70.36,210.51,0.5789,-1,-1,-1
319,3,927.94,905.83,76.22,174.17,0.7319,-1,-1,-1
320,37,379.94,813.54,93.31,151.25,0.6427,-1,-1,-1
320,31,992.63,78.24,60.09,173.93,0.5754,-1,-1,-1
320,30,352.54,895.65,99.38,184.35,0.7051,-1,-1,-1
320,29,834.77,432.92,69.21,201.09,0.5107,-1,-1,-1
320,26,232.70,370.72,58.55,188.64,0.5843,-1,-1,-1
320,25,514.11,470.32,70.47,218.77,0.6947,-1,-1,-1
320,11,929.15,41.68,60.77,176.24,0.5036,-1,-1,-1
320,8,433.29,461.13,69.03,215.63,0.7187,-1,-1,-1
320,6,323.68,583.40,112.14,240.60,0.7204,-1,-1,-1
320,5,1517.57,603.45,80.57,232.84,0.3640,-1,-1,-1
320,4,1722.57,458.53,71.47,210.45,0.6019,-1,-1,-1
320,3,930.59,906.28,74.14,173.72,0.7356,-1,-1,-1
321,37,384.22,816.39,87.44,148.79,0.6005,-1,-1,-1
321,31,991.38,77.40,62.63,175.28,0.5977,-1,-1,-1
321,30,355.21,898.54,102.24,181.46,0.7175,-1,-1,-1
321,29,833.31,432.18,78.40,206.92,0.4893,-1,-1,-1
321,26,233.98,370.36,56.82,188.04,0.5606,-1,-1,-1
321,25,512.61,470.59,70.18,220.56,0.6686,-1,-1,-1
321,11,929.01,39.13,64.64,180.04,0.4817,-1,-1,-1
321,8,429.44,458.40,71.30,228.02,0.6417,-1,-1,-1
321,6,326.13,582.19,106.07,241.81,0.6803,-1,-1,-1
321,4,1722.00,458.77,71.75,210.87,0.5723,-1,-1,-1
321,3,930.07,907.47,74.32,172.25,0.7303,-1,-1,-1
322,39,1047.68,78.91,50.12,157.77,0.3316,-1,-1,-1
322,37,389.55,817.14,82.13,149.69,0.5596,-1,-1,-1
322,33,908.42,376.25,54.06,164.15,0.3712,-1,-1,-1
322,31,990.44,76.03,60.58,174.69,0.6150,-1,-1,-1
322,30,357.19,904.03,99.14,175.97,0.7082,-1,-1,-1
322,29,832.26,432.30,83.55,209.65,0.5745,-1,-1,-1
322,26,235.08,367.96,55.96,189.57,0.5620,-1,-1,-1
322,25,511.40,470.24,70.37,218.61,0.7140,-1,-1,-1
322,11,927.71,36.57,66.83,183.56,0.4804,-1,-1,-1
322,8,428.38,459.90,72.48,225.23,0.6778,-1,-1,-1
322,6,331.21,579.71,96.97,244.92,0.7095,-1,-1,-1
322,4,1721.39,459.51,72.21,209.11,0.5999,-1,-1,-1
322,3,932.99,907.03,71.11,172.97,0.7237,-1,-1,-1
323,39,1047.19,76.84,50.25,160.09,0.3355,-1,-1,-1
323,37,392.09,820.73,79.03,149.35,0.5613,-1,-1,-1
323,33,912.82,379.41,52.70,162.72,0.3912,-1,-1,-1
323,31,990.14,75.06,61.50,172.81,0.6174,-1,-1,-1
323,30,359.75,906.29,96.07,173.31,0.7787,-1,-1,-1
323,29,832.38,432.52,83.60,211.32,0.5686,-1,-1,-1
323,26,233.76,363.70,57.98,192.70,0.5719,-1,-1,-1
323,25,511.61,470.56,70.75,219.63,0.7252,-1,-1,-1
323,11,927.70,35.59,66.65,178.42,0.4689,-1,-1,-1
323,8,428.61,462.51,71.99,225.54,0.6871,-1,-1,-1
323,6,341.03,579.12,87.31,244.48,0.6237,-1,-1,-1
323,4,1721.76,458.76,72.44,210.37,0.6019,-1,-1,-1
323,3,935.97,906.51,66.72,173.26,0.6961,-1,-1,-1
324,37,396.70,824.92,76.55,147.64,0.5875,-1,-1,-1
324,31,989.20,73.17,61.60,173.27,0.5738,-1,-1,-1
324,30,360.72,910.24,96.29,168.75,0.7840,-1,-1,-1
324,29,832.39,435.56,86.87,208.71,0.4796,-1,-1,-1
324,26,233.39,361.71,58.27,191.90,0.5171,-1,-1,-1
324,25,509.51,471.13,72.39,219.30,0.7513,-1,-1,-1
324,11,926.64,33.44,69.81,178.87,0.4033,-1,-1,-1
324,8,425.96,463.22,75.32,227.27,0.7029,-1,-1,-1
324,6,349.04,580.94,81.00,242.09,0.6271,-1,-1,-1
324,4,1721.66,459.04,71.92,209.63,0.6027,-1,-1,-1
324,3,936.61,905.34,64.21,174.66,0.7032,-1,-1,-1
324,1,453.31,118.25,68.20,190.65,0.3097,-1,-1,-1
325,37,401.29,830.83,72.26,139.49,0.5963,-1,-1,-1
325,33,916.56,383.86,60.32,186.74,0.3282,-1,-1,-1
325,31,988.45,71.97,62.49,172.56,0.5539,-1,-1,-1
325,30,364.65,915.29,96.45,163.78,0.7716,-1,-1,-1
325,29,833.97,433.90,85.04,210.17,0.5013,-1,-1,-1
325,26,233.03,359.97,58.80,188.44,0.4478,-1,-1,-1
325,25,509.07,474.56,71.72,216.95,0.7633,-1,-1,-1
325,11,925.68,35.88,66.70,169.58,0.4013,-1,-1,-1
325,8,426.65,462.21,75.18,229.04,0.7081,-1,-1,-1
325,6,356.56,580.43,74.60,240.60,0.6582,-1,-1,-1
325,4,1721.64,459.38,72.43,208.20,0.6108,-1,-1,-1
325,3,937.19,908.18,64.76,171.32,0.7032,-1,-1,-1
325,1,454.03,119.09,68.16,187.79,0.3092,-1,-1,-1
326,37,403.01,833.50,72.86,142.28,0.5904,-1,-1,-1
326,31,986.43,71.16,62.06,172.64,0.5740,-1,-1,-1
326,30,366.11,917.13,95.34,162.82,0.7177,-1,-1,-1
326,29,835.82,433.74,87.35,210.01,0.5790,-1,-1,-1
326,26,233.82,358.45,57.81,188.75,0.5024,-1,-1,-1
326,25,508.77,476.53,72.08,216.86,0.7602,-1,-1,-1
326,11,926.47,34.31,65.94,170.11,0.4110,-1,-1,-1
326,8,427.64,466.91,72.97,225.82,0.7035,-1,-1,-1
326,6,370.44,578.17,71.42,242.54,0.6431,-1,-1,-1
326,5,1529.33,607.47,83.85,232.31,0.3944,-1,-1,-1
326,4,1721.37,459.57,73.12,208.50,0.6200,-1,-1,-1
326,3,939.11,908.26,60.25,171.74,0.6765,-1,-1,-1
327,37,405.64,837.35,73.19,141.67,0.5759,-1,-1,-1
327,31,986.89,70.12,62.06,170.98,0.5282,-1,-1,-1
327,30,367.56,917.38,99.17,162.62,0.7018,-1,-1,-1
327,29,836.74,434.76,86.37,207.72,0.5363,-1,-1,-1
327,26,233.61,356.99,59.06,189.02,0.5189,-1,-1,-1
327,25,509.97,477.91,71.81,219.57,0.7048,-1,-1,-1
327,11,927.30,32.27,65.61,173.31,0.4311,-1,-1,-1
327,8,426.48,466.76,73.45,226.04,0.7145,-1,-1,-1
327,6,376.10,575.89,69.35,244.45,0.5869,-1,-1,-1
327,5,1532.28,611.30,83.10,229.96,0.4213,-1,-1,-1
327,4,1721.76,459.73,72.33,207.34,0.6306,-1,-1,-1
327,3,941.70,909.74,56.70,170.14,0.6689,-1,-1,-1
327,1,452.46,114.63,68.74,191.87,0.3648,-1,-1,-1
328,37,410.30,839.81,73.26,148.74,0.5482,-1,-1,-1
328,33,929.75,388.04,54.96,181.69,0.3264,-1,-1,-1
328,31,985.36,67.79,62.12,173.31,0.4955,-1,-1,-1
328,30,368.86,921.13,96.08,158.87,0.6851,-1,-1,-1
328,29,839.75,435.12,88.20,209.59,0.4723,-1,-1,-1
328,26,231.38,356.34,60.51,186.89,0.5472,-1,-1,-1
328,25,509.57,479.11,70.60,222.08,0.7042,-1,-1,-1
328,11,928.39,31.56,63.37,171.58,0.4210,-1,-1,-1
328,8,422.81,467.47,77.99,220.50,0.7039,-1,-1,-1
328,6,384.54,574.47,67.72,247.23,0.5859,-1,-1,-1
328,5,1536.02,610.70,81.16,230.38,0.5006,-1,-1,-1
328,4,1722.07,460.76,72.18,207.14,0.6374,-1,-1,-1
328,3,940.77,910.00,56.91,169.24,0.6784,-1,-1,-1
328,1,451.32,112.81,68.39,194.88,0.4532,-1,-1,-1
329,37,413.10,843.52,76.97,148.20,0.5571,-1,-1,-1
329,33,936.63,386.97,62.56,193.07,0.4198,-1,-1,-1
329,31,986.59,68.71,59.05,169.94,0.4625,-1,-1,-1
329,30,370.27,923.20,97.28,156.80,0.6869,-1,-1,-1
329,29,839.58,435.58,84.62,206.54,0.4003,-1,-1,-1
329,26,232.09,356.04,59.82,185.85,0.5482,-1,-1,-1
329,25,509.19,483.40,69.64,220.97,0.7129,-1,-1,-1
329,11,929.12,30.97,63.87,171.67,0.3878,-1,-1,-1
329,8,419.05,469.32,81.30,217.85,0.6909,-1,-1,-1
329,6,388.09,578.71,69.01,246.83,0.5797,-1,-1,-1
329,5,1536.26,609.87,87.05,231.56,0.3981,-1,-1,-1
329,4,1722.24,458.47,71.94,209.36,0.6111,-1,-1,-1
329,3,943.04,912.72,57.42,166.24,0.6978,-1,-1,-1
329,1,449.10,111.45,72.49,193.80,0.3801,-1,-1,-1
330,39,1039.16,75.63,51.23,158.41,0.3093,-1,-1,-1
330,37,416.89,844.90,77.44,232.85,0.5932,-1,-1,-1
330,33,939.89,388.38,59.60,193.49,0.4183,-1,-1,-1
330,31,984.64,67.55,59.96,173.06,0.4712,-1,-1,-1
330,30,372.61,923.97,94.64,154.59,0.6374,-1,-1,-1
330,29,842.78,436.15,80.92,206.37,0.3674,-1,-1,-1
330,26,232.34,354.99,58.15,184.68,0.5660,-1,-1,-1
330,25,509.42,485.85,68.72,219.48,0.7320,-1,-1,-1
330,11,928.71,30.41,64.22,172.15,0.4275,-1,-1,-1
330,8,411.73,469.58,89.42,224.62,0.6676,-1,-1,-1
330,6,389.87,599.44,71.82,227.30,0.3995,-1,-1,-1
330,5,1537.31,610.37,85.08,230.58,0.4146,-1,-1,-1
330,4,1722.17,460.14,72.24,207.69,0.6315,-1,-1,-1
330,3,941.74,914.55,60.39,164.04,0.6933,-1,-1,-1
330,1,448.53,110.72,74.75,192.27,0.3655,-1,-1,-1
331,39,1037.24,73.40,54.33,161.67,0.3595,-1,-1,-1
331,37,420.55,847.36,78.27,231.26,0.6612,-1,-1,-1
331,33,942.37,388.80,56.85,194.13,0.3407,-1,-1,-1
331,31,983.00,67.29,61.53,174.94,0.5001,-1,-1,-1
331,30,374.03,923.61,93.88,149.02,0.6460,-1,-1,-1
331,29,845.77,439.42,80.50,205.88,0.4881,-1,-1,-1
331,26,231.24,354.27,58.80,189.14,0.5210,-1,-1,-1
331,25,508.80,488.22,67.47,219.54,0.7408,-1,-1,-1
331,18,404.44,374.36,78.93,123.31,0.4199,-1,-1,-1
331,11,927.59,30.92,63.10,173.25,0.4037,-1,-1,-1
331,8,395.35,471.82,103.76,353.42,0.5988,-1,-1,-1
331,5,1538.45,613.40,79.37,229.17,0.5352,-1,-1,-1
331,4,1722.21,457.16,73.01,211.08,0.6495,-1,-1,-1
331,3,940.69,913.17,62.09,165.81,0.7369,-1,-1,-1
331,1,447.97,110.11,73.80,186.90,0.3807,-1,-1,-1
332,39,1039.09,73.75,51.86,162.73,0.4012,-1,-1,-1
332,37,423.89,848.97,79.44,228.72,0.6643,-1,-1,-1
332,33,944.50,391.32,58.34,191.78,0.4154,-1,-1,-1
332,31,982.61,67.82,61.50,175.59,0.5243,-1,-1,-1
332,30,376.56,924.70,91.08,145.36,0.6350,-1,-1,-1
332,29,842.16,437.00,86.49,212.23,0.3811,-1,-1,-1
332,26,229.77,352.66,60.94,190.32,0.5018,-1,-1,-1
332,25,508.11,490.11,69.12,220.44,0.7418,-1,-1,-1
332,18,406.21,371.67,76.44,122.66,0.3852,-1,-1,-1
332,11,926.95,30.39,64.02,173.09,0.4115,-1,-1,-1
332,8,393.79,473.32,105.01,353.94,0.6044,-1,-1,-1
332,5,1539.00,612.05,88.22,231.00,0.4485,-1,-1,-1
332,4,1722.77,458.98,72.84,210.29,0.6395,-1,-1,-1
332,3,942.05,915.01,61.39,162.83,0.7210,-1,-1,-1
332,1,447.88,109.24,73.46,185.36,0.3408,-1,-1,-1
333,41,909.59,448.74,53.23,195.76,0.3124,-1,-1,-1
333,39,1038.01,73.04,51.82,163.31,0.4111,-1,-1,-1
333,37,378.58,924.60,95.60,148.02,0.6697,-1,-1,-1
333,33,949.46,390.72,56.36,191.06,0.4171,-1,-1,-1
333,31,984.90,66.41,56.74,177.77,0.5050,-1,-1,-1
333,29,844.20,438.47,86.78,215.77,0.4332,-1,-1,-1
333,26,229.86,352.47,59.42,191.06,0.5167,-1,-1,-1
333,25,507.28,491.38,69.47,221.47,0.7448,-1,-1,-1
333,18,410.56,366.30,73.74,127.38,0.3254,-1,-1,-1
333,11,928.38,30.66,61.61,171.40,0.4199,-1,-1,-1
333,8,393.46,474.98,107.14,353.02,0.6423,-1,-1,-1
333,5,1539.68,612.50,89.06,234.08,0.4466,-1,-1,-1
333,4,1723.59,459.10,71.81,209.76,0.6222,-1,-1,-1
333,3,943.66,915.06,60.20,162.74,0.7332,-1,-1,-1
333,1,446.75,107.73,77.40,187.71,0.3282,-1,-1,-1
334,44,422.52,851.29,92.77,154.04,0.5495,-1,-1,-1
334,41,911.82,454.03,53.00,193.13,0.3353,-1,-1,-1
334,39,1037.30,72.33,52.09,163.96,0.3881,-1,-1,-1
334,37,380.31,928.19,96.30,143.97,0.6547,-1,-1,-1
334,33,953.19,392.16,55.80,192.80,0.4490,-1,-1,-1
334,31,983.76,67.06,56.85,176.16,0.4840,-1,-1,-1
334,29,845.54,438.51,85.54,218.28,0.4892,-1,-1,-1
334,26,229.83,352.29,59.21,187.37,0.4715,-1,-1,-1
334,25,507.27,491.77,68.60,223.00,0.7312,-1,-1,-1
334,11,928.36,29.50,61.64,173.10,0.3805,-1,-1,-1
334,8,394.54,474.95,110.89,354.20,0.6301,-1,-1,-1
334,5,1539.90,616.36,84.47,231.01,0.5666,-1,-1,-1
334,4,1722.01,460.01,72.56,209.30,0.6197,-1,-1,-1
334,3,944.39,916.60,60.61,160.79,0.7180,-1,-1,-1
334,1,446.74,109.32,72.84,185.46,0.3168,-1,-1,-1
335,44,425.36,850.09,98.03,160.69,0.5658,-1,-1,-1
335,41,910.96,452.12,54.64,198.68,0.3360,-1,-1,-1
335,39,1037.46,72.44,51.57,163.46,0.3748,-1,-1,-1
335,37,383.16,931.44,97.69,141.56,0.6631,-1,-1,-1
335,33,956.95,393.80,55.61,188.58,0.4978,-1,-1,-1
335,31,982.69,66.80,57.78,174.94,0.4756,-1,-1,-1
335,29,847.92,439.96,80.83,217.82,0.4986,-1,-1,-1
335,26,227.66,350.28,62.43,191.96,0.4945,-1,-1,-1
335,25,505.81,492.63,68.90,222.62,0.7262,-1,-1,-1
335,11,928.95,27.48,61.69,172.07,0.3671,-1,-1,-1
335,8,390.32,477.65,119.31,352.51,0.6712,-1,-1,-1
335,5,1540.48,613.66,85.13,241.60,0.5471,-1,-1,-1
335,4,1722.66,459.82,71.83,208.40,0.6220,-1,-1,-1
335,3,945.07,918.46,61.10,159.75,0.7188,-1,-1,-1
336,44,424.95,852.33,104.90,164.73,0.5338,-1,-1,-1
336,41,908.88,454.93,58.83,195.23,0.3786,-1,-1,-1
336,39,1036.83,71.63,52.32,164.11,0.3422,-1,-1,-1
336,33,958.75,392.31,57.08,190.60,0.4313,-1,-1,-1
336,31,982.07,66.23,56.90,176.18,0.4611,-1,-1,-1
336,30,386.34,937.05,94.42,133.48,0.6730,-1,-1,-1
336,29,844.39,440.65,81.82,218.72,0.4426,-1,-1,-1
336,26,227.07,349.01,62.82,194.27,0.5092,-1,-1,-1
336,25,504.74,492.78,69.67,221.62,0.7201,-1,-1,-1
336,18,414.51,359.14,75.84,138.81,0.3203,-1,-1,-1
336,11,927.14,27.43,63.75,175.92,0.3710,-1,-1,-1
336,8,398.58,482.26,117.44,345.50,0.7020,-1,-1,-1
336,5,1541.38,615.44,83.26,242.24,0.5850,-1,-1,-1
336,4,1721.47,459.23,73.17,208.93,0.6377,-1,-1,-1
336,3,945.32,919.01,61.98,159.75,0.7165,-1,-1,-1
337,44,427.52,856.65,110.23,165.89,0.4651,-1,-1,-1
337,41,909.48,456.74,56.44,199.08,0.3670,-1,-1,-1
337,39,1036.40,71.24,52.74,165.84,0.4169,-1,-1,-1
337,33,962.84,391.34,57.92,190.85,0.5608,-1,-1,-1
337,31,981.20,64.65,57.25,176.96,0.4472,-1,-1,-1
337,30,387.14,942.24,97.29,132.24,0.6905,-1,-1,-1
337,29,846.84,443.17,74.85,221.33,0.4077,-1,-1,-1
337,26,225.67,348.17,63.27,188.65,0.4995,-1,-1,-1
337,25,504.53,492.95,69.41,221.45,0.7002,-1,-1,-1
337,18,416.60,358.67,76.33,138.92,0.3255,-1,-1,-1
337,11,929.04,24.47,64.38,175.14,0.3797,-1,-1,-1
337,8,400.40,486.30,124.86,340.89,0.7104,-1,-1,-1
337,5,1541.64,616.11,81.31,238.72,0.6444,-1,-1,-1
337,4,1722.36,459.27,72.37,207.76,0.6125,-1,-1,-1
337,3,948.65,919.51,59.66,158.90,0.6831,-1,-1,-1
338,44,433.34,861.13,110.50,158.66,0.6328,-1,-1,-1
338,41,911.03,458.24,51.97,198.72,0.3365,-1,-1,-1
338,39,1035.83,70.87,53.24,165.83,0.3909,-1,-1,-1
338,33,965.44,392.19,58.78,193.74,0.5275,-1,-1,-1
338,31,980.76,64.11,57.14,176.85,0.4421,-1,-1,-1
338,30,389.35,944.98,97.02,130.38,0.7150,-1,-1,-1
338,29,848.80,445.10,76.11,219.99,0.4247,-1,-1,-1
338,26,225.29,347.11,63.35,187.51,0.5266,-1,-1,-1
338,25,503.86,492.98,69.75,220.70,0.6971,-1,-1,-1
338,18,415.80,358.77,77.96,142.18,0.3291,-1,-1,-1
338,11,929.43,22.43,61.99,174.21,0.3624,-1,-1,-1
338,8,402.09,487.24,124.71,339.56,0.7124,-1,-1,-1
338,5,1542.98,615.77,79.79,241.85,0.6080,-1,-1,-1
338,4,1721.98,458.78,73.05,208.36,0.5862,-1,-1,-1
338,3,948.57,921.73,61.48,156.51,0.7041,-1,-1,-1
339,44,438.83,866.97,108.31,157.60,0.6151,-1,-1,-1
339,41,911.98,459.68,50.67,198.49,0.3260,-1,-1,-1
339,39,1036.79,70.39,51.39,166.31,0.4355,-1,-1,-1
339,33,968.20,394.94,60.02,194.39,0.5963,-1,-1,-1
339,31,979.56,61.24,58.36,178.93,0.4544,-1,-1,-1
339,30,392.10,948.95,97.40,127.47,0.7279,-1,-1,-1
339,29,846.10,447.37,76.68,216.69,0.4255,-1,-1,-1
339,26,223.71,346.12,64.04,183.59,0.5265,-1,-1,-1
339,25,503.39,493.98,68.20,221.04,0.6891,-1,-1,-1
339,18,416.70,358.43,80.36,143.33,0.3311,-1,-1,-1
339,11,929.28,22.41,61.58,166.98,0.3569,-1,-1,-1
339,8,402.99,487.16,122.07,338.21,0.7391,-1,-1,-1
339,5,1543.41,616.46,80.51,243.12,0.6253,-1,-1,-1
339,4,1721.55,459.96,73.86,207.21,0.6069,-1,-1,-1
339,3,950.25,922.38,62.79,154.77,0.7037,-1,-1,-1
340,44,439.95,872.29,113.40,150.57,0.6901,-1,-1,-1
340,41,911.37,459.08,51.96,199.77,0.3370,-1,-1,-1
340,39,1035.14,69.67,53.14,167.91,0.4181,-1,-1,-1
340,33,970.12,397.22,61.35,194.73,0.5861,-1,-1,-1
340,31,979.10,60.82,57.38,179.35,0.4919,-1,-1,-1
340,30,395.49,950.74,96.37,127.98,0.7110,-1,-1,-1
340,29,846.71,449.71,75.16,221.93,0.4337,-1,-1,-1
340,26,222.24,343.98,64.08,182.58,0.5185,-1,-1,-1
340,25,500.47,497.02,71.31,216.58,0.6595,-1,-1,-1
340,18,417.73,356.69,82.39,149.40,0.3237,-1,-1,-1
340,11,928.99,20.72,62.75,167.75,0.3433,-1,-1,-1
340,8,403.98,488.05,123.26,337.83,0.6977,-1,-1,-1
340,5,1545.12,615.48,79.77,244.38,0.6002,-1,-1,-1
340,4,1721.63,457.80,73.18,210.16,0.6069,-1,-1,-1
340,3,950.97,923.03,62.93,154.15,0.6989,-1,-1,-1
341,44,440.98,875.92,115.25,146.70,0.6956,-1,-1,-1
341,41,911.04,460.11,52.19,201.38,0.3397,-1,-1,-1
341,39,1036.13,68.83,51.59,170.64,0.4608,-1,-1,-1
341,33,974.59,398.25,61.06,195.27,0.5525,-1,-1,-1
341,31,979.20,58.77,55.40,180.27,0.4666,-1,-1,-1
341,30,399.22,955.16,96.30,123.72,0.6939,-1,-1,-1
341,29,845.85,451.10,75.96,221.48,0.4574,-1,-1,-1
341,26,221.93,342.23,64.72,183.19,0.5232,-1,-1,-1
341,25,498.62,498.77,70.49,215.07,0.6819,-1,-1,-1
341,18,418.08,356.88,85.25,152.73,0.3039,-1,-1,-1
341,11,928.15,19.59,62.90,165.65,0.3548,-1,-1,-1
341,8,407.08,488.49,118.57,337.56,0.3958,-1,-1,-1
341,5,1544.81,616.22,81.76,243.22,0.6541,-1,-1,-1
341,4,1721.62,458.84,73.12,208.98,0.6055,-1,-1,-1
341,3,951.05,924.08,63.34,153.12,0.7038,-1,-1,-1
341,1,441.13,98.94,78.81,192.78,0.3029,-1,-1,-1
342,45,400.84,487.16,84.42,242.20,0.5927,-1,-1,-1
342,44,441.64,878.84,117.69,144.92,0.6867,-1,-1,-1
342,41,909.31,461.44,55.03,200.79,0.3544,-1,-1,-1
342,39,1035.96,68.27,51.89,169.40,0.4110,-1,-1,-1
342,33,975.48,400.62,62.94,195.83,0.6030,-1,-1,-1
342,31,978.34,57.83,56.09,180.73,0.3981,-1,-1,-1
342,30,402.42,961.02,97.43,118.26,0.7165,-1,-1,-1
342,29,844.91,452.31,68.25,220.25,0.3875,-1,-1,-1
342,26,219.57,340.94,66.37,185.70,0.5138,-1,-1,-1
342,25,497.36,501.01,71.74,212.71,0.6917,-1,-1,-1
342,18,418.58,355.48,86.56,190.39,0.3204,-1,-1,-1
342,11,927.37,18.54,62.79,164.05,0.3291,-1,-1,-1
342,5,1545.16,618.11,82.25,239.56,0.6389,-1,-1,-1
342,4,1723.16,457.11,72.88,211.72,0.6238,-1,-1,-1
342,3,951.15,924.12,65.80,153.12,0.6960,-1,-1,-1
342,1,440.31,100.49,79.80,191.92,0.3130,-1,-1,-1
343,45,399.91,485.90,80.80,243.13,0.5738,-1,-1,-1
343,44,440.37,881.76,120.69,143.95,0.6736,-1,-1,-1
343,41,908.95,462.51,56.05,199.83,0.3303,-1,-1,-1
343,39,1035.12,67.38,51.93,171.53,0.3732,-1,-1,-1
343,33,979.90,401.85,61.83,192.82,0.6358,-1,-1,-1
343,31,976.68,58.14,56.06,176.31,0.3676,-1,-1,-1
343,30,404.28,962.97,98.51,116.41,0.7208,-1,-1,-1
343,29,844.20,453.41,65.35,219.65,0.3289,-1,-1,-1
343,26,218.39,339.94,68.68,185.38,0.5042,-1,-1,-1
343,25,494.75,502.25,73.81,213.49,0.6723,-1,-1,-1
343,18,418.42,354.66,88.50,197.65,0.3025,-1,-1,-1
343,11,925.01,16.64,65.59,162.33,0.3083,-1,-1,-1
343,5,1545.23,617.71,83.98,240.58,0.5991,-1,-1,-1
343,4,1722.35,458.10,72.21,208.94,0.5943,-1,-1,-1
343,3,951.48,924.98,65.84,151.61,0.7070,-1,-1,-1
343,1,440.52,102.49,77.54,189.92,0.3001,-1,-1,-1
344,45,399.43,486.56,77.29,241.59,0.6259,-1,-1,-1
344,44,446.09,883.14,117.08,145.57,0.6799,-1,-1,-1
344,41,908.29,462.44,57.66,194.16,0.3873,-1,-1,-1
344,39,1035.46,66.13,51.66,171.66,0.3337,-1,-1,-1
344,33,982.34,406.33,63.62,191.29,0.5797,-1,-1,-1
344,31,977.64,55.96,55.77,176.28,0.3815,-1,-1,-1
344,30,407.96,964.34,95.76,113.65,0.7272,-1,-1,-1
344,29,842.98,454.85,68.54,202.30,0.3306,-1,-1,-1
344,26,220.08,339.38,65.53,186.24,0.5436,-1,-1,-1
344,25,496.31,503.35,70.46,211.00,0.6449,-1,-1,-1
344,18,419.76,353.59,86.79,204.31,0.3321,-1,-1,-1
344,11,922.52,15.27,69.15,168.13,0.3476,-1,-1,-1
344,5,1546.17,617.56,85.09,237.96,0.5899,-1,-1,-1
344,4,1721.26,459.47,73.22,206.92,0.6047,-1,-1,-1
344,3,951.48,924.89,67.67,151.15,0.6952,-1,-1,-1
344,1,438.34,102.36,80.56,188.40,0.3213,-1,-1,-1
345,45,399.12,487.64,78.07,237.05,0.6667,-1,-1,-1
345,44,448.80,884.54,116.61,151.56,0.6598,-1,-1,-1
345,41,908.72,463.00,59.15,194.09,0.3918,-1,-1,-1
345,39,1035.36,66.39,52.08,167.89,0.3405,-1,-1,-1
345,33,984.09,407.23,64.36,193.90,0.5287,-1,-1,-1
345,31,977.27,53.65,55.21,171.98,0.4170,-1,-1,-1
345,30,410.63,964.07,97.88,113.54,0.7052,-1,-1,-1
345,29,842.10,454.14,67.52,217.64,0.3401,-1,-1,-1
345,26,219.54,338.79,64.76,185.50,0.5140,-1,-1,-1
345,25,497.70,505.78,66.99,210.80,0.5651,-1,-1,-1
345,18,422.29,352.23,83.13,191.44,0.3747,-1,-1,-1
345,11,923.44,16.26,68.34,165.76,0.3687,-1,-1,-1
345,5,1546.89,618.82,84.93,240.19,0.5660,-1,-1,-1
345,4,1720.84,458.56,73.68,206.85,0.6117,-1,-1,-1
345,3,952.21,925.68,68.25,149.96,0.6993,-1,-1,-1
346,45,396.54,487.05,80.35,234.45,0.7008,-1,-1,-1
346,44,453.63,885.06,111.61,154.22,0.6693,-1,-1,-1
346,41,903.75,463.80,65.48,198.17,0.4630,-1,-1,-1
346,33,985.02,407.87,66.00,195.26,0.4623,-1,-1,-1
346,31,975.34,54.80,57.34,175.12,0.3620,-1,-1,-1
346,30,411.64,964.65,106.66,114.32,0.7048,-1,-1,-1
346,29,840.96,453.40,67.50,199.41,0.3789,-1,-1,-1
346,26,218.97,337.63,67.29,187.34,0.5116,-1,-1,-1
346,25,484.81,507.97,77.84,206.07,0.5514,-1,-1,-1
346,18,425.96,349.42,77.24,202.99,0.3211,-1,-1,-1
346,11,922.77,14.52,69.22,171.91,0.3310,-1,-1,-1
346,6,459.26,585.95,73.64,229.54,0.3697,-1,-1,-1
346,5,1555.29,620.67,77.16,235.76,0.5691,-1,-1,-1
346,4,1722.00,457.68,73.19,208.10,0.6133,-1,-1,-1
346,3,952.36,926.38,69.44,149.54,0.7130,-1,-1,-1
347,45,396.16,489.04,81.16,232.51,0.7110,-1,-1,-1
347,44,455.57,887.18,108.37,154.90,0.6729,-1,-1,-1
347,41,907.45,465.66,64.80,196.59,0.4581,-1,-1,-1
347,33,989.36,409.54,64.35,192.97,0.5305,-1,-1,-1
347,31,975.10,54.30,57.53,174.33,0.3638,-1,-1,-1
347,30,413.59,965.31,102.71,113.87,0.6975,-1,-1,-1
347,29,841.78,455.07,67.33,201.39,0.3360,-1,-1,-1
347,26,218.26,336.90,67.24,187.45,0.4517,-1,-1,-1
347,25,482.41,511.12,78.80,200.56,0.5342,-1,-1,-1
347,18,427.97,348.40,73.34,207.84,0.3355,-1,-1,-1
347,6,468.73,583.05,71.72,233.64,0.3937,-1,-1,-1
347,5,1550.35,621.48,84.29,235.05,0.5572,-1,-1,-1
347,4,1723.18,458.29,72.13,209.28,0.6247,-1,-1,-1
347,3,951.71,927.38,71.83,148.42,0.7031,-1,-1,-1
348,45,394.04,489.73,81.72,232.90,0.7211,-1,-1,-1
348,44,454.89,890.28,104.78,163.09,0.6440,-1,-1,-1
348,41,907.28,466.22,64.90,197.46,0.5207,-1,-1,-1
348,33,994.72,410.16,61.51,192.72,0.5836,-1,-1,-1
348,31,975.17,51.93,54.87,171.82,0.3428,-1,-1,-1
348,30,415.69,966.98,101.74,111.88,0.7086,-1,-1,-1
348,26,217.52,336.43,67.14,185.80,0.4055,-1,-1,-1
348,25,486.05,512.68,73.98,192.80,0.4439,-1,-1,-1
348,18,430.91,347.43,70.86,188.09,0.3942,-1,-1,-1
348,6,470.41,570.30,79.58,249.85,0.5979,-1,-1,-1
348,5,1553.21,621.79,83.51,232.70,0.5380,-1,-1,-1
348,4,1722.26,457.83,73.40,208.99,0.6153,-1,-1,-1
348,3,951.62,927.33,71.75,149.09,0.7289,-1,-1,-1
349,45,393.67,489.29,79.44,233.52,0.7185,-1,-1,-1
349,44,458.12,892.23,99.25,164.74,0.6408,-1,-1,-1
349,41,908.45,469.96,59.46,197.09,0.4722,-1,-1,-1
349,33,996.14,411.29,63.39,193.17,0.6044,-1,-1,-1
349,31,974.23,51.79,55.00,173.91,0.4554,-1,-1,-1
349,30,417.33,969.38,101.29,110.05,0.7049,-1,-1,-1
349,26,217.62,333.74,67.05,188.71,0.4351,-1,-1,-1
349,18,429.35,344.92,73.06,202.64,0.4492,-1,-1,-1
349,6,474.62,578.73,75.55,240.87,0.6646,-1,-1,-1
349,5,1552.27,622.08,86.66,237.91,0.5481,-1,-1,-1
349,4,1722.74,457.86,72.52,208.35,0.6026,-1,-1,-1
349,3,951.54,927.79,74.96,147.78,0.7385,-1,-1,-1
350,45,391.57,491.51,79.68,232.56,0.6654,-1,-1,-1
350,44,462.88,894.53,90.79,158.45,0.6168,-1,-1,-1
350,41,907.84,468.07,65.37,202.81,0.4104,-1,-1,-1
350,33,1000.44,410.42,63.58,194.43,0.6154,-1,-1,-1
350,31,974.21,49.76,54.47,177.11,0.3872,-1,-1,-1
350,30,418.20,972.39,103.64,107.50,0.6934,-1,-1,-1
350,26,215.50,333.24,67.47,186.74,0.3941,-1,-1,-1
350,18,429.82,342.24,72.39,204.62,0.4445,-1,-1,-1
350,6,478.65,578.89,77.43,240.64,0.5705,-1,-1,-1
350,5,1554.10,623.37,87.57,240.80,0.5350,-1,-1,-1
350,4,1721.90,457.71,73.61,207.33,0.6070,-1,-1,-1
350,3,950.97,928.72,76.69,146.81,0.7283,-1,-1,-1
351,45,392.62,494.15,76.65,233.64,0.6816,-1,-1,-1
351,44,466.57,898.33,85.76,154.15,0.5868,-1,-1,-1
351,41,908.55,469.44,66.28,204.47,0.3725,-1,-1,-1
351,33,1001.77,408.30,63.66,195.32,0.5936,-1,-1,-1
351,31,973.53,49.52,54.52,177.61,0.4682,-1,-1,-1
351,30,419.72,976.17,103.28,103.49,0.6975,-1,-1,-1
351,26,213.27,329.66,67.68,187.15,0.3092,-1,-1,-1
351,18,429.66,338.91,73.10,205.21,0.4666,-1,-1,-1
351,6,480.24,522.72,90.67,294.65,0.6589,-1,-1,-1
351,5,1550.74,623.87,94.72,236.53,0.5587,-1,-1,-1
351,4,1722.44,458.05,72.67,208.93,0.5800,-1,-1,-1
351,3,950.81,929.89,79.22,146.88,0.7362,-1,-1,-1
352,45,391.77,495.44,76.52,234.72,0.7085,-1,-1,-1
352,44,468.60,900.03,83.52,150.27,0.5720,-1,-1,-1
352,41,909.92,472.66,65.22,202.72,0.4370,-1,-1,-1
352,33,1007.59,410.10,61.78,193.87,0.5951,-1,-1,-1
352,31,971.88,47.70,55.11,178.97,0.4319,-1,-1,-1
352,30,421.67,980.22,107.87,99.66,0.6904,-1,-1,-1
352,26,211.17,327.64,68.07,189.03,0.3163,-1,-1,-1
352,18,429.22,337.55,71.03,212.17,0.3821,-1,-1,-1
352,6,481.23,563.31,103.24,252.95,0.6566,-1,-1,-1
352,5,1550.44,626.05,94.33,239.09,0.5540,-1,-1,-1
352,4,1722.92,456.96,72.99,209.60,0.5956,-1,-1,-1
352,3,950.54,929.85,80.18,147.64,0.7255,-1,-1,-1
353,45,391.28,497.07,75.87,235.84,0.7021,-1,-1,-1
353,44,466.88,902.29,86.58,151.32,0.4819,-1,-1,-1
353,41,910.03,473.93,65.25,201.80,0.4823,-1,-1,-1
353,33,1008.70,411.00,64.89,194.30,0.6474,-1,-1,-1
353,31,968.67,47.35,58.13,179.61,0.3711,-1,-1,-1
353,30,422.17,983.87,108.34,96.13,0.6864,-1,-1,-1
353,29,846.11,459.09,70.17,220.37,0.3694,-1,-1,-1
353,26,212.39,325.03,66.14,188.10,0.3040,-1,-1,-1
353,18,430.39,334.34,74.12,199.91,0.4524,-1,-1,-1
353,6,480.91,575.64,111.89,240.06,0.7219,-1,-1,-1
353,5,1565.15,624.44,82.06,240.57,0.5149,-1,-1,-1
353,4,1721.93,458.27,73.30,209.83,0.6057,-1,-1,-1
353,3,950.77,930.25,81.60,147.67,0.7475,-1,-1,-1
354,45,389.18,498.64,79.13,235.43,0.6843,-1,-1,-1
354,44,471.22,908.30,81.15,148.57,0.5197,-1,-1,-1
354,41,908.89,477.70,68.54,200.50,0.4620,-1,-1,-1
354,33,1011.79,413.97,66.54,193.78,0.5958,-1,-1,-1
354,31,965.45,47.26,61.14,178.71,0.3174,-1,-1,-1
354,30,425.68,990.27,104.78,89.73,0.6513,-1,-1,-1
354,29,845.25,461.04,68.92,222.13,0.3659,-1,-1,-1
354,26,214.49,324.23,63.15,186.14,0.3003,-1,-1,-1
354,18,428.15,335.03,76.92,202.30,0.4273,-1,-1,-1
354,6,480.62,577.59,114.24,238.08,0.7361,-1,-1,-1
354,5,1566.65,626.14,83.67,246.43,0.5241,-1,-1,-1
354,4,1722.37,458.14,72.49,209.94,0.5894,-1,-1,-1
354,3,951.30,930.74,81.26,147.16,0.7472,-1,-1,-1
355,45,388.09,501.18,80.70,236.64,0.6944,-1,-1,-1
355,44,472.26,910.47,82.90,161.92,0.5779,-1,-1,-1
355,41,909.02,481.09,67.03,197.87,0.4022,-1,-1,-1
355,33,1014.45,417.36,66.51,190.90,0.5705,-1,-1,-1
355,30,432.13,994.81,98.37,84.01,0.6170,-1,-1,-1
355,29,845.04,463.73,69.14,221.90,0.3724,-1,-1,-1
355,18,426.03,333.62,79.30,209.45,0.4527,-1,-1,-1
355,6,480.39,580.07,115.03,236.51,0.7571,-1,-1,-1
355,5,1568.70,628.57,84.17,245.88,0.5546,-1,-1,-1
355,4,1723.15,458.27,71.03,208.46,0.6057,-1,-1,-1
355,3,950.93,929.48,82.91,148.19,0.7464,-1,-1,-1
356,45,386.36,503.73,79.71,236.34,0.6989,-1,-1,-1
356,44,473.21,915.74,84.46,157.41,0.5490,-1,-1,-1
356,41,910.31,482.12,65.43,203.77,0.4206,-1,-1,-1
356,33,1015.48,418.86,68.91,190.44,0.5037,-1,-1,-1
356,31,962.13,51.64,62.82,172.92,0.3363,-1,-1,-1
356,30,435.66,998.40,95.22,80.62,0.6165,-1,-1,-1
356,29,846.40,464.64,68.61,219.03,0.4241,-1,-1,-1
356,18,425.17,332.58,81.02,210.61,0.4717,-1,-1,-1
356,6,481.03,575.60,116.12,240.53,0.7304,-1,-1,-1
356,5,1568.92,627.41,85.61,246.50,0.5845,-1,-1,-1
356,4,1722.60,458.28,71.57,208.62,0.6058,-1,-1,-1
356,3,951.81,928.70,81.14,147.75,0.7432,-1,-1,-1
357,45,384.87,505.17,79.59,236.94,0.6875,-1,-1,-1
357,44,478.95,919.99,81.90,156.67,0.5160,-1,-1,-1
357,41,911.10,485.37,64.28,198.01,0.4847,-1,-1,-1
357,33,1017.70,421.01,76.80,194.30,0.4390,-1,-1,-1
357,30,439.90,1003.69,92.79,75.31,0.5528,-1,-1,-1
357,29,846.71,467.49,69.52,213.37,0.4765,-1,-1,-1
357,25,477.94,520.81,59.08,216.86,0.4192,-1,-1,-1
357,18,423.83,330.59,83.19,213.94,0.4445,-1,-1,-1
357,6,483.02,573.51,117.47,242.81,0.7084,-1,-1,-1
357,5,1570.68,630.71,85.28,243.52,0.5878,-1,-1,-1
357,4,1722.78,458.31,71.46,207.71,0.5888,-1,-1,-1
357,3,952.76,927.58,80.97,149.30,0.7290,-1,-1,-1
358,45,383.68,506.22,79.92,241.68,0.6983,-1,-1,-1
358,44,483.52,921.31,85.59,154.47,0.5998,-1,-1,-1
358,41,912.64,486.83,64.16,199.28,0.4784,-1,-1,-1
358,33,1016.88,423.17,78.87,193.91,0.5047,-1,-1,-1
358,31,964.35,56.04,58.31,167.12,0.3174,-1,-1,-1
358,30,440.72,1006.79,89.01,72.45,0.5573,-1,-1,-1
358,29,847.72,468.27,69.34,215.20,0.4890,-1,-1,-1
358,26,215.90,318.49,59.07,183.21,0.3549,-1,-1,-1
358,25,475.99,521.53,66.63,218.52,0.5417,-1,-1,-1
358,18,423.19,331.54,83.40,209.61,0.4526,-1,-1,-1
358,6,485.79,579.14,116.26,236.67,0.7534,-1,-1,-1
358,5,1570.75,632.96,84.75,241.96,0.5366,-1,-1,-1
358,4,1723.23,457.99,71.41,208.23,0.5798,-1,-1,-1
358,3,954.73,927.24,78.56,152.74,0.7234,-1,-1,-1
359,47,1752.45,74.82,56.21,171.41,0.3417,-1,-1,-1
359,45,382.42,507.09,80.17,242.67,0.6909,-1,-1,-1
359,44,483.08,922.46,87.05,153.24,0.5679,-1,-1,-1
359,41,914.05,487.98,64.18,198.32,0.4437,-1,-1,-1
359,39,1026.20,61.92,57.76,164.16,0.3324,-1,-1,-1
359,33,1019.74,426.17,78.22,192.31,0.5000,-1,-1,-1
359,31,964.17,56.40,55.27,169.39,0.3723,-1,-1,-1
359,30,443.05,1011.23,92.78,68.62,0.5407,-1,-1,-1
359,29,846.78,475.20,72.86,217.22,0.5529,-1,-1,-1
359,26,209.29,317.46,65.21,185.66,0.3743,-1,-1,-1
359,25,475.68,524.29,65.97,216.77,0.5348,-1,-1,-1
359,18,423.96,330.34,82.13,210.34,0.4778,-1,-1,-1
359,6,487.55,579.60,112.69,235.85,0.7390,-1,-1,-1
359,5,1569.90,635.36,86.46,242.31,0.5839,-1,-1,-1
359,4,1722.29,456.99,72.53,209.44,0.5837,-1,-1,-1
359,3,954.40,927.17,79.77,149.63,0.7142,-1,-1,-1
360,47,1752.81,75.65,56.29,171.73,0.3372,-1,-1,-1
360,45,379.94,508.02,82.09,242.41,0.7215,-1,-1,-1
360,44,489.11,923.81,85.30,153.73,0.6046,-1,-1,-1
360,41,915.87,487.55,63.50,199.08,0.4698,-1,-1,-1
360,39,1025.65,62.14,57.06,161.45,0.3437,-1,-1,-1
360,33,1023.90,425.39,77.78,198.73,0.5173,-1,-1,-1
360,31,962.65,54.74,56.70,170.51,0.3686,-1,-1,-1
360,30,445.37,1011.84,89.96,68.08,0.5192,-1,-1,-1
360,29,847.93,476.06,74.46,219.86,0.5622,-1,-1,-1
360,26,209.42,317.80,64.24,185.29,0.3816,-1,-1,-1
360,25,476.89,528.51,61.28,219.36,0.6201,-1,-1,-1
360,18,426.60,329.32,78.88,208.54,0.5079,-1,-1,-1
360,6,491.20,581.20,109.73,234.87,0.6955,-1,-1,-1
360,5,1570.23,635.26,82.57,244.68,0.5803,-1,-1,-1
360,4,1722.60,457.71,72.01,207.82,0.6175,-1,-1,-1
360,3,955.52,926.60,78.36,150.80,0.7148,-1,-1,-1
361,47,1753.26,77.14,57.01,173.10,0.3686,-1,-1,-1
361,46,797.10,153.34,57.01,167.40,0.3202,-1,-1,-1
361,45,379.88,508.75,79.16,242.33,0.7080,-1,-1,-1
361,44,493.65,923.96,85.25,156.04,0.6524,-1,-1,-1
361,41,915.79,487.14,66.55,201.46,0.4864,-1,-1,-1
361,39,1025.33,60.46,55.56,161.56,0.3843,-1,-1,-1
361,33,1027.76,428.67,75.72,195.88,0.4507,-1,-1,-1
361,31,957.52,51.97,60.37,172.42,0.4080,-1,-1,-1
361,30,445.68,1014.77,93.80,64.38,0.4415,-1,-1,-1
361,29,850.21,477.48,72.10,219.33,0.6195,-1,-1,-1
361,25,474.51,528.99,67.14,230.34,0.6367,-1,-1,-1
361,18,428.09,328.56,77.21,207.51,0.5139,-1,-1,-1
361,6,499.89,577.11,100.86,238.66,0.6562,-1,-1,-1
361,5,1568.26,635.81,83.78,243.24,0.6137,-1,-1,-1
361,4,1722.99,457.79,72.10,208.87,0.6122,-1,-1,-1
361,3,956.57,926.22,77.88,151.42,0.7188,-1,-1,-1
362,47,1753.65,82.35,56.30,169.11,0.3803,-1,-1,-1
362,46,797.31,153.99,58.03,166.30,0.3047,-1,-1,-1
362,45,377.74,509.87,78.50,240.21,0.6908,-1,-1,-1
362,44,494.61,926.74,93.44,153.26,0.6729,-1,-1,-1
362,41,914.95,489.77,66.89,199.54,0.3961,-1,-1,-1
362,39,1025.32,59.75,55.05,163.10,0.3819,-1,-1,-1
362,33,1029.86,429.43,75.51,195.03,0.4730,-1,-1,-1
362,31,955.41,49.44,61.75,174.85,0.4191,-1,-1,-1
362,30,448.39,1017.53,83.21,61.03,0.4468,-1,-1,-1
362,29,850.37,477.69,71.26,218.45,0.5482,-1,-1,-1
362,25,472.36,525.81,67.02,236.02,0.6950,-1,-1,-1
362,18,432.49,325.11,73.90,204.84,0.4851,-1,-1,-1
362,6,512.79,577.36,90.28,235.08,0.6012,-1,-1,-1
362,5,1571.37,634.52,82.43,245.45,0.5535,-1,-1,-1
362,4,1722.62,457.97,73.06,208.74,0.5889,-1,-1,-1
362,3,959.04,926.18,74.77,151.53,0.6825,-1,-1,-1
363,47,1753.24,81.44,56.42,170.72,0.3731,-1,-1,-1
363,46,795.29,153.96,55.13,166.43,0.3131,-1,-1,-1
363,45,376.09,509.73,79.21,239.99,0.7083,-1,-1,-1
363,44,496.11,928.59,98.89,151.41,0.6548,-1,-1,-1
363,41,915.52,491.90,66.10,197.91,0.4514,-1,-1,-1
363,39,1024.21,59.46,56.85,161.44,0.4396,-1,-1,-1
363,33,1035.20,429.49,71.28,195.67,0.5349,-1,-1,-1
363,31,956.18,47.96,59.80,173.21,0.3449,-1,-1,-1
363,30,449.18,1017.79,91.19,61.66,0.5111,-1,-1,-1
363,29,852.83,478.84,68.33,216.55,0.5921,-1,-1,-1
363,25,472.21,536.01,67.44,225.79,0.7131,-1,-1,-1
363,18,435.86,324.00,70.50,207.82,0.4889,-1,-1,-1
363,6,517.23,576.64,91.52,233.30,0.6178,-1,-1,-1
363,5,1572.47,634.71,82.82,244.23,0.5801,-1,-1,-1
363,4,1722.86,458.20,72.63,208.33,0.5977,-1,-1,-1
363,3,960.66,926.01,73.38,151.50,0.6450,-1,-1,-1
364,47,1753.76,82.57,55.98,169.58,0.3100,-1,-1,-1
364,46,795.05,154.06,54.60,166.04,0.3252,-1,-1,-1
364,45,374.02,511.39,79.13,239.43,0.6917,-1,-1,-1
364,44,500.13,932.21,100.90,147.79,0.6698,-1,-1,-1
364,41,917.02,492.23,64.56,197.68,0.4146,-1,-1,-1
364,39,1022.71,58.23,58.22,162.89,0.3819,-1,-1,-1
364,33,1040.36,429.90,69.72,193.99,0.6047,-1,-1,-1
364,31,957.42,47.27,58.18,172.73,0.3105,-1,-1,-1
364,30,452.35,1017.88,88.57,62.12,0.4987,-1,-1,-1
364,29,852.29,477.87,71.64,217.63,0.5556,-1,-1,-1
364,25,470.92,539.71,66.31,223.40,0.7209,-1,-1,-1
364,18,436.10,322.69,69.83,206.55,0.4866,-1,-1,-1
364,6,526.18,576.02,86.38,236.41,0.6583,-1,-1,-1
364,5,1573.61,633.46,80.05,246.54,0.5528,-1,-1,-1
364,4,1721.59,457.96,73.67,208.27,0.5894,-1,-1,-1
364,3,962.53,925.17,72.62,152.93,0.6626,-1,-1,-1
365,46,794.86,154.34,55.31,165.79,0.3125,-1,-1,-1
365,45,370.23,512.54,80.04,237.69,0.6926,-1,-1,-1
365,44,503.57,934.03,103.45,145.97,0.6750,-1,-1,-1
365,41,916.42,489.70,66.09,200.44,0.4050,-1,-1,-1
365,39,1021.50,58.27,58.89,161.76,0.3884,-1,-1,-1
365,33,1044.10,430.73,68.91,193.64,0.6229,-1,-1,-1
365,30,454.84,1016.03,85.87,63.97,0.4654,-1,-1,-1
365,29,850.90,479.09,72.54,215.65,0.5337,-1,-1,-1
365,25,470.26,537.59,66.26,227.57,0.7146,-1,-1,-1
365,18,437.59,317.20,67.62,209.40,0.5329,-1,-1,-1
365,6,538.59,573.30,78.75,238.04,0.6433,-1,-1,-1
365,5,1574.70,635.44,79.17,242.66,0.6048,-1,-1,-1
365,4,1722.77,456.75,72.35,209.70,0.5713,-1,-1,-1
365,3,963.29,923.33,71.82,155.16,0.6770,-1,-1,-1
366,46,794.68,153.70,54.82,167.32,0.3456,-1,-1,-1
366,45,366.18,512.14,81.43,237.19,0.7386,-1,-1,-1
366,44,508.13,936.80,104.40,143.20,0.6744,-1,-1,-1
366,41,915.76,489.79,67.35,201.35,0.4541,-1,-1,-1
366,39,1021.06,59.67,55.59,156.08,0.4131,-1,-1,-1
366,33,1047.12,430.09,68.46,195.72,0.6339,-1,-1,-1
366,31,957.75,50.13,58.94,165.86,0.3246,-1,-1,-1
366,30,456.66,1017.04,78.06,62.96,0.3916,-1,-1,-1
366,29,850.57,479.79,72.42,215.27,0.5810,-1,-1,-1
366,25,469.53,539.18,64.94,231.89,0.7373,-1,-1,-1
366,18,438.90,316.24,68.61,209.02,0.5350,-1,-1,-1
366,6,544.87,572.59,73.83,239.85,0.7075,-1,-1,-1
366,5,1574.60,633.02,82.88,247.11,0.5604,-1,-1,-1
366,4,1722.11,457.41,72.48,209.13,0.5805,-1,-1,-1
366,3,965.26,922.77,71.23,155.99,0.7050,-1,-1,-1
366,1,444.01,80.68,65.87,192.55,0.3175,-1,-1,-1
367,46,795.16,153.67,54.05,167.48,0.3321,-1,-1,-1
367,45,362.12,514.63,84.89,235.18,0.7544,-1,-1,-1
367,44,506.30,941.21,107.67,138.79,0.6848,-1,-1,-1
367,41,915.56,490.95,66.68,202.66,0.4410,-1,-1,-1
367,39,1020.90,58.65,55.32,155.07,0.4284,-1,-1,-1
367,33,1050.58,430.64,67.63,194.30,0.6265,-1,-1,-1
367,31,956.94,47.23,59.29,168.01,0.3204,-1,-1,-1
367,30,463.16,1021.63,70.41,58.37,0.3442,-1,-1,-1
367,29,851.35,479.74,73.05,218.01,0.5989,-1,-1,-1
367,25,467.78,540.07,65.27,233.31,0.7385,-1,-1,-1
367,18,439.18,313.96,69.21,209.04,0.5601,-1,-1,-1
367,6,546.54,572.03,74.02,243.13,0.6913,-1,-1,-1
367,5,1574.84,641.77,89.18,239.43,0.5770,-1,-1,-1
367,4,1722.00,457.70,71.83,209.55,0.5755,-1,-1,-1
367,3,966.23,921.29,70.90,156.58,0.7096,-1,-1,-1
368,46,794.46,151.60,58.47,169.13,0.3290,-1,-1,-1
368,45,359.29,515.15,87.21,234.93,0.7695,-1,-1,-1
368,44,509.89,943.28,108.59,136.72,0.6921,-1,-1,-1
368,41,914.87,492.07,68.13,202.27,0.4875,-1,-1,-1
368,39,1020.52,57.88,55.19,154.08,0.4449,-1,-1,-1
368,33,1054.61,432.07,67.48,197.86,0.6633,-1,-1,-1
368,29,851.94,480.88,69.75,217.49,0.6341,-1,-1,-1
368,25,465.53,540.64,66.97,233.13,0.7517,-1,-1,-1
368,18,439.46,312.77,69.60,207.94,0.5695,-1,-1,-1
368,6,547.77,571.86,77.08,241.09,0.6900,-1,-1,-1
368,5,1574.84,645.17,90.69,234.11,0.5187,-1,-1,-1
368,4,1722.02,458.04,73.79,207.41,0.5794,-1,-1,-1
368,3,967.79,921.27,70.95,157.22,0.6915,-1,-1,-1
369,46,794.96,152.00,57.65,169.24,0.3325,-1,-1,-1
369,45,355.98,516.04,90.20,239.73,0.7539,-1,-1,-1
369,44,513.20,946.24,111.17,133.76,0.6971,-1,-1,-1
369,41,913.16,493.86,69.18,204.47,0.3973,-1,-1,-1
369,39,1019.58,57.03,54.55,156.09,0.4412,-1,-1,-1
369,33,1057.20,432.86,68.87,194.10,0.6209,-1,-1,-1
369,31,959.09,47.77,55.18,168.04,0.3068,-1,-1,-1
369,29,851.95,482.32,66.81,219.73,0.5734,-1,-1,-1
369,25,464.72,540.89,66.34,232.45,0.7328,-1,-1,-1
369,18,441.06,310.43,67.38,210.20,0.5335,-1,-1,-1
369,6,547.39,572.63,80.35,240.93,0.6850,-1,-1,-1
369,5,1575.53,645.25,88.42,236.70,0.5141,-1,-1,-1
369,4,1722.12,458.25,75.23,206.31,0.5701,-1,-1,-1
369,3,968.79,920.99,71.53,158.02,0.7150,-1,-1,-1
370,46,793.89,152.78,60.39,167.50,0.3142,-1,-1,-1
370,45,352.60,519.07,91.01,243.01,0.7171,-1,-1,-1
370,44,515.28,951.71,115.09,128.29,0.6847,-1,-1,-1
370,41,915.86,498.50,67.28,202.80,0.3749,-1,-1,-1
370,39,1016.06,55.39,58.39,159.72,0.4010,-1,-1,-1
370,33,1059.93,434.98,67.68,199.18,0.6176,-1,-1,-1
370,29,852.58,482.24,66.10,216.58,0.4652,-1,-1,-1
370,25,462.82,541.25,67.48,232.14,0.7271,-1,-1,-1
370,18,441.82,309.29,67.97,213.34,0.5436,-1,-1,-1
370,6,547.07,572.71,84.01,240.76,0.6620,-1,-1,-1
370,5,1574.83,644.34,90.47,235.55,0.4653,-1,-1,-1
370,4,1722.42,457.53,73.60,208.37,0.5860,-1,-1,-1
370,3,968.63,919.49,73.56,158.70,0.7278,-1,-1,-1
371,47,1761.56,93.30,55.59,159.14,0.3381,-1,-1,-1
371,46,794.18,153.28,60.84,167.92,0.3024,-1,-1,-1
371,45,348.61,522.52,92.97,242.20,0.6988,-1,-1,-1
371,44,516.52,954.92,117.00,125.08,0.6957,-1,-1,-1
371,41,914.75,503.74,69.34,203.47,0.4722,-1,-1,-1
371,39,1015.12,53.84,59.88,161.49,0.3365,-1,-1,-1
371,33,1062.50,435.99,69.72,199.35,0.6657,-1,-1,-1
371,29,851.32,482.55,68.54,225.93,0.4585,-1,-1,-1
371,25,461.35,541.68,67.57,232.03,0.7148,-1,-1,-1
371,18,441.36,310.53,69.86,209.36,0.5039,-1,-1,-1
371,6,547.63,572.27,95.69,241.61,0.6371,-1,-1,-1
371,5,1575.56,637.21,93.89,241.68,0.3970,-1,-1,-1
371,4,1722.32,457.74,74.52,207.49,0.5573,-1,-1,-1
371,3,970.16,917.41,73.94,160.87,0.7223,-1,-1,-1
372,47,1762.47,96.45,57.17,156.69,0.3662,-1,-1,-1
372,45,348.16,525.00,93.45,242.95,0.7195,-1,-1,-1
372,44,519.12,959.18,115.57,120.82,0.6824,-1,-1,-1
372,41,912.55,505.55,71.53,203.53,0.4702,-1,-1,-1
372,39,1015.23,53.36,58.76,164.22,0.3705,-1,-1,-1
372,33,1064.33,439.17,70.38,203.68,0.6598,-1,-1,-1
372,29,850.80,484.22,69.10,224.13,0.4061,-1,-1,-1
372,25,459.80,542.13,68.31,230.00,0.7108,-1,-1,-1
372,18,442.62,310.88,69.27,209.28,0.5496,-1,-1,-1
372,6,549.03,571.09,108.49,243.08,0.6555,-1,-1,-1
372,5,1573.54,646.78,92.92,232.49,0.4455,-1,-1,-1
372,4,1721.29,458.90,76.66,206.67,0.5365,-1,-1,-1
372,3,970.63,917.12,77.19,161.27,0.7405,-1,-1,-1
373,45,346.99,527.00,92.53,239.36,0.6988,-1,-1,-1
373,44,518.98,962.56,117.22,117.44,0.6650,-1,-1,-1
373,41,914.19,505.48,70.40,205.53,0.4771,-1,-1,-1
373,39,1015.43,52.93,57.57,161.55,0.3822,-1,-1,-1
373,33,1067.05,441.33,70.90,203.05,0.6469,-1,-1,-1
373,29,850.72,485.90,67.39,222.12,0.3831,-1,-1,-1
373,25,459.14,543.45,67.02,229.08,0.7047,-1,-1,-1
373,18,443.11,309.64,68.90,210.04,0.5553,-1,-1,-1
373,6,550.04,571.08,110.63,243.01,0.6639,-1,-1,-1
373,5,1573.91,645.39,91.83,231.78,0.4215,-1,-1,-1
373,4,1720.66,457.93,78.40,208.15,0.5363,-1,-1,-1
373,3,971.99,915.60,78.02,162.31,0.7324,-1,-1,-1
374,46,792.44,152.66,62.34,166.56,0.3119,-1,-1,-1
374,45,345.45,527.59,91.03,237.92,0.7001,-1,-1,-1
374,44,521.98,964.41,114.20,115.59,0.6549,-1,-1,-1
374,41,913.74,506.30,69.94,205.71,0.5504,-1,-1,-1
374,39,1014.70,52.44,56.89,161.64,0.3986,-1,-1,-1
374,33,1073.37,443.11,66.50,201.52,0.6222,-1,-1,-1
374,29,851.70,488.47,67.04,217.66,0.4420,-1,-1,-1
374,25,457.06,545.46,67.72,225.34,0.7049,-1,-1,-1
374,18,443.85,308.94,69.04,208.59,0.5965,-1,-1,-1
374,6,555.17,569.47,107.80,244.21,0.6560,-1,-1,-1
374,5,1572.68,645.75,94.02,233.14,0.4282,-1,-1,-1
374,4,1719.63,456.77,78.89,208.01,0.5488,-1,-1,-1
374,3,972.46,915.52,78.39,162.80,0.7307,-1,-1,-1
375,46,790.50,151.13,62.45,168.28,0.3376,-1,-1,-1
375,45,344.00,528.59,91.72,237.83,0.6902,-1,-1,-1
375,44,524.82,966.34,111.08,113.66,0.6393,-1,-1,-1
375,41,914.15,506.97,69.06,205.67,0.5549,-1,-1,-1
375,39,1014.57,52.09,56.60,160.00,0.4206,-1,-1,-1
375,33,1077.03,444.07,67.67,203.16,0.5902,-1,-1,-1
375,29,853.86,490.77,64.53,216.04,0.4046,-1,-1,-1
375,25,455.20,547.04,70.32,222.25,0.7348,-1,-1,-1
375,18,445.61,307.32,69.15,209.28,0.6044,-1,-1,-1
375,6,560.80,567.84,107.91,245.50,0.6324,-1,-1,-1
375,4,1718.62,457.05,78.52,208.66,0.5773,-1,-1,-1
375,3,972.95,914.22,79.00,164.79,0.7215,-1,-1,-1
376,46,791.31,154.05,58.26,167.35,0.3243,-1,-1,-1
376,45,341.42,531.91,91.63,235.76,0.6838,-1,-1,-1
376,44,529.42,969.11,105.82,110.89,0.6359,-1,-1,-1
376,41,914.59,506.98,67.76,206.48,0.5748,-1,-1,-1
376,39,1014.08,52.98,56.48,163.01,0.3712,-1,-1,-1
376,33,1079.34,444.75,68.51,200.87,0.5825,-1,-1,-1
376,29,853.26,494.95,65.29,215.90,0.5090,-1,-1,-1
376,25,454.47,549.48,68.41,223.70,0.7416,-1,-1,-1
376,18,447.00,306.43,69.40,208.96,0.5908,-1,-1,-1
376,6,565.46,564.33,105.71,250.66,0.5840,-1,-1,-1
376,5,1573.12,647.65,96.60,233.38,0.3188,-1,-1,-1
376,4,1720.36,456.78,74.76,209.82,0.6119,-1,-1,-1
376,3,974.64,912.54,78.36,166.71,0.7171,-1,-1,-1
377,46,789.23,153.18,64.22,166.92,0.3005,-1,-1,-1
377,45,338.74,534.14,91.62,231.34,0.6855,-1,-1,-1
377,44,530.25,969.17,104.25,110.83,0.6485,-1,-1,-1
377,41,914.09,508.22,67.63,204.84,0.5751,-1,-1,-1
377,39,1013.31,51.58,56.73,161.13,0.3950,-1,-1,-1
377,33,1080.54,447.29,68.68,200.65,0.5975,-1,-1,-1
377,29,852.45,495.56,66.03,214.04,0.5071,-1,-1,-1
377,25,453.62,550.87,68.41,228.30,0.7338,-1,-1,-1
377,18,447.60,303.74,69.32,211.02,0.6378,-1,-1,-1
377,6,568.72,564.60,104.66,249.40,0.5901,-1,-1,-1
377,4,1720.66,456.73,74.08,208.82,0.6236,-1,-1,-1
377,3,972.41,911.55,82.74,167.64,0.7053,-1,-1,-1
378,45,338.22,534.66,89.49,230.67,0.6962,-1,-1,-1
378,44,532.97,971.22,101.36,108.78,0.6423,-1,-1,-1
378,41,915.60,509.22,65.99,204.02,0.5561,-1,-1,-1
378,39,1013.61,52.14,55.29,161.91,0.3790,-1,-1,-1
378,33,1084.79,449.41,67.45,197.36,0.6358,-1,-1,-1
378,29,851.65,491.52,66.86,225.33,0.5067,-1,-1,-1
378,25,452.37,553.26,68.90,230.28,0.7250,-1,-1,-1
378,18,447.73,302.80,71.53,209.77,0.6321,-1,-1,-1
378,6,572.98,563.16,98.06,248.48,0.5010,-1,-1,-1
378,4,1720.16,456.46,75.49,209.45,0.6188,-1,-1,-1
378,3,974.16,910.05,82.34,169.95,0.7159,-1,-1,-1
379,45,338.01,535.93,88.06,227.58,0.6948,-1,-1,-1
379,44,535.46,972.69,98.27,107.31,0.6109,-1,-1,-1
379,41,915.97,508.46,66.09,204.99,0.5595,-1,-1,-1
379,39,1013.20,50.91,54.87,165.42,0.3872,-1,-1,-1
379,33,1091.70,448.32,63.76,200.41,0.6337,-1,-1,-1
379,29,850.69,492.38,68.48,226.53,0.5169,-1,-1,-1
379,25,450.99,555.20,70.18,233.55,0.7144,-1,-1,-1
379,18,447.17,301.02,72.47,208.20,0.6428,-1,-1,-1
379,6,579.89,562.13,89.86,248.56,0.4036,-1,-1,-1
379,4,1719.81,457.15,76.73,208.32,0.6199,-1,-1,-1
379,3,974.27,909.78,84.23,169.83,0.7198,-1,-1,-1
380,45,336.86,536.98,88.24,227.05,0.7025,-1,-1,-1
380,44,537.58,974.07,96.57,105.93,0.6081,-1,-1,-1
380,41,915.58,506.45,67.22,205.18,0.4806,-1,-1,-1
380,39,1012.84,49.97,54.37,165.45,0.4299,-1,-1,-1
380,33,1092.04,449.03,65.78,199.04,0.6023,-1,-1,-1
380,31,958.31,34.47,53.99,177.29,0.3062,-1,-1,-1
380,29,848.18,492.34,71.66,216.81,0.4426,-1,-1,-1
380,25,449.37,558.90,69.39,230.24,0.7314,-1,-1,-1
380,18,447.09,298.97,73.06,205.13,0.5915,-1,-1,-1
380,4,1720.04,456.40,75.78,209.69,0.6107,-1,-1,-1
380,3,975.13,908.84,84.29,170.40,0.7103,-1,-1,-1
381,46,788.50,151.67,64.91,169.60,0.3087,-1,-1,-1
381,45,336.64,537.49,86.00,235.73,0.7547,-1,-1,-1
381,44,540.76,977.50,93.78,102.50,0.6081,-1,-1,-1
381,41,917.32,506.56,66.00,204.52,0.4835,-1,-1,-1
381,39,1012.72,49.41,53.91,165.94,0.4501,-1,-1,-1
381,33,1093.29,449.13,66.83,198.17,0.6688,-1,-1,-1
381,31,958.21,32.99,54.10,176.33,0.3207,-1,-1,-1
381,29,847.70,492.52,69.88,219.81,0.3918,-1,-1,-1
381,25,449.28,561.56,68.34,234.29,0.7347,-1,-1,-1
381,18,447.35,297.63,72.34,202.73,0.6312,-1,-1,-1
381,6,601.37,562.79,72.58,237.82,0.3209,-1,-1,-1
381,4,1720.20,456.33,74.30,209.50,0.6324,-1,-1,-1
381,3,975.97,907.88,83.96,171.45,0.7045,-1,-1,-1
382,46,789.45,151.68,63.92,169.64,0.3057,-1,-1,-1
382,45,336.60,539.20,84.15,236.19,0.7804,-1,-1,-1
382,44,544.27,980.83,90.67,99.17,0.5994,-1,-1,-1
382,41,916.32,509.90,68.16,203.19,0.4695,-1,-1,-1
382,39,1012.81,47.91,53.39,170.20,0.4642,-1,-1,-1
382,33,1095.07,448.47,67.11,200.14,0.6667,-1,-1,-1
382,31,958.89,32.96,54.49,174.14,0.3700,-1,-1,-1
382,25,448.20,562.03,68.91,235.35,0.7429,-1,-1,-1
382,18,447.66,294.34,73.40,203.64,0.6233,-1,-1,-1
382,4,1719.29,456.97,74.49,207.81,0.6005,-1,-1,-1
382,3,976.14,907.25,84.55,171.50,0.7193,-1,-1,-1
383,47,1772.79,95.30,58.97,166.34,0.3186,-1,-1,-1
383,46,789.01,151.40,64.12,170.35,0.3289,-1,-1,-1
383,45,335.34,539.92,84.44,235.41,0.7797,-1,-1,-1
383,44,547.02,989.95,88.05,90.05,0.5859,-1,-1,-1
383,41,915.43,510.79,69.16,202.72,0.4879,-1,-1,-1
383,39,1013.26,47.50,52.72,169.71,0.4480,-1,-1,-1
383,33,1097.62,448.97,67.50,198.07,0.6580,-1,-1,-1
383,31,960.59,31.73,53.12,171.74,0.3902,-1,-1,-1
383,29,850.28,497.51,68.59,212.41,0.3741,-1,-1,-1
383,25,446.58,561.04,71.68,237.09,0.7658,-1,-1,-1
383,18,447.83,291.65,74.51,204.40,0.5802,-1,-1,-1
383,4,1719.82,456.47,73.76,209.57,0.6006,-1,-1,-1
383,3,978.45,906.31,82.49,172.06,0.6950,-1,-1,-1
384,47,1771.75,98.92,59.80,162.43,0.3732,-1,-1,-1
384,46,788.11,151.20,65.30,170.39,0.3413,-1,-1,-1
384,45,335.58,540.45,82.28,237.76,0.7748,-1,-1,-1
384,44,550.95,993.54,86.97,86.46,0.5777,-1,-1,-1
384,41,916.22,513.00,69.10,201.66,0.5728,-1,-1,-1
384,39,1012.79,45.93,52.74,169.00,0.4228,-1,-1,-1
384,33,1099.43,454.24,71.14,197.25,0.6481,-1,-1,-1
384,31,958.62,30.52,55.15,173.62,0.3277,-1,-1,-1
384,29,850.52,497.20,69.84,210.91,0.4244,-1,-1,-1
384,25,443.89,564.42,72.92,234.52,0.7714,-1,-1,-1
384,18,448.05,289.91,74.34,206.22,0.6012,-1,-1,-1
384,5,1612.15,651.07,53.44,226.47,0.3164,-1,-1,-1
384,4,1720.17,456.90,71.38,208.16,0.5856,-1,-1,-1
384,3,979.17,906.40,82.86,172.31,0.6984,-1,-1,-1
384,1,452.82,75.20,66.02,185.92,0.3057,-1,-1,-1
385,47,1771.90,98.48,60.82,164.17,0.3699,-1,-1,-1
385,46,788.50,150.89,65.19,170.75,0.3642,-1,-1,-1
385,45,334.26,541.28,83.87,239.43,0.7686,-1,-1,-1
385,44,553.22,997.78,86.58,82.22,0.5668,-1,-1,-1
385,41,920.59,515.01,66.52,204.06,0.5243,-1,-1,-1
385,39,1013.05,45.89,52.22,170.82,0.3896,-1,-1,-1
385,33,1101.86,454.32,73.00,200.71,0.5821,-1,-1,-1
385,31,956.95,31.00,57.19,171.82,0.3545,-1,-1,-1
385,29,850.89,499.65,70.17,207.62,0.4454,-1,-1,-1
385,25,444.12,563.88,72.44,235.86,0.7674,-1,-1,-1
385,18,445.03,289.18,77.48,208.01,0.5651,-1,-1,-1
385,4,1718.91,457.01,72.44,208.05,0.6486,-1,-1,-1
385,3,980.58,905.90,81.11,172.71,0.7089,-1,-1,-1
385,1,453.53,73.89,67.28,185.75,0.3203,-1,-1,-1
386,47,1771.55,98.30,64.46,164.75,0.3664,-1,-1,-1
386,46,786.50,151.03,67.19,170.50,0.3583,-1,-1,-1
386,45,332.45,544.38,86.26,239.02,0.7442,-1,-1,-1
386,44,557.68,1002.44,85.33,77.56,0.5119,-1,-1,-1
386,41,918.20,515.63,69.17,205.47,0.4938,-1,-1,-1
386,39,1012.02,45.99,52.14,162.70,0.3484,-1,-1,-1
386,33,1107.71,456.19,72.20,200.19,0.5336,-1,-1,-1
386,31,953.58,29.49,59.79,172.14,0.3371,-1,-1,-1
386,29,850.33,499.99,69.96,209.00,0.4784,-1,-1,-1
386,25,442.34,565.19,72.23,235.27,0.7521,-1,-1,-1
386,18,443.41,288.29,80.45,208.53,0.5690,-1,-1,-1
386,4,1719.76,457.46,72.50,207.35,0.5985,-1,-1,-1
386,3,982.67,905.09,78.74,173.17,0.6759,-1,-1,-1
386,1,452.94,73.67,69.21,185.77,0.3302,-1,-1,-1
387,47,1772.30,95.15,62.44,170.67,0.3668,-1,-1,-1
387,46,787.22,150.34,66.24,171.70,0.3466,-1,-1,-1
387,45,331.66,545.60,86.91,244.25,0.7475,-1,-1,-1
387,44,559.84,1005.55,85.50,74.45,0.5012,-1,-1,-1
387,41,923.21,518.30,65.29,210.51,0.4461,-1,-1,-1
387,39,1011.91,45.20,52.16,161.37,0.3194,-1,-1,-1
387,33,1108.16,458.64,79.84,199.14,0.5176,-1,-1,-1
387,31,954.23,30.06,59.58,171.17,0.3244,-1,-1,-1
387,29,850.78,499.71,69.64,211.99,0.4371,-1,-1,-1
387,25,440.80,565.09,70.63,235.68,0.7457,-1,-1,-1
387,18,443.47,288.40,82.20,208.22,0.5789,-1,-1,-1
387,4,1719.41,458.46,72.91,206.32,0.5508,-1,-1,-1
387,3,984.29,904.64,77.25,173.04,0.6608,-1,-1,-1
388,47,1771.97,92.89,64.41,173.63,0.3624,-1,-1,-1
388,46,789.68,150.84,63.38,170.55,0.3476,-1,-1,-1
388,45,327.99,550.39,89.91,247.76,0.7585,-1,-1,-1
388,44,562.35,1010.51,84.26,69.49,0.4464,-1,-1,-1
388,41,921.82,519.69,67.30,208.29,0.4739,-1,-1,-1
388,39,1011.90,45.11,52.33,157.70,0.3209,-1,-1,-1
388,33,1108.58,462.92,83.52,198.17,0.5451,-1,-1,-1
388,31,955.44,29.65,57.53,172.06,0.3445,-1,-1,-1
388,29,850.41,502.06,69.68,209.70,0.4324,-1,-1,-1
388,25,439.42,567.39,70.66,234.01,0.7461,-1,-1,-1
388,18,443.12,287.74,82.74,208.64,0.5925,-1,-1,-1
388,4,1719.52,457.13,72.07,207.36,0.5456,-1,-1,-1
388,3,984.03,904.49,79.01,173.65,0.6202,-1,-1,-1
389,47,1772.19,82.77,63.21,183.61,0.3486,-1,-1,-1
389,46,789.35,151.08,64.06,170.33,0.3568,-1,-1,-1
389,45,326.15,552.20,91.45,245.61,0.7756,-1,-1,-1
389,44,563.73,1012.83,84.25,67.17,0.4309,-1,-1,-1
389,41,921.53,525.16,70.56,202.42,0.5317,-1,-1,-1
389,39,1010.88,43.83,53.01,162.49,0.3580,-1,-1,-1
389,33,1111.08,463.53,87.55,201.29,0.4800,-1,-1,-1
389,31,953.43,29.31,58.69,172.14,0.3471,-1,-1,-1
389,29,850.95,500.72,70.27,192.08,0.4285,-1,-1,-1
389,25,437.46,568.01,72.85,232.57,0.7651,-1,-1,-1
389,18,441.56,287.18,84.01,209.15,0.6108,-1,-1,-1
389,4,1720.28,457.44,72.31,208.68,0.5552,-1,-1,-1
389,3,984.10,904.83,80.50,173.40,0.6536,-1,-1,-1
390,47,1772.04,90.45,60.53,176.80,0.3544,-1,-1,-1
390,46,790.89,151.42,62.34,169.81,0.3919,-1,-1,-1
390,45,324.10,553.67,90.62,245.18,0.7912,-1,-1,-1
390,44,566.97,1015.39,83.43,64.61,0.3864,-1,-1,-1
390,41,922.83,526.26,70.35,200.79,0.5937,-1,-1,-1
390,39,1011.05,43.08,53.40,164.39,0.3871,-1,-1,-1
390,33,1118.90,464.38,80.23,201.79,0.4757,-1,-1,-1
390,31,955.94,28.40,55.69,173.48,0.3587,-1,-1,-1
390,29,851.66,503.94,70.18,215.48,0.5204,-1,-1,-1
390,25,436.19,569.14,73.08,231.65,0.7766,-1,-1,-1
390,18,441.84,287.15,83.23,209.10,0.6382,-1,-1,-1
390,4,1720.12,456.58,71.57,209.05,0.5492,-1,-1,-1
390,3,983.46,904.54,81.58,173.48,0.6174,-1,-1,-1
390,1,455.38,70.86,76.34,190.23,0.3297,-1,-1,-1
391,47,1770.96,104.76,60.65,162.86,0.3898,-1,-1,-1
391,46,790.67,153.39,60.17,168.25,0.3700,-1,-1,-1
391,45,322.41,556.45,91.55,245.42,0.7920,-1,-1,-1
391,44,569.34,1016.54,84.92,63.13,0.3882,-1,-1,-1
391,41,922.95,527.68,71.85,209.16,0.6189,-1,-1,-1
391,39,1010.10,42.33,54.58,164.92,0.3629,-1,-1,-1
391,33,1121.60,465.75,78.41,202.14,0.4453,-1,-1,-1
391,31,953.15,28.57,58.82,172.30,0.4099,-1,-1,-1
391,29,850.93,507.28,72.13,212.78,0.5873,-1,-1,-1
391,25,434.26,572.56,74.24,228.99,0.8020,-1,-1,-1
391,18,442.72,284.73,82.15,209.30,0.6376,-1,-1,-1
391,4,1719.72,456.79,73.17,210.71,0.5625,-1,-1,-1
391,3,981.84,904.92,82.57,174.52,0.6166,-1,-1,-1
391,1,456.38,70.98,76.30,188.74,0.3364,-1,-1,-1
392,47,1772.16,108.27,60.35,161.37,0.3532,-1,-1,-1
392,46,791.39,153.20,58.63,168.04,0.3891,-1,-1,-1
392,45,320.45,557.04,93.36,248.15,0.8023,-1,-1,-1
392,44,570.27,1016.27,85.91,63.73,0.4018,-1,-1,-1
392,41,921.62,528.58,74.06,209.30,0.6076,-1,-1,-1
392,39,1010.39,41.94,54.93,160.66,0.3321,-1,-1,-1
392,33,1128.03,467.74,73.93,198.41,0.5122,-1,-1,-1
392,31,954.46,28.26,57.52,172.40,0.3946,-1,-1,-1
392,29,851.40,508.59,70.89,228.73,0.5647,-1,-1,-1
392,25,433.49,574.05,74.87,229.90,0.8104,-1,-1,-1
392,18,444.25,282.72,79.72,210.96,0.6669,-1,-1,-1
392,4,1721.78,456.84,71.27,208.97,0.5862,-1,-1,-1
392,3,980.54,905.11,84.66,173.23,0.6710,-1,-1,-1
392,1,457.16,72.31,75.93,187.72,0.3391,-1,-1,-1
393,47,1770.35,110.66,62.75,161.85,0.3668,-1,-1,-1
393,46,791.67,153.03,58.03,168.04,0.3824,-1,-1,-1
393,45,319.40,559.61,94.45,247.56,0.7958,-1,-1,-1
393,44,572.85,1017.02,85.49,62.98,0.4238,-1,-1,-1
393,41,924.64,529.43,72.89,210.91,0.6582,-1,-1,-1
393,39,1010.22,41.33,55.57,161.16,0.3197,-1,-1,-1
393,33,1132.90,466.10,71.55,202.09,0.5165,-1,-1,-1
393,31,953.68,29.01,58.08,172.49,0.3862,-1,-1,-1
393,29,850.25,510.83,71.88,221.84,0.5589,-1,-1,-1
393,25,432.53,577.03,73.88,231.03,0.8171,-1,-1,-1
393,18,446.68,279.20,76.98,212.07,0.6620,-1,-1,-1
393,4,1721.90,456.63,71.16,209.84,0.5854,-1,-1,-1
393,3,980.35,905.99,84.53,172.18,0.6830,-1,-1,-1
393,1,458.51,71.95,74.88,186.67,0.3361,-1,-1,-1
394,47,1768.27,111.98,65.86,161.76,0.3447,-1,-1,-1
394,46,790.94,150.95,61.42,169.78,0.3716,-1,-1,-1
394,45,319.63,560.53,93.21,247.62,0.7911,-1,-1,-1
394,44,574.00,1017.62,87.43,62.38,0.4425,-1,-1,-1
394,41,926.87,523.89,70.32,213.60,0.6616,-1,-1,-1
394,39,1008.24,40.74,57.67,164.38,0.3463,-1,-1,-1
394,33,1139.16,466.96,68.60,201.81,0.5342,-1,-1,-1
394,31,955.03,30.24,56.91,171.31,0.3830,-1,-1,-1
394,29,851.16,511.94,71.93,229.98,0.5168,-1,-1,-1
394,25,432.36,579.80,71.76,230.43,0.8000,-1,-1,-1
394,18,448.66,277.31,74.89,212.11,0.6724,-1,-1,-1
394,4,1720.20,456.14,71.80,210.98,0.5811,-1,-1,-1
394,3,981.35,906.99,83.44,171.00,0.6815,-1,-1,-1
394,1,459.87,71.34,74.60,187.21,0.3026,-1,-1,-1
395,47,1770.19,112.08,62.01,162.57,0.3434,-1,-1,-1
395,46,789.66,150.49,63.50,170.35,0.3984,-1,-1,-1
395,45,318.31,560.45,91.58,248.89,0.7875,-1,-1,-1
395,44,575.03,1019.60,87.44,60.40,0.4024,-1,-1,-1
395,41,927.45,525.15,72.76,211.88,0.6760,-1,-1,-1
395,39,1007.97,39.91,58.80,165.54,0.3475,-1,-1,-1
395,33,1140.54,468.93,70.66,200.51,0.4431,-1,-1,-1
395,31,954.39,28.22,56.22,173.13,0.4052,-1,-1,-1
395,29,853.29,516.04,71.05,219.88,0.5649,-1,-1,-1
395,25,431.79,583.37,70.63,232.12,0.7920,-1,-1,-1
395,18,450.11,275.53,73.43,209.56,0.6572,-1,-1,-1
395,4,1720.75,456.03,71.25,211.69,0.5830,-1,-1,-1
395,3,981.84,906.91,84.18,171.13,0.6671,-1,-1,-1
396,47,1769.97,111.18,61.04,163.51,0.3207,-1,-1,-1
396,46,788.95,150.19,64.19,171.46,0.4023,-1,-1,-1
396,45,317.04,562.11,87.63,248.66,0.7875,-1,-1,-1
396,41,928.69,526.24,71.75,211.94,0.6931,-1,-1,-1
396,39,1008.63,39.75,58.05,163.53,0.3832,-1,-1,-1
396,33,1146.58,468.66,68.92,199.25,0.4849,-1,-1,-1
396,31,953.28,28.99,57.50,171.65,0.4373,-1,-1,-1
396,29,854.92,518.09,70.42,225.53,0.6069,-1,-1,-1
396,25,430.75,585.48,71.02,231.02,0.7760,-1,-1,-1
396,18,450.97,274.01,71.79,205.61,0.6752,-1,-1,-1
396,4,1720.78,457.88,71.76,208.75,0.6232,-1,-1,-1
396,3,981.22,907.89,84.71,170.30,0.6858,-1,-1,-1
397,47,1769.65,114.14,60.13,160.22,0.3345,-1,-1,-1
397,46,789.01,150.21,63.78,170.98,0.4060,-1,-1,-1
397,45,315.95,562.00,86.00,249.40,0.7930,-1,-1,-1
397,41,929.08,528.09,72.41,208.79,0.6868,-1,-1,-1
397,39,1007.48,39.76,59.98,166.31,0.3287,-1,-1,-1
397,33,1148.06,472.05,70.70,196.85,0.4756,-1,-1,-1
397,31,952.96,28.79,56.86,170.08,0.4219,-1,-1,-1
397,29,853.26,519.81,73.72,205.49,0.6179,-1,-1,-1
397,25,430.21,587.63,69.69,231.52,0.7713,-1,-1,-1
397,18,452.19,271.94,70.49,201.60,0.6855,-1,-1,-1
397,4,1720.39,457.81,72.73,209.15,0.6301,-1,-1,-1
397,3,981.03,908.35,85.06,170.22,0.7022,-1,-1,-1
398,46,788.90,150.43,63.69,170.38,0.4148,-1,-1,-1
398,45,313.79,562.90,85.32,248.41,0.7893,-1,-1,-1
398,41,932.05,531.08,68.15,205.77,0.6510,-1,-1,-1
398,39,1006.51,41.98,58.95,158.39,0.3555,-1,-1,-1
398,33,1151.27,469.06,74.36,200.56,0.5295,-1,-1,-1
398,31,953.92,29.57,55.89,169.25,0.4315,-1,-1,-1
398,29,856.45,519.19,71.50,225.75,0.6068,-1,-1,-1
398,25,430.03,588.94,66.05,236.67,0.7511,-1,-1,-1
398,18,451.28,270.31,72.75,200.32,0.6636,-1,-1,-1
398,4,1720.18,458.87,72.70,208.09,0.5912,-1,-1,-1
398,3,982.41,908.22,82.32,170.32,0.7214,-1,-1,-1
398,1,462.14,70.93,76.92,185.79,0.3604,-1,-1,-1
399,46,789.10,150.10,63.02,169.80,0.4054,-1,-1,-1
399,45,312.67,563.28,84.93,246.36,0.7838,-1,-1,-1
399,41,933.16,531.63,69.50,206.05,0.6660,-1,-1,-1
399,39,1007.92,40.74,57.04,157.84,0.3579,-1,-1,-1
399,33,1154.71,466.58,75.44,206.52,0.5756,-1,-1,-1
399,31,952.97,29.10,55.43,167.59,0.4412,-1,-1,-1
399,29,856.27,520.19,72.52,222.27,0.6084,-1,-1,-1
399,25,429.23,591.06,66.66,236.90,0.7535,-1,-1,-1
399,18,452.64,266.81,73.10,203.03,0.6445,-1,-1,-1
399,4,1720.65,458.57,72.15,208.15,0.5767,-1,-1,-1
399,3,983.52,908.66,81.43,171.34,0.7311,-1,-1,-1
399,1,463.58,70.90,76.40,186.94,0.3728,-1,-1,-1
400,46,788.26,149.91,64.92,170.79,0.4445,-1,-1,-1
400,45,312.29,565.20,84.07,242.43,0.7863,-1,-1,-1
400,41,930.61,533.43,72.14,206.34,0.6484,-1,-1,-1
400,39,1006.89,40.45,58.74,158.73,0.3670,-1,-1,-1
400,33,1157.85,470.58,73.12,205.75,0.5751,-1,-1,-1
400,31,951.47,26.77,56.75,168.95,0.4438,-1,-1,-1
400,29,857.18,521.20,72.39,224.26,0.6055,-1,-1,-1
400,25,428.64,592.48,65.79,237.14,0.7664,-1,-1,-1
400,18,452.07,266.58,73.94,203.48,0.6444,-1,-1,-1
400,4,1720.50,457.58,72.13,208.42,0.5436,-1,-1,-1
400,3,984.42,909.56,80.56,169.96,0.7246,-1,-1,-1
400,1,465.78,70.97,74.07,188.34,0.4270,-1,-1,-1
401,46,788.78,150.72,63.93,169.55,0.4213,-1,-1,-1
401,45,310.04,566.77,85.69,238.44,0.7850,-1,-1,-1
401,41,935.33,535.22,68.95,206.45,0.6574,-1,-1,-1
401,39,1006.48,39.33,58.96,160.37,0.4224,-1,-1,-1
401,33,1163.60,471.48,71.84,207.39,0.6032,-1,-1,-1
401,31,951.00,24.18,57.27,169.96,0.4787,-1,-1,-1
401,29,856.94,520.65,73.48,228.37,0.6110,-1,-1,-1
401,25,428.03,593.57,66.82,237.22,0.7536,-1,-1,-1
401,18,451.16,266.23,75.73,203.10,0.6432,-1,-1,-1
401,4,1721.30,456.20,70.34,210.64,0.5082,-1,-1,-1
401,3,983.90,911.15,78.67,168.30,0.7077,-1,-1,-1
401,1,465.80,70.89,74.44,187.76,0.4777,-1,-1,-1
402,46,788.99,150.66,64.26,169.73,0.4295,-1,-1,-1
402,45,308.29,568.64,87.40,240.98,0.7815,-1,-1,-1
402,41,934.50,536.28,71.43,209.48,0.6376,-1,-1,-1
402,39,1005.71,38.65,58.16,159.68,0.4423,-1,-1,-1
402,33,1165.47,475.64,76.28,199.20,0.5433,-1,-1,-1
402,31,949.94,21.37,58.31,170.69,0.4370,-1,-1,-1
402,29,856.15,522.23,74.78,227.72,0.6058,-1,-1,-1
402,25,427.92,594.76,65.59,236.29,0.7496,-1,-1,-1
402,18,451.96,265.38,75.82,204.75,0.6368,-1,-1,-1
402,4,1721.07,455.50,71.62,211.41,0.5201,-1,-1,-1
402,3,985.29,912.64,76.66,167.20,0.7041,-1,-1,-1
402,1,466.43,70.85,73.61,189.13,0.4641,-1,-1,-1
403,46,790.71,150.70,63.13,169.91,0.4411,-1,-1,-1
403,45,307.61,571.45,85.24,245.20,0.7803,-1,-1,-1
403,41,933.26,538.23,72.88,206.68,0.6351,-1,-1,-1
403,39,1005.08,38.68,58.79,158.66,0.4417,-1,-1,-1
403,33,1169.75,479.77,75.45,197.73,0.3751,-1,-1,-1
403,31,950.54,21.77,56.56,162.92,0.4124,-1,-1,-1
403,29,856.87,522.82,75.45,227.00,0.6415,-1,-1,-1
403,25,426.66,596.09,65.05,235.88,0.7420,-1,-1,-1
403,18,452.38,265.26,76.02,204.94,0.6439,-1,-1,-1
403,4,1721.63,459.86,71.46,207.64,0.5068,-1,-1,-1
403,3,984.96,913.95,75.57,165.21,0.7161,-1,-1,-1
403,1,465.94,71.11,72.97,189.33,0.4481,-1,-1,-1
404,46,791.38,150.39,62.15,169.71,0.4132,-1,-1,-1
404,45,307.12,574.49,84.35,246.76,0.7799,-1,-1,-1
404,41,932.68,540.09,72.65,213.12,0.6119,-1,-1,-1
404,39,1003.24,37.30,59.98,157.63,0.4408,-1,-1,-1
404,33,1171.32,482.99,78.88,200.04,0.4733,-1,-1,-1
404,31,950.65,20.62,54.99,163.48,0.3861,-1,-1,-1
404,29,857.08,522.87,75.70,226.53,0.6506,-1,-1,-1
404,25,425.31,596.72,66.48,234.99,0.7299,-1,-1,-1
404,18,453.35,264.06,74.73,207.15,0.6609,-1,-1,-1
404,4,1721.30,460.21,70.82,206.85,0.4495,-1,-1,-1
404,3,985.49,916.06,74.09,163.27,0.6959,-1,-1,-1
404,1,466.89,70.88,71.43,187.87,0.4280,-1,-1,-1
405,46,790.31,149.78,63.40,170.38,0.4119,-1,-1,-1
405,45,306.21,575.70,82.82,249.48,0.7703,-1,-1,-1
405,41,935.71,541.30,70.32,214.19,0.6423,-1,-1,-1
405,39,1002.53,37.00,59.63,155.72,0.4035,-1,-1,-1
405,33,1172.42,483.94,81.05,201.39,0.5425,-1,-1,-1
405,31,950.71,20.25,53.18,159.53,0.3813,-1,-1,-1
405,29,858.61,523.84,78.38,227.22,0.6712,-1,-1,-1
405,25,422.23,598.32,68.50,233.90,0.7476,-1,-1,-1
405,18,452.95,263.94,75.53,206.04,0.6715,-1,-1,-1
405,5,1614.69,614.83,66.03,246.75,0.3400,-1,-1,-1
405,4,1721.67,456.30,73.41,209.46,0.4621,-1,-1,-1
405,3,985.19,918.44,73.56,160.73,0.6974,-1,-1,-1
405,1,466.79,70.78,71.38,187.47,0.4072,-1,-1,-1
406,46,791.48,151.23,58.04,169.67,0.4453,-1,-1,-1
406,45,305.75,577.77,82.23,249.87,0.7537,-1,-1,-1
406,41,932.20,544.31,75.23,213.76,0.6615,-1,-1,-1
406,39,1002.33,36.33,58.23,155.85,0.3741,-1,-1,-1
406,33,1177.66,486.04,79.99,204.28,0.4504,-1,-1,-1
406,31,951.60,19.07,52.53,160.39,0.3905,-1,-1,-1
406,29,859.70,526.21,78.37,226.89,0.6863,-1,-1,-1
406,25,420.01,600.23,68.97,231.65,0.7347,-1,-1,-1
406,18,452.31,263.20,77.98,203.81,0.6597,-1,-1,-1
406,5,1611.69,604.34,73.92,252.28,0.4264,-1,-1,-1
406,4,1721.96,456.99,74.11,209.32,0.4898,-1,-1,-1
406,3,983.67,918.94,75.79,160.28,0.7103,-1,-1,-1
406,1,466.67,70.23,71.34,186.78,0.3901,-1,-1,-1
407,48,1649.22,47.56,63.75,169.99,0.3452,-1,-1,-1
407,46,789.65,149.55,62.82,170.68,0.4510,-1,-1,-1
407,45,305.21,580.15,81.44,248.21,0.7589,-1,-1,-1
407,41,933.35,545.96,72.26,217.14,0.6853,-1,-1,-1
407,39,1002.23,35.37,58.60,156.43,0.4417,-1,-1,-1
407,33,1181.81,486.80,77.64,202.23,0.3584,-1,-1,-1
407,31,949.56,18.09,54.52,161.01,0.3665,-1,-1,-1
407,29,857.27,526.19,80.00,237.13,0.6437,-1,-1,-1
407,25,418.13,600.14,66.79,231.46,0.7571,-1,-1,-1
407,18,453.68,263.04,76.46,203.73,0.6780,-1,-1,-1
407,4,1721.81,459.18,74.64,206.82,0.4469,-1,-1,-1
407,3,982.74,920.69,75.54,158.10,0.6981,-1,-1,-1
407,1,467.57,69.49,71.13,185.53,0.3871,-1,-1,-1
408,48,1649.71,48.99,65.91,168.33,0.3179,-1,-1,-1
408,46,789.37,149.90,62.63,170.36,0.4599,-1,-1,-1
408,45,303.30,583.37,81.73,250.31,0.7557,-1,-1,-1
408,41,931.01,547.51,74.46,214.04,0.6936,-1,-1,-1
408,39,1003.14,36.18,57.06,155.58,0.4346,-1,-1,-1
408,33,1187.56,486.35,74.03,205.35,0.4291,-1,-1,-1
408,31,949.63,20.53,54.45,160.66,0.3598,-1,-1,-1
408,29,859.40,527.20,78.17,239.27,0.6623,-1,-1,-1
408,25,417.05,604.14,70.38,230.48,0.7636,-1,-1,-1
408,18,454.04,261.14,76.45,205.52,0.6792,-1,-1,-1
408,6,700.38,559.39,59.89,231.50,0.3159,-1,-1,-1
408,4,1721.30,455.12,72.54,212.55,0.4582,-1,-1,-1
408,3,981.86,923.00,75.90,154.64,0.7116,-1,-1,-1
408,1,467.56,69.63,70.54,185.28,0.3255,-1,-1,-1
409,48,1651.03,50.48,66.57,168.28,0.3013,-1,-1,-1
409,46,789.50,149.86,63.59,170.32,0.4266,-1,-1,-1
409,45,301.83,585.49,81.35,250.16,0.7667,-1,-1,-1
409,41,933.07,548.89,72.79,212.11,0.6870,-1,-1,-1
409,39,1003.39,35.73,57.11,156.58,0.4254,-1,-1,-1
409,33,1197.82,487.02,68.12,203.86,0.4698,-1,-1,-1
409,31,951.46,19.24,52.15,161.36,0.3860,-1,-1,-1
409,29,860.13,530.66,78.79,240.62,0.6322,-1,-1,-1
409,25,415.41,608.73,70.32,231.44,0.7629,-1,-1,-1
409,18,456.76,260.07,74.00,202.69,0.6621,-1,-1,-1
409,4,1721.63,452.81,71.96,213.77,0.5249,-1,-1,-1
409,3,981.29,924.23,76.69,153.67,0.6881,-1,-1,-1
409,1,467.00,69.47,70.75,182.84,0.3413,-1,-1,-1
410,48,1650.14,46.60,71.37,177.38,0.3168,-1,-1,-1
410,46,789.89,150.01,63.54,169.96,0.4285,-1,-1,-1
410,45,297.60,586.24,85.07,251.59,0.7945,-1,-1,-1
410,41,934.41,550.79,70.95,211.94,0.7032,-1,-1,-1
410,39,1003.32,35.73,57.04,156.53,0.4377,-1,-1,-1
410,33,1207.23,488.11,60.96,202.19,0.4730,-1,-1,-1
410,31,949.12,19.49,54.88,161.97,0.4011,-1,-1,-1
410,29,860.36,533.00,75.67,243.34,0.6341,-1,-1,-1
410,25,414.05,609.88,69.38,234.90,0.7295,-1,-1,-1
410,18,458.19,259.35,72.69,199.10,0.6667,-1,-1,-1
410,6,702.23,557.55,90.74,237.26,0.3417,-1,-1,-1
410,5,1576.74,619.59,105.70,235.62,0.3295,-1,-1,-1
410,4,1722.15,449.51,71.58,217.69,0.5461,-1,-1,-1
410,3,981.12,925.21,76.31,152.59,0.6906,-1,-1,-1
410,1,465.31,66.22,72.40,188.75,0.3190,-1,-1,-1
411,48,1651.40,47.65,71.95,178.53,0.3083,-1,-1,-1
411,46,788.41,149.98,64.61,169.92,0.4347,-1,-1,-1
411,45,297.07,587.58,83.01,249.27,0.7970,-1,-1,-1
411,41,934.25,551.25,70.48,210.46,0.6876,-1,-1,-1
411,39,1002.89,34.62,55.93,156.25,0.4038,-1,-1,-1
411,33,1209.05,486.38,64.49,205.97,0.4238,-1,-1,-1
411,31,949.93,18.37,52.86,161.74,0.3550,-1,-1,-1
411,29,862.84,535.83,72.34,243.38,0.6578,-1,-1,-1
411,25,412.06,612.80,69.17,233.97,0.7072,-1,-1,-1
411,18,457.87,257.12,72.41,196.46,0.6786,-1,-1,-1
411,6,702.90,559.32,91.81,236.27,0.3316,-1,-1,-1
411,5,1577.44,618.99,104.42,236.55,0.3717,-1,-1,-1
411,4,1721.85,448.92,72.15,219.52,0.5377,-1,-1,-1
411,3,979.21,925.53,78.97,151.94,0.6895,-1,-1,-1
412,46,789.93,151.45,60.08,168.73,0.4162,-1,-1,-1
412,45,295.54,587.93,82.11,248.81,0.7994,-1,-1,-1
412,41,936.83,553.00,68.06,209.36,0.6721,-1,-1,-1
412,39,1003.02,34.91,55.42,158.40,0.4114,-1,-1,-1
412,33,1211.51,486.21,65.01,205.87,0.5110,-1,-1,-1
412,31,950.99,19.36,54.13,165.54,0.3702,-1,-1,-1
412,29,862.78,538.59,73.19,234.65,0.6554,-1,-1,-1
412,25,406.28,614.37,72.38,236.37,0.7283,-1,-1,-1
412,18,456.41,253.82,73.71,197.86,0.6563,-1,-1,-1
412,6,704.48,559.03,95.67,238.63,0.3805,-1,-1,-1
412,5,1576.63,617.53,103.79,237.75,0.3906,-1,-1,-1
412,4,1722.02,448.26,72.08,219.59,0.5731,-1,-1,-1
412,3,978.35,925.45,81.54,152.79,0.7054,-1,-1,-1
413,46,788.32,150.85,61.97,169.88,0.4324,-1,-1,-1
413,45,292.30,589.74,84.52,246.78,0.7894,-1,-1,-1
413,41,938.59,552.95,67.58,209.44,0.6480,-1,-1,-1
413,39,1003.00,34.83,54.68,156.74,0.4344,-1,-1,-1
413,33,1216.58,495.94,62.62,196.84,0.5866,-1,-1,-1
413,31,948.98,18.82,56.27,167.08,0.3722,-1,-1,-1
413,29,864.26,539.69,71.48,239.89,0.6424,-1,-1,-1
413,25,406.49,616.44,71.25,235.15,0.7389,-1,-1,-1
413,18,455.76,251.18,74.00,199.21,0.6538,-1,-1,-1
413,6,704.83,558.85,95.22,239.15,0.4021,-1,-1,-1
413,5,1577.50,614.81,103.68,239.55,0.4377,-1,-1,-1
413,4,1722.86,451.58,71.74,216.61,0.5495,-1,-1,-1
413,3,977.28,926.91,83.07,150.54,0.6954,-1,-1,-1
414,48,1655.59,58.12,74.76,177.17,0.3449,-1,-1,-1
414,46,787.87,149.81,65.41,169.78,0.4166,-1,-1,-1
414,45,291.60,589.90,84.41,247.14,0.7820,-1,-1,-1
414,41,930.63,556.09,77.32,205.07,0.6700,-1,-1,-1
414,39,1002.91,34.83,54.98,156.02,0.4126,-1,-1,-1
414,33,1220.95,485.26,67.25,207.32,0.5254,-1,-1,-1
414,31,949.41,15.85,53.55,166.04,0.3824,-1,-1,-1
414,29,865.51,540.53,69.88,243.43,0.6481,-1,-1,-1
414,25,406.19,618.37,70.79,236.46,0.7248,-1,-1,-1
414,18,453.02,248.98,76.09,201.71,0.6629,-1,-1,-1
414,6,705.61,559.50,95.58,238.75,0.4068,-1,-1,-1
414,5,1576.03,612.82,110.44,244.75,0.5768,-1,-1,-1
414,4,1721.90,459.12,71.50,209.27,0.4780,-1,-1,-1
414,3,976.76,927.15,84.62,150.35,0.7040,-1,-1,-1
415,48,1658.82,64.20,72.62,172.91,0.3689,-1,-1,-1
415,46,787.43,150.14,66.52,169.48,0.3851,-1,-1,-1
415,45,290.39,591.99,84.58,245.04,0.7816,-1,-1,-1
415,41,932.62,557.20,77.82,205.46,0.6420,-1,-1,-1
415,39,1002.93,34.34,55.22,156.27,0.4046,-1,-1,-1
415,33,1221.34,494.85,71.81,201.03,0.5825,-1,-1,-1
415,31,950.84,13.34,51.66,168.12,0.3409,-1,-1,-1
415,29,866.28,542.21,69.61,243.96,0.6306,-1,-1,-1
415,25,403.71,619.81,70.94,238.31,0.7211,-1,-1,-1
415,18,450.61,249.48,79.17,198.88,0.6195,-1,-1,-1
415,6,706.70,559.65,94.10,240.25,0.3909,-1,-1,-1
415,5,1573.84,614.85,111.18,241.50,0.5361,-1,-1,-1
415,4,1722.33,451.33,72.85,216.42,0.4946,-1,-1,-1
415,3,977.09,928.59,86.84,148.87,0.7249,-1,-1,-1
416,48,1659.09,64.56,71.50,177.05,0.4686,-1,-1,-1
416,46,788.72,150.72,61.42,170.36,0.3915,-1,-1,-1
416,45,290.79,592.91,83.63,242.19,0.7907,-1,-1,-1
416,41,934.01,558.73,76.50,206.89,0.6430,-1,-1,-1
416,39,1003.06,33.63,55.22,157.83,0.4390,-1,-1,-1
416,33,1226.22,487.76,79.06,208.72,0.4214,-1,-1,-1
416,29,866.49,543.01,69.02,242.50,0.6034,-1,-1,-1
416,25,401.35,620.97,72.56,238.16,0.7395,-1,-1,-1
416,18,448.62,249.30,80.80,198.90,0.6009,-1,-1,-1
416,6,708.11,559.78,93.33,239.70,0.3873,-1,-1,-1
416,5,1575.37,613.44,109.10,243.65,0.5601,-1,-1,-1
416,4,1721.28,452.30,74.33,215.09,0.4781,-1,-1,-1
416,3,975.99,928.68,88.36,148.81,0.7303,-1,-1,-1
416,1,459.43,65.66,74.39,194.60,0.3086,-1,-1,-1
417,48,1659.71,66.48,72.69,173.58,0.3269,-1,-1,-1
417,46,785.94,149.81,67.38,170.25,0.3537,-1,-1,-1
417,45,289.50,596.00,85.38,240.08,0.7693,-1,-1,-1
417,41,934.38,561.15,77.35,203.81,0.6163,-1,-1,-1
417,39,1003.05,33.63,55.07,157.65,0.4515,-1,-1,-1
417,33,1229.13,491.00,85.46,208.36,0.5257,-1,-1,-1
417,31,949.82,12.65,52.38,169.66,0.3028,-1,-1,-1
417,29,867.03,544.26,66.38,226.16,0.5605,-1,-1,-1
417,25,398.48,623.78,73.72,234.03,0.7413,-1,-1,-1
417,18,446.41,250.47,82.54,197.62,0.5980,-1,-1,-1
417,6,713.96,558.60,86.53,238.98,0.3778,-1,-1,-1
417,5,1573.63,609.95,108.41,246.97,0.5615,-1,-1,-1
417,4,1721.20,455.40,72.23,212.59,0.4830,-1,-1,-1
417,3,976.14,929.96,88.76,147.34,0.7107,-1,-1,-1
417,1,461.33,64.45,73.69,195.32,0.3052,-1,-1,-1
418,48,1660.99,67.23,72.82,173.89,0.4223,-1,-1,-1
418,46,787.47,149.37,65.86,170.66,0.3385,-1,-1,-1
418,45,288.64,597.30,85.76,242.05,0.7827,-1,-1,-1
418,41,936.84,562.35,75.71,205.51,0.6010,-1,-1,-1
418,39,1003.97,32.77,54.30,156.33,0.4391,-1,-1,-1
418,33,1228.89,490.69,92.94,211.98,0.5416,-1,-1,-1
418,31,948.47,11.58,53.48,169.38,0.3284,-1,-1,-1
418,29,867.04,545.82,67.86,215.86,0.5149,-1,-1,-1
418,25,395.48,623.25,73.99,235.59,0.7810,-1,-1,-1
418,18,445.26,249.81,83.70,198.80,0.5497,-1,-1,-1
418,6,718.59,557.97,80.61,239.48,0.3823,-1,-1,-1
418,5,1574.93,614.90,104.12,241.44,0.5849,-1,-1,-1
418,4,1720.35,453.62,73.61,214.86,0.4690,-1,-1,-1
418,3,974.92,930.45,91.11,147.34,0.7074,-1,-1,-1
419,48,1662.37,64.36,71.93,179.17,0.3886,-1,-1,-1
419,46,789.08,149.57,64.82,170.36,0.3509,-1,-1,-1
419,45,287.89,599.43,86.61,246.06,0.7873,-1,-1,-1
419,41,943.92,564.05,69.31,214.57,0.5486,-1,-1,-1
419,39,1004.44,31.87,54.48,157.30,0.4796,-1,-1,-1
419,33,1229.87,493.36,92.63,211.43,0.4787,-1,-1,-1
419,31,948.49,8.41,55.38,174.59,0.3673,-1,-1,-1
419,29,867.62,546.42,68.35,213.71,0.5412,-1,-1,-1
419,25,393.85,623.08,73.37,236.38,0.7939,-1,-1,-1
419,18,446.01,249.49,83.24,199.42,0.5466,-1,-1,-1
419,6,724.34,558.44,72.60,237.84,0.4191,-1,-1,-1
419,5,1574.34,615.35,106.33,240.98,0.5873,-1,-1,-1
419,4,1720.78,447.48,73.37,220.50,0.5305,-1,-1,-1
419,3,973.98,931.23,93.19,146.34,0.7164,-1,-1,-1
420,46,789.22,148.92,65.37,170.50,0.3416,-1,-1,-1
420,45,287.48,601.09,86.47,249.72,0.7782,-1,-1,-1
420,41,944.30,567.92,70.35,210.90,0.5340,-1,-1,-1
420,39,1005.16,30.44,54.02,158.40,0.4893,-1,-1,-1
420,33,1230.86,490.68,90.14,217.63,0.4168,-1,-1,-1
420,31,949.59,9.59,52.42,170.45,0.3838,-1,-1,-1
420,29,867.75,545.06,69.93,218.96,0.5591,-1,-1,-1
420,25,392.22,624.32,74.89,235.60,0.7863,-1,-1,-1
420,18,447.58,249.11,81.81,198.58,0.5255,-1,-1,-1
420,6,726.11,558.65,72.31,240.30,0.4165,-1,-1,-1
420,5,1575.36,614.99,102.12,240.58,0.5887,-1,-1,-1
420,4,1722.29,449.80,73.33,215.71,0.4990,-1,-1,-1
420,3,974.21,931.10,94.99,146.91,0.7010,-1,-1,-1
421,46,792.89,149.86,57.68,171.70,0.3682,-1,-1,-1
421,45,286.01,602.81,88.49,254.40,0.7641,-1,-1,-1
421,41,945.68,571.84,70.76,212.56,0.4534,-1,-1,-1
421,39,1005.69,28.55,53.91,158.64,0.5088,-1,-1,-1
421,33,1233.03,499.78,92.98,210.05,0.3862,-1,-1,-1
421,31,949.74,8.59,54.38,170.84,0.3884,-1,-1,-1
421,29,867.25,546.75,71.84,220.26,0.5200,-1,-1,-1
421,25,390.91,624.72,74.97,235.41,0.7875,-1,-1,-1
421,18,445.21,246.69,84.24,199.83,0.5855,-1,-1,-1
421,6,729.09,559.04,69.23,238.08,0.4808,-1,-1,-1
421,5,1574.84,625.47,99.63,230.26,0.5485,-1,-1,-1
421,4,1721.96,456.85,74.40,212.38,0.4893,-1,-1,-1
421,3,974.42,931.94,93.60,146.31,0.7085,-1,-1,-1
422,47,1759.35,101.31,76.23,198.84,0.3658,-1,-1,-1
422,46,792.36,149.04,58.14,171.54,0.3526,-1,-1,-1
422,45,284.59,604.70,92.82,258.59,0.7470,-1,-1,-1
422,41,947.92,575.11,67.27,208.72,0.5531,-1,-1,-1
422,39,1005.98,27.40,53.66,155.65,0.4731,-1,-1,-1
422,33,1240.33,502.33,88.16,206.47,0.3871,-1,-1,-1
422,31,948.82,8.00,53.24,162.94,0.3747,-1,-1,-1
422,29,868.91,549.22,71.92,226.68,0.4379,-1,-1,-1
422,25,390.59,627.29,75.60,232.26,0.7814,-1,-1,-1
422,18,447.59,244.85,79.36,201.77,0.6082,-1,-1,-1
422,6,731.18,561.78,68.37,228.60,0.5278,-1,-1,-1
422,5,1573.93,625.53,99.75,230.19,0.4853,-1,-1,-1
422,4,1720.59,460.15,73.28,205.77,0.5261,-1,-1,-1
422,3,975.14,931.18,93.00,146.96,0.7210,-1,-1,-1
423,47,1760.75,102.78,68.02,197.73,0.3407,-1,-1,-1
423,46,792.24,149.01,58.39,172.26,0.3342,-1,-1,-1
423,45,285.05,607.50,93.01,257.67,0.7405,-1,-1,-1
423,41,947.38,576.33,68.86,209.13,0.5579,-1,-1,-1
423,39,1006.76,25.25,53.03,155.51,0.4418,-1,-1,-1
423,31,947.63,7.21,55.01,162.57,0.3814,-1,-1,-1
423,29,866.88,549.35,72.05,145.45,0.3624,-1,-1,-1
423,25,389.15,630.00,76.15,233.11,0.7808,-1,-1,-1
423,18,447.76,242.72,78.10,201.64,0.5941,-1,-1,-1
423,6,735.60,560.76,67.21,228.11,0.6165,-1,-1,-1
423,5,1575.11,624.81,97.92,230.61,0.4357,-1,-1,-1
423,4,1720.95,458.86,73.62,207.57,0.5458,-1,-1,-1
423,3,976.16,930.78,93.00,146.95,0.6958,-1,-1,-1
424,48,1668.34,72.80,62.38,171.34,0.3064,-1,-1,-1
424,47,1761.48,128.61,54.41,171.48,0.3074,-1,-1,-1
424,46,793.20,149.64,56.92,171.00,0.3702,-1,-1,-1
424,45,284.62,609.67,91.43,256.67,0.7514,-1,-1,-1
424,41,947.64,577.83,71.03,209.10,0.5913,-1,-1,-1
424,39,1007.20,23.51,52.75,157.14,0.4637,-1,-1,-1
424,31,945.39,6.56,56.87,164.90,0.4192,-1,-1,-1
424,29,868.07,551.09,73.21,223.18,0.3868,-1,-1,-1
424,25,385.50,632.17,82.61,236.65,0.7808,-1,-1,-1
424,18,447.75,242.78,76.39,201.78,0.5972,-1,-1,-1
424,6,736.55,560.01,73.11,231.59,0.6618,-1,-1,-1
424,5,1579.94,636.80,89.24,218.23,0.4270,-1,-1,-1
424,4,1720.85,461.45,73.65,205.72,0.5562,-1,-1,-1
424,3,976.75,931.69,91.97,146.06,0.7093,-1,-1,-1
425,47,1761.60,129.20,52.58,172.58,0.3283,-1,-1,-1
425,46,793.87,150.14,56.09,169.86,0.3775,-1,-1,-1
425,45,283.74,611.41,93.53,258.87,0.7281,-1,-1,-1
425,41,947.09,575.66,75.38,207.92,0.5781,-1,-1,-1
425,39,1007.44,22.94,52.60,157.75,0.4301,-1,-1,-1
425,31,942.75,5.32,59.80,164.21,0.3898,-1,-1,-1
425,29,867.83,551.93,73.00,146.24,0.3482,-1,-1,-1
425,25,384.63,633.55,82.15,238.38,0.7597,-1,-1,-1
425,18,447.58,239.14,75.96,202.48,0.6361,-1,-1,-1
425,6,738.67,559.19,77.17,237.64,0.6251,-1,-1,-1
425,5,1577.21,635.19,90.59,221.27,0.4290,-1,-1,-1
425,4,1720.38,459.97,74.26,207.79,0.5447,-1,-1,-1
425,3,978.59,931.67,91.49,146.44,0.6975,-1,-1,-1
426,47,1764.88,128.78,47.67,175.49,0.3353,-1,-1,-1
426,46,791.09,149.33,57.88,171.88,0.3393,-1,-1,-1
426,45,283.90,613.78,91.84,258.65,0.7227,-1,-1,-1
426,41,947.80,576.86,75.83,208.05,0.6223,-1,-1,-1
426,39,1008.00,22.21,52.79,158.71,0.4387,-1,-1,-1
426,33,1270.54,504.82,70.21,202.91,0.3302,-1,-1,-1
426,31,942.39,4.93,60.29,165.77,0.4245,-1,-1,-1
426,29,868.85,555.94,75.19,221.76,0.4857,-1,-1,-1
426,25,384.25,635.51,81.21,239.08,0.7307,-1,-1,-1
426,18,447.50,237.54,74.71,197.92,0.6273,-1,-1,-1
426,6,740.43,560.03,78.59,239.37,0.6269,-1,-1,-1
426,5,1577.64,636.78,89.73,219.06,0.3638,-1,-1,-1
426,4,1720.92,459.74,75.79,207.78,0.5635,-1,-1,-1
426,3,979.93,931.71,91.71,146.93,0.7120,-1,-1,-1
427,47,1764.02,128.70,49.64,176.63,0.3797,-1,-1,-1
427,46,792.89,150.00,58.07,170.97,0.3955,-1,-1,-1
427,45,281.94,614.91,94.21,259.76,0.7049,-1,-1,-1
427,41,949.51,577.88,76.07,209.36,0.6070,-1,-1,-1
427,39,1007.88,22.20,52.98,158.54,0.4387,-1,-1,-1
427,33,1286.11,502.90,59.70,192.97,0.3009,-1,-1,-1
427,31,942.34,4.65,60.07,165.89,0.4088,-1,-1,-1
427,29,869.62,557.49,74.58,223.31,0.5286,-1,-1,-1
427,25,382.81,638.12,88.51,241.09,0.6814,-1,-1,-1
427,18,447.88,237.13,74.36,194.58,0.6148,-1,-1,-1
427,6,742.35,560.32,78.30,242.96,0.5611,-1,-1,-1
427,5,1576.19,630.35,89.22,225.23,0.3219,-1,-1,-1
427,4,1719.25,462.25,75.20,205.63,0.5424,-1,-1,-1
427,3,981.34,930.41,91.08,148.45,0.7067,-1,-1,-1
428,47,1763.48,129.32,50.09,177.13,0.3979,-1,-1,-1
428,46,792.26,149.01,61.11,171.00,0.4033,-1,-1,-1
428,45,281.27,618.04,94.61,258.63,0.7028,-1,-1,-1
428,41,952.12,578.24,74.97,210.81,0.6468,-1,-1,-1
428,39,1007.98,21.94,53.13,158.67,0.4334,-1,-1,-1
428,33,1288.95,501.05,63.18,214.47,0.4021,-1,-1,-1
428,31,943.19,3.69,59.22,167.01,0.3718,-1,-1,-1
428,29,870.83,560.77,76.46,230.69,0.6007,-1,-1,-1
428,25,382.22,642.22,73.88,237.02,0.7222,-1,-1,-1
428,18,447.93,234.71,73.89,192.98,0.6391,-1,-1,-1
428,6,744.62,561.74,82.70,243.10,0.6019,-1,-1,-1
428,5,1577.05,632.43,88.31,223.68,0.3745,-1,-1,-1
428,4,1716.96,462.60,77.68,204.76,0.5272,-1,-1,-1
428,3,982.24,929.87,91.68,148.91,0.7258,-1,-1,-1
429,47,1763.34,138.59,46.23,166.27,0.3195,-1,-1,-1
429,46,793.30,148.63,57.47,172.43,0.3995,-1,-1,-1
429,45,280.04,617.81,94.81,255.81,0.7233,-1,-1,-1
429,41,955.35,579.35,72.31,209.81,0.6488,-1,-1,-1
429,39,1007.61,21.02,53.68,163.42,0.4507,-1,-1,-1
429,33,1287.37,506.05,66.78,208.34,0.3998,-1,-1,-1
429,31,942.43,3.80,59.35,167.57,0.3725,-1,-1,-1
429,29,871.52,563.51,76.07,224.17,0.6410,-1,-1,-1
429,25,381.53,644.67,73.04,237.89,0.7132,-1,-1,-1
429,18,446.64,234.35,75.46,192.22,0.5974,-1,-1,-1
429,6,747.64,562.47,85.36,247.92,0.6671,-1,-1,-1
429,5,1576.47,635.82,87.98,221.11,0.4367,-1,-1,-1
429,4,1719.40,460.66,77.40,208.14,0.5470,-1,-1,-1
429,3,983.52,930.30,90.70,148.40,0.7322,-1,-1,-1
430,46,794.40,147.87,56.31,173.19,0.3810,-1,-1,-1
430,45,279.20,620.24,93.01,255.38,0.7242,-1,-1,-1
430,41,956.52,580.91,74.02,207.21,0.6310,-1,-1,-1
430,39,1008.12,21.60,53.28,160.28,0.4021,-1,-1,-1
430,33,1289.12,521.38,69.83,190.72,0.3789,-1,-1,-1
430,31,942.90,3.72,58.95,167.71,0.3147,-1,-1,-1
430,29,872.46,564.46,75.54,225.23,0.5902,-1,-1,-1
430,25,379.34,646.96,72.43,242.24,0.7087,-1,-1,-1
430,18,445.94,232.10,76.04,193.81,0.5610,-1,-1,-1
430,6,749.83,563.45,86.96,244.71,0.6755,-1,-1,-1
430,5,1575.67,633.96,88.87,222.65,0.4737,-1,-1,-1
430,4,1720.69,465.02,76.16,202.31,0.5222,-1,-1,-1
430,3,988.02,929.38,86.99,149.22,0.7070,-1,-1,-1
431,46,788.53,149.47,65.16,170.82,0.3766,-1,-1,-1
431,45,280.01,621.35,91.86,253.68,0.7542,-1,-1,-1
431,41,959.65,581.89,71.29,206.59,0.6157,-1,-1,-1
431,39,1008.60,20.67,53.24,158.39,0.3968,-1,-1,-1
431,31,943.30,3.86,58.41,167.46,0.3740,-1,-1,-1
431,29,872.27,566.70,77.49,225.15,0.6155,-1,-1,-1
431,25,377.19,648.76,73.32,239.99,0.7412,-1,-1,-1
431,18,445.16,230.40,75.54,194.73,0.5680,-1,-1,-1
431,6,752.13,563.41,86.76,244.53,0.6968,-1,-1,-1
431,5,1575.89,632.81,88.51,222.85,0.4187,-1,-1,-1
431,4,1722.70,461.42,72.03,208.56,0.5384,-1,-1,-1
431,3,989.37,928.61,85.91,149.94,0.6962,-1,-1,-1
432,46,792.79,147.72,57.86,173.02,0.4035,-1,-1,-1
432,45,278.87,623.10,92.03,250.63,0.7414,-1,-1,-1
432,41,959.96,583.03,72.53,207.34,0.6274,-1,-1,-1
432,39,1008.11,22.06,53.55,158.73,0.4154,-1,-1,-1
432,31,943.48,4.52,59.34,168.90,0.3584,-1,-1,-1
432,29,873.87,569.45,74.52,224.19,0.6105,-1,-1,-1
432,25,377.08,650.02,74.12,238.71,0.7334,-1,-1,-1
432,18,444.64,228.25,75.90,196.96,0.5819,-1,-1,-1
432,6,753.64,564.37,86.75,246.30,0.7274,-1,-1,-1
432,5,1574.10,626.68,90.45,229.87,0.4534,-1,-1,-1
432,4,1721.67,462.14,72.38,206.01,0.5636,-1,-1,-1
432,3,991.77,927.03,83.51,151.53,0.7002,-1,-1,-1
433,46,793.80,147.70,57.30,173.33,0.3873,-1,-1,-1
433,45,279.18,622.36,89.05,248.98,0.7520,-1,-1,-1
433,41,963.00,583.71,70.84,210.63,0.5926,-1,-1,-1
433,39,1007.61,20.95,54.43,159.88,0.4049,-1,-1,-1
433,31,942.66,3.71,60.02,170.52,0.4320,-1,-1,-1
433,29,875.98,570.28,74.69,220.79,0.6065,-1,-1,-1
433,25,375.88,651.79,74.04,237.92,0.7008,-1,-1,-1
433,18,444.40,227.41,76.41,197.60,0.6027,-1,-1,-1
433,6,755.04,564.83,86.20,249.29,0.7079,-1,-1,-1
433,5,1574.37,626.12,87.86,228.98,0.3971,-1,-1,-1
433,4,1722.24,463.31,74.93,204.40,0.5227,-1,-1,-1
433,3,993.02,927.81,83.52,150.43,0.6875,-1,-1,-1
434,46,793.42,148.91,57.51,171.38,0.4266,-1,-1,-1
434,45,278.77,623.74,89.16,248.23,0.7393,-1,-1,-1
434,41,963.06,586.29,72.29,211.82,0.6025,-1,-1,-1
434,39,1007.59,21.15,54.68,158.52,0.4219,-1,-1,-1
434,31,942.89,3.59,58.30,169.78,0.4260,-1,-1,-1
434,29,879.28,571.13,73.67,221.86,0.6033,-1,-1,-1
434,25,373.11,652.52,77.00,237.21,0.7259,-1,-1,-1
434,18,445.27,226.73,75.37,198.45,0.5977,-1,-1,-1
434,6,756.61,566.49,84.65,249.07,0.7276,-1,-1,-1
434,5,1574.36,631.11,87.59,223.57,0.3816,-1,-1,-1
434,4,1724.09,464.76,72.22,202.58,0.4749,-1,-1,-1
434,3,995.18,928.02,83.22,149.93,0.7308,-1,-1,-1
435,46,794.14,147.79,56.00,172.03,0.3998,-1,-1,-1
435,45,278.12,624.54,89.04,248.62,0.7551,-1,-1,-1
435,41,965.38,587.19,69.99,218.19,0.6062,-1,-1,-1
435,39,1006.67,20.22,56.10,159.13,0.3905,-1,-1,-1
435,33,1312.26,520.75,85.00,185.45,0.3747,-1,-1,-1
435,31,942.87,4.68,57.53,167.35,0.4248,-1,-1,-1
435,29,879.13,572.03,76.07,219.14,0.6096,-1,-1,-1
435,25,370.63,652.61,77.51,238.92,0.7217,-1,-1,-1
435,18,444.91,225.94,75.51,199.29,0.5998,-1,-1,-1
435,6,758.68,566.35,81.78,249.61,0.7064,-1,-1,-1
435,5,1573.80,629.87,86.82,224.40,0.3785,-1,-1,-1
435,4,1723.94,464.81,72.62,203.91,0.4895,-1,-1,-1
435,3,997.37,926.42,82.50,151.57,0.7072,-1,-1,-1
436,46,792.67,149.07,57.81,170.93,0.4053,-1,-1,-1
436,45,276.76,625.46,89.35,252.42,0.7627,-1,-1,-1
436,41,967.75,587.84,69.68,224.30,0.6187,-1,-1,-1
436,39,1006.40,19.20,56.23,157.18,0.3969,-1,-1,-1
436,33,1315.73,521.87,85.45,181.59,0.4838,-1,-1,-1
436,31,943.69,2.69,56.71,169.46,0.4333,-1,-1,-1
436,29,879.99,573.44,74.78,208.59,0.6295,-1,-1,-1
436,25,368.68,653.58,76.66,237.41,0.7305,-1,-1,-1
436,18,444.83,225.29,75.39,200.38,0.6232,-1,-1,-1
436,6,759.69,566.59,80.48,250.64,0.6867,-1,-1,-1
436,5,1574.80,637.02,81.48,215.36,0.3276,-1,-1,-1
436,4,1724.64,466.30,71.77,201.18,0.4643,-1,-1,-1
436,3,998.88,926.37,83.76,151.25,0.6918,-1,-1,-1
437,46,793.83,148.64,56.35,171.14,0.3991,-1,-1,-1
437,45,275.25,627.74,89.97,257.49,0.7763,-1,-1,-1
437,41,967.50,589.97,69.05,224.11,0.6094,-1,-1,-1
437,39,1005.96,18.09,56.71,157.73,0.4088,-1,-1,-1
437,33,1320.70,527.30,79.27,177.62,0.4389,-1,-1,-1
437,31,942.91,3.26,56.26,165.91,0.4459,-1,-1,-1
437,29,881.11,574.16,74.76,217.49,0.6402,-1,-1,-1
437,25,368.22,654.81,76.27,235.76,0.7367,-1,-1,-1
437,18,446.50,223.83,73.08,199.77,0.6121,-1,-1,-1
437,6,760.43,566.72,80.59,251.16,0.6855,-1,-1,-1
437,5,1574.76,638.86,79.88,213.39,0.3283,-1,-1,-1
437,4,1723.46,465.67,73.46,200.50,0.5036,-1,-1,-1
437,3,1000.75,924.89,84.05,152.91,0.7146,-1,-1,-1
438,46,792.64,148.58,58.13,170.58,0.4232,-1,-1,-1
438,45,273.54,630.70,89.71,261.49,0.7686,-1,-1,-1
438,41,966.85,592.04,72.12,225.56,0.5798,-1,-1,-1
438,39,1005.91,15.97,56.25,157.78,0.3377,-1,-1,-1
438,33,1323.42,531.19,80.99,175.04,0.3236,-1,-1,-1
438,31,942.71,1.91,55.84,165.30,0.4114,-1,-1,-1
438,29,881.18,574.84,75.67,225.08,0.6689,-1,-1,-1
438,25,367.59,656.35,74.19,235.97,0.7399,-1,-1,-1
438,18,447.03,225.01,72.72,198.01,0.6165,-1,-1,-1
438,6,762.72,567.33,78.10,251.78,0.6778,-1,-1,-1
438,5,1573.15,634.63,75.22,217.57,0.3567,-1,-1,-1
438,4,1722.97,463.55,71.27,205.04,0.5341,-1,-1,-1
438,3,1004.14,925.73,83.19,152.26,0.7073,-1,-1,-1
439,46,792.92,147.31,58.08,172.63,0.4348,-1,-1,-1
439,45,275.37,631.55,84.98,262.74,0.7550,-1,-1,-1
439,41,966.70,595.50,72.43,224.58,0.5633,-1,-1,-1
439,39,1006.42,14.59,56.02,156.65,0.3238,-1,-1,-1
439,31,942.55,0.00,54.65,164.95,0.4090,-1,-1,-1
439,29,882.34,575.72,76.68,226.54,0.6671,-1,-1,-1
439,25,365.54,656.88,75.65,236.29,0.7629,-1,-1,-1
439,18,448.31,224.36,71.77,199.93,0.6157,-1,-1,-1
439,6,764.56,568.84,77.08,250.36,0.6470,-1,-1,-1
439,5,1572.36,636.95,72.48,216.56,0.3066,-1,-1,-1
439,4,1722.67,461.28,71.19,205.57,0.5582,-1,-1,-1
439,3,1005.94,925.67,84.46,152.69,0.6935,-1,-1,-1
440,46,794.37,147.13,56.17,172.41,0.4462,-1,-1,-1
440,45,271.62,634.07,89.58,261.82,0.7626,-1,-1,-1
440,41,966.60,596.93,74.55,223.95,0.5853,-1,-1,-1
440,39,1005.75,13.76,55.65,152.46,0.3644,-1,-1,-1
440,31,941.62,0.00,54.80,160.29,0.4343,-1,-1,-1
440,29,883.09,576.41,77.14,225.28,0.6684,-1,-1,-1
440,25,367.54,656.86,72.25,242.38,0.7498,-1,-1,-1
440,18,447.21,223.13,73.11,199.21,0.6124,-1,-1,-1
440,6,767.18,568.80,75.48,249.69,0.6693,-1,-1,-1
440,4,1723.52,460.93,70.63,205.53,0.6071,-1,-1,-1
440,3,1007.34,925.40,85.59,152.86,0.6972,-1,-1,-1
441,46,792.96,147.69,57.10,171.47,0.4633,-1,-1,-1
441,45,269.75,636.71,90.70,258.78,0.7676,-1,-1,-1
441,41,964.50,599.22,77.05,220.96,0.5202,-1,-1,-1
441,39,1005.32,13.30,56.15,152.14,0.3683,-1,-1,-1
441,33,1344.35,529.76,69.56,197.24,0.3895,-1,-1,-1
441,31,941.69,0.00,54.82,158.60,0.4088,-1,-1,-1
441,29,886.71,576.72,72.13,216.30,0.6603,-1,-1,-1
441,25,365.77,659.67,72.55,246.99,0.7757,-1,-1,-1
441,18,447.10,220.16,72.44,200.08,0.6134,-1,-1,-1
441,6,771.31,570.10,69.56,250.53,0.6537,-1,-1,-1
441,4,1723.50,459.53,70.59,206.84,0.5941,-1,-1,-1
441,3,1009.94,924.20,84.97,154.61,0.7325,-1,-1,-1
442,46,793.76,147.75,55.54,171.17,0.4318,-1,-1,-1
442,45,266.41,638.95,90.70,260.43,0.7724,-1,-1,-1
442,41,966.53,599.58,75.53,220.59,0.5358,-1,-1,-1
442,39,1004.74,12.27,56.35,153.43,0.3804,-1,-1,-1
442,33,1362.76,525.98,57.95,199.34,0.3797,-1,-1,-1
442,31,940.88,0.00,55.86,155.82,0.4213,-1,-1,-1
442,29,886.73,577.89,73.93,216.88,0.6405,-1,-1,-1
442,25,362.77,662.88,74.55,245.20,0.7717,-1,-1,-1
442,18,447.13,218.45,72.06,196.67,0.5449,-1,-1,-1
442,6,774.60,570.77,67.44,251.23,0.6382,-1,-1,-1
442,4,1724.80,459.28,68.99,208.00,0.5854,-1,-1,-1
442,3,1011.60,924.36,85.54,154.04,0.7427,-1,-1,-1
443,46,793.91,147.62,55.40,172.25,0.4224,-1,-1,-1
443,45,262.18,641.01,91.76,260.66,0.7559,-1,-1,-1
443,41,967.06,601.50,74.23,220.50,0.4738,-1,-1,-1
443,39,1004.57,12.40,56.81,154.03,0.3920,-1,-1,-1
443,33,1361.68,526.65,65.27,207.59,0.4459,-1,-1,-1
443,31,937.65,0.14,57.31,156.73,0.4308,-1,-1,-1
443,29,884.22,580.64,77.91,230.79,0.6011,-1,-1,-1
443,25,359.30,665.91,76.41,245.34,0.7663,-1,-1,-1
443,18,447.84,217.29,72.03,193.52,0.5325,-1,-1,-1
443,6,776.34,570.63,68.43,249.55,0.6221,-1,-1,-1
443,4,1724.94,459.51,68.86,207.51,0.5816,-1,-1,-1
443,3,1012.96,924.51,86.37,154.57,0.7337,-1,-1,-1
444,46,792.24,147.22,56.13,171.71,0.4181,-1,-1,-1
444,45,258.89,643.64,93.63,257.64,0.7690,-1,-1,-1
444,41,966.46,602.65,76.02,219.51,0.4638,-1,-1,-1
444,39,1004.71,12.43,56.58,152.41,0.3931,-1,-1,-1
444,31,938.25,0.00,56.21,157.98,0.4113,-1,-1,-1
444,29,885.91,583.21,75.15,230.55,0.6191,-1,-1,-1
444,25,358.68,668.57,75.83,246.91,0.7725,-1,-1,-1
444,18,446.00,215.37,73.53,190.64,0.5111,-1,-1,-1
444,6,779.03,570.77,67.53,252.74,0.6432,-1,-1,-1
444,4,1725.35,458.92,68.75,208.42,0.5788,-1,-1,-1
444,3,1015.58,925.09,84.93,154.21,0.7497,-1,-1,-1
445,46,793.41,148.09,55.01,172.67,0.4055,-1,-1,-1
445,45,256.19,643.72,93.86,256.88,0.7529,-1,-1,-1
445,41,966.34,602.14,76.94,221.53,0.5778,-1,-1,-1
445,39,1005.70,11.48,56.04,158.01,0.3944,-1,-1,-1
445,31,940.19,0.00,55.52,156.56,0.4241,-1,-1,-1
445,29,884.96,584.69,75.95,229.07,0.6495,-1,-1,-1
445,25,358.61,672.73,74.49,242.33,0.7518,-1,-1,-1
445,18,444.73,213.93,73.79,191.05,0.5377,-1,-1,-1
445,6,779.65,571.47,70.85,251.57,0.6488,-1,-1,-1
445,4,1724.36,458.05,69.30,208.23,0.5721,-1,-1,-1
445,3,1016.14,923.61,85.13,155.87,0.7426,-1,-1,-1
446,46,793.77,147.70,54.04,172.64,0.3862,-1,-1,-1
446,45,252.84,645.35,95.99,255.62,0.7522,-1,-1,-1
446,41,964.34,603.31,78.44,218.43,0.5974,-1,-1,-1
446,39,1004.48,11.92,56.54,154.75,0.3788,-1,-1,-1
446,31,942.03,0.00,52.91,154.21,0.4123,-1,-1,-1
446,29,884.18,586.47,77.47,236.86,0.6286,-1,-1,-1
446,25,356.68,674.86,74.32,245.21,0.7413,-1,-1,-1
446,18,444.24,212.12,73.51,192.54,0.5334,-1,-1,-1
446,6,782.32,572.15,72.17,249.29,0.6330,-1,-1,-1
446,4,1724.81,457.73,68.56,209.20,0.5625,-1,-1,-1
446,3,1019.33,923.52,82.78,154.82,0.7476,-1,-1,-1
447,46,792.73,149.10,58.86,171.70,0.3549,-1,-1,-1
447,45,252.02,647.26,97.01,254.50,0.7632,-1,-1,-1
447,41,967.74,608.21,76.19,209.06,0.5581,-1,-1,-1
447,39,1004.82,11.77,55.74,154.47,0.3495,-1,-1,-1
447,31,942.15,0.00,51.68,154.06,0.3907,-1,-1,-1
447,29,884.30,589.11,76.93,235.62,0.6176,-1,-1,-1
447,25,355.13,676.54,74.82,244.30,0.7557,-1,-1,-1
447,18,444.26,210.86,72.95,194.34,0.5186,-1,-1,-1
447,6,784.76,572.30,72.80,248.46,0.6364,-1,-1,-1
447,4,1721.56,458.36,71.77,209.57,0.5636,-1,-1,-1
447,3,1020.06,921.62,82.59,157.90,0.7501,-1,-1,-1
448,46,794.16,149.00,56.49,171.25,0.3677,-1,-1,-1
448,45,250.93,647.54,96.29,253.43,0.7706,-1,-1,-1
448,41,967.54,608.07,76.34,212.15,0.6531,-1,-1,-1
448,39,1004.62,12.14,55.60,154.64,0.4224,-1,-1,-1
448,31,940.59,0.00,52.31,154.26,0.4614,-1,-1,-1
448,29,882.26,590.90,80.22,243.28,0.6489,-1,-1,-1
448,25,353.85,678.41,73.92,243.07,0.7585,-1,-1,-1
448,18,442.53,210.38,73.44,193.61,0.5446,-1,-1,-1
448,6,786.08,571.92,76.48,248.46,0.6536,-1,-1,-1
448,4,1719.95,458.06,73.49,209.73,0.5695,-1,-1,-1
448,3,1022.34,921.21,80.48,157.79,0.7502,-1,-1,-1
449,46,793.27,149.06,57.91,171.42,0.3744,-1,-1,-1
449,45,251.71,647.83,95.09,252.75,0.7614,-1,-1,-1
449,41,966.06,610.02,79.22,210.84,0.6526,-1,-1,-1
449,39,1005.04,12.21,55.07,153.69,0.3977,-1,-1,-1
449,31,938.38,0.00,52.85,154.71,0.4381,-1,-1,-1
449,29,881.82,593.68,81.78,246.00,0.6599,-1,-1,-1
449,25,350.22,678.73,76.07,242.67,0.7629,-1,-1,-1
449,18,442.86,210.03,72.47,193.39,0.5240,-1,-1,-1
449,6,786.80,572.90,77.16,247.53,0.6551,-1,-1,-1
449,4,1723.20,457.15,74.37,209.63,0.5459,-1,-1,-1
449,3,1023.04,922.18,80.63,156.91,0.7503,-1,-1,-1
450,46,794.17,148.75,56.45,171.66,0.3725,-1,-1,-1
450,45,249.32,650.02,96.30,248.74,0.7589,-1,-1,-1
450,41,969.20,611.23,76.12,211.73,0.6552,-1,-1,-1
450,39,1004.98,11.87,55.43,153.02,0.3956,-1,-1,-1
450,31,938.71,0.00,52.23,153.65,0.4795,-1,-1,-1
450,29,881.65,594.12,82.89,245.45,0.6518,-1,-1,-1
450,25,347.78,678.50,78.23,243.04,0.7609,-1,-1,-1
450,18,442.75,209.51,71.69,194.64,0.5358,-1,-1,-1
450,6,787.49,573.73,77.79,246.39,0.6372,-1,-1,-1
450,4,1723.26,457.41,73.43,209.82,0.5642,-1,-1,-1
450,3,1024.46,920.45,79.17,158.03,0.7473,-1,-1,-1
451,46,796.25,149.03,50.79,170.29,0.3660,-1,-1,-1
451,45,250.32,652.01,92.17,246.11,0.7250,-1,-1,-1
451,41,971.80,612.26,74.91,217.53,0.6075,-1,-1,-1
451,39,1004.92,12.61,54.99,153.40,0.3784,-1,-1,-1
451,33,1408.56,543.90,62.96,147.73,0.3230,-1,-1,-1
451,31,938.20,0.00,52.93,154.37,0.4595,-1,-1,-1
451,29,881.55,597.44,82.14,242.71,0.6080,-1,-1,-1
451,25,346.13,680.13,77.40,244.00,0.7554,-1,-1,-1
451,18,440.48,209.39,73.56,193.95,0.5076,-1,-1,-1
451,6,789.38,575.56,75.53,243.72,0.6333,-1,-1,-1
451,4,1718.81,458.31,74.70,208.53,0.5199,-1,-1,-1
451,3,1026.05,922.24,78.01,157.66,0.7439,-1,-1,-1
452,46,796.51,148.27,50.76,170.00,0.3514,-1,-1,-1
452,45,250.00,653.53,91.42,250.86,0.7525,-1,-1,-1
452,41,972.55,614.04,76.68,221.17,0.6030,-1,-1,-1
452,39,1004.59,12.48,54.99,152.44,0.3808,-1,-1,-1
452,33,1413.09,542.61,71.00,154.26,0.3922,-1,-1,-1
452,31,938.05,0.00,52.74,157.25,0.4921,-1,-1,-1
452,29,885.12,598.01,79.28,243.91,0.6392,-1,-1,-1
452,25,342.93,680.15,79.92,241.52,0.7864,-1,-1,-1
452,18,440.10,208.26,74.28,195.47,0.4617,-1,-1,-1
452,6,792.10,575.52,75.12,245.32,0.6450,-1,-1,-1
452,5,1558.62,620.90,65.55,230.04,0.4182,-1,-1,-1
452,4,1718.70,458.57,75.03,208.53,0.5371,-1,-1,-1
452,3,1027.09,922.09,77.22,157.91,0.7639,-1,-1,-1
453,51,1662.83,359.08,68.01,196.82,0.3645,-1,-1,-1
453,46,795.20,147.76,51.12,172.88,0.3078,-1,-1,-1
453,45,249.49,656.38,90.40,253.40,0.7495,-1,-1,-1
453,41,972.72,617.27,77.08,221.16,0.6078,-1,-1,-1
453,39,1004.84,11.84,54.92,152.77,0.4045,-1,-1,-1
453,33,1423.51,544.20,69.41,155.26,0.3838,-1,-1,-1
453,31,937.69,0.00,52.53,156.11,0.5078,-1,-1,-1
453,29,889.47,599.71,75.59,241.04,0.6336,-1,-1,-1
453,25,341.49,680.35,80.58,241.27,0.7834,-1,-1,-1
453,18,440.86,208.58,71.82,195.85,0.4324,-1,-1,-1
453,6,794.71,577.42,76.00,245.01,0.6387,-1,-1,-1
453,5,1545.28,616.83,81.50,234.06,0.4650,-1,-1,-1
453,4,1718.07,459.00,75.72,208.34,0.5330,-1,-1,-1
453,3,1027.55,921.48,76.96,158.52,0.7543,-1,-1,-1
454,51,1661.17,359.94,66.39,189.44,0.4124,-1,-1,-1
454,46,795.03,148.13,54.34,171.22,0.3311,-1,-1,-1
454,45,247.95,657.27,91.94,256.32,0.7521,-1,-1,-1
454,41,977.41,618.95,72.97,220.01,0.6455,-1,-1,-1
454,39,1005.59,11.09,53.86,153.83,0.4116,-1,-1,-1
454,33,1425.75,543.60,69.16,158.15,0.3619,-1,-1,-1
454,31,937.04,0.00,53.03,155.79,0.5302,-1,-1,-1
454,29,883.41,600.38,82.71,240.33,0.6417,-1,-1,-1
454,25,339.92,681.40,82.85,240.58,0.7978,-1,-1,-1
454,18,445.10,208.05,66.90,197.24,0.4458,-1,-1,-1
454,6,796.31,578.19,73.50,243.80,0.6215,-1,-1,-1
454,5,1558.90,622.51,64.18,229.14,0.4468,-1,-1,-1
454,4,1715.98,457.68,77.55,208.54,0.5616,-1,-1,-1
454,3,1026.92,921.00,77.75,159.00,0.7552,-1,-1,-1
455,51,1661.43,359.22,65.32,191.13,0.3732,-1,-1,-1
455,46,793.44,147.98,56.15,171.15,0.3225,-1,-1,-1
455,45,246.77,658.21,93.74,259.68,0.7569,-1,-1,-1
455,41,977.09,622.11,76.48,215.64,0.6435,-1,-1,-1
455,39,1005.87,10.71,53.68,152.80,0.4312,-1,-1,-1
455,31,937.65,0.14,51.54,155.27,0.5346,-1,-1,-1
455,29,885.92,601.20,80.46,235.11,0.6320,-1,-1,-1
455,25,339.87,683.06,79.80,242.72,0.7862,-1,-1,-1
455,18,441.46,203.93,71.48,198.07,0.4556,-1,-1,-1
455,6,796.94,579.74,75.35,242.44,0.6459,-1,-1,-1
455,5,1540.64,614.63,84.06,236.22,0.4991,-1,-1,-1
455,4,1715.24,457.79,78.67,210.14,0.5581,-1,-1,-1
455,3,1028.20,922.08,77.26,157.92,0.7529,-1,-1,-1
456,51,1658.91,359.38,66.09,192.21,0.3938,-1,-1,-1
456,46,793.95,145.64,55.96,173.15,0.3077,-1,-1,-1
456,45,245.86,660.63,93.32,262.09,0.7581,-1,-1,-1
456,41,979.05,623.81,76.35,220.29,0.6811,-1,-1,-1
456,39,1006.22,9.21,53.31,153.40,0.4678,-1,-1,-1
456,31,937.94,0.00,51.19,154.22,0.5443,-1,-1,-1
456,29,885.02,601.61,84.20,235.91,0.6556,-1,-1,-1
456,25,337.46,684.47,80.74,247.39,0.7767,-1,-1,-1
456,18,443.75,203.81,67.25,198.28,0.5163,-1,-1,-1
456,6,798.26,581.22,74.22,241.10,0.6527,-1,-1,-1
456,5,1551.10,614.86,73.43,236.60,0.4729,-1,-1,-1
456,4,1716.23,458.01,77.31,209.71,0.5721,-1,-1,-1
456,3,1028.49,921.95,77.95,158.05,0.7448,-1,-1,-1
457,51,1658.94,359.65,64.99,188.89,0.4065,-1,-1,-1
457,46,791.76,145.20,58.53,175.07,0.3197,-1,-1,-1
457,45,244.19,662.79,94.96,262.01,0.7619,-1,-1,-1
457,41,980.21,624.84,75.10,222.11,0.6708,-1,-1,-1
457,39,1006.23,9.21,53.37,150.01,0.4524,-1,-1,-1
457,31,937.84,0.00,51.11,152.57,0.5351,-1,-1,-1
457,29,886.83,602.51,83.80,237.47,0.6549,-1,-1,-1
457,25,336.04,688.52,79.08,249.33,0.7935,-1,-1,-1
457,18,444.85,201.30,65.85,198.28,0.5362,-1,-1,-1
457,6,800.18,581.42,71.78,241.59,0.6690,-1,-1,-1
457,5,1550.73,614.52,73.37,238.64,0.4565,-1,-1,-1
457,4,1715.14,458.11,78.68,209.17,0.6010,-1,-1,-1
457,3,1028.31,922.16,78.30,157.84,0.7306,-1,-1,-1
458,51,1657.39,358.52,63.66,189.98,0.4433,-1,-1,-1
458,46,796.74,145.72,53.26,173.76,0.3023,-1,-1,-1
458,45,242.98,665.77,96.60,262.09,0.7638,-1,-1,-1
458,41,980.21,625.26,78.02,222.37,0.6740,-1,-1,-1
458,39,1005.95,8.16,54.14,147.99,0.4154,-1,-1,-1
458,31,935.81,0.00,52.93,151.60,0.4903,-1,-1,-1
458,29,894.54,603.88,77.64,239.12,0.6841,-1,-1,-1
458,25,335.25,691.91,78.88,247.55,0.7933,-1,-1,-1
458,18,446.21,199.63,64.10,194.77,0.5317,-1,-1,-1
458,6,801.92,583.70,74.53,240.69,0.6576,-1,-1,-1
458,5,1551.15,613.96,72.56,238.19,0.4577,-1,-1,-1
458,4,1714.99,458.19,79.16,210.25,0.5700,-1,-1,-1
458,3,1028.12,921.58,79.74,158.42,0.7396,-1,-1,-1
459,52,1836.36,382.57,74.65,200.75,0.3715,-1,-1,-1
459,51,1655.30,357.00,63.95,189.59,0.3799,-1,-1,-1
459,45,242.53,668.06,96.17,265.57,0.7719,-1,-1,-1
459,41,980.87,627.68,79.65,221.37,0.6877,-1,-1,-1
459,39,1007.92,7.09,51.88,145.59,0.3968,-1,-1,-1
459,31,935.85,0.01,52.66,147.73,0.4691,-1,-1,-1
459,29,896.32,605.63,77.04,238.15,0.6813,-1,-1,-1
459,25,334.55,695.70,76.92,245.80,0.8080,-1,-1,-1
459,18,445.79,196.70,64.68,193.13,0.4999,-1,-1,-1
459,6,803.89,583.95,76.30,240.71,0.6422,-1,-1,-1
459,5,1551.52,614.39,70.75,238.14,0.4907,-1,-1,-1
459,4,1717.68,458.41,76.18,209.34,0.5413,-1,-1,-1
459,3,1027.55,921.21,80.66,158.65,0.7310,-1,-1,-1
460,52,1830.98,378.97,78.99,209.60,0.3329,-1,-1,-1
460,46,795.87,146.07,54.16,173.45,0.3152,-1,-1,-1
460,45,242.35,668.17,96.38,267.61,0.7748,-1,-1,-1
460,41,982.39,628.19,78.41,220.61,0.6722,-1,-1,-1
460,39,1008.34,5.47,51.01,146.90,0.4398,-1,-1,-1
460,31,933.89,0.14,55.42,147.19,0.5077,-1,-1,-1
460,29,897.95,607.08,78.20,240.53,0.7076,-1,-1,-1
460,25,334.58,698.99,77.30,242.04,0.8116,-1,-1,-1
460,18,444.89,195.31,66.34,189.93,0.5144,-1,-1,-1
460,6,805.79,583.84,78.53,240.95,0.6625,-1,-1,-1
460,5,1552.48,616.27,67.94,236.83,0.4465,-1,-1,-1
460,4,1717.88,456.81,75.90,211.67,0.5457,-1,-1,-1
460,3,1027.75,921.43,80.88,158.55,0.7354,-1,-1,-1
461,52,1826.74,379.14,76.47,201.04,0.3261,-1,-1,-1
461,46,796.84,145.32,53.63,173.72,0.3443,-1,-1,-1
461,45,241.83,670.01,98.27,266.03,0.7844,-1,-1,-1
461,41,983.02,629.28,78.75,220.87,0.6586,-1,-1,-1
461,39,1007.62,5.40,52.27,148.65,0.4040,-1,-1,-1
461,31,933.96,1.18,55.40,145.03,0.4429,-1,-1,-1
461,29,898.65,610.00,78.97,240.12,0.7093,-1,-1,-1
461,25,334.71,702.36,77.11,244.99,0.8070,-1,-1,-1
461,18,444.78,193.32,65.91,190.06,0.5138,-1,-1,-1
461,6,807.83,582.87,79.43,240.53,0.6707,-1,-1,-1
461,5,1551.35,612.91,68.43,239.03,0.4312,-1,-1,-1
461,4,1719.89,457.70,74.13,209.94,0.5476,-1,-1,-1
461,3,1027.61,921.84,81.47,158.16,0.7365,-1,-1,-1
462,52,1825.21,377.47,87.93,209.05,0.3072,-1,-1,-1
462,46,798.30,145.51,51.82,173.89,0.3495,-1,-1,-1
462,45,242.55,671.65,93.57,264.06,0.7662,-1,-1,-1
462,41,983.98,630.72,79.61,218.86,0.6686,-1,-1,-1
462,39,1007.66,4.77,52.51,149.57,0.4002,-1,-1,-1
462,31,933.13,3.71,56.81,142.17,0.3588,-1,-1,-1
462,29,899.30,611.55,79.26,239.33,0.7144,-1,-1,-1
462,25,332.56,703.69,79.31,248.44,0.8079,-1,-1,-1
462,18,443.70,192.91,66.90,189.42,0.5091,-1,-1,-1
462,6,809.44,583.29,81.90,242.62,0.6680,-1,-1,-1
462,5,1554.65,620.44,64.22,231.95,0.3258,-1,-1,-1
462,4,1720.54,455.02,74.07,214.02,0.5332,-1,-1,-1
462,3,1027.50,921.62,80.95,158.29,0.7498,-1,-1,-1
463,52,1820.66,376.09,75.28,201.67,0.3667,-1,-1,-1
463,46,796.75,144.46,53.80,174.46,0.3635,-1,-1,-1
463,45,242.46,673.60,92.66,264.51,0.7677,-1,-1,-1
463,41,986.76,631.03,77.88,214.92,0.6904,-1,-1,-1
463,39,1006.55,4.35,54.30,150.52,0.4364,-1,-1,-1
463,31,934.34,3.56,55.22,141.67,0.4157,-1,-1,-1
463,29,901.09,613.81,78.64,235.30,0.7067,-1,-1,-1
463,25,332.16,703.96,79.30,249.74,0.8071,-1,-1,-1
463,18,443.97,194.42,67.80,188.17,0.4822,-1,-1,-1
463,6,810.75,583.34,85.03,243.24,0.6871,-1,-1,-1
463,5,1553.30,613.90,65.53,238.00,0.3084,-1,-1,-1
463,4,1719.86,456.87,74.39,211.07,0.5607,-1,-1,-1
463,3,1027.28,921.31,81.13,158.69,0.7400,-1,-1,-1
464,52,1819.76,374.75,73.53,203.75,0.3434,-1,-1,-1
464,46,796.41,144.92,54.48,173.42,0.3757,-1,-1,-1
464,45,241.03,675.43,96.32,264.13,0.7494,-1,-1,-1
464,41,985.91,632.06,77.97,217.30,0.6616,-1,-1,-1
464,39,1006.55,3.14,54.62,152.15,0.4628,-1,-1,-1
464,31,934.46,2.14,55.17,143.53,0.3833,-1,-1,-1
464,29,902.76,616.24,77.54,233.63,0.6802,-1,-1,-1
464,25,334.68,705.48,75.74,250.78,0.8035,-1,-1,-1
464,18,444.01,191.55,70.92,191.02,0.4858,-1,-1,-1
464,6,811.70,584.61,89.01,244.84,0.6955,-1,-1,-1
464,4,1719.11,455.64,75.09,212.35,0.5242,-1,-1,-1
464,3,1026.79,920.98,81.48,159.02,0.7489,-1,-1,-1
465,52,1815.31,372.61,76.45,202.32,0.3463,-1,-1,-1
465,46,798.56,144.97,52.38,174.45,0.3959,-1,-1,-1
465,45,240.15,677.61,95.82,260.11,0.7564,-1,-1,-1
465,41,988.35,635.16,76.66,215.30,0.6505,-1,-1,-1
465,39,1006.55,4.32,54.81,150.25,0.4292,-1,-1,-1
465,31,934.32,2.41,55.62,142.83,0.4026,-1,-1,-1
465,29,903.48,618.35,78.73,230.75,0.6821,-1,-1,-1
465,25,335.48,706.49,72.32,250.51,0.7918,-1,-1,-1
465,18,442.83,191.52,72.76,191.72,0.5128,-1,-1,-1
465,6,812.18,585.38,91.11,243.34,0.6829,-1,-1,-1
465,4,1720.49,456.22,73.73,212.25,0.5301,-1,-1,-1
465,3,1026.24,922.11,81.28,157.89,0.7429,-1,-1,-1
466,52,1813.11,371.87,79.20,205.79,0.4134,-1,-1,-1
466,46,799.92,144.63,51.06,175.40,0.3824,-1,-1,-1
466,45,240.06,679.55,87.76,255.84,0.7708,-1,-1,-1
466,41,989.95,637.45,75.74,218.84,0.6281,-1,-1,-1
466,39,1006.19,2.88,55.43,150.76,0.4543,-1,-1,-1
466,31,936.85,1.81,53.00,142.71,0.4292,-1,-1,-1
466,29,904.02,620.77,79.33,232.30,0.6907,-1,-1,-1
466,25,334.47,706.48,72.83,249.29,0.7793,-1,-1,-1
466,18,443.50,191.20,72.18,190.51,0.5269,-1,-1,-1
466,6,811.45,584.41,93.70,243.23,0.7228,-1,-1,-1
466,4,1721.69,456.01,71.82,211.20,0.5422,-1,-1,-1
466,3,1026.25,922.42,81.48,157.58,0.7224,-1,-1,-1
467,52,1812.20,369.51,77.50,209.23,0.3932,-1,-1,-1
467,46,800.51,144.14,50.13,174.90,0.3321,-1,-1,-1
467,45,238.54,680.66,88.98,250.46,0.7722,-1,-1,-1
467,41,990.92,637.65,75.84,220.27,0.5957,-1,-1,-1
467,39,1006.43,4.05,55.96,149.90,0.4453,-1,-1,-1
467,31,937.69,3.20,52.05,142.73,0.4137,-1,-1,-1
467,29,904.59,621.34,79.23,237.44,0.7204,-1,-1,-1
467,25,334.82,706.66,71.57,249.58,0.7877,-1,-1,-1
467,18,444.79,191.39,72.63,189.78,0.5819,-1,-1,-1
467,6,810.06,584.45,95.45,245.29,0.7365,-1,-1,-1
467,4,1721.13,454.20,72.91,214.47,0.5504,-1,-1,-1
467,3,1025.96,922.30,82.08,155.82,0.7228,-1,-1,-1
468,52,1807.94,368.24,79.47,210.83,0.4680,-1,-1,-1
468,46,798.28,143.24,53.57,176.87,0.3716,-1,-1,-1
468,45,236.68,681.17,89.60,251.95,0.7835,-1,-1,-1
468,41,990.72,640.83,76.46,218.73,0.5687,-1,-1,-1
468,39,1005.73,4.00,56.37,149.38,0.4190,-1,-1,-1
468,31,937.69,4.11,52.64,141.17,0.4520,-1,-1,-1
468,29,906.36,622.31,78.77,232.70,0.6928,-1,-1,-1
468,25,334.08,708.42,71.71,245.75,0.7651,-1,-1,-1
468,18,447.85,191.05,69.83,189.05,0.5440,-1,-1,-1
468,6,809.73,584.65,98.10,247.33,0.7377,-1,-1,-1
468,4,1720.80,456.09,72.76,211.50,0.5397,-1,-1,-1
468,3,1026.70,922.61,81.17,155.48,0.7187,-1,-1,-1
469,52,1805.25,366.44,79.88,211.72,0.4944,-1,-1,-1
469,46,800.54,142.48,51.10,177.60,0.3490,-1,-1,-1
469,45,233.96,683.62,92.35,252.74,0.7806,-1,-1,-1
469,41,988.61,642.94,79.27,209.69,0.5474,-1,-1,-1
469,39,1005.08,2.99,57.65,150.62,0.3837,-1,-1,-1
469,31,936.68,3.51,54.61,140.94,0.4317,-1,-1,-1
469,29,908.00,623.27,78.31,230.17,0.6868,-1,-1,-1
469,25,332.91,710.73,73.24,246.91,0.7775,-1,-1,-1
469,18,449.24,189.35,68.87,188.77,0.5631,-1,-1,-1
469,6,809.35,584.81,100.10,249.71,0.7287,-1,-1,-1
469,4,1721.26,454.03,72.40,212.67,0.5332,-1,-1,-1
469,3,1027.65,922.86,79.07,155.52,0.7272,-1,-1,-1
470,52,1804.79,364.91,79.07,209.08,0.4617,-1,-1,-1
470,46,799.14,142.54,52.34,177.45,0.3894,-1,-1,-1
470,45,233.27,686.16,92.03,255.74,0.7879,-1,-1,-1
470,41,989.99,644.47,77.02,217.44,0.4770,-1,-1,-1
470,39,1004.91,1.37,57.29,151.58,0.3838,-1,-1,-1
470,31,936.37,2.53,54.53,142.09,0.3947,-1,-1,-1
470,29,910.47,624.48,76.94,227.35,0.6452,-1,-1,-1
470,25,331.20,712.27,73.57,245.28,0.7976,-1,-1,-1
470,18,447.82,188.28,71.04,190.01,0.5750,-1,-1,-1
470,6,808.47,584.95,101.34,253.18,0.7260,-1,-1,-1
470,4,1721.59,455.63,72.30,211.26,0.5311,-1,-1,-1
470,3,1025.98,922.27,80.44,156.40,0.7225,-1,-1,-1
471,52,1802.03,365.43,80.96,208.05,0.5075,-1,-1,-1
471,46,799.67,142.81,52.08,177.85,0.3667,-1,-1,-1
471,45,231.17,687.98,94.64,260.82,0.7879,-1,-1,-1
471,41,988.45,646.59,79.78,222.72,0.4884,-1,-1,-1
471,39,1004.61,1.81,55.64,150.53,0.4061,-1,-1,-1
471,31,937.56,3.09,53.18,140.53,0.4088,-1,-1,-1
471,29,911.72,624.86,77.97,220.83,0.5912,-1,-1,-1
471,25,328.08,714.51,75.90,244.59,0.8037,-1,-1,-1
471,18,450.39,185.02,68.53,194.08,0.5805,-1,-1,-1
471,6,808.46,585.63,103.38,256.00,0.7076,-1,-1,-1
471,4,1720.90,455.28,73.07,213.36,0.5355,-1,-1,-1
471,3,1025.44,923.88,79.86,156.12,0.7271,-1,-1,-1
472,52,1801.98,365.12,79.36,206.07,0.4954,-1,-1,-1
472,46,799.71,141.85,53.40,178.34,0.3948,-1,-1,-1
472,45,229.87,690.30,94.43,265.07,0.7863,-1,-1,-1
472,41,989.10,647.44,79.33,224.63,0.5033,-1,-1,-1
472,39,1003.93,0.00,55.36,152.10,0.4107,-1,-1,-1
472,31,936.13,2.99,54.60,140.41,0.3718,-1,-1,-1
472,29,913.47,625.83,76.53,221.49,0.6320,-1,-1,-1
472,25,327.32,716.62,76.68,246.12,0.8164,-1,-1,-1
472,18,451.72,183.93,67.02,195.22,0.5978,-1,-1,-1
472,6,808.80,586.68,101.42,257.51,0.7262,-1,-1,-1
472,4,1719.91,455.44,74.27,213.55,0.5548,-1,-1,-1
472,3,1025.64,924.38,78.83,155.62,0.7042,-1,-1,-1
473,52,1798.38,363.82,82.83,207.56,0.4842,-1,-1,-1
473,46,801.78,145.35,50.11,174.81,0.3748,-1,-1,-1
473,45,227.97,693.65,95.30,265.05,0.7660,-1,-1,-1
473,41,990.04,648.67,78.13,223.89,0.5336,-1,-1,-1
473,39,1003.52,0.00,56.92,152.74,0.3402,-1,-1,-1
473,31,936.65,3.43,53.95,139.75,0.3647,-1,-1,-1
473,29,913.88,627.16,77.90,228.07,0.6851,-1,-1,-1
473,25,324.91,721.02,78.11,248.02,0.8012,-1,-1,-1
473,18,451.42,181.17,68.39,190.85,0.5696,-1,-1,-1
473,6,808.37,587.15,99.49,257.61,0.7552,-1,-1,-1
473,4,1718.91,454.38,75.74,216.31,0.5501,-1,-1,-1
473,3,1023.92,925.60,80.52,154.40,0.7215,-1,-1,-1
474,52,1793.85,363.33,85.84,206.50,0.4751,-1,-1,-1
474,46,800.53,143.15,51.27,177.44,0.3932,-1,-1,-1
474,45,226.26,694.60,96.10,268.78,0.7615,-1,-1,-1
474,41,990.97,649.94,77.26,226.61,0.5512,-1,-1,-1
474,39,1002.64,0.00,57.20,152.40,0.3794,-1,-1,-1
474,31,936.86,3.05,54.02,140.31,0.3696,-1,-1,-1
474,29,913.67,627.73,79.99,227.04,0.6430,-1,-1,-1
474,25,323.50,723.68,78.66,251.20,0.7889,-1,-1,-1
474,18,453.54,178.81,66.73,189.81,0.5176,-1,-1,-1
474,6,808.17,587.83,98.40,256.97,0.7578,-1,-1,-1
474,4,1716.96,455.15,77.27,215.04,0.5399,-1,-1,-1
474,3,1024.87,924.87,79.07,154.65,0.7101,-1,-1,-1
475,52,1792.26,363.67,85.82,206.78,0.4788,-1,-1,-1
475,46,802.10,143.73,49.92,176.90,0.3915,-1,-1,-1
475,45,224.76,697.22,95.47,270.50,0.7566,-1,-1,-1
475,41,992.25,652.59,77.20,224.50,0.5985,-1,-1,-1
475,39,1002.41,0.00,55.37,150.35,0.3840,-1,-1,-1
475,31,936.61,3.07,53.64,141.67,0.3579,-1,-1,-1
475,29,916.11,629.78,77.36,234.01,0.6726,-1,-1,-1
475,25,322.14,726.64,78.91,251.67,0.7796,-1,-1,-1
475,18,454.07,180.89,64.43,184.90,0.5141,-1,-1,-1
475,6,808.26,588.71,96.13,255.79,0.7549,-1,-1,-1
475,4,1715.14,455.69,81.61,214.41,0.5218,-1,-1,-1
475,3,1025.12,925.36,77.55,154.33,0.7104,-1,-1,-1
476,52,1786.69,362.70,88.22,208.34,0.4429,-1,-1,-1
476,46,802.53,142.63,49.55,177.04,0.4350,-1,-1,-1
476,45,224.00,700.41,95.35,268.65,0.7453,-1,-1,-1
476,41,996.18,654.57,72.95,222.18,0.5613,-1,-1,-1
476,39,1001.75,0.00,55.30,147.00,0.3118,-1,-1,-1
476,31,936.87,3.29,53.39,141.69,0.3197,-1,-1,-1
476,29,915.82,631.34,78.65,230.99,0.6058,-1,-1,-1
476,25,321.55,728.24,78.18,249.87,0.7718,-1,-1,-1
476,18,453.51,179.94,65.38,184.51,0.5311,-1,-1,-1
476,6,807.96,589.10,93.15,255.86,0.7432,-1,-1,-1
476,4,1712.47,456.29,84.04,213.62,0.4998,-1,-1,-1
476,3,1024.12,926.51,78.59,153.22,0.7218,-1,-1,-1
477,52,1788.06,361.90,85.57,207.16,0.5018,-1,-1,-1
477,46,801.73,145.68,50.62,174.62,0.4651,-1,-1,-1
477,45,222.74,701.94,94.73,266.25,0.7464,-1,-1,-1
477,41,997.44,656.11,71.21,221.51,0.5793,-1,-1,-1
477,29,915.67,633.78,80.71,230.21,0.6560,-1,-1,-1
477,25,320.13,730.48,77.74,252.05,0.7649,-1,-1,-1
477,18,450.42,174.94,69.39,189.67,0.5386,-1,-1,-1
477,6,808.31,589.98,90.64,254.60,0.7750,-1,-1,-1
477,4,1712.97,457.30,83.83,211.87,0.5110,-1,-1,-1
477,3,1023.72,926.91,78.63,153.08,0.7135,-1,-1,-1
478,52,1791.55,359.99,79.99,206.10,0.4611,-1,-1,-1
478,46,802.12,145.83,50.53,174.54,0.4709,-1,-1,-1
478,45,220.21,703.30,95.96,265.53,0.7401,-1,-1,-1
478,41,998.64,656.33,71.11,220.11,0.5603,-1,-1,-1
478,39,1001.75,1.33,53.41,146.25,0.3082,-1,-1,-1
478,31,937.81,4.79,51.60,139.24,0.3251,-1,-1,-1
478,29,913.06,635.48,82.99,229.08,0.6714,-1,-1,-1
478,25,320.40,733.00,77.49,252.94,0.7587,-1,-1,-1
478,18,453.67,178.24,66.11,184.43,0.5338,-1,-1,-1
478,6,807.54,590.41,88.03,254.71,0.7848,-1,-1,-1
478,4,1709.45,456.98,87.47,211.71,0.4684,-1,-1,-1
478,3,1023.14,928.59,78.24,151.41,0.7246,-1,-1,-1
479,52,1786.98,360.45,82.94,206.21,0.5366,-1,-1,-1
479,46,804.09,145.98,48.67,175.35,0.4562,-1,-1,-1
479,45,220.43,703.91,97.02,264.39,0.7293,-1,-1,-1
479,41,996.86,656.59,73.18,222.72,0.6304,-1,-1,-1
479,31,937.32,4.36,50.55,138.95,0.3325,-1,-1,-1
479,29,914.61,639.31,80.53,232.48,0.7042,-1,-1,-1
479,25,317.40,734.70,80.32,254.94,0.7569,-1,-1,-1
479,18,451.78,177.04,68.27,186.29,0.5666,-1,-1,-1
479,6,806.70,591.21,85.35,253.83,0.7851,-1,-1,-1
479,4,1711.27,457.55,86.17,210.58,0.4743,-1,-1,-1
479,3,1021.94,929.68,77.84,150.32,0.7199,-1,-1,-1
480,53,1730.23,169.83,60.45,169.20,0.3439,-1,-1,-1
480,52,1787.98,359.55,76.41,206.81,0.5200,-1,-1,-1
480,46,805.56,146.32,46.73,175.26,0.4214,-1,-1,-1
480,45,219.70,704.09,93.70,262.91,0.7455,-1,-1,-1
480,41,999.03,657.99,70.21,219.97,0.6105,-1,-1,-1
480,31,935.72,1.54,51.56,139.30,0.3027,-1,-1,-1
480,29,912.03,641.28,84.12,239.94,0.6699,-1,-1,-1
480,25,312.28,736.52,83.19,253.01,0.7508,-1,-1,-1
480,18,445.21,172.36,76.17,193.00,0.5275,-1,-1,-1
480,6,805.48,592.14,85.28,253.66,0.7775,-1,-1,-1
480,4,1694.57,456.66,104.27,210.18,0.3887,-1,-1,-1
480,3,1020.20,932.32,78.56,147.68,0.7371,-1,-1,-1
481,53,1729.79,169.71,62.45,170.52,0.4173,-1,-1,-1
481,52,1788.84,358.10,72.91,204.43,0.5711,-1,-1,-1
481,46,804.17,143.66,48.27,176.71,0.4373,-1,-1,-1
481,45,219.52,704.37,92.08,262.89,0.7620,-1,-1,-1
481,41,992.75,660.26,76.10,220.91,0.5935,-1,-1,-1
481,39,1000.47,0.14,53.34,143.57,0.3817,-1,-1,-1
481,31,933.59,0.87,52.94,138.29,0.3851,-1,-1,-1
481,29,909.27,644.37,85.96,236.11,0.6780,-1,-1,-1
481,25,304.89,737.23,88.52,255.05,0.7765,-1,-1,-1
481,18,445.70,171.26,75.68,193.46,0.5352,-1,-1,-1
481,6,805.18,593.51,83.51,253.15,0.7920,-1,-1,-1
481,4,1705.66,458.07,93.81,210.22,0.3960,-1,-1,-1
481,3,1019.47,930.87,78.85,149.13,0.7375,-1,-1,-1
482,53,1729.10,171.99,63.87,169.95,0.4141,-1,-1,-1
482,52,1786.79,356.36,72.19,206.26,0.5449,-1,-1,-1
482,46,805.41,144.14,47.38,177.37,0.4877,-1,-1,-1
482,45,219.77,706.30,90.69,260.91,0.7567,-1,-1,-1
482,41,995.77,662.79,73.60,222.02,0.6288,-1,-1,-1
482,39,999.53,0.65,52.52,142.87,0.3558,-1,-1,-1
482,31,933.41,1.19,52.43,134.81,0.3260,-1,-1,-1
482,29,907.10,646.03,88.93,248.04,0.6959,-1,-1,-1
482,25,306.21,738.21,86.06,255.95,0.7730,-1,-1,-1
482,18,450.75,176.46,70.60,185.70,0.5106,-1,-1,-1
482,6,804.07,594.28,83.40,253.17,0.7817,-1,-1,-1
482,4,1707.75,458.85,90.03,210.01,0.4341,-1,-1,-1
482,3,1019.48,932.84,78.72,147.16,0.7318,-1,-1,-1
483,53,1729.18,169.84,62.04,172.04,0.4124,-1,-1,-1
483,52,1784.70,355.53,73.26,206.82,0.5061,-1,-1,-1
483,46,805.59,143.30,47.28,176.59,0.4693,-1,-1,-1
483,45,218.99,707.31,91.51,258.97,0.7560,-1,-1,-1
483,41,998.77,664.55,71.66,221.94,0.6214,-1,-1,-1
483,39,999.13,0.00,53.35,145.24,0.3856,-1,-1,-1
483,31,933.47,1.57,51.93,134.23,0.3301,-1,-1,-1
483,29,908.94,648.79,86.43,246.39,0.7108,-1,-1,-1
483,25,302.93,739.28,86.35,255.59,0.7747,-1,-1,-1
483,18,453.92,173.32,67.59,188.73,0.5149,-1,-1,-1
483,6,801.75,595.36,84.31,252.00,0.7749,-1,-1,-1
483,4,1695.37,457.94,103.89,209.92,0.3725,-1,-1,-1
483,3,1019.03,932.97,79.13,147.03,0.7341,-1,-1,-1
484,53,1729.61,169.37,64.37,173.27,0.4064,-1,-1,-1
484,52,1786.95,353.74,66.37,204.99,0.5102,-1,-1,-1
484,46,807.75,145.23,45.20,174.78,0.4644,-1,-1,-1
484,45,218.75,709.12,90.46,256.74,0.7553,-1,-1,-1
484,41,998.92,667.76,72.25,224.00,0.6051,-1,-1,-1
484,39,999.92,0.00,52.46,145.15,0.4211,-1,-1,-1
484,31,933.04,2.83,52.00,130.16,0.3277,-1,-1,-1
484,29,909.85,649.04,85.71,250.30,0.7006,-1,-1,-1
484,25,302.72,740.66,85.10,254.03,0.7661,-1,-1,-1
484,18,456.92,173.08,62.89,189.03,0.5114,-1,-1,-1
484,6,800.52,596.49,86.49,250.80,0.7704,-1,-1,-1
484,4,1693.81,458.39,105.16,210.71,0.3799,-1,-1,-1
484,3,1018.21,933.42,80.44,146.58,0.7211,-1,-1,-1
485,53,1729.06,169.97,66.08,175.44,0.3886,-1,-1,-1
485,52,1783.97,353.25,68.19,198.10,0.4362,-1,-1,-1
485,46,808.32,145.04,44.74,175.85,0.4741,-1,-1,-1
485,45,218.23,711.02,90.76,256.51,0.7631,-1,-1,-1
485,41,999.04,668.79,73.24,226.75,0.6333,-1,-1,-1
485,39,999.78,0.00,51.82,143.54,0.4202,-1,-1,-1
485,31,931.37,2.40,52.82,128.15,0.3161,-1,-1,-1
485,29,911.72,649.97,82.60,246.72,0.7237,-1,-1,-1
485,25,300.73,742.03,85.54,252.11,0.7637,-1,-1,-1
485,18,456.52,170.60,63.48,190.98,0.5326,-1,-1,-1
485,6,799.33,597.12,87.83,250.47,0.7825,-1,-1,-1
485,4,1677.19,457.59,121.90,208.94,0.3766,-1,-1,-1
485,3,1018.08,933.82,81.07,146.18,0.7110,-1,-1,-1
486,53,1729.08,178.08,66.15,169.72,0.3636,-1,-1,-1
486,52,1782.23,351.12,67.65,200.84,0.4604,-1,-1,-1
486,46,808.38,145.67,45.67,174.86,0.4851,-1,-1,-1
486,45,216.83,712.81,90.99,259.75,0.7752,-1,-1,-1
486,41,1001.35,671.30,70.74,221.54,0.6571,-1,-1,-1
486,39,999.58,0.00,51.06,143.67,0.4080,-1,-1,-1
486,31,932.27,2.52,51.47,128.56,0.3431,-1,-1,-1
486,29,910.71,650.94,83.55,244.53,0.7323,-1,-1,-1
486,25,300.27,742.33,84.85,251.36,0.7718,-1,-1,-1
486,18,459.21,162.34,61.01,199.10,0.5532,-1,-1,-1
486,6,798.96,597.42,89.22,251.43,0.7894,-1,-1,-1
486,3,1016.92,934.23,82.13,145.77,0.7146,-1,-1,-1
487,53,1730.40,175.54,64.44,176.53,0.3079,-1,-1,-1
487,52,1780.56,351.68,67.70,199.36,0.3960,-1,-1,-1
487,51,1632.99,326.15,56.84,188.60,0.4469,-1,-1,-1
487,46,807.75,145.85,47.39,175.88,0.4553,-1,-1,-1
487,45,217.35,713.57,91.39,264.37,0.7684,-1,-1,-1
487,41,1005.12,673.34,68.02,223.75,0.6621,-1,-1,-1
487,39,999.86,0.00,50.56,142.42,0.3556,-1,-1,-1
487,29,911.09,651.74,84.09,240.61,0.7372,-1,-1,-1
487,25,302.36,744.33,81.63,249.98,0.7635,-1,-1,-1
487,18,459.63,163.37,59.09,195.72,0.5256,-1,-1,-1
487,6,798.05,598.24,92.93,251.14,0.7921,-1,-1,-1
487,4,1685.58,456.52,108.43,210.43,0.3792,-1,-1,-1
487,3,1017.83,935.04,81.88,144.96,0.7063,-1,-1,-1
488,54,414.29,157.84,50.83,178.36,0.3551,-1,-1,-1
488,53,1730.38,176.02,65.05,176.33,0.3470,-1,-1,-1
488,51,1631.90,329.71,56.73,185.41,0.3776,-1,-1,-1
488,46,808.00,146.45,47.94,175.43,0.4589,-1,-1,-1
488,45,216.86,716.04,91.83,271.70,0.7674,-1,-1,-1
488,41,1006.76,675.65,68.36,224.17,0.6982,-1,-1,-1
488,39,1000.38,0.00,50.26,141.83,0.3833,-1,-1,-1
488,31,931.77,2.56,52.11,128.99,0.3154,-1,-1,-1
488,29,911.61,652.96,85.66,240.21,0.7077,-1,-1,-1
488,25,299.96,748.59,82.16,246.30,0.7647,-1,-1,-1
488,18,462.72,160.13,54.99,195.09,0.4915,-1,-1,-1
488,6,797.16,600.06,93.91,249.38,0.7807,-1,-1,-1
488,4,1680.19,456.49,112.88,210.74,0.3558,-1,-1,-1
488,3,1017.99,936.26,81.96,143.74,0.7178,-1,-1,-1
489,53,1731.81,178.20,64.33,173.99,0.3642,-1,-1,-1
489,51,1634.19,334.95,52.86,180.04,0.3795,-1,-1,-1
489,46,809.33,144.60,46.97,174.99,0.4409,-1,-1,-1
489,45,216.43,718.27,91.13,272.65,0.7681,-1,-1,-1
489,41,1008.31,677.00,68.92,225.68,0.6841,-1,-1,-1
489,39,1001.54,3.12,48.57,138.96,0.3570,-1,-1,-1
489,31,931.30,2.52,51.89,127.94,0.3422,-1,-1,-1
489,29,912.01,654.03,86.99,238.00,0.6961,-1,-1,-1
489,25,299.94,750.20,81.89,251.04,0.7600,-1,-1,-1
489,18,463.24,160.20,53.42,190.47,0.4754,-1,-1,-1
489,6,797.51,600.70,93.11,252.36,0.7879,-1,-1,-1
489,5,1541.61,608.37,84.03,223.65,0.3150,-1,-1,-1
489,4,1691.10,455.05,101.64,212.75,0.3644,-1,-1,-1
489,3,1017.32,936.44,83.15,143.56,0.7169,-1,-1,-1
490,54,414.14,159.78,50.90,179.16,0.3390,-1,-1,-1
490,53,1732.22,180.48,62.85,169.76,0.4089,-1,-1,-1
490,51,1632.10,327.58,54.61,189.06,0.4461,-1,-1,-1
490,46,811.01,144.44,45.96,175.99,0.3722,-1,-1,-1
490,45,214.79,720.97,93.69,276.01,0.7642,-1,-1,-1
490,41,1010.03,677.87,69.26,227.06,0.7207,-1,-1,-1
490,31,930.82,2.50,52.05,127.21,0.3175,-1,-1,-1
490,29,915.07,655.54,84.65,232.08,0.6985,-1,-1,-1
490,25,300.13,751.84,79.84,252.62,0.7510,-1,-1,-1
490,18,464.73,160.68,52.62,184.20,0.4464,-1,-1,-1
490,6,797.19,601.05,94.39,256.30,0.7887,-1,-1,-1
490,4,1698.82,454.88,93.00,213.29,0.3644,-1,-1,-1
490,3,1015.00,936.97,85.78,143.03,0.6999,-1,-1,-1
491,53,1733.17,181.58,61.98,169.49,0.3437,-1,-1,-1
491,51,1630.60,333.96,55.45,182.66,0.3466,-1,-1,-1
491,46,808.54,146.40,51.08,173.38,0.3810,-1,-1,-1
491,45,214.05,723.26,93.52,278.04,0.7583,-1,-1,-1
491,41,1011.15,679.52,70.25,225.84,0.6897,-1,-1,-1
491,39,1002.11,6.71,47.85,131.90,0.3247,-1,-1,-1
491,29,920.65,660.82,79.93,240.40,0.7045,-1,-1,-1
491,25,297.59,754.19,82.51,260.48,0.7472,-1,-1,-1
491,18,461.02,157.77,58.43,186.29,0.4018,-1,-1,-1
491,6,797.75,602.15,94.88,259.27,0.7815,-1,-1,-1
491,4,1707.49,456.22,85.07,215.17,0.4162,-1,-1,-1
491,3,1017.08,937.75,83.93,142.25,0.6963,-1,-1,-1
492,54,412.90,161.67,54.15,180.99,0.3009,-1,-1,-1
492,53,1733.85,181.98,61.25,167.46,0.4372,-1,-1,-1
492,51,1629.11,327.06,56.14,188.59,0.4029,-1,-1,-1
492,46,808.72,146.22,51.64,172.04,0.3526,-1,-1,-1
492,45,212.78,725.00,96.48,279.81,0.7728,-1,-1,-1
492,41,1012.09,682.29,72.45,223.74,0.6817,-1,-1,-1
492,29,920.63,661.57,80.12,240.34,0.7229,-1,-1,-1
492,25,298.10,756.77,80.32,257.75,0.7411,-1,-1,-1
492,18,465.46,158.54,54.00,186.08,0.3149,-1,-1,-1
492,6,798.81,603.64,94.79,258.17,0.7873,-1,-1,-1
492,5,1541.01,604.15,85.78,224.38,0.3257,-1,-1,-1
492,4,1703.43,457.96,89.60,209.32,0.4302,-1,-1,-1
492,3,1017.20,937.98,83.84,142.02,0.7052,-1,-1,-1
493,55,1813.11,168.81,72.67,184.17,0.3694,-1,-1,-1
493,54,411.99,162.35,58.70,183.64,0.3412,-1,-1,-1
493,53,1734.24,184.72,61.27,166.78,0.4839,-1,-1,-1
493,51,1627.50,323.46,58.29,190.81,0.3513,-1,-1,-1
493,46,806.98,145.45,54.55,173.09,0.3329,-1,-1,-1
493,45,212.30,728.43,95.18,277.05,0.7795,-1,-1,-1
493,41,1014.48,681.81,73.18,226.91,0.6374,-1,-1,-1
493,29,920.31,663.53,81.43,242.70,0.7047,-1,-1,-1
493,25,299.38,759.85,80.91,254.67,0.7377,-1,-1,-1
493,6,800.52,604.72,94.05,257.75,0.7696,-1,-1,-1
493,4,1710.97,457.64,84.28,212.14,0.4885,-1,-1,-1
493,3,1016.98,938.06,84.47,141.94,0.6854,-1,-1,-1
494,55,1813.98,170.64,75.90,183.04,0.3285,-1,-1,-1
494,53,1735.20,184.39,63.07,167.44,0.4623,-1,-1,-1
494,51,1626.75,322.59,58.44,191.52,0.3999,-1,-1,-1
494,46,805.85,145.53,56.62,171.76,0.3061,-1,-1,-1
494,45,212.98,730.25,94.82,277.80,0.7788,-1,-1,-1
494,41,1015.43,684.55,75.59,220.00,0.6311,-1,-1,-1
494,29,921.67,666.25,81.32,239.57,0.6696,-1,-1,-1
494,25,299.40,763.46,78.97,254.86,0.7432,-1,-1,-1
494,6,801.34,606.01,94.07,255.83,0.7555,-1,-1,-1
494,4,1717.72,452.94,77.23,217.94,0.5248,-1,-1,-1
494,3,1017.19,938.54,84.34,141.46,0.6785,-1,-1,-1
495,55,1815.22,173.54,77.82,182.17,0.3452,-1,-1,-1
495,54,412.64,165.25,53.05,179.34,0.3023,-1,-1,-1
495,53,1734.17,186.30,64.55,173.00,0.4903,-1,-1,-1
495,51,1626.11,323.75,58.70,190.14,0.4025,-1,-1,-1
495,46,806.62,145.10,56.06,172.31,0.3357,-1,-1,-1
495,45,212.22,732.42,93.63,275.38,0.7754,-1,-1,-1
495,41,1018.26,685.22,75.22,221.29,0.5849,-1,-1,-1
495,29,921.41,667.93,81.80,245.14,0.6567,-1,-1,-1
495,25,299.05,767.24,78.57,259.65,0.7373,-1,-1,-1
495,6,804.60,606.14,90.06,253.63,0.7531,-1,-1,-1
495,5,1538.92,613.60,89.99,215.85,0.3151,-1,-1,-1
495,4,1722.11,451.05,74.04,217.41,0.6053,-1,-1,-1
495,3,1018.02,937.56,84.32,142.44,0.6710,-1,-1,-1
496,56,1632.41,583.73,102.26,228.88,0.5684,-1,-1,-1
496,54,412.80,164.36,52.16,181.85,0.3172,-1,-1,-1
496,53,1733.94,187.66,65.44,172.82,0.4689,-1,-1,-1
496,51,1624.71,322.08,58.02,188.76,0.4355,-1,-1,-1
496,46,805.27,144.49,56.75,171.98,0.3310,-1,-1,-1
496,45,211.48,735.90,94.27,272.36,0.7731,-1,-1,-1
496,41,1018.47,686.75,74.90,220.85,0.5953,-1,-1,-1
496,29,922.33,671.23,82.07,236.55,0.6905,-1,-1,-1
496,25,296.81,768.68,80.86,259.25,0.7489,-1,-1,-1
496,6,809.57,605.95,84.65,249.24,0.7422,-1,-1,-1
496,5,1538.87,610.09,87.41,220.14,0.4056,-1,-1,-1
496,4,1724.68,452.02,72.44,217.13,0.5829,-1,-1,-1
496,3,1019.78,939.26,82.76,140.74,0.6835,-1,-1,-1
497,55,1818.32,175.31,81.25,184.42,0.3811,-1,-1,-1
497,54,412.04,164.53,52.46,181.46,0.3575,-1,-1,-1
497,53,1734.08,188.04,65.96,172.08,0.4950,-1,-1,-1
497,51,1623.97,322.27,59.61,188.44,0.3741,-1,-1,-1
497,46,805.76,145.21,55.67,172.82,0.3695,-1,-1,-1
497,45,213.48,736.63,90.61,268.83,0.7466,-1,-1,-1
497,41,1020.71,687.47,72.93,221.43,0.5564,-1,-1,-1
497,39,1003.08,5.66,47.07,126.70,0.3033,-1,-1,-1
497,29,923.26,673.86,81.42,237.13,0.6546,-1,-1,-1
497,25,293.99,770.18,83.24,259.00,0.7609,-1,-1,-1
497,6,814.74,606.26,80.04,247.77,0.7183,-1,-1,-1
497,5,1539.12,609.68,87.26,220.76,0.4271,-1,-1,-1
497,4,1726.13,452.91,69.95,216.83,0.5619,-1,-1,-1
497,3,1021.22,938.95,81.15,141.05,0.6768,-1,-1,-1
498,56,1641.43,593.36,94.92,221.17,0.4391,-1,-1,-1
498,55,1819.60,176.05,80.19,187.82,0.3462,-1,-1,-1
498,54,410.26,164.99,52.98,182.21,0.4127,-1,-1,-1
498,53,1732.90,188.33,67.18,172.41,0.4556,-1,-1,-1
498,51,1623.89,321.54,57.90,190.14,0.3610,-1,-1,-1
498,46,803.84,145.62,56.65,172.63,0.3527,-1,-1,-1
498,45,213.08,738.36,90.41,266.03,0.7399,-1,-1,-1
498,41,1019.26,689.36,78.49,221.02,0.5130,-1,-1,-1
498,29,924.94,675.55,80.80,239.86,0.6437,-1,-1,-1
498,25,294.80,771.92,82.19,257.12,0.7493,-1,-1,-1
498,6,816.12,606.37,79.66,246.80,0.7065,-1,-1,-1
498,5,1539.73,609.20,87.14,221.76,0.4614,-1,-1,-1
498,4,1727.83,453.85,69.59,215.04,0.5067,-1,-1,-1
498,3,1020.79,937.98,81.82,142.02,0.6604,-1,-1,-1
499,56,1645.36,589.50,87.27,224.06,0.3680,-1,-1,-1
499,55,1820.43,177.62,80.98,186.36,0.3901,-1,-1,-1
499,54,408.30,165.36,57.12,182.19,0.4461,-1,-1,-1
499,53,1732.11,188.27,68.40,169.27,0.4907,-1,-1,-1
499,46,801.77,142.64,56.28,174.80,0.3382,-1,-1,-1
499,45,212.25,740.83,90.95,265.19,0.7516,-1,-1,-1
499,41,1023.98,694.44,72.33,218.03,0.5118,-1,-1,-1
499,29,925.27,677.93,81.22,237.99,0.6096,-1,-1,-1
499,25,293.90,772.79,82.59,256.29,0.7413,-1,-1,-1
499,18,469.02,163.55,59.22,174.97,0.3281,-1,-1,-1
499,6,820.19,607.60,76.11,246.20,0.6843,-1,-1,-1
499,5,1539.20,610.22,87.38,219.86,0.4849,-1,-1,-1
499,3,1023.20,937.40,79.30,142.60,0.6733,-1,-1,-1
500,56,1656.27,595.27,76.83,218.72,0.4562,-1,-1,-1
500,55,1821.62,178.93,81.01,188.54,0.3858,-1,-1,-1
500,54,407.22,166.23,57.82,179.77,0.4762,-1,-1,-1
500,53,1731.93,189.13,69.38,168.80,0.4945,-1,-1,-1
500,51,1623.43,314.26,59.37,174.44,0.3241,-1,-1,-1
500,46,802.51,142.04,55.27,176.66,0.3537,-1,-1,-1
500,45,208.86,741.87,93.93,267.25,0.7710,-1,-1,-1
500,41,1024.13,697.90,71.26,210.39,0.4809,-1,-1,-1
500,29,924.33,679.07,85.31,249.45,0.6173,-1,-1,-1
500,25,293.71,773.51,81.37,255.20,0.7339,-1,-1,-1
500,18,465.39,165.57,61.50,170.84,0.3283,-1,-1,-1
500,6,821.27,607.77,75.86,244.72,0.6898,-1,-1,-1
500,5,1537.89,610.88,89.71,217.94,0.4108,-1,-1,-1
500,4,1728.08,450.50,67.45,218.04,0.4888,-1,-1,-1
500,3,1025.71,935.68,77.82,144.32,0.6737,-1,-1,-1
501,56,1659.42,592.18,73.18,221.19,0.5209,-1,-1,-1
501,55,1823.18,179.86,80.58,192.13,0.3555,-1,-1,-1
501,54,407.50,168.27,57.89,178.70,0.5121,-1,-1,-1
501,53,1731.56,188.91,70.23,170.12,0.4953,-1,-1,-1
501,51,1622.64,312.37,59.39,181.72,0.3598,-1,-1,-1
501,46,802.19,144.52,53.95,173.13,0.3575,-1,-1,-1
501,45,208.53,743.11,93.72,262.45,0.7791,-1,-1,-1
501,41,1023.66,698.81,73.34,212.09,0.5119,-1,-1,-1
501,29,928.50,679.41,81.94,252.75,0.6007,-1,-1,-1
501,25,293.61,774.41,79.95,255.15,0.7207,-1,-1,-1
501,18,464.94,161.47,63.74,176.00,0.3619,-1,-1,-1
501,6,822.39,608.70,75.00,245.32,0.7016,-1,-1,-1
501,5,1538.87,611.41,86.85,213.49,0.3794,-1,-1,-1
501,4,1727.58,448.62,67.04,219.31,0.4562,-1,-1,-1
501,3,1028.62,935.16,75.97,144.84,0.6431,-1,-1,-1
502,56,1662.59,596.32,70.05,219.98,0.4939,-1,-1,-1
502,55,1826.35,180.22,78.01,194.89,0.3009,-1,-1,-1
502,54,406.63,169.56,58.19,176.86,0.4810,-1,-1,-1
502,53,1731.92,189.92,69.84,166.95,0.4923,-1,-1,-1
502,46,800.17,144.47,54.25,174.74,0.3099,-1,-1,-1
502,45,208.28,744.78,93.81,262.49,0.7750,-1,-1,-1
502,41,1025.33,701.37,73.53,207.56,0.5835,-1,-1,-1
502,29,927.30,681.59,84.09,256.17,0.6319,-1,-1,-1
502,25,292.56,774.97,80.92,253.79,0.7334,-1,-1,-1
502,18,467.87,160.07,62.78,175.81,0.3315,-1,-1,-1
502,6,822.34,609.01,74.97,246.85,0.7026,-1,-1,-1
502,5,1538.86,609.64,86.32,215.68,0.3928,-1,-1,-1
502,4,1729.30,449.70,64.29,219.52,0.4434,-1,-1,-1
502,3,1029.33,934.68,76.70,145.32,0.6754,-1,-1,-1
503,56,1667.90,601.66,65.08,211.99,0.4717,-1,-1,-1
503,54,404.56,170.49,61.83,175.48,0.4872,-1,-1,-1
503,53,1732.88,190.31,69.17,168.73,0.4667,-1,-1,-1
503,51,1621.37,307.90,59.12,181.28,0.3396,-1,-1,-1
503,46,800.14,145.66,51.83,174.21,0.3193,-1,-1,-1
503,45,208.64,746.43,92.73,264.26,0.7599,-1,-1,-1
503,41,1026.18,703.97,72.95,201.45,0.5887,-1,-1,-1
503,29,928.66,682.93,84.50,252.46,0.6169,-1,-1,-1
503,25,288.58,776.04,81.04,254.66,0.7495,-1,-1,-1
503,18,470.92,159.65,59.55,173.37,0.3056,-1,-1,-1
503,6,821.88,609.19,75.43,246.91,0.7175,-1,-1,-1
503,5,1535.55,612.35,91.39,215.41,0.4742,-1,-1,-1
503,4,1729.80,445.39,63.55,223.46,0.4008,-1,-1,-1
503,3,1030.66,933.95,76.56,146.05,0.6440,-1,-1,-1
504,54,403.60,170.47,65.03,174.01,0.4742,-1,-1,-1
504,53,1733.91,191.04,67.72,170.44,0.4795,-1,-1,-1
504,45,210.49,747.71,90.42,270.58,0.7556,-1,-1,-1
504,41,1029.25,704.68,69.58,216.12,0.5908,-1,-1,-1
504,29,927.03,683.94,87.74,250.65,0.5844,-1,-1,-1
504,25,285.87,777.21,81.49,253.07,0.7734,-1,-1,-1
504,18,472.08,156.45,60.84,173.46,0.3164,-1,-1,-1
504,6,822.06,609.57,74.67,248.02,0.6927,-1,-1,-1
504,5,1534.38,611.73,92.67,214.97,0.3537,-1,-1,-1
504,4,1729.36,447.16,63.91,223.71,0.3405,-1,-1,-1
504,3,1032.94,933.14,74.96,146.86,0.6368,-1,-1,-1
505,54,402.16,170.39,66.93,174.79,0.4757,-1,-1,-1
505,53,1738.20,190.27,63.42,171.05,0.4989,-1,-1,-1
505,51,1620.20,305.52,60.56,185.43,0.3245,-1,-1,-1
505,45,209.49,749.87,88.90,274.95,0.7347,-1,-1,-1
505,41,1030.40,706.26,69.26,218.50,0.6070,-1,-1,-1
505,29,928.11,684.20,86.43,251.17,0.5511,-1,-1,-1
505,25,281.90,778.87,86.39,253.35,0.7731,-1,-1,-1
505,18,469.21,151.07,63.06,177.94,0.4156,-1,-1,-1
505,6,822.34,609.95,74.49,249.54,0.6718,-1,-1,-1
505,4,1729.18,454.93,63.06,214.86,0.3928,-1,-1,-1
505,3,1033.28,934.03,74.97,145.97,0.6742,-1,-1,-1
506,54,401.09,170.73,67.42,176.53,0.4545,-1,-1,-1
506,53,1739.24,194.74,62.92,166.56,0.4964,-1,-1,-1
506,51,1620.08,305.29,59.41,186.14,0.4622,-1,-1,-1
506,46,800.06,147.58,47.60,175.96,0.3007,-1,-1,-1
506,45,209.42,751.45,87.23,279.59,0.7277,-1,-1,-1
506,41,1030.67,707.21,70.70,221.31,0.6350,-1,-1,-1
506,29,918.62,686.50,97.43,246.56,0.6131,-1,-1,-1
506,25,279.04,780.45,88.97,255.81,0.7597,-1,-1,-1
506,18,470.58,146.56,61.90,182.48,0.3819,-1,-1,-1
506,6,822.05,610.05,75.73,251.00,0.6797,-1,-1,-1
506,4,1728.86,459.45,63.21,209.56,0.4967,-1,-1,-1
506,3,1035.06,932.66,74.66,147.34,0.6656,-1,-1,-1
507,54,399.56,167.34,68.07,181.90,0.3865,-1,-1,-1
507,53,1739.63,194.18,62.08,165.58,0.4658,-1,-1,-1
507,51,1619.07,303.06,60.61,188.66,0.4307,-1,-1,-1
507,45,208.76,753.55,86.83,279.24,0.7257,-1,-1,-1
507,41,1030.01,708.52,71.60,223.77,0.6134,-1,-1,-1
507,29,929.91,687.16,88.05,244.83,0.6068,-1,-1,-1
507,25,278.37,782.18,89.86,261.55,0.7620,-1,-1,-1
507,18,469.33,153.85,59.73,171.79,0.3046,-1,-1,-1
507,6,823.66,611.51,73.09,249.15,0.6979,-1,-1,-1
507,4,1727.83,458.34,63.87,211.22,0.3478,-1,-1,-1
507,3,1036.46,934.22,75.33,145.78,0.6482,-1,-1,-1
508,53,1741.50,195.63,60.14,164.74,0.5248,-1,-1,-1
508,51,1618.94,304.37,61.15,186.79,0.4918,-1,-1,-1
508,45,207.89,755.66,88.04,278.58,0.7430,-1,-1,-1
508,41,1030.11,710.08,72.37,224.02,0.6238,-1,-1,-1
508,29,923.47,688.37,95.13,248.10,0.6068,-1,-1,-1
508,25,277.19,784.22,91.89,264.86,0.7674,-1,-1,-1
508,6,825.24,611.51,71.95,249.00,0.7005,-1,-1,-1
508,4,1727.38,460.42,62.30,206.71,0.3725,-1,-1,-1
508,3,1037.29,933.49,75.99,146.51,0.6493,-1,-1,-1
509,53,1743.44,198.24,58.36,163.71,0.4763,-1,-1,-1
509,51,1619.28,300.73,57.60,188.37,0.4190,-1,-1,-1
509,45,206.44,758.66,86.23,273.71,0.7324,-1,-1,-1
509,41,1030.88,710.04,75.39,230.01,0.6290,-1,-1,-1
509,29,930.83,690.45,90.51,249.31,0.6219,-1,-1,-1
509,25,279.79,788.47,86.24,259.63,0.7676,-1,-1,-1
509,6,825.86,611.52,71.76,249.85,0.7007,-1,-1,-1
509,4,1727.06,458.89,64.68,206.84,0.3603,-1,-1,-1
509,3,1038.90,933.18,75.70,146.82,0.6428,-1,-1,-1
510,55,1840.24,186.92,66.36,200.67,0.3133,-1,-1,-1
510,53,1745.19,200.57,57.55,163.22,0.5357,-1,-1,-1
510,51,1618.73,301.13,57.52,189.52,0.4571,-1,-1,-1
510,45,206.30,761.92,81.02,275.54,0.7396,-1,-1,-1
510,41,1028.54,711.59,81.18,227.69,0.5969,-1,-1,-1
510,29,928.43,692.07,94.16,249.96,0.6185,-1,-1,-1
510,25,280.09,791.94,85.85,255.57,0.7570,-1,-1,-1
510,6,826.39,611.62,70.87,250.01,0.7005,-1,-1,-1
510,4,1727.23,459.34,62.53,200.80,0.3777,-1,-1,-1
510,3,1039.88,934.62,76.65,145.38,0.6352,-1,-1,-1
511,53,1748.42,202.45,55.26,162.74,0.5114,-1,-1,-1
511,51,1617.42,298.41,56.62,191.99,0.3588,-1,-1,-1
511,45,203.90,763.32,88.36,277.01,0.7621,-1,-1,-1
511,41,1030.77,713.77,78.48,215.76,0.5886,-1,-1,-1
511,29,934.42,695.49,90.82,258.86,0.6370,-1,-1,-1
511,25,281.10,797.44,82.13,254.03,0.7810,-1,-1,-1
511,6,826.70,612.01,71.25,249.62,0.6950,-1,-1,-1
511,4,1724.23,459.28,65.42,202.51,0.3957,-1,-1,-1
511,3,1041.57,931.67,75.29,148.33,0.6252,-1,-1,-1
512,53,1751.01,203.43,53.08,163.47,0.5362,-1,-1,-1
512,51,1616.18,300.43,56.53,189.31,0.3388,-1,-1,-1
512,45,202.41,766.21,92.01,275.50,0.7600,-1,-1,-1
512,41,1032.30,715.48,76.66,213.09,0.5685,-1,-1,-1
512,29,935.06,697.90,91.35,262.54,0.6314,-1,-1,-1
512,25,280.72,798.67,81.41,260.11,0.7715,-1,-1,-1
512,6,827.07,612.12,70.57,249.19,0.6945,-1,-1,-1
512,4,1724.35,457.06,64.63,205.75,0.3420,-1,-1,-1
512,3,1041.73,931.55,75.43,148.35,0.6333,-1,-1,-1
513,53,1751.70,203.37,53.19,166.89,0.5080,-1,-1,-1
513,51,1615.55,300.78,55.68,189.33,0.3846,-1,-1,-1
513,45,201.15,767.09,92.14,275.27,0.7576,-1,-1,-1
513,41,1035.50,717.45,74.81,226.71,0.5635,-1,-1,-1
513,29,937.91,701.63,86.16,259.71,0.6128,-1,-1,-1
513,25,280.39,800.46,79.90,264.31,0.7784,-1,-1,-1
513,6,827.38,611.56,69.73,250.60,0.6786,-1,-1,-1
513,4,1724.19,458.13,62.91,202.21,0.3492,-1,-1,-1
513,3,1041.45,933.18,76.45,146.07,0.6101,-1,-1,-1
514,53,1753.98,203.89,52.98,168.88,0.4573,-1,-1,-1
514,51,1615.76,301.63,53.64,189.12,0.3324,-1,-1,-1
514,45,198.02,769.90,93.04,274.49,0.7548,-1,-1,-1
514,41,1036.06,718.65,74.31,226.37,0.5792,-1,-1,-1
514,29,944.47,704.44,80.55,260.07,0.6248,-1,-1,-1
514,25,278.70,800.65,78.86,263.97,0.7985,-1,-1,-1
514,6,826.96,611.55,70.30,250.49,0.6590,-1,-1,-1
514,4,1724.48,461.67,61.99,197.62,0.3388,-1,-1,-1
514,3,1042.40,932.03,75.12,147.04,0.6357,-1,-1,-1
515,53,1755.25,205.68,53.18,167.72,0.4316,-1,-1,-1
515,51,1613.03,301.52,53.77,185.97,0.3133,-1,-1,-1
515,45,196.64,770.90,95.07,272.14,0.7595,-1,-1,-1
515,41,1034.35,719.80,77.04,231.50,0.6182,-1,-1,-1
515,29,936.38,706.39,90.42,255.08,0.5981,-1,-1,-1
515,25,275.61,801.50,81.48,263.60,0.8024,-1,-1,-1
515,6,827.71,611.85,69.20,250.08,0.6516,-1,-1,-1
515,4,1724.34,459.46,60.95,199.26,0.3413,-1,-1,-1
515,3,1043.02,932.43,75.17,146.60,0.6428,-1,-1,-1
516,53,1755.99,204.95,53.32,164.67,0.4432,-1,-1,-1
516,45,193.30,772.58,96.88,269.65,0.7638,-1,-1,-1
516,41,1036.74,721.51,74.35,241.70,0.6360,-1,-1,-1
516,29,938.52,709.18,89.86,251.72,0.6531,-1,-1,-1
516,25,273.43,801.86,81.73,262.32,0.8159,-1,-1,-1
516,6,828.43,612.31,67.91,249.63,0.6382,-1,-1,-1
516,4,1721.50,458.86,65.00,204.92,0.4058,-1,-1,-1
516,3,1044.11,932.48,74.26,146.85,0.6137,-1,-1,-1
517,53,1758.82,204.24,52.92,156.39,0.4174,-1,-1,-1
517,45,192.90,775.28,93.34,263.98,0.7599,-1,-1,-1
517,41,1038.35,724.11,71.44,238.24,0.6404,-1,-1,-1
517,29,938.08,711.30,91.33,253.79,0.6462,-1,-1,-1
517,25,273.30,803.34,81.40,262.11,0.8187,-1,-1,-1
517,6,827.00,611.40,69.70,250.97,0.6499,-1,-1,-1
517,4,1723.81,456.45,63.66,208.21,0.3170,-1,-1,-1
517,3,1044.53,931.57,73.96,147.44,0.6179,-1,-1,-1
518,53,1760.74,205.00,52.56,154.05,0.3887,-1,-1,-1
518,45,191.44,776.51,91.43,263.05,0.7939,-1,-1,-1
518,41,1040.15,726.71,70.06,229.56,0.6212,-1,-1,-1
518,29,941.86,712.60,89.73,259.20,0.6353,-1,-1,-1
518,25,271.32,803.52,82.79,260.88,0.8227,-1,-1,-1
518,6,827.69,610.81,68.18,251.27,0.6394,-1,-1,-1
518,4,1723.21,456.57,63.20,205.98,0.3666,-1,-1,-1
518,3,1044.66,929.48,72.81,149.30,0.6506,-1,-1,-1
519,53,1758.76,204.45,58.08,169.28,0.3801,-1,-1,-1
519,45,190.06,778.37,92.06,261.73,0.7920,-1,-1,-1
519,41,1037.72,731.46,72.10,222.42,0.5525,-1,-1,-1
519,29,943.65,713.79,87.62,259.53,0.6377,-1,-1,-1
519,25,270.31,805.17,83.10,259.79,0.8200,-1,-1,-1
519,18,463.77,137.02,62.30,178.10,0.3591,-1,-1,-1
519,6,827.79,610.55,67.42,251.02,0.6207,-1,-1,-1
519,4,1722.58,460.03,67.25,206.53,0.3301,-1,-1,-1
519,3,1044.49,928.86,72.68,149.79,0.6273,-1,-1,-1
520,57,1732.29,629.49,81.33,223.59,0.4432,-1,-1,-1
520,53,1759.52,205.39,59.89,168.87,0.3053,-1,-1,-1
520,45,189.26,779.81,92.28,262.06,0.7899,-1,-1,-1
520,41,1038.57,734.03,75.64,203.96,0.5963,-1,-1,-1
520,29,943.94,714.61,86.41,259.44,0.6922,-1,-1,-1
520,25,268.61,807.98,84.65,258.32,0.8219,-1,-1,-1
520,18,466.95,137.04,58.43,172.81,0.3062,-1,-1,-1
520,6,827.51,607.60,68.41,252.24,0.5866,-1,-1,-1
520,4,1720.18,459.01,68.54,210.88,0.3657,-1,-1,-1
520,3,1044.46,926.05,72.93,153.02,0.6478,-1,-1,-1
521,57,1732.88,633.56,88.57,213.93,0.5698,-1,-1,-1
521,45,188.66,780.18,95.02,269.20,0.7921,-1,-1,-1
521,41,1039.89,735.68,75.63,200.65,0.6012,-1,-1,-1
521,29,948.68,717.95,83.83,256.71,0.6590,-1,-1,-1
521,25,267.08,810.61,84.82,257.74,0.8145,-1,-1,-1
521,18,467.54,147.89,55.49,157.43,0.3294,-1,-1,-1
521,6,828.59,607.75,66.78,253.58,0.6094,-1,-1,-1
521,4,1717.12,460.60,70.77,209.78,0.3698,-1,-1,-1
521,3,1044.53,927.80,72.89,151.74,0.6577,-1,-1,-1
522,57,1737.15,635.67,90.74,213.78,0.5509,-1,-1,-1
522,53,1763.58,207.41,60.06,171.25,0.3364,-1,-1,-1
522,45,188.64,781.77,96.02,272.49,0.7774,-1,-1,-1
522,41,1040.80,739.21,76.47,203.49,0.6260,-1,-1,-1
522,29,947.61,718.99,85.58,255.40,0.6857,-1,-1,-1
522,25,268.19,813.49,83.49,255.80,0.7974,-1,-1,-1
522,18,468.17,143.86,54.72,161.00,0.3567,-1,-1,-1
522,6,828.20,606.76,66.61,254.45,0.6268,-1,-1,-1
522,4,1716.33,462.37,71.63,207.49,0.3256,-1,-1,-1
522,3,1044.33,929.40,72.54,150.44,0.6439,-1,-1,-1
523,58,1711.92,312.94,76.36,180.79,0.3923,-1,-1,-1
523,57,1743.28,637.10,89.11,215.04,0.4890,-1,-1,-1
523,53,1765.27,209.77,59.62,166.39,0.3791,-1,-1,-1
523,45,187.98,783.42,96.95,275.30,0.7728,-1,-1,-1
523,41,1044.74,739.92,72.80,208.61,0.6184,-1,-1,-1
523,29,950.09,719.49,85.55,255.86,0.6343,-1,-1,-1
523,25,266.01,816.98,85.23,255.42,0.8006,-1,-1,-1
523,18,467.37,130.58,57.45,176.26,0.3464,-1,-1,-1
523,6,828.52,607.67,66.37,253.95,0.6329,-1,-1,-1
523,4,1718.48,460.89,68.46,206.36,0.3884,-1,-1,-1
523,3,1044.29,929.65,72.18,149.62,0.6096,-1,-1,-1
524,58,1711.39,308.78,73.47,193.70,0.4368,-1,-1,-1
524,57,1741.97,641.14,93.44,216.25,0.3405,-1,-1,-1
524,53,1767.29,211.29,59.69,172.58,0.3880,-1,-1,-1
524,45,189.40,785.09,91.26,276.22,0.7695,-1,-1,-1
524,41,1044.66,742.73,74.64,221.99,0.6168,-1,-1,-1
524,29,953.41,720.10,82.70,248.55,0.5977,-1,-1,-1
524,25,261.78,819.72,88.23,257.18,0.8094,-1,-1,-1
524,6,827.13,608.39,66.22,252.88,0.6287,-1,-1,-1
524,4,1720.81,461.83,67.10,205.62,0.3746,-1,-1,-1
524,3,1044.37,930.50,71.41,148.74,0.5853,-1,-1,-1
525,58,1710.05,307.50,72.69,190.42,0.4013,-1,-1,-1
525,57,1753.80,643.44,84.21,220.99,0.3483,-1,-1,-1
525,53,1767.27,212.49,60.29,169.53,0.4597,-1,-1,-1
525,45,188.45,785.86,94.78,282.04,0.7708,-1,-1,-1
525,41,1045.45,743.09,75.94,228.57,0.6214,-1,-1,-1
525,29,958.91,720.84,78.96,235.14,0.5087,-1,-1,-1
525,25,263.88,822.46,85.96,256.76,0.8099,-1,-1,-1
525,6,827.06,607.85,66.49,253.09,0.6574,-1,-1,-1
525,4,1716.28,461.21,71.79,205.77,0.4629,-1,-1,-1
525,3,1043.97,931.96,72.69,147.94,0.5426,-1,-1,-1
526,58,1706.96,306.16,73.65,187.84,0.3913,-1,-1,-1
526,53,1767.29,211.34,62.71,180.84,0.4270,-1,-1,-1
526,45,188.95,788.32,92.19,280.95,0.7714,-1,-1,-1
526,41,1050.32,743.03,73.79,212.74,0.5205,-1,-1,-1
526,29,959.95,718.05,75.04,248.51,0.4979,-1,-1,-1
526,25,260.29,824.97,88.94,254.15,0.8044,-1,-1,-1
526,6,826.55,606.24,67.02,255.28,0.6678,-1,-1,-1
526,4,1714.23,460.13,74.62,206.29,0.4467,-1,-1,-1
526,3,1043.79,929.32,72.02,150.68,0.6021,-1,-1,-1
527,58,1703.07,305.85,76.64,186.85,0.4029,-1,-1,-1
527,54,385.97,198.20,62.70,183.21,0.3043,-1,-1,-1
527,53,1766.51,214.04,65.30,175.93,0.4472,-1,-1,-1
527,46,778.20,140.55,56.19,179.69,0.3455,-1,-1,-1
527,45,188.96,788.71,92.68,283.58,0.7836,-1,-1,-1
527,41,1052.26,743.99,75.11,199.54,0.5252,-1,-1,-1
527,29,958.99,723.66,77.39,243.77,0.4360,-1,-1,-1
527,25,259.35,827.14,89.23,251.28,0.7869,-1,-1,-1
527,18,465.72,125.72,57.64,180.71,0.3049,-1,-1,-1
527,6,826.31,605.82,66.96,251.87,0.6680,-1,-1,-1
527,4,1714.88,460.41,74.72,206.12,0.4663,-1,-1,-1
527,3,1043.20,926.75,71.94,153.25,0.6514,-1,-1,-1
528,58,1700.37,305.96,76.99,186.04,0.4187,-1,-1,-1
528,54,387.75,203.94,61.01,180.44,0.3118,-1,-1,-1
528,53,1768.08,214.83,65.92,167.42,0.5166,-1,-1,-1
528,46,777.99,140.63,55.87,179.58,0.3187,-1,-1,-1
528,45,189.57,790.60,89.21,282.36,0.7786,-1,-1,-1
528,41,1053.88,744.99,75.62,197.12,0.5259,-1,-1,-1
528,29,962.18,726.51,75.50,154.40,0.4188,-1,-1,-1
528,25,257.36,828.14,90.40,250.05,0.7950,-1,-1,-1
528,18,467.52,126.22,56.02,181.50,0.3319,-1,-1,-1
528,6,826.06,605.43,67.21,252.38,0.6926,-1,-1,-1
528,4,1714.79,459.98,77.10,206.87,0.5019,-1,-1,-1
528,3,1043.27,923.27,70.00,156.73,0.6971,-1,-1,-1
529,58,1696.80,305.78,79.33,186.53,0.3176,-1,-1,-1
529,54,387.98,202.29,60.48,188.24,0.3331,-1,-1,-1
529,53,1766.75,212.97,67.72,175.23,0.5195,-1,-1,-1
529,46,773.64,142.57,62.09,178.49,0.3109,-1,-1,-1
529,45,191.16,791.78,87.48,281.16,0.7743,-1,-1,-1
529,41,1056.11,745.77,75.33,203.08,0.5672,-1,-1,-1
529,29,963.93,728.96,77.77,258.87,0.4716,-1,-1,-1
529,25,257.22,829.08,89.03,247.89,0.7873,-1,-1,-1
529,18,466.44,125.68,57.78,182.26,0.3412,-1,-1,-1
529,6,825.38,605.67,67.51,251.86,0.7107,-1,-1,-1
529,4,1714.90,460.47,77.51,206.76,0.5138,-1,-1,-1
529,3,1041.39,925.19,71.26,154.81,0.7088,-1,-1,-1
530,58,1695.54,307.56,78.26,181.47,0.3620,-1,-1,-1
530,54,387.48,201.09,60.76,189.66,0.3470,-1,-1,-1
530,53,1765.54,213.83,70.08,174.45,0.5135,-1,-1,-1
530,45,191.38,792.84,87.29,280.92,0.7637,-1,-1,-1
530,41,1056.01,747.91,76.85,199.23,0.5644,-1,-1,-1
530,29,964.81,732.31,78.05,253.43,0.6288,-1,-1,-1
530,25,256.35,831.50,90.20,245.72,0.7871,-1,-1,-1
530,6,823.49,604.86,67.14,251.85,0.7131,-1,-1,-1
530,4,1714.81,459.25,77.23,208.82,0.5285,-1,-1,-1
530,3,1039.97,927.68,72.41,152.32,0.6416,-1,-1,-1
531,58,1695.46,305.70,76.85,183.21,0.3705,-1,-1,-1
531,54,374.89,196.15,73.01,195.49,0.4177,-1,-1,-1
531,53,1764.16,214.33,71.66,173.41,0.5200,-1,-1,-1
531,45,191.64,794.90,87.00,278.98,0.7521,-1,-1,-1
531,41,1058.40,749.24,75.35,207.70,0.5973,-1,-1,-1
531,29,965.63,732.95,78.34,253.36,0.6366,-1,-1,-1
531,25,256.81,832.66,89.16,245.24,0.7844,-1,-1,-1
531,18,468.31,124.79,57.00,176.44,0.3103,-1,-1,-1
531,6,820.92,603.94,68.59,253.16,0.7079,-1,-1,-1
531,4,1715.29,460.65,76.65,206.80,0.5389,-1,-1,-1
531,3,1039.23,930.27,72.20,149.73,0.6540,-1,-1,-1
532,58,1697.31,305.00,74.64,185.65,0.3386,-1,-1,-1
532,54,376.54,194.19,71.93,195.66,0.4117,-1,-1,-1
532,53,1764.15,215.45,73.51,174.74,0.5165,-1,-1,-1
532,45,191.69,796.71,87.11,275.65,0.7768,-1,-1,-1
532,41,1058.38,750.60,76.54,211.13,0.6405,-1,-1,-1
532,29,966.61,736.31,83.34,254.11,0.6743,-1,-1,-1
532,25,256.87,833.54,89.38,244.75,0.7899,-1,-1,-1
532,18,468.57,122.24,57.41,181.20,0.3334,-1,-1,-1
532,6,817.78,603.08,70.13,251.32,0.7099,-1,-1,-1
532,4,1714.34,459.67,75.49,211.78,0.6018,-1,-1,-1
532,3,1039.67,937.32,71.27,142.68,0.6097,-1,-1,-1
533,58,1698.66,305.04,71.10,184.42,0.3674,-1,-1,-1
533,54,376.68,196.12,71.26,195.42,0.3674,-1,-1,-1
533,53,1765.31,218.80,72.87,172.18,0.4868,-1,-1,-1
533,45,190.24,798.02,90.50,273.75,0.7658,-1,-1,-1
533,41,1060.40,753.48,76.94,210.99,0.6015,-1,-1,-1
533,29,968.43,739.21,86.39,248.27,0.6902,-1,-1,-1
533,25,256.65,835.05,89.28,243.86,0.7916,-1,-1,-1
533,6,813.03,602.57,70.01,254.55,0.7122,-1,-1,-1
533,4,1714.52,458.40,74.86,211.39,0.6038,-1,-1,-1
533,3,1039.22,945.97,71.42,134.03,0.5311,-1,-1,-1
534,59,131.74,311.76,99.25,190.05,0.3536,-1,-1,-1
534,58,1696.49,303.36,71.54,184.84,0.4167,-1,-1,-1
534,54,382.59,198.44,67.13,192.01,0.3665,-1,-1,-1
534,53,1765.87,220.05,74.16,170.52,0.5252,-1,-1,-1
534,45,189.74,799.46,92.33,270.14,0.7755,-1,-1,-1
534,41,1064.03,755.10,73.44,215.20,0.5560,-1,-1,-1
534,29,967.01,740.61,89.07,247.99,0.6799,-1,-1,-1
534,25,256.82,836.32,90.03,241.75,0.7829,-1,-1,-1
534,18,467.37,123.24,56.72,174.42,0.3688,-1,-1,-1
534,6,809.18,601.22,70.99,257.01,0.7300,-1,-1,-1
534,4,1713.18,458.85,76.61,210.56,0.5888,-1,-1,-1
534,3,1037.84,949.09,72.68,130.91,0.4488,-1,-1,-1
535,59,139.77,311.63,92.98,188.20,0.3306,-1,-1,-1
535,58,1694.44,299.72,73.27,187.83,0.3237,-1,-1,-1
535,54,387.64,201.53,63.32,188.21,0.4037,-1,-1,-1
535,53,1765.96,222.37,73.10,168.76,0.4699,-1,-1,-1
535,45,189.38,799.50,94.77,271.85,0.7963,-1,-1,-1
535,41,1060.63,757.77,78.36,227.72,0.4514,-1,-1,-1
535,29,968.24,743.04,88.30,246.51,0.6599,-1,-1,-1
535,25,256.90,837.36,90.32,240.22,0.7887,-1,-1,-1
535,6,804.33,599.86,73.39,254.55,0.7457,-1,-1,-1
535,4,1714.05,457.02,75.04,213.08,0.6176,-1,-1,-1
536,59,140.73,309.84,91.70,189.35,0.4294,-1,-1,-1
536,58,1694.23,300.05,72.04,187.40,0.3111,-1,-1,-1
536,54,389.85,199.02,62.07,191.34,0.3940,-1,-1,-1
536,53,1765.58,222.94,73.46,167.82,0.5121,-1,-1,-1
536,45,190.02,800.40,94.16,275.41,0.8008,-1,-1,-1
536,41,1061.93,761.53,77.85,221.22,0.4686,-1,-1,-1
536,29,972.80,742.78,86.48,251.78,0.6402,-1,-1,-1
536,25,257.50,838.69,88.42,239.36,0.7894,-1,-1,-1
536,6,802.27,599.83,73.24,253.38,0.7305,-1,-1,-1
536,4,1714.61,458.94,75.01,210.22,0.6237,-1,-1,-1
537,59,142.31,309.49,90.77,189.66,0.4440,-1,-1,-1
537,54,389.45,200.01,62.42,189.67,0.4261,-1,-1,-1
537,53,1767.81,223.42,72.71,167.72,0.5019,-1,-1,-1
537,45,191.66,801.36,92.72,278.53,0.7857,-1,-1,-1
537,41,1064.88,762.71,75.54,227.75,0.5254,-1,-1,-1
537,29,972.37,745.93,90.07,247.78,0.6561,-1,-1,-1
537,25,257.68,841.12,86.84,237.51,0.7763,-1,-1,-1
537,6,797.62,599.94,76.92,255.40,0.7274,-1,-1,-1
537,4,1715.97,460.40,73.94,209.82,0.6184,-1,-1,-1
538,59,144.70,309.58,90.27,188.59,0.3817,-1,-1,-1
538,58,1690.35,296.30,68.41,190.71,0.3831,-1,-1,-1
538,54,390.10,195.31,61.48,195.42,0.3624,-1,-1,-1
538,53,1771.62,223.52,67.26,167.36,0.5207,-1,-1,-1
538,45,192.95,802.98,91.87,277.02,0.7956,-1,-1,-1
538,41,1061.80,765.00,78.56,225.64,0.5723,-1,-1,-1
538,29,974.76,747.61,90.28,245.23,0.6989,-1,-1,-1
538,25,256.20,844.26,87.77,235.38,0.7830,-1,-1,-1
538,6,797.07,600.44,77.78,254.30,0.7362,-1,-1,-1
538,4,1717.12,460.89,72.27,208.74,0.6259,-1,-1,-1
538,3,1031.18,943.53,79.17,136.47,0.3105,-1,-1,-1
539,58,1688.44,293.77,71.42,195.34,0.3624,-1,-1,-1
539,54,389.96,190.41,61.06,201.18,0.4182,-1,-1,-1
539,53,1774.98,224.69,64.31,166.30,0.4939,-1,-1,-1
539,45,193.36,804.89,91.78,275.11,0.7848,-1,-1,-1
539,41,1060.07,767.52,81.93,228.17,0.6095,-1,-1,-1
539,29,975.68,748.66,89.32,243.97,0.7038,-1,-1,-1
539,25,254.24,846.76,88.60,232.98,0.7834,-1,-1,-1
539,6,794.84,599.97,77.77,255.02,0.7297,-1,-1,-1
539,4,1716.08,460.30,73.65,209.01,0.6110,-1,-1,-1
539,3,1029.10,940.17,81.13,139.83,0.5008,-1,-1,-1
540,58,1684.08,290.80,72.12,196.95,0.4186,-1,-1,-1
540,54,390.81,185.91,59.39,205.71,0.4420,-1,-1,-1
540,53,1775.32,224.94,63.50,166.59,0.4509,-1,-1,-1
540,45,192.97,806.18,92.02,273.01,0.7671,-1,-1,-1
540,41,1061.88,769.38,81.38,219.99,0.5426,-1,-1,-1
540,29,977.81,748.77,89.17,242.27,0.6745,-1,-1,-1
540,25,254.06,848.96,86.94,229.10,0.7685,-1,-1,-1
540,6,792.40,599.80,79.37,254.04,0.7462,-1,-1,-1
540,4,1716.11,459.21,73.51,210.16,0.6306,-1,-1,-1
540,3,1029.20,944.37,80.75,135.63,0.3970,-1,-1,-1
541,58,1678.06,287.91,76.72,198.80,0.4099,-1,-1,-1
541,54,389.94,187.08,60.19,207.01,0.4692,-1,-1,-1
541,53,1776.49,225.61,63.15,166.44,0.4483,-1,-1,-1
541,46,775.40,89.78,72.41,232.74,0.3055,-1,-1,-1
541,45,196.81,809.42,89.61,270.24,0.7777,-1,-1,-1
541,41,1053.52,769.78,89.34,223.04,0.6325,-1,-1,-1
541,29,982.21,750.94,84.84,237.85,0.6863,-1,-1,-1
541,25,254.82,850.46,86.54,228.31,0.7680,-1,-1,-1
541,6,792.25,599.95,78.60,251.61,0.7224,-1,-1,-1
541,4,1716.39,458.61,73.24,209.90,0.6412,-1,-1,-1
541,3,1027.34,939.16,82.56,140.84,0.5404,-1,-1,-1
542,58,1675.68,284.43,79.99,202.54,0.4371,-1,-1,-1
542,54,390.85,190.97,57.67,204.02,0.3987,-1,-1,-1
542,53,1777.71,227.34,62.46,164.91,0.4327,-1,-1,-1
542,46,775.31,91.88,74.23,229.94,0.3005,-1,-1,-1
542,45,201.08,810.70,86.34,269.30,0.7557,-1,-1,-1
542,41,1069.49,771.36,75.27,223.98,0.5655,-1,-1,-1
542,29,985.90,750.86,80.42,239.42,0.6710,-1,-1,-1
542,25,256.66,852.79,83.77,226.73,0.7469,-1,-1,-1
542,6,790.53,599.13,78.29,251.88,0.7132,-1,-1,-1
542,4,1715.78,457.81,73.80,211.02,0.5984,-1,-1,-1
542,3,1031.39,949.59,77.51,130.41,0.3613,-1,-1,-1
543,58,1671.84,283.86,83.00,202.59,0.4385,-1,-1,-1
543,54,390.73,210.22,55.57,186.43,0.3006,-1,-1,-1
543,53,1779.74,227.34,61.38,166.18,0.4199,-1,-1,-1
543,46,777.89,89.90,72.62,231.14,0.3138,-1,-1,-1
543,45,203.53,811.76,85.39,268.24,0.7123,-1,-1,-1
543,41,1070.73,772.09,75.18,228.78,0.5949,-1,-1,-1
543,29,988.92,753.19,81.10,230.80,0.6377,-1,-1,-1
543,25,256.54,857.69,82.00,222.11,0.7136,-1,-1,-1
543,6,787.93,599.26,80.74,251.51,0.7077,-1,-1,-1
543,4,1714.68,456.56,75.43,212.10,0.5699,-1,-1,-1
543,3,1030.04,945.30,78.83,134.70,0.4403,-1,-1,-1
544,58,1669.37,283.75,85.40,202.35,0.4205,-1,-1,-1
544,54,390.69,201.44,56.86,195.39,0.3186,-1,-1,-1
544,53,1780.45,227.86,61.06,166.47,0.4219,-1,-1,-1
544,46,778.91,86.94,71.98,233.41,0.3591,-1,-1,-1
544,45,206.53,813.06,83.85,266.94,0.7178,-1,-1,-1
544,41,1071.17,772.55,76.93,226.89,0.5996,-1,-1,-1
544,29,987.17,755.42,86.20,225.47,0.6524,-1,-1,-1
544,25,256.20,862.81,82.42,215.95,0.6976,-1,-1,-1
544,6,783.91,598.93,83.13,252.45,0.7251,-1,-1,-1
544,4,1714.08,456.96,75.94,212.19,0.5608,-1,-1,-1
544,3,1027.37,943.84,81.70,136.16,0.4525,-1,-1,-1
545,58,1666.03,283.41,87.55,203.22,0.3899,-1,-1,-1
545,54,390.80,212.83,56.57,187.24,0.3657,-1,-1,-1
545,53,1784.26,227.46,58.79,170.83,0.4187,-1,-1,-1
545,46,777.43,86.63,72.83,234.39,0.3533,-1,-1,-1
545,45,208.55,814.75,82.38,265.25,0.6978,-1,-1,-1
545,41,1069.79,775.91,79.63,224.99,0.5953,-1,-1,-1
545,29,991.45,756.97,82.79,224.99,0.6540,-1,-1,-1
545,25,253.30,866.16,84.12,212.78,0.7242,-1,-1,-1
545,6,775.44,598.39,90.69,253.59,0.7364,-1,-1,-1
545,4,1713.38,458.47,76.05,208.57,0.6114,-1,-1,-1
545,3,1017.81,942.32,90.33,137.68,0.5469,-1,-1,-1
546,58,1666.54,284.30,86.93,200.95,0.3893,-1,-1,-1
546,53,1787.13,229.67,56.79,170.58,0.3927,-1,-1,-1
546,46,779.27,85.16,71.25,234.68,0.4338,-1,-1,-1
546,45,209.80,815.71,82.67,264.29,0.6788,-1,-1,-1
546,41,1072.90,776.79,78.56,228.04,0.6101,-1,-1,-1
546,29,992.47,759.55,84.71,226.05,0.6304,-1,-1,-1
546,25,251.83,868.80,83.70,210.89,0.7188,-1,-1,-1
546,6,770.74,598.43,93.60,253.04,0.7461,-1,-1,-1
546,4,1711.03,457.42,78.97,211.32,0.6235,-1,-1,-1
546,3,1021.26,942.73,85.95,137.27,0.5612,-1,-1,-1
547,58,1660.45,285.54,91.52,196.88,0.3394,-1,-1,-1
547,53,1788.36,231.91,58.58,171.90,0.3923,-1,-1,-1
547,46,778.60,85.37,72.52,235.02,0.4511,-1,-1,-1
547,45,211.16,817.37,82.95,262.63,0.6817,-1,-1,-1
547,41,1074.43,779.26,78.45,230.46,0.6291,-1,-1,-1
547,29,995.07,761.83,85.75,218.92,0.6357,-1,-1,-1
547,25,251.96,872.60,84.02,207.40,0.6903,-1,-1,-1
547,6,770.99,597.92,93.16,255.44,0.7605,-1,-1,-1
547,4,1711.78,456.96,83.54,211.31,0.5921,-1,-1,-1
547,3,1027.74,944.78,79.72,135.22,0.5319,-1,-1,-1
548,58,1660.46,285.47,92.15,196.18,0.3616,-1,-1,-1
548,54,383.81,218.50,62.24,187.88,0.3724,-1,-1,-1
548,53,1788.89,235.34,61.07,173.81,0.4258,-1,-1,-1
548,46,779.25,83.89,72.09,238.34,0.4320,-1,-1,-1
548,45,212.64,818.46,81.39,261.54,0.6488,-1,-1,-1
548,41,1066.75,781.60,88.68,238.36,0.6415,-1,-1,-1
548,29,993.89,765.94,87.30,216.48,0.6599,-1,-1,-1
548,25,252.08,875.34,80.72,204.66,0.6880,-1,-1,-1
548,6,769.53,598.15,93.84,256.04,0.7462,-1,-1,-1
548,4,1716.55,458.78,73.76,210.68,0.5886,-1,-1,-1
548,3,1026.57,938.27,80.50,141.73,0.5494,-1,-1,-1
549,59,183.92,300.53,67.65,199.22,0.3119,-1,-1,-1
549,58,1659.27,284.80,94.77,198.59,0.3832,-1,-1,-1
549,54,386.91,226.07,56.45,182.00,0.4233,-1,-1,-1
549,53,1790.25,236.76,61.98,174.61,0.3902,-1,-1,-1
549,46,779.77,84.94,70.87,235.77,0.4413,-1,-1,-1
549,45,213.63,820.00,82.01,260.00,0.5254,-1,-1,-1
549,41,1068.34,783.43,87.38,243.77,0.6419,-1,-1,-1
549,29,996.98,768.69,83.03,211.28,0.5850,-1,-1,-1
549,25,249.17,873.01,81.09,206.99,0.6309,-1,-1,-1
549,6,769.63,599.32,92.93,254.10,0.7488,-1,-1,-1
549,4,1721.51,459.23,68.36,208.51,0.6295,-1,-1,-1
549,3,1024.35,934.40,82.88,145.60,0.5255,-1,-1,-1
550,58,1659.05,283.91,93.62,197.11,0.4002,-1,-1,-1
550,54,383.44,229.22,60.78,177.94,0.3811,-1,-1,-1
550,53,1794.09,235.80,58.77,175.41,0.4180,-1,-1,-1
550,46,782.40,85.23,70.02,236.22,0.4438,-1,-1,-1
550,45,215.10,822.07,82.93,257.93,0.4100,-1,-1,-1
550,41,1067.94,786.98,89.52,244.68,0.5967,-1,-1,-1
550,29,999.27,773.18,79.44,196.89,0.5128,-1,-1,-1
550,25,246.89,873.55,81.40,206.45,0.5721,-1,-1,-1
550,6,767.38,600.06,94.41,252.71,0.7335,-1,-1,-1
550,4,1718.58,458.46,71.46,210.01,0.6131,-1,-1,-1
550,3,1023.81,934.79,82.52,145.21,0.5165,-1,-1,-1
551,58,1660.62,281.94,92.23,203.22,0.4083,-1,-1,-1
551,54,380.99,225.25,62.91,182.58,0.4695,-1,-1,-1
551,53,1795.78,235.78,58.26,176.05,0.4389,-1,-1,-1
551,46,781.92,84.92,70.69,236.68,0.4775,-1,-1,-1
551,45,217.70,823.56,85.82,256.44,0.3523,-1,-1,-1
551,41,1076.40,790.18,85.15,241.18,0.5681,-1,-1,-1
551,29,1002.88,773.03,78.78,187.10,0.4895,-1,-1,-1
551,25,239.03,874.03,89.51,205.97,0.5715,-1,-1,-1
551,6,767.01,598.52,92.58,255.28,0.7295,-1,-1,-1
551,4,1721.12,459.25,68.65,209.08,0.6051,-1,-1,-1
551,3,1018.81,936.72,86.82,143.28,0.5713,-1,-1,-1
552,58,1662.09,280.86,88.10,210.99,0.3966,-1,-1,-1
552,54,379.98,225.25,64.54,182.35,0.4154,-1,-1,-1
552,53,1796.99,236.70,57.85,176.62,0.3951,-1,-1,-1
552,46,784.56,83.51,70.40,237.85,0.4573,-1,-1,-1
552,41,1073.13,793.18,91.46,240.42,0.5720,-1,-1,-1
552,29,1007.71,775.51,76.16,175.33,0.4712,-1,-1,-1
552,25,233.56,874.76,94.24,205.24,0.6563,-1,-1,-1
552,6,766.72,597.91,91.95,254.08,0.7420,-1,-1,-1
552,4,1724.60,458.28,64.82,208.57,0.6062,-1,-1,-1
552,3,1012.12,934.35,92.10,145.65,0.5270,-1,-1,-1
553,58,1661.65,278.64,89.26,220.66,0.3751,-1,-1,-1
553,54,380.09,222.30,65.00,184.62,0.4120,-1,-1,-1
553,53,1799.10,236.89,57.90,175.72,0.3755,-1,-1,-1
553,46,786.35,85.07,71.10,234.23,0.4183,-1,-1,-1
553,41,1072.73,795.05,95.88,243.53,0.5789,-1,-1,-1
553,29,1010.60,777.94,73.16,165.34,0.5104,-1,-1,-1
553,25,234.49,875.57,91.72,204.43,0.6737,-1,-1,-1
553,6,766.44,595.74,91.77,254.43,0.7524,-1,-1,-1
553,4,1722.25,458.83,67.08,208.05,0.5768,-1,-1,-1
553,3,995.56,927.96,109.56,151.83,0.5364,-1,-1,-1
554,58,1664.05,276.48,83.08,206.04,0.4109,-1,-1,-1
554,54,377.27,219.14,66.96,187.18,0.5271,-1,-1,-1
554,53,1803.26,236.26,55.93,175.87,0.3026,-1,-1,-1
554,46,788.57,85.54,71.52,233.26,0.4258,-1,-1,-1
554,41,1082.40,797.20,90.37,242.02,0.5158,-1,-1,-1
554,29,1009.22,781.49,71.77,167.63,0.3104,-1,-1,-1
554,25,232.29,832.91,95.17,247.09,0.6351,-1,-1,-1
554,6,766.76,595.70,87.95,251.37,0.7511,-1,-1,-1
554,4,1722.57,459.07,66.84,207.76,0.5985,-1,-1,-1
555,58,1668.44,275.75,78.62,196.15,0.4645,-1,-1,-1
555,54,376.84,217.73,66.03,189.22,0.5312,-1,-1,-1
555,46,787.16,84.50,74.67,234.70,0.3998,-1,-1,-1
555,41,1087.84,798.89,85.13,238.27,0.6162,-1,-1,-1
555,29,1013.34,783.57,70.52,157.34,0.3537,-1,-1,-1
555,25,232.82,834.34,96.63,245.66,0.7003,-1,-1,-1
555,6,764.92,595.99,88.70,251.07,0.7344,-1,-1,-1
555,4,1722.92,457.05,66.26,209.60,0.6001,-1,-1,-1
555,3,1005.53,928.55,100.19,151.45,0.3213,-1,-1,-1
556,58,1667.33,273.73,76.13,193.81,0.4873,-1,-1,-1
556,54,377.62,220.35,65.83,189.68,0.5016,-1,-1,-1
556,53,1806.93,236.68,61.23,174.92,0.3256,-1,-1,-1
556,46,787.78,86.07,74.80,232.39,0.4121,-1,-1,-1
556,41,1095.88,799.05,81.31,238.71,0.5739,-1,-1,-1
556,29,1015.65,784.51,71.10,185.89,0.3027,-1,-1,-1
556,25,237.30,877.28,91.97,202.43,0.6131,-1,-1,-1
556,6,762.96,593.72,87.52,250.19,0.7562,-1,-1,-1
556,4,1723.42,455.90,64.98,207.92,0.6181,-1,-1,-1
556,3,1014.91,783.96,93.88,295.88,0.4625,-1,-1,-1
557,58,1668.67,273.73,78.48,194.45,0.5163,-1,-1,-1
557,54,375.57,222.88,67.77,186.15,0.5111,-1,-1,-1
557,53,1806.11,237.17,62.07,173.62,0.3461,-1,-1,-1
557,46,789.79,84.73,72.13,233.32,0.4474,-1,-1,-1
557,41,1101.51,800.58,78.22,235.33,0.5541,-1,-1,-1
557,25,238.98,837.18,94.92,242.81,0.7365,-1,-1,-1
557,6,760.63,593.73,86.88,246.84,0.7159,-1,-1,-1
557,4,1724.52,457.92,67.41,206.80,0.6170,-1,-1,-1
557,3,1012.37,785.71,90.45,292.59,0.4498,-1,-1,-1
558,58,1669.24,271.44,75.60,193.65,0.5492,-1,-1,-1
558,54,375.72,223.10,67.48,187.85,0.5429,-1,-1,-1
558,53,1811.31,236.94,61.98,175.21,0.3606,-1,-1,-1
558,46,791.65,84.06,70.78,235.29,0.4338,-1,-1,-1
558,41,1101.99,800.26,80.42,234.00,0.6042,-1,-1,-1
558,25,239.36,837.94,99.01,242.06,0.7190,-1,-1,-1
558,6,757.22,594.13,87.08,243.91,0.7109,-1,-1,-1
558,4,1720.89,455.81,67.27,210.11,0.6835,-1,-1,-1
558,3,1012.95,785.35,89.50,293.65,0.5358,-1,-1,-1
559,58,1669.68,271.93,74.89,194.07,0.5372,-1,-1,-1
559,54,375.15,225.63,67.64,186.98,0.5571,-1,-1,-1
559,53,1814.53,237.00,60.47,174.52,0.3662,-1,-1,-1
559,46,792.04,82.81,69.37,237.24,0.3929,-1,-1,-1
559,41,1101.42,801.47,84.76,233.54,0.6068,-1,-1,-1
559,29,1018.81,785.55,75.04,198.31,0.4999,-1,-1,-1
559,25,239.66,889.28,95.85,190.72,0.7282,-1,-1,-1
559,6,754.76,593.41,82.42,242.68,0.6848,-1,-1,-1
559,4,1725.31,458.34,65.14,205.19,0.6567,-1,-1,-1
560,58,1668.02,271.17,74.98,192.79,0.5489,-1,-1,-1
560,54,373.69,225.68,67.11,189.38,0.5476,-1,-1,-1
560,53,1817.45,237.22,58.49,176.07,0.3580,-1,-1,-1
560,46,794.31,94.28,66.10,224.52,0.4046,-1,-1,-1
560,41,1102.66,801.84,84.68,232.47,0.5581,-1,-1,-1
560,29,1018.68,786.39,79.99,198.42,0.5257,-1,-1,-1
560,25,240.40,890.94,93.54,189.06,0.7417,-1,-1,-1
560,18,461.63,92.23,57.22,180.13,0.3287,-1,-1,-1
560,6,752.31,590.72,79.62,244.71,0.6902,-1,-1,-1
560,4,1725.94,458.96,64.70,202.36,0.6607,-1,-1,-1
561,58,1666.59,271.31,75.70,192.91,0.5644,-1,-1,-1
561,54,373.81,228.17,66.90,187.78,0.5728,-1,-1,-1
561,53,1818.43,237.78,61.11,177.26,0.3352,-1,-1,-1
561,46,794.81,80.98,66.16,237.68,0.4365,-1,-1,-1
561,41,1104.66,802.99,82.56,232.31,0.5990,-1,-1,-1
561,29,1018.51,787.75,78.83,199.03,0.4826,-1,-1,-1
561,25,243.13,894.98,91.24,184.91,0.6748,-1,-1,-1
561,18,462.42,92.83,56.95,174.57,0.3462,-1,-1,-1
561,6,749.58,590.98,74.02,241.99,0.6932,-1,-1,-1
561,4,1724.23,458.17,63.59,203.43,0.6692,-1,-1,-1
562,58,1663.72,270.74,77.40,192.11,0.5677,-1,-1,-1
562,54,373.45,231.18,67.77,186.20,0.5958,-1,-1,-1
562,53,1820.21,238.05,62.37,180.39,0.3342,-1,-1,-1
562,46,793.85,78.76,67.56,239.12,0.4263,-1,-1,-1
562,41,1105.21,805.45,86.30,235.12,0.6008,-1,-1,-1
562,29,1017.58,791.16,81.27,197.20,0.6257,-1,-1,-1
562,25,244.40,898.50,91.89,180.91,0.6623,-1,-1,-1
562,6,747.17,593.32,71.32,235.76,0.6951,-1,-1,-1
562,4,1722.90,456.81,63.94,206.70,0.6457,-1,-1,-1
562,3,991.85,938.99,104.05,140.58,0.6194,-1,-1,-1
563,58,1663.22,270.47,75.86,189.01,0.5080,-1,-1,-1
563,54,375.36,234.58,66.48,184.69,0.5617,-1,-1,-1
563,53,1819.85,242.30,62.79,176.89,0.3142,-1,-1,-1
563,46,795.32,78.93,66.41,239.79,0.3966,-1,-1,-1
563,45,267.29,841.39,84.14,230.39,0.5089,-1,-1,-1
563,41,1106.06,809.55,88.71,236.91,0.5827,-1,-1,-1
563,29,1017.15,793.46,85.47,223.99,0.5468,-1,-1,-1
563,25,245.14,902.47,82.14,177.45,0.6873,-1,-1,-1
563,6,740.71,590.83,75.54,241.71,0.7023,-1,-1,-1
563,4,1720.67,456.26,72.70,207.66,0.6362,-1,-1,-1
563,3,988.94,936.06,106.60,142.77,0.5193,-1,-1,-1
564,58,1663.48,269.61,74.62,189.05,0.5098,-1,-1,-1
564,54,375.30,234.29,66.11,189.82,0.6126,-1,-1,-1
564,53,1821.83,242.73,66.51,179.17,0.3452,-1,-1,-1
564,46,796.16,77.05,67.50,242.15,0.4446,-1,-1,-1
564,45,268.52,842.77,86.82,230.18,0.5922,-1,-1,-1
564,41,1106.05,811.91,87.05,242.69,0.5645,-1,-1,-1
564,29,1020.36,796.54,82.06,253.07,0.5989,-1,-1,-1
564,25,246.43,905.56,79.81,174.41,0.7043,-1,-1,-1
564,6,735.26,589.65,78.76,243.01,0.6926,-1,-1,-1
564,4,1720.35,453.75,69.06,208.91,0.6452,-1,-1,-1
564,3,986.11,935.96,110.03,142.78,0.5763,-1,-1,-1
565,58,1664.71,268.80,73.02,190.22,0.4923,-1,-1,-1
565,54,375.56,235.71,64.30,191.33,0.6520,-1,-1,-1
565,53,1823.36,245.46,67.01,176.02,0.3827,-1,-1,-1
565,46,796.76,75.84,68.15,244.07,0.4424,-1,-1,-1
565,45,268.90,843.98,92.27,231.85,0.5832,-1,-1,-1
565,41,1106.09,814.26,89.59,243.05,0.6163,-1,-1,-1
565,29,1019.60,798.11,87.12,267.58,0.6417,-1,-1,-1
565,25,248.33,906.46,79.60,173.19,0.7141,-1,-1,-1
565,6,733.41,589.31,79.42,242.63,0.6092,-1,-1,-1
565,4,1718.99,456.78,75.38,207.46,0.6391,-1,-1,-1
565,3,984.92,936.83,107.18,141.37,0.4413,-1,-1,-1
566,60,1580.11,603.52,93.58,225.64,0.3020,-1,-1,-1
566,58,1667.64,269.99,68.19,182.15,0.5109,-1,-1,-1
566,54,375.62,235.11,63.82,191.76,0.6633,-1,-1,-1
566,53,1824.74,246.91,67.73,171.53,0.4078,-1,-1,-1
566,46,797.26,76.38,68.26,242.77,0.4446,-1,-1,-1
566,45,270.17,846.42,99.00,232.30,0.6399,-1,-1,-1
566,41,1101.08,817.33,95.50,243.93,0.6226,-1,-1,-1
566,29,1021.67,801.26,85.86,266.68,0.5945,-1,-1,-1
566,25,248.75,908.71,79.65,171.29,0.7456,-1,-1,-1
566,6,733.99,590.80,76.44,240.48,0.6116,-1,-1,-1
566,4,1717.81,456.21,76.13,208.41,0.6350,-1,-1,-1
566,3,984.65,932.77,104.27,146.48,0.5274,-1,-1,-1
567,60,1573.29,588.47,103.24,236.63,0.5710,-1,-1,-1
567,58,1668.64,270.27,64.96,181.21,0.5393,-1,-1,-1
567,54,374.96,236.35,63.67,191.47,0.6653,-1,-1,-1
567,53,1825.33,249.37,67.60,170.51,0.4119,-1,-1,-1
567,46,796.02,77.22,70.46,241.94,0.4445,-1,-1,-1
567,45,270.06,848.08,104.65,231.80,0.6446,-1,-1,-1
567,41,1113.42,820.10,84.21,240.15,0.4847,-1,-1,-1
567,29,1026.72,805.55,81.81,257.89,0.4887,-1,-1,-1
567,25,249.05,910.96,79.14,169.04,0.7539,-1,-1,-1
567,18,473.96,90.11,48.99,167.82,0.3047,-1,-1,-1
567,6,730.33,590.70,78.50,242.85,0.5696,-1,-1,-1
567,4,1716.51,457.00,79.64,210.04,0.6463,-1,-1,-1
567,3,985.31,931.56,100.87,146.91,0.6045,-1,-1,-1
568,60,1565.35,587.92,111.82,237.03,0.4046,-1,-1,-1
568,58,1669.37,270.57,62.13,182.18,0.5738,-1,-1,-1
568,54,375.53,237.81,63.70,190.20,0.6409,-1,-1,-1
568,53,1825.09,252.05,67.47,171.37,0.3843,-1,-1,-1
568,46,794.76,75.76,73.19,243.64,0.4727,-1,-1,-1
568,45,271.44,849.28,106.92,230.21,0.6575,-1,-1,-1
568,41,1113.36,822.14,84.76,239.96,0.4960,-1,-1,-1
568,29,1027.11,808.94,83.80,259.57,0.4812,-1,-1,-1
568,25,248.73,912.81,81.03,167.19,0.7605,-1,-1,-1
568,6,730.53,589.04,76.61,244.72,0.6217,-1,-1,-1
568,4,1716.66,456.59,77.51,210.40,0.6965,-1,-1,-1
568,3,985.37,933.58,99.72,143.69,0.3815,-1,-1,-1
569,60,1570.09,595.82,109.25,230.40,0.4364,-1,-1,-1
569,58,1667.71,266.91,62.08,184.85,0.5477,-1,-1,-1
569,54,374.96,236.56,66.02,192.98,0.6382,-1,-1,-1
569,53,1826.42,253.09,67.31,173.10,0.3846,-1,-1,-1
569,46,795.99,74.63,72.67,244.94,0.4433,-1,-1,-1
569,45,277.75,851.33,106.65,228.39,0.6480,-1,-1,-1
569,41,1115.50,825.34,83.07,239.60,0.4755,-1,-1,-1
569,29,1032.61,810.10,82.49,263.46,0.5718,-1,-1,-1
569,25,248.84,914.19,81.19,165.81,0.7553,-1,-1,-1
569,6,726.10,587.92,80.00,246.19,0.6255,-1,-1,-1
569,4,1715.51,457.52,78.72,209.64,0.6937,-1,-1,-1
570,60,1569.77,593.42,107.81,232.18,0.5573,-1,-1,-1
570,58,1666.77,265.95,62.02,182.05,0.5398,-1,-1,-1
570,54,375.42,237.06,65.99,192.66,0.6360,-1,-1,-1
570,53,1826.60,254.16,68.99,174.25,0.3345,-1,-1,-1
570,46,795.11,72.67,74.44,247.47,0.4924,-1,-1,-1
570,45,280.44,852.63,108.35,227.37,0.6638,-1,-1,-1
570,41,1119.24,826.35,83.86,241.91,0.5841,-1,-1,-1
570,29,1034.26,811.99,81.63,264.26,0.6019,-1,-1,-1
570,25,248.80,915.62,80.75,164.38,0.7440,-1,-1,-1
570,6,724.44,586.36,80.90,249.67,0.6121,-1,-1,-1
570,4,1714.79,457.04,79.02,209.26,0.6843,-1,-1,-1
570,3,990.68,932.53,86.89,145.79,0.3424,-1,-1,-1
571,60,1560.50,587.45,117.21,237.59,0.5822,-1,-1,-1
571,58,1663.98,262.91,62.12,179.75,0.5539,-1,-1,-1
571,54,375.00,236.18,66.80,191.80,0.6212,-1,-1,-1
571,46,794.12,71.08,77.40,247.97,0.4730,-1,-1,-1
571,45,282.96,855.53,106.24,224.47,0.6721,-1,-1,-1
571,41,1128.55,828.58,75.18,242.68,0.6648,-1,-1,-1
571,29,1040.41,813.88,77.49,262.84,0.6702,-1,-1,-1
571,25,247.29,918.88,81.47,161.12,0.7474,-1,-1,-1
571,6,719.20,587.75,85.68,246.78,0.5525,-1,-1,-1
571,4,1714.83,455.59,80.78,209.34,0.6716,-1,-1,-1
571,3,994.50,931.11,80.45,147.05,0.4004,-1,-1,-1
572,60,1566.44,590.37,111.71,235.60,0.5144,-1,-1,-1
572,58,1663.21,260.13,64.26,180.68,0.5111,-1,-1,-1
572,54,377.44,238.77,64.28,187.58,0.6144,-1,-1,-1
572,46,792.62,72.07,79.32,246.86,0.4477,-1,-1,-1
572,45,294.33,857.23,98.33,222.77,0.6897,-1,-1,-1
572,41,1123.28,829.61,80.30,241.33,0.6073,-1,-1,-1
572,29,1042.34,817.09,78.38,257.87,0.6373,-1,-1,-1
572,25,249.24,918.73,81.97,161.05,0.7480,-1,-1,-1
572,6,714.63,586.91,89.16,249.96,0.5177,-1,-1,-1
572,4,1715.03,457.82,80.26,208.08,0.6369,-1,-1,-1
572,3,992.01,929.40,82.65,149.58,0.5683,-1,-1,-1
573,60,1562.71,587.48,116.57,237.84,0.4860,-1,-1,-1
573,58,1660.06,258.30,64.62,183.70,0.5203,-1,-1,-1
573,54,377.45,240.43,63.94,184.22,0.6200,-1,-1,-1
573,46,792.76,70.27,80.73,249.06,0.4695,-1,-1,-1
573,45,292.51,859.26,94.65,220.11,0.6913,-1,-1,-1
573,41,1124.57,831.48,79.00,245.34,0.6401,-1,-1,-1
573,29,1044.69,819.04,79.97,253.54,0.6230,-1,-1,-1
573,25,247.06,925.31,83.09,154.69,0.7368,-1,-1,-1
573,6,712.92,587.20,88.16,249.62,0.6433,-1,-1,-1
573,4,1714.92,456.99,81.82,210.46,0.6214,-1,-1,-1
573,3,993.55,929.75,80.78,149.17,0.6001,-1,-1,-1
574,60,1566.26,597.35,115.05,229.71,0.4310,-1,-1,-1
574,58,1659.91,256.91,67.03,184.82,0.5341,-1,-1,-1
574,54,377.95,241.14,63.33,184.29,0.6426,-1,-1,-1
574,46,791.38,69.49,82.22,251.29,0.4648,-1,-1,-1
574,45,296.16,860.84,97.23,219.16,0.6987,-1,-1,-1
574,41,1124.56,832.07,80.93,244.92,0.6194,-1,-1,-1
574,29,1046.37,819.45,81.30,251.33,0.6010,-1,-1,-1
574,25,247.93,928.14,82.71,151.86,0.7365,-1,-1,-1
574,6,709.28,585.41,89.79,249.42,0.6973,-1,-1,-1
574,4,1716.09,457.80,80.23,207.80,0.6429,-1,-1,-1
574,3,996.34,928.92,77.22,149.59,0.6000,-1,-1,-1
575,60,1565.03,600.45,113.07,226.53,0.5406,-1,-1,-1
575,58,1658.39,255.43,68.18,186.55,0.5477,-1,-1,-1
575,54,377.78,240.39,64.40,187.62,0.6438,-1,-1,-1
575,46,800.59,70.33,73.64,248.56,0.4354,-1,-1,-1
575,45,297.45,863.12,94.86,216.88,0.6977,-1,-1,-1
575,41,1121.21,834.29,89.21,243.74,0.6431,-1,-1,-1
575,29,1046.41,820.25,83.44,252.95,0.6199,-1,-1,-1
575,25,249.30,925.11,80.74,154.89,0.7335,-1,-1,-1
575,6,708.64,584.19,89.47,249.29,0.6841,-1,-1,-1
575,4,1715.75,456.35,80.37,208.70,0.6428,-1,-1,-1
575,3,1000.02,928.46,73.08,149.39,0.5780,-1,-1,-1
576,60,1567.24,598.30,109.29,226.67,0.6099,-1,-1,-1
576,58,1656.87,253.96,69.85,185.99,0.5612,-1,-1,-1
576,54,377.68,244.40,64.56,187.54,0.6619,-1,-1,-1
576,46,804.47,70.10,69.85,248.35,0.4033,-1,-1,-1
576,45,297.19,865.91,93.73,213.94,0.6981,-1,-1,-1
576,41,1124.10,835.07,89.53,241.74,0.5978,-1,-1,-1
576,29,1047.57,820.91,81.75,252.08,0.5828,-1,-1,-1
576,25,248.99,929.91,81.74,150.09,0.7418,-1,-1,-1
576,6,707.05,582.84,89.73,251.38,0.7062,-1,-1,-1
576,4,1716.18,456.69,81.19,209.97,0.6138,-1,-1,-1
576,3,1005.50,927.91,65.19,149.38,0.4797,-1,-1,-1
577,60,1563.71,600.22,113.48,226.57,0.5659,-1,-1,-1
577,58,1654.97,251.60,71.85,187.90,0.5222,-1,-1,-1
577,54,378.63,247.72,63.54,187.52,0.6273,-1,-1,-1
577,46,805.47,70.55,69.75,247.34,0.4469,-1,-1,-1
577,45,297.62,870.48,97.83,209.20,0.6998,-1,-1,-1
577,41,1120.70,837.92,96.81,238.67,0.5126,-1,-1,-1
577,29,1049.64,823.08,80.36,248.21,0.5016,-1,-1,-1
577,25,248.65,935.61,83.19,144.39,0.7432,-1,-1,-1
577,6,704.95,580.68,89.34,248.78,0.7005,-1,-1,-1
577,4,1716.64,457.85,80.71,208.41,0.5880,-1,-1,-1
577,3,1004.84,927.06,67.26,150.19,0.5718,-1,-1,-1
578,60,1562.26,601.39,112.87,226.16,0.5775,-1,-1,-1
578,58,1654.35,250.34,73.12,189.63,0.5596,-1,-1,-1
578,54,377.73,249.72,63.80,188.50,0.6461,-1,-1,-1
578,46,808.21,70.42,67.49,246.73,0.4341,-1,-1,-1
578,45,297.40,872.07,96.02,207.18,0.6970,-1,-1,-1
578,41,1126.42,839.75,80.89,237.80,0.4747,-1,-1,-1
578,29,1053.35,823.95,77.95,245.36,0.4853,-1,-1,-1
578,25,248.99,940.81,82.41,139.19,0.7391,-1,-1,-1
578,6,703.52,576.75,88.33,246.06,0.6775,-1,-1,-1
578,4,1716.62,458.59,80.54,209.47,0.5575,-1,-1,-1
578,3,1005.27,926.59,69.90,150.77,0.5379,-1,-1,-1
579,60,1563.10,601.77,113.00,225.42,0.6078,-1,-1,-1
579,58,1649.86,248.53,78.43,192.96,0.5490,-1,-1,-1
579,54,377.81,250.51,63.62,187.91,0.6678,-1,-1,-1
579,53,1841.95,255.75,62.66,173.75,0.3459,-1,-1,-1
579,46,808.52,69.29,66.83,248.27,0.4626,-1,-1,-1
579,45,297.39,873.78,95.86,204.88,0.6986,-1,-1,-1
579,41,1127.81,839.44,91.26,237.74,0.5749,-1,-1,-1
579,29,1052.86,826.19,82.62,248.32,0.4999,-1,-1,-1
579,25,248.68,944.19,82.09,135.81,0.7279,-1,-1,-1
579,6,703.49,575.24,82.56,231.38,0.5908,-1,-1,-1
579,4,1716.98,459.13,80.14,209.01,0.5637,-1,-1,-1
579,3,1007.06,925.49,72.10,151.19,0.5378,-1,-1,-1
580,60,1561.25,601.81,115.69,225.84,0.6064,-1,-1,-1
580,58,1648.72,248.60,78.95,190.68,0.5543,-1,-1,-1
580,54,377.60,252.77,63.23,187.06,0.6868,-1,-1,-1
580,53,1844.38,255.88,65.34,176.14,0.3610,-1,-1,-1
580,46,806.84,67.36,68.21,250.80,0.4907,-1,-1,-1
580,45,294.96,874.46,96.49,205.54,0.7240,-1,-1,-1
580,41,1129.12,841.44,82.74,238.11,0.5564,-1,-1,-1
580,29,1055.12,828.56,80.41,246.27,0.4887,-1,-1,-1
580,25,246.78,945.87,83.16,133.56,0.7220,-1,-1,-1
580,6,704.15,575.38,78.71,249.90,0.5795,-1,-1,-1
580,4,1717.02,459.01,79.69,211.64,0.5831,-1,-1,-1
580,3,1005.64,925.87,77.32,150.65,0.5670,-1,-1,-1
581,60,1562.22,600.90,114.69,226.21,0.5761,-1,-1,-1
581,58,1647.65,246.81,78.65,191.34,0.4979,-1,-1,-1
581,54,376.95,255.05,63.83,184.62,0.6495,-1,-1,-1
581,53,1848.16,255.21,61.80,180.74,0.3798,-1,-1,-1
581,46,807.29,68.52,67.16,248.89,0.4384,-1,-1,-1
581,45,293.96,875.87,99.82,204.04,0.7253,-1,-1,-1
581,41,1130.98,841.31,96.42,238.48,0.5224,-1,-1,-1
581,29,1058.42,831.52,80.78,241.49,0.5535,-1,-1,-1
581,25,248.42,947.59,81.65,132.14,0.7270,-1,-1,-1
581,6,703.95,573.88,74.15,249.98,0.6000,-1,-1,-1
581,4,1718.07,457.85,77.11,210.61,0.5733,-1,-1,-1
581,3,1005.80,925.43,78.76,151.09,0.5918,-1,-1,-1
582,60,1563.61,603.15,113.30,223.46,0.5262,-1,-1,-1
582,58,1646.66,247.06,79.08,191.67,0.4698,-1,-1,-1
582,54,375.95,255.58,64.59,186.48,0.6421,-1,-1,-1
582,46,807.75,67.04,66.80,250.33,0.4474,-1,-1,-1
582,45,296.16,877.58,100.60,202.42,0.7379,-1,-1,-1
582,41,1129.28,845.17,98.22,234.83,0.5294,-1,-1,-1
582,29,1060.70,835.13,79.58,234.61,0.5550,-1,-1,-1
582,25,247.39,948.23,82.02,131.50,0.7115,-1,-1,-1
582,6,703.51,571.23,72.74,239.61,0.4719,-1,-1,-1
582,4,1719.97,457.95,76.74,207.47,0.5333,-1,-1,-1
582,3,1004.06,925.70,84.66,152.37,0.6060,-1,-1,-1
583,60,1559.19,606.05,111.96,224.18,0.4246,-1,-1,-1
583,58,1645.99,246.97,80.30,190.16,0.4968,-1,-1,-1
583,54,374.51,256.64,66.25,188.98,0.6739,-1,-1,-1
583,53,1851.18,257.32,64.03,182.60,0.3632,-1,-1,-1
583,46,807.76,65.38,66.87,252.01,0.4598,-1,-1,-1
583,45,297.88,879.67,97.66,200.33,0.7513,-1,-1,-1
583,41,1141.67,845.62,88.65,234.38,0.6566,-1,-1,-1
583,29,1064.07,838.66,78.48,238.29,0.6572,-1,-1,-1
583,25,246.31,948.68,82.42,131.27,0.7088,-1,-1,-1
583,6,702.64,570.23,68.47,229.96,0.4284,-1,-1,-1
583,4,1719.95,457.60,76.16,208.65,0.5856,-1,-1,-1
583,3,1004.80,926.51,79.77,151.94,0.5773,-1,-1,-1
584,60,1561.47,602.13,112.24,225.04,0.5065,-1,-1,-1
584,58,1645.60,247.43,80.13,188.53,0.5106,-1,-1,-1
584,54,372.64,257.29,66.78,190.19,0.6968,-1,-1,-1
584,46,810.25,66.83,64.34,250.27,0.4434,-1,-1,-1
584,45,299.47,881.31,96.00,198.69,0.7555,-1,-1,-1
584,41,1139.37,848.22,90.78,231.78,0.6701,-1,-1,-1
584,29,1060.73,842.01,82.86,237.99,0.6877,-1,-1,-1
584,25,245.65,949.69,81.47,130.31,0.7005,-1,-1,-1
584,4,1718.25,453.71,79.27,213.11,0.6184,-1,-1,-1
584,3,1003.80,926.45,64.03,152.17,0.5637,-1,-1,-1
585,60,1559.45,606.24,112.06,224.01,0.4350,-1,-1,-1
585,58,1644.20,247.44,82.84,187.85,0.5317,-1,-1,-1
585,54,372.21,257.81,66.40,189.04,0.7123,-1,-1,-1
585,46,808.66,68.49,65.77,249.12,0.4724,-1,-1,-1
585,45,299.49,883.33,95.38,196.67,0.7540,-1,-1,-1
585,41,1140.58,851.82,89.89,228.18,0.7216,-1,-1,-1
585,29,1061.47,843.89,79.27,235.57,0.7316,-1,-1,-1
585,25,245.76,950.95,81.35,128.76,0.7086,-1,-1,-1
585,4,1720.14,456.65,75.70,207.62,0.6331,-1,-1,-1
585,3,1003.15,927.51,64.19,150.37,0.5902,-1,-1,-1
586,60,1563.70,603.00,113.80,224.20,0.5337,-1,-1,-1
586,58,1646.26,247.86,80.55,186.66,0.5339,-1,-1,-1
586,54,372.24,257.94,65.33,189.72,0.7196,-1,-1,-1
586,46,808.97,69.06,64.85,249.29,0.4833,-1,-1,-1
586,45,300.97,886.30,94.27,193.70,0.7595,-1,-1,-1
586,41,1145.55,854.81,88.24,225.19,0.6960,-1,-1,-1
586,29,1062.28,846.06,80.47,232.01,0.7109,-1,-1,-1
586,25,243.81,952.59,83.21,127.23,0.7044,-1,-1,-1
586,4,1719.68,456.86,74.11,205.97,0.6221,-1,-1,-1
586,3,1004.48,928.33,60.41,149.84,0.6019,-1,-1,-1
587,60,1560.70,602.69,112.35,227.94,0.5409,-1,-1,-1
587,58,1646.23,247.36,80.53,185.81,0.5087,-1,-1,-1
587,54,371.22,258.42,65.59,189.33,0.7010,-1,-1,-1
587,53,1854.38,257.25,64.55,185.82,0.3107,-1,-1,-1
587,46,808.01,70.84,65.18,248.40,0.4748,-1,-1,-1
587,45,302.39,888.57,94.28,191.26,0.7587,-1,-1,-1
587,41,1149.19,858.38,88.57,221.62,0.6704,-1,-1,-1
587,29,1065.71,847.55,78.58,229.98,0.7135,-1,-1,-1
587,25,246.67,954.99,81.29,125.01,0.7236,-1,-1,-1
587,4,1721.69,454.91,73.29,210.23,0.6410,-1,-1,-1
587,3,1002.79,929.40,62.73,148.78,0.6297,-1,-1,-1
588,61,284.59,116.76,59.15,177.99,0.3238,-1,-1,-1
588,60,1563.19,602.61,112.62,224.50,0.5299,-1,-1,-1
588,58,1648.29,245.30,78.31,187.08,0.4996,-1,-1,-1
588,54,371.32,258.54,65.61,189.51,0.7073,-1,-1,-1
588,53,1857.17,256.71,61.95,185.85,0.3220,-1,-1,-1
588,46,808.40,70.05,64.57,248.56,0.4542,-1,-1,-1
588,45,302.55,891.19,93.86,188.81,0.7552,-1,-1,-1
588,41,1149.46,857.74,93.01,222.26,0.6634,-1,-1,-1
588,29,1066.92,849.52,77.00,227.14,0.7055,-1,-1,-1
588,25,246.63,957.69,81.74,122.31,0.7202,-1,-1,-1
588,4,1721.74,452.80,67.60,214.06,0.6281,-1,-1,-1
588,3,1001.45,930.29,63.51,149.58,0.6196,-1,-1,-1
589,61,284.79,117.12,58.49,177.16,0.3531,-1,-1,-1
589,60,1559.44,603.52,112.55,226.85,0.5504,-1,-1,-1
589,58,1651.20,242.67,75.81,182.31,0.5037,-1,-1,-1
589,54,370.48,259.97,65.42,186.92,0.7045,-1,-1,-1
589,46,809.40,76.77,62.93,240.52,0.4087,-1,-1,-1
589,45,302.37,894.96,93.94,185.04,0.7672,-1,-1,-1
589,41,1154.56,857.86,90.98,222.14,0.6849,-1,-1,-1
589,29,1066.89,850.57,78.84,227.09,0.7150,-1,-1,-1
589,25,246.84,961.12,82.40,118.88,0.7211,-1,-1,-1
589,4,1723.89,456.08,70.07,207.74,0.6433,-1,-1,-1
589,3,1002.42,930.79,61.33,149.21,0.6252,-1,-1,-1
590,61,284.93,119.18,59.07,176.33,0.3605,-1,-1,-1
590,60,1559.51,603.88,112.17,226.08,0.5481,-1,-1,-1
590,58,1654.29,240.48,73.30,183.79,0.5250,-1,-1,-1
590,54,370.02,261.60,65.08,185.74,0.7152,-1,-1,-1
590,46,808.80,72.41,62.63,245.57,0.3700,-1,-1,-1
590,45,305.12,895.69,92.31,183.73,0.7620,-1,-1,-1
590,41,1157.14,861.86,89.60,218.14,0.6945,-1,-1,-1
590,29,1067.54,852.19,81.23,226.14,0.7313,-1,-1,-1
590,25,246.24,963.26,82.15,116.74,0.6994,-1,-1,-1
590,4,1722.65,455.90,72.54,208.99,0.6039,-1,-1,-1
590,3,1001.47,931.13,61.65,148.87,0.6389,-1,-1,-1
591,61,284.06,120.76,58.86,175.31,0.3591,-1,-1,-1
591,60,1560.37,603.63,112.18,225.73,0.5709,-1,-1,-1
591,58,1655.57,239.65,72.85,182.93,0.5817,-1,-1,-1
591,54,368.75,262.76,66.39,184.85,0.7217,-1,-1,-1
591,46,808.33,77.69,60.36,239.74,0.3316,-1,-1,-1
591,45,306.29,898.00,91.61,179.78,0.7609,-1,-1,-1
591,41,1158.61,863.01,90.38,216.99,0.6913,-1,-1,-1
591,29,1068.76,853.01,82.60,225.60,0.7235,-1,-1,-1
591,25,246.02,966.69,82.25,113.31,0.7018,-1,-1,-1
591,4,1723.21,457.85,71.63,206.40,0.6259,-1,-1,-1
591,3,1001.24,932.26,59.45,147.74,0.6280,-1,-1,-1
592,61,284.89,118.20,57.52,176.74,0.3563,-1,-1,-1
592,60,1560.46,602.95,112.42,226.94,0.5074,-1,-1,-1
592,58,1656.41,237.58,73.90,186.80,0.6350,-1,-1,-1
592,54,368.26,264.58,65.83,181.73,0.7176,-1,-1,-1
592,46,809.05,84.08,58.40,232.79,0.3065,-1,-1,-1
592,45,308.01,902.02,90.35,176.51,0.7391,-1,-1,-1
592,41,1156.80,865.98,93.75,214.02,0.6864,-1,-1,-1
592,29,1069.92,854.44,81.07,222.48,0.7154,-1,-1,-1
592,25,248.42,968.97,82.26,111.03,0.7213,-1,-1,-1
592,4,1722.37,457.38,71.58,206.75,0.6256,-1,-1,-1
592,3,1000.42,932.99,59.80,147.01,0.5837,-1,-1,-1
593,61,283.75,117.86,58.77,177.96,0.3425,-1,-1,-1
593,60,1560.92,603.33,111.02,226.34,0.4749,-1,-1,-1
593,58,1655.97,235.39,73.12,185.57,0.6653,-1,-1,-1
593,54,367.60,265.19,66.33,184.27,0.7253,-1,-1,-1
593,46,809.63,83.75,58.38,233.45,0.3156,-1,-1,-1
593,45,308.09,908.11,91.54,171.89,0.7728,-1,-1,-1
593,41,1161.75,868.45,89.98,211.55,0.6762,-1,-1,-1
593,29,1071.69,855.37,80.16,221.27,0.7240,-1,-1,-1
593,25,249.51,971.48,82.27,108.52,0.7289,-1,-1,-1
593,4,1720.42,454.50,70.11,213.54,0.6501,-1,-1,-1
593,3,1000.77,933.44,59.25,146.12,0.5825,-1,-1,-1
594,61,283.43,116.81,58.91,179.60,0.3426,-1,-1,-1
594,60,1561.89,605.86,109.48,223.24,0.4861,-1,-1,-1
594,58,1657.35,232.83,71.40,186.98,0.6364,-1,-1,-1
594,54,367.35,266.88,65.31,186.54,0.7209,-1,-1,-1
594,45,309.25,910.25,93.64,169.75,0.7756,-1,-1,-1
594,41,1163.03,870.47,89.46,209.53,0.6682,-1,-1,-1
594,29,1072.90,856.59,79.22,222.37,0.7187,-1,-1,-1
594,25,250.08,975.31,85.70,104.69,0.7218,-1,-1,-1
594,4,1720.51,454.92,69.93,213.00,0.6487,-1,-1,-1
594,3,1001.16,935.15,58.21,144.85,0.5750,-1,-1,-1
595,61,282.89,114.57,59.45,180.76,0.3436,-1,-1,-1
595,60,1562.45,605.26,109.39,223.91,0.4457,-1,-1,-1
595,58,1658.05,230.87,70.82,188.80,0.6287,-1,-1,-1
595,54,366.16,269.69,66.07,188.87,0.7235,-1,-1,-1
595,45,310.20,911.49,95.40,168.51,0.7620,-1,-1,-1
595,41,1165.33,871.97,88.21,208.03,0.6596,-1,-1,-1
595,29,1074.06,858.83,80.45,221.17,0.7198,-1,-1,-1
595,25,250.43,978.69,82.73,101.31,0.7018,-1,-1,-1
595,4,1720.88,453.53,70.71,213.54,0.6796,-1,-1,-1
595,3,1000.53,935.53,57.41,144.47,0.5936,-1,-1,-1
596,61,283.22,117.85,59.25,177.80,0.3265,-1,-1,-1
596,60,1562.45,606.24,109.25,223.85,0.4586,-1,-1,-1
596,58,1657.53,229.68,70.72,187.60,0.6107,-1,-1,-1
596,54,365.34,269.78,66.17,192.23,0.7263,-1,-1,-1
596,45,312.10,912.48,94.86,167.52,0.7688,-1,-1,-1
596,41,1170.10,873.83,83.49,206.17,0.6872,-1,-1,-1
596,29,1074.14,861.10,81.83,218.90,0.7210,-1,-1,-1
596,25,251.26,981.22,83.41,98.78,0.7023,-1,-1,-1
596,4,1718.56,453.08,73.43,214.94,0.7018,-1,-1,-1
596,3,999.81,935.01,58.14,142.92,0.5730,-1,-1,-1
597,60,1560.81,609.05,110.83,221.10,0.4109,-1,-1,-1
597,58,1658.48,227.46,70.21,188.99,0.5942,-1,-1,-1
597,54,364.38,271.89,66.65,191.19,0.7106,-1,-1,-1
597,45,314.16,912.81,94.38,167.19,0.7388,-1,-1,-1
597,41,1171.95,875.66,82.84,204.34,0.6498,-1,-1,-1
597,29,1076.34,863.53,77.94,216.47,0.6754,-1,-1,-1
597,25,251.30,982.26,84.12,97.74,0.6963,-1,-1,-1
597,4,1717.41,454.51,74.77,212.97,0.6876,-1,-1,-1
597,3,999.23,935.82,59.15,141.75,0.6177,-1,-1,-1
598,60,1559.76,611.58,111.70,218.76,0.3846,-1,-1,-1
598,58,1657.04,226.85,69.84,189.41,0.5918,-1,-1,-1
598,54,363.99,272.56,66.68,190.55,0.7063,-1,-1,-1
598,45,313.77,913.42,98.53,165.60,0.7353,-1,-1,-1
598,41,1168.42,877.67,88.27,202.33,0.6631,-1,-1,-1
598,29,1077.29,865.02,79.75,214.98,0.6628,-1,-1,-1
598,25,251.97,983.93,83.92,96.07,0.6773,-1,-1,-1
598,4,1715.45,453.87,76.81,213.22,0.7063,-1,-1,-1
598,3,999.52,936.51,62.02,141.13,0.6250,-1,-1,-1
599,61,281.11,114.78,60.82,181.79,0.3122,-1,-1,-1
599,60,1559.74,608.37,112.52,222.33,0.3645,-1,-1,-1
599,58,1653.71,227.85,70.80,188.15,0.5505,-1,-1,-1
599,54,364.87,272.71,65.86,191.83,0.6714,-1,-1,-1
599,45,313.35,915.89,101.52,162.75,0.7269,-1,-1,-1
599,41,1171.33,880.82,86.42,199.18,0.6585,-1,-1,-1
599,29,1078.38,867.43,82.08,212.57,0.6202,-1,-1,-1
599,25,253.48,984.91,79.70,95.09,0.6593,-1,-1,-1
599,4,1713.86,453.89,79.36,212.89,0.7033,-1,-1,-1
599,3,998.50,936.80,60.76,140.87,0.6461,-1,-1,-1
600,62,429.76,73.92,53.97,160.70,0.3705,-1,-1,-1
600,60,1560.65,607.11,112.44,221.50,0.3525,-1,-1,-1
600,58,1651.35,227.15,71.43,184.71,0.5433,-1,-1,-1
600,54,365.30,274.95,65.60,192.02,0.6770,-1,-1,-1
600,45,314.32,917.99,104.72,159.76,0.7043,-1,-1,-1
600,41,1177.84,884.62,80.29,195.38,0.6587,-1,-1,-1
600,29,1079.99,869.50,81.81,210.50,0.6532,-1,-1,-1
600,25,253.18,985.92,83.51,94.08,0.6489,-1,-1,-1
600,4,1714.20,453.99,79.13,211.35,0.7201,-1,-1,-1
600,3,998.62,938.73,60.46,139.10,0.6405,-1,-1,-1
601,60,1562.14,601.64,110.78,225.75,0.3923,-1,-1,-1
601,58,1647.49,226.89,73.23,186.54,0.5767,-1,-1,-1
601,54,364.13,274.41,65.40,197.44,0.7021,-1,-1,-1
601,45,314.50,919.60,103.67,158.59,0.7216,-1,-1,-1
601,41,1174.98,886.57,83.91,193.43,0.6561,-1,-1,-1
601,29,1080.96,872.25,85.42,207.75,0.6059,-1,-1,-1
601,25,253.26,986.04,84.84,93.96,0.6263,-1,-1,-1
601,4,1714.18,454.04,80.29,213.30,0.7016,-1,-1,-1
601,3,998.65,939.90,58.46,137.87,0.6213,-1,-1,-1
602,60,1562.44,598.91,115.28,226.81,0.5916,-1,-1,-1
602,58,1647.74,227.70,71.89,182.99,0.5898,-1,-1,-1
602,54,365.43,274.20,63.70,196.67,0.6821,-1,-1,-1
602,45,316.07,921.38,104.52,156.03,0.7223,-1,-1,-1
602,41,1174.66,888.49,85.33,191.51,0.6497,-1,-1,-1
602,29,1079.23,875.39,88.19,204.61,0.6725,-1,-1,-1
602,25,253.50,988.52,84.97,91.48,0.6100,-1,-1,-1
602,4,1711.83,455.52,82.75,211.79,0.6954,-1,-1,-1
602,3,995.98,940.37,60.32,137.58,0.6516,-1,-1,-1
603,60,1563.22,600.13,112.25,227.00,0.4890,-1,-1,-1
603,58,1647.32,228.37,69.53,182.81,0.6220,-1,-1,-1
603,54,363.73,276.55,66.09,194.80,0.6959,-1,-1,-1
603,45,316.58,924.63,104.24,153.71,0.7365,-1,-1,-1
603,41,1176.05,890.91,83.17,189.09,0.6049,-1,-1,-1
603,29,1080.63,878.15,87.71,201.85,0.6606,-1,-1,-1
603,25,254.15,991.27,84.57,88.73,0.6235,-1,-1,-1
603,4,1710.87,455.31,84.26,214.38,0.7157,-1,-1,-1
603,3,995.97,940.90,59.28,136.98,0.6627,-1,-1,-1
604,60,1563.30,598.84,112.53,228.24,0.4353,-1,-1,-1
604,58,1649.57,227.81,65.44,181.97,0.6060,-1,-1,-1
604,54,365.25,276.60,64.41,196.28,0.6813,-1,-1,-1
604,45,317.87,927.24,104.23,151.13,0.7546,-1,-1,-1
604,41,1178.80,893.20,79.66,186.80,0.5312,-1,-1,-1
604,29,1079.96,881.02,91.53,198.98,0.6017,-1,-1,-1
604,25,254.63,992.77,84.92,87.23,0.6277,-1,-1,-1
604,4,1709.38,454.62,85.59,211.52,0.7131,-1,-1,-1
604,3,996.66,942.47,59.34,135.94,0.6399,-1,-1,-1
605,60,1564.32,602.94,108.01,224.20,0.3535,-1,-1,-1
605,58,1648.33,228.51,66.09,178.51,0.5553,-1,-1,-1
605,54,363.25,276.56,67.07,195.61,0.6851,-1,-1,-1
605,45,320.27,930.13,100.72,148.47,0.7468,-1,-1,-1
605,41,1182.99,896.15,72.95,183.85,0.5162,-1,-1,-1
605,29,1085.29,883.17,89.03,196.83,0.5588,-1,-1,-1
605,25,254.49,994.66,85.62,85.34,0.6278,-1,-1,-1
605,4,1710.90,454.08,84.68,213.68,0.7033,-1,-1,-1
605,3,996.67,943.59,59.13,135.32,0.6214,-1,-1,-1
606,60,1561.16,607.71,110.05,222.41,0.5028,-1,-1,-1
606,58,1646.91,228.38,66.44,177.71,0.5478,-1,-1,-1
606,54,362.94,277.22,66.99,194.95,0.6935,-1,-1,-1
606,45,322.23,933.32,98.20,146.48,0.7544,-1,-1,-1
606,41,1180.74,898.14,76.43,181.86,0.5178,-1,-1,-1
606,29,1090.35,886.07,84.67,193.93,0.5627,-1,-1,-1
606,25,253.97,997.71,85.14,82.29,0.6128,-1,-1,-1
606,4,1711.82,454.93,84.40,212.87,0.6995,-1,-1,-1
606,3,996.09,944.76,58.58,134.87,0.5915,-1,-1,-1
607,62,433.60,72.16,51.46,172.58,0.4022,-1,-1,-1
607,60,1563.44,610.40,108.38,219.48,0.4497,-1,-1,-1
607,58,1646.40,227.32,65.60,177.85,0.5484,-1,-1,-1
607,54,363.73,278.13,66.17,193.78,0.6974,-1,-1,-1
607,45,323.05,935.95,96.25,144.05,0.7348,-1,-1,-1
607,41,1181.61,897.36,76.52,182.64,0.4722,-1,-1,-1
607,29,1095.27,887.07,83.38,192.93,0.5634,-1,-1,-1
607,25,253.89,1000.40,83.48,79.60,0.6117,-1,-1,-1
607,4,1709.98,455.26,86.64,212.32,0.7107,-1,-1,-1
607,3,995.43,945.31,59.00,134.30,0.5981,-1,-1,-1
608,62,434.68,71.65,51.11,174.34,0.3617,-1,-1,-1
608,60,1562.55,610.78,108.64,218.52,0.4514,-1,-1,-1
608,58,1645.86,226.09,63.62,181.72,0.5322,-1,-1,-1
608,54,362.18,277.67,66.70,193.25,0.6765,-1,-1,-1
608,46,806.39,141.40,58.86,175.45,0.3172,-1,-1,-1
608,45,322.84,940.84,97.29,139.16,0.7450,-1,-1,-1
608,41,1183.86,898.82,73.48,181.18,0.5002,-1,-1,-1
608,29,1099.35,889.22,80.43,190.78,0.5824,-1,-1,-1
608,25,253.11,1002.33,84.76,77.67,0.6197,-1,-1,-1
608,4,1710.16,454.40,86.50,213.44,0.7104,-1,-1,-1
608,3,995.17,945.56,59.64,134.44,0.5930,-1,-1,-1
609,62,435.35,70.41,51.21,176.09,0.3797,-1,-1,-1
609,60,1562.48,607.33,108.15,222.84,0.4508,-1,-1,-1
609,58,1641.93,222.78,67.46,187.76,0.5487,-1,-1,-1
609,54,362.64,277.11,66.14,194.03,0.6860,-1,-1,-1
609,45,320.49,942.84,98.86,133.96,0.7327,-1,-1,-1
609,41,1182.51,899.85,81.62,180.15,0.5185,-1,-1,-1
609,29,1100.76,889.68,80.64,190.32,0.5874,-1,-1,-1
609,25,253.55,1005.42,83.75,74.33,0.6135,-1,-1,-1
609,4,1711.93,454.41,84.08,212.24,0.7434,-1,-1,-1
609,3,993.65,946.58,60.99,133.42,0.6183,-1,-1,-1
610,63,591.11,552.23,86.85,228.82,0.5013,-1,-1,-1
610,62,435.35,72.99,51.71,173.25,0.3620,-1,-1,-1
610,60,1564.53,596.91,111.93,228.87,0.3978,-1,-1,-1
610,58,1640.28,221.41,67.24,183.00,0.5339,-1,-1,-1
610,54,361.72,278.33,66.52,193.66,0.6984,-1,-1,-1
610,45,321.03,945.45,97.14,131.38,0.7272,-1,-1,-1
610,41,1182.88,900.06,80.20,179.94,0.5102,-1,-1,-1
610,29,1101.41,889.80,80.76,190.20,0.5694,-1,-1,-1
610,25,253.61,1008.64,80.15,70.56,0.5548,-1,-1,-1
610,4,1711.83,454.29,84.34,212.09,0.7385,-1,-1,-1
610,3,992.26,946.17,61.47,133.83,0.6246,-1,-1,-1
611,63,584.78,548.46,93.20,234.00,0.5637,-1,-1,-1
611,62,436.33,75.76,51.84,170.71,0.3355,-1,-1,-1
611,60,1565.30,594.56,112.12,230.21,0.5345,-1,-1,-1
611,58,1639.65,218.21,66.48,184.17,0.5441,-1,-1,-1
611,54,360.66,280.47,67.85,192.58,0.7044,-1,-1,-1
611,45,319.32,948.19,96.47,131.76,0.7304,-1,-1,-1
611,41,1182.78,901.96,81.83,178.04,0.5078,-1,-1,-1
611,29,1102.51,890.74,82.98,189.26,0.5769,-1,-1,-1
611,25,254.27,1011.94,75.62,67.14,0.5000,-1,-1,-1
611,4,1710.87,454.67,85.39,213.32,0.7411,-1,-1,-1
611,3,991.25,945.96,62.06,134.04,0.6313,-1,-1,-1
612,63,579.59,548.33,98.54,234.67,0.6284,-1,-1,-1
612,60,1566.29,602.61,108.77,223.81,0.4832,-1,-1,-1
612,58,1637.59,215.77,67.51,186.08,0.5590,-1,-1,-1
612,54,359.53,283.08,67.98,191.91,0.6710,-1,-1,-1
612,46,804.38,129.78,59.85,188.48,0.3187,-1,-1,-1
612,45,319.25,948.82,96.91,131.18,0.7591,-1,-1,-1
612,41,1180.49,904.18,83.95,175.82,0.5083,-1,-1,-1
612,29,1106.22,892.22,79.25,187.78,0.5754,-1,-1,-1
612,25,253.09,1014.86,76.83,65.02,0.4775,-1,-1,-1
612,4,1709.55,453.65,86.81,213.18,0.7544,-1,-1,-1
612,3,990.66,945.95,62.53,134.05,0.6087,-1,-1,-1
613,63,579.70,548.30,99.28,235.03,0.6566,-1,-1,-1
613,60,1563.63,607.09,108.07,222.24,0.5298,-1,-1,-1
613,58,1636.32,213.00,67.79,189.18,0.5704,-1,-1,-1
613,54,359.99,286.38,66.31,193.32,0.6754,-1,-1,-1
613,46,804.59,136.41,59.94,182.32,0.3800,-1,-1,-1
613,45,319.68,951.70,95.43,128.30,0.7302,-1,-1,-1
613,41,1183.62,907.16,83.24,172.84,0.3367,-1,-1,-1
613,29,1106.33,893.34,80.13,186.66,0.5127,-1,-1,-1
613,25,253.50,1017.28,75.86,62.68,0.3951,-1,-1,-1
613,4,1711.63,453.31,84.05,213.55,0.7486,-1,-1,-1
613,3,989.33,947.16,63.32,132.84,0.6227,-1,-1,-1
614,63,576.84,548.77,101.01,235.68,0.6421,-1,-1,-1
614,60,1562.67,609.35,108.72,220.77,0.4839,-1,-1,-1
614,58,1634.27,212.03,68.58,184.66,0.5782,-1,-1,-1
614,54,358.54,285.54,67.32,197.69,0.6760,-1,-1,-1
614,46,807.01,138.60,57.69,179.54,0.3854,-1,-1,-1
614,45,319.64,952.58,96.12,127.42,0.7285,-1,-1,-1
614,41,1186.56,910.77,80.26,169.23,0.4906,-1,-1,-1
614,29,1107.13,896.78,83.12,183.22,0.5913,-1,-1,-1
614,25,254.24,1020.24,74.64,59.76,0.3781,-1,-1,-1
614,4,1712.24,453.00,83.20,213.34,0.7400,-1,-1,-1
614,3,987.63,945.96,64.52,134.04,0.6450,-1,-1,-1
615,63,577.06,548.40,99.04,235.18,0.6234,-1,-1,-1
615,60,1562.08,606.69,109.66,223.04,0.4943,-1,-1,-1
615,58,1631.87,210.24,69.65,184.59,0.5846,-1,-1,-1
615,54,357.19,286.56,67.75,197.89,0.6712,-1,-1,-1
615,46,806.15,142.25,58.16,177.39,0.3922,-1,-1,-1
615,45,319.91,955.78,94.37,124.22,0.7235,-1,-1,-1
615,41,1190.43,914.24,79.26,165.76,0.4067,-1,-1,-1
615,29,1106.79,898.48,81.84,181.52,0.5788,-1,-1,-1
615,25,251.35,1024.10,71.41,55.90,0.3560,-1,-1,-1
615,4,1712.40,452.28,82.89,215.37,0.7523,-1,-1,-1
615,3,987.17,945.90,63.84,134.10,0.6479,-1,-1,-1
616,63,577.94,547.18,94.63,231.69,0.5548,-1,-1,-1
616,60,1561.26,605.43,111.11,224.38,0.5195,-1,-1,-1
616,58,1630.60,210.08,70.49,183.26,0.5463,-1,-1,-1
616,54,355.73,286.99,69.57,197.24,0.6786,-1,-1,-1
616,46,805.66,143.32,58.79,176.62,0.3829,-1,-1,-1
616,45,320.25,958.68,93.71,121.32,0.7304,-1,-1,-1
616,41,1196.50,915.67,76.94,164.00,0.4821,-1,-1,-1
616,29,1108.97,901.41,83.83,178.59,0.6107,-1,-1,-1
616,25,255.99,1022.88,69.43,57.12,0.3791,-1,-1,-1
616,4,1713.35,452.19,82.10,216.19,0.7282,-1,-1,-1
616,3,984.95,947.20,64.18,132.80,0.6756,-1,-1,-1
617,63,578.69,545.00,72.91,232.14,0.4812,-1,-1,-1
617,60,1560.45,600.85,112.93,228.50,0.5699,-1,-1,-1
617,58,1629.26,209.23,71.63,186.07,0.5325,-1,-1,-1
617,54,355.17,290.75,67.70,195.60,0.6572,-1,-1,-1
617,46,806.43,144.43,58.26,176.34,0.3680,-1,-1,-1
617,45,320.90,960.59,94.29,119.41,0.7207,-1,-1,-1
617,41,1193.78,918.36,79.33,161.64,0.3866,-1,-1,-1
617,29,1109.71,903.00,81.07,177.00,0.6094,-1,-1,-1
617,25,253.70,1025.85,67.45,54.15,0.3569,-1,-1,-1
617,4,1713.36,452.87,82.30,214.46,0.7014,-1,-1,-1
617,3,982.35,945.50,65.75,134.50,0.6921,-1,-1,-1
618,63,574.74,541.01,71.60,235.28,0.5767,-1,-1,-1
618,60,1562.47,603.53,109.51,225.54,0.4444,-1,-1,-1
618,58,1627.20,209.10,73.33,185.90,0.4843,-1,-1,-1
618,54,354.43,291.79,67.64,195.64,0.6649,-1,-1,-1
618,46,806.10,145.14,58.27,174.56,0.3665,-1,-1,-1
618,45,320.19,963.31,95.26,116.69,0.7010,-1,-1,-1
618,41,1192.75,920.34,80.43,159.66,0.4311,-1,-1,-1
618,29,1111.79,907.27,78.29,172.73,0.6349,-1,-1,-1
618,25,254.58,1026.88,64.58,53.12,0.3309,-1,-1,-1
618,4,1714.70,453.62,80.15,211.69,0.6878,-1,-1,-1
618,3,981.11,944.90,65.73,135.10,0.6971,-1,-1,-1
619,63,572.35,540.89,70.53,237.38,0.6149,-1,-1,-1
619,60,1560.61,610.03,110.46,220.03,0.3766,-1,-1,-1
619,58,1624.24,208.32,76.36,190.28,0.4458,-1,-1,-1
619,54,353.00,294.76,67.40,195.45,0.6102,-1,-1,-1
619,46,807.29,146.08,56.99,172.63,0.3631,-1,-1,-1
619,45,320.55,965.95,95.62,114.05,0.6981,-1,-1,-1
619,41,1193.23,921.89,83.29,157.69,0.5310,-1,-1,-1
619,29,1112.02,911.24,79.20,168.76,0.6639,-1,-1,-1
619,25,255.31,1028.15,59.53,51.85,0.3195,-1,-1,-1
619,4,1715.11,452.62,79.78,213.93,0.6913,-1,-1,-1
619,3,977.93,943.52,66.08,136.48,0.7036,-1,-1,-1
620,63,570.95,539.41,73.08,237.56,0.6439,-1,-1,-1
620,60,1563.68,605.78,107.53,224.14,0.4069,-1,-1,-1
620,58,1622.89,208.81,77.83,187.28,0.4151,-1,-1,-1
620,54,353.65,294.43,65.73,197.45,0.5667,-1,-1,-1
620,46,806.96,145.37,59.94,172.37,0.3251,-1,-1,-1
620,45,321.35,968.80,96.30,110.56,0.6984,-1,-1,-1
620,41,1191.63,922.11,85.83,157.78,0.5654,-1,-1,-1
620,29,1113.04,914.18,77.19,165.82,0.6598,-1,-1,-1
620,25,258.11,1027.61,53.66,51.74,0.3048,-1,-1,-1
620,4,1715.31,453.31,79.75,212.08,0.6928,-1,-1,-1
620,3,975.28,943.44,66.44,136.56,0.6942,-1,-1,-1
621,63,569.56,538.28,69.09,237.74,0.6566,-1,-1,-1
621,60,1562.57,607.95,108.74,221.24,0.4362,-1,-1,-1
621,58,1621.61,209.96,77.77,183.43,0.4494,-1,-1,-1
621,54,351.78,293.74,67.06,197.85,0.6335,-1,-1,-1
621,46,805.81,145.62,59.22,173.45,0.3377,-1,-1,-1
621,45,320.68,971.95,98.07,107.31,0.6487,-1,-1,-1
621,41,1192.00,923.81,85.88,155.54,0.4723,-1,-1,-1
621,29,1113.14,915.95,75.29,164.02,0.6781,-1,-1,-1
621,25,258.87,1030.16,53.31,49.66,0.3094,-1,-1,-1
621,4,1715.39,452.06,79.51,213.31,0.7084,-1,-1,-1
621,3,973.43,943.07,66.16,136.93,0.6659,-1,-1,-1
622,63,566.28,537.30,62.30,238.33,0.7016,-1,-1,-1
622,60,1562.75,610.87,108.38,218.02,0.3877,-1,-1,-1
622,58,1621.77,210.13,77.87,182.36,0.4798,-1,-1,-1
622,54,351.07,294.23,66.86,197.54,0.5798,-1,-1,-1
622,46,806.85,143.98,59.82,175.20,0.3439,-1,-1,-1
622,45,321.21,975.20,97.28,104.54,0.6335,-1,-1,-1
622,41,1193.70,924.59,84.47,154.22,0.3598,-1,-1,-1
622,29,1113.98,917.37,73.21,162.29,0.6790,-1,-1,-1
622,25,259.30,1037.43,53.52,42.57,0.3253,-1,-1,-1
622,4,1717.02,452.24,77.58,212.38,0.6977,-1,-1,-1
622,3,971.17,942.96,64.53,137.04,0.6660,-1,-1,-1
623,63,562.24,538.23,61.12,243.04,0.6762,-1,-1,-1
623,60,1561.72,613.05,108.89,216.50,0.3152,-1,-1,-1
623,58,1621.77,210.37,76.37,181.63,0.4723,-1,-1,-1
623,54,347.66,293.25,67.65,197.64,0.5878,-1,-1,-1
623,46,806.62,146.18,57.86,173.52,0.3250,-1,-1,-1
623,45,322.01,979.24,95.35,100.76,0.6840,-1,-1,-1
623,41,1193.93,925.92,89.30,152.53,0.3888,-1,-1,-1
623,29,1114.53,918.57,76.31,160.77,0.6545,-1,-1,-1
623,25,260.66,1040.38,49.38,39.32,0.3110,-1,-1,-1
623,4,1717.93,452.50,77.02,212.63,0.6935,-1,-1,-1
623,3,969.19,943.72,63.96,136.28,0.6761,-1,-1,-1
624,63,559.62,537.46,62.34,242.25,0.6919,-1,-1,-1
624,60,1561.61,609.57,110.10,219.91,0.4427,-1,-1,-1
624,58,1622.50,208.38,75.75,182.48,0.4558,-1,-1,-1
624,54,345.44,294.19,69.51,196.43,0.5785,-1,-1,-1
624,46,806.60,143.64,59.43,175.79,0.3645,-1,-1,-1
624,45,323.60,982.08,93.47,97.92,0.6977,-1,-1,-1
624,41,1195.29,927.39,88.81,150.54,0.4411,-1,-1,-1
624,29,1114.39,920.02,76.45,159.98,0.6740,-1,-1,-1
624,4,1718.02,452.05,77.06,213.16,0.6891,-1,-1,-1
624,3,963.93,942.15,65.73,137.85,0.6751,-1,-1,-1
625,63,553.96,537.89,64.18,241.93,0.7065,-1,-1,-1
625,60,1562.27,607.34,108.87,222.16,0.3744,-1,-1,-1
625,58,1622.95,207.87,73.83,185.43,0.4251,-1,-1,-1
625,54,345.77,293.92,68.12,196.57,0.5616,-1,-1,-1
625,46,807.22,143.31,58.68,175.54,0.3862,-1,-1,-1
625,45,323.63,984.91,92.98,95.09,0.6973,-1,-1,-1
625,41,1196.83,931.64,86.83,146.41,0.5396,-1,-1,-1
625,29,1115.35,921.93,76.45,158.07,0.6685,-1,-1,-1
625,4,1718.20,452.29,77.84,214.71,0.6915,-1,-1,-1
625,3,962.03,938.57,65.01,141.43,0.6794,-1,-1,-1
626,63,545.83,538.72,69.47,240.19,0.6980,-1,-1,-1
626,60,1562.38,605.66,108.53,223.92,0.4676,-1,-1,-1
626,58,1623.57,205.42,73.44,180.65,0.4388,-1,-1,-1
626,54,343.53,294.51,68.82,196.62,0.6188,-1,-1,-1
626,46,805.70,142.50,60.19,177.11,0.3895,-1,-1,-1
626,45,323.56,987.92,93.74,92.08,0.6837,-1,-1,-1
626,41,1196.01,932.11,88.23,146.52,0.4685,-1,-1,-1
626,29,1114.65,921.24,78.98,158.76,0.6546,-1,-1,-1
626,4,1718.52,451.90,77.42,213.86,0.6842,-1,-1,-1
626,3,958.25,938.20,65.93,141.80,0.6710,-1,-1,-1
627,63,524.24,539.36,92.95,241.77,0.6546,-1,-1,-1
627,60,1561.97,604.52,107.89,224.88,0.3559,-1,-1,-1
627,58,1626.71,206.05,69.04,182.10,0.4339,-1,-1,-1
627,54,343.16,295.52,69.10,195.58,0.6238,-1,-1,-1
627,46,806.39,142.39,59.25,175.98,0.3768,-1,-1,-1
627,45,325.19,990.91,93.42,89.09,0.6585,-1,-1,-1
627,41,1192.82,933.62,92.99,144.97,0.6068,-1,-1,-1
627,29,1115.77,923.02,77.71,156.98,0.6883,-1,-1,-1
627,4,1718.41,453.30,77.95,213.31,0.6828,-1,-1,-1
627,3,958.52,937.26,63.33,142.74,0.6849,-1,-1,-1
628,63,510.34,538.76,106.45,240.83,0.7207,-1,-1,-1
628,60,1563.80,603.63,106.31,225.47,0.3661,-1,-1,-1
628,58,1626.49,200.95,69.17,189.60,0.3919,-1,-1,-1
628,54,342.71,295.40,68.93,195.87,0.6479,-1,-1,-1
628,46,806.98,142.63,59.00,174.94,0.3741,-1,-1,-1
628,45,324.98,991.77,94.44,88.23,0.6304,-1,-1,-1
628,41,1195.73,934.59,90.70,144.65,0.5781,-1,-1,-1
628,29,1114.79,924.06,81.03,155.94,0.6672,-1,-1,-1
628,4,1718.06,451.70,76.84,216.09,0.6621,-1,-1,-1
628,3,956.29,935.95,61.79,144.05,0.6828,-1,-1,-1
629,63,503.12,538.04,114.02,240.01,0.7400,-1,-1,-1
629,60,1564.24,600.64,106.42,228.73,0.4912,-1,-1,-1
629,58,1626.18,202.76,70.47,187.06,0.4385,-1,-1,-1
629,54,342.86,296.57,68.23,195.35,0.6597,-1,-1,-1
629,46,806.61,142.68,57.89,175.89,0.3713,-1,-1,-1
629,45,324.35,994.71,95.05,85.29,0.6706,-1,-1,-1
629,41,1193.88,936.23,96.12,143.59,0.6305,-1,-1,-1
629,29,1114.81,924.38,82.40,155.62,0.7073,-1,-1,-1
629,4,1718.71,451.55,76.96,215.90,0.6913,-1,-1,-1
629,3,954.03,934.60,61.72,145.40,0.6796,-1,-1,-1
630,64,1444.22,1004.74,74.25,74.79,0.3652,-1,-1,-1
630,63,499.48,537.94,115.96,238.41,0.7698,-1,-1,-1
630,60,1564.13,605.17,106.06,223.44,0.4069,-1,-1,-1
630,58,1626.38,200.92,69.01,186.32,0.5137,-1,-1,-1
630,54,341.06,296.63,69.25,197.61,0.6676,-1,-1,-1
630,46,808.92,143.20,55.33,174.50,0.4160,-1,-1,-1
630,45,323.96,997.84,96.31,82.16,0.6843,-1,-1,-1
630,41,1195.10,940.69,95.56,138.51,0.5785,-1,-1,-1
630,29,1114.76,926.19,84.71,153.81,0.7034,-1,-1,-1
630,4,1717.44,450.64,79.23,215.58,0.6904,-1,-1,-1
630,3,952.92,933.26,59.56,146.74,0.6849,-1,-1,-1
631,64,1439.93,1000.97,76.80,77.57,0.3643,-1,-1,-1
631,63,499.42,539.80,116.13,236.30,0.7585,-1,-1,-1
631,60,1563.09,603.37,107.60,224.73,0.4547,-1,-1,-1
631,58,1626.92,199.55,68.59,182.54,0.5342,-1,-1,-1
631,54,340.45,297.98,69.70,201.27,0.6773,-1,-1,-1
631,46,808.37,142.55,56.16,173.11,0.3792,-1,-1,-1
631,45,324.36,998.30,96.33,81.70,0.6658,-1,-1,-1
631,41,1197.53,942.98,91.96,134.78,0.5439,-1,-1,-1
631,29,1115.14,927.72,87.22,152.28,0.6888,-1,-1,-1
631,4,1717.25,451.00,78.86,217.00,0.6824,-1,-1,-1
631,3,950.54,931.87,59.59,147.73,0.6879,-1,-1,-1
632,65,1512.08,978.64,94.20,98.74,0.3799,-1,-1,-1
632,64,1437.44,994.10,76.40,84.60,0.3548,-1,-1,-1
632,63,493.63,540.28,122.53,237.28,0.7760,-1,-1,-1
632,60,1563.46,608.08,106.56,220.58,0.3836,-1,-1,-1
632,58,1627.32,196.23,67.79,181.24,0.5563,-1,-1,-1
632,54,339.68,298.04,69.49,204.39,0.6922,-1,-1,-1
632,46,806.55,144.13,57.91,173.19,0.4202,-1,-1,-1
632,45,323.50,1001.25,97.69,78.75,0.6477,-1,-1,-1
632,41,1198.20,944.43,89.92,132.69,0.5040,-1,-1,-1
632,29,1114.75,930.84,94.07,148.67,0.7012,-1,-1,-1
632,4,1716.93,451.69,80.36,216.03,0.7065,-1,-1,-1
632,3,948.66,930.49,59.72,149.51,0.7065,-1,-1,-1
633,65,1507.20,975.09,97.34,102.98,0.4561,-1,-1,-1
633,64,1436.42,988.35,75.32,91.62,0.3082,-1,-1,-1
633,63,493.43,540.19,120.12,236.85,0.7857,-1,-1,-1
633,60,1565.19,602.16,107.58,224.53,0.4567,-1,-1,-1
633,58,1628.01,194.05,65.51,182.45,0.5706,-1,-1,-1
633,54,339.73,299.15,68.42,204.61,0.6827,-1,-1,-1
633,46,805.31,144.72,59.04,173.58,0.3769,-1,-1,-1
633,45,325.27,1001.54,95.66,77.95,0.6305,-1,-1,-1
633,41,1202.28,948.45,84.57,127.81,0.3319,-1,-1,-1
633,29,1115.26,934.29,97.63,144.81,0.6815,-1,-1,-1
633,4,1717.64,451.10,79.62,215.91,0.7134,-1,-1,-1
633,3,947.15,929.52,59.46,150.48,0.6643,-1,-1,-1
634,65,1502.21,971.36,98.53,107.54,0.3793,-1,-1,-1
634,63,493.49,540.10,120.87,236.85,0.7749,-1,-1,-1
634,60,1562.60,600.86,108.18,228.45,0.4650,-1,-1,-1
634,58,1628.05,192.35,65.26,183.26,0.5690,-1,-1,-1
634,54,339.32,300.06,68.47,205.20,0.7077,-1,-1,-1
634,46,807.07,145.06,57.35,173.32,0.3950,-1,-1,-1
634,45,324.92,1004.42,96.26,74.59,0.6331,-1,-1,-1
634,41,1204.84,951.33,80.23,125.73,0.3175,-1,-1,-1
634,29,1114.18,938.54,99.66,140.65,0.7034,-1,-1,-1
634,4,1716.74,450.04,80.62,215.77,0.7251,-1,-1,-1
634,3,945.77,928.53,58.93,151.33,0.6844,-1,-1,-1
635,65,1500.99,967.66,95.34,111.32,0.4734,-1,-1,-1
635,63,492.88,538.25,121.06,239.09,0.7706,-1,-1,-1
635,60,1562.78,604.99,107.16,224.61,0.3776,-1,-1,-1
635,58,1626.47,192.15,65.65,182.64,0.5665,-1,-1,-1
635,54,339.61,302.71,66.97,205.07,0.7039,-1,-1,-1
635,46,806.59,144.89,57.99,173.28,0.4201,-1,-1,-1
635,45,325.34,1007.50,95.36,71.39,0.6349,-1,-1,-1
635,41,1202.31,954.88,81.77,123.22,0.3275,-1,-1,-1
635,29,1113.50,940.38,101.86,139.38,0.6974,-1,-1,-1
635,4,1716.49,450.69,80.73,215.04,0.7383,-1,-1,-1
635,3,940.79,928.58,62.42,151.42,0.6760,-1,-1,-1
636,65,1497.25,963.20,97.57,116.80,0.5061,-1,-1,-1
636,64,1426.60,979.18,79.06,100.82,0.4346,-1,-1,-1
636,63,495.21,538.88,114.64,237.54,0.7661,-1,-1,-1
636,60,1562.11,605.63,108.55,223.97,0.3686,-1,-1,-1
636,58,1625.95,190.61,65.20,183.72,0.5488,-1,-1,-1
636,54,338.66,306.40,68.40,203.95,0.7111,-1,-1,-1
636,46,807.06,145.57,57.06,174.15,0.3971,-1,-1,-1
636,45,326.93,1010.73,92.11,68.57,0.6310,-1,-1,-1
636,41,1200.85,956.85,81.76,121.90,0.4316,-1,-1,-1
636,29,1113.40,943.39,102.62,136.61,0.6897,-1,-1,-1
636,4,1716.20,451.09,81.43,215.67,0.7288,-1,-1,-1
636,3,940.78,929.00,59.54,150.50,0.6554,-1,-1,-1
637,65,1495.93,958.56,93.39,120.03,0.5610,-1,-1,-1
637,64,1425.55,978.71,77.86,101.29,0.3235,-1,-1,-1
637,63,497.02,538.88,112.58,236.53,0.7360,-1,-1,-1
637,58,1625.13,189.64,64.82,184.71,0.5964,-1,-1,-1
637,54,339.33,307.80,67.85,203.79,0.7040,-1,-1,-1
637,46,806.77,145.02,57.73,175.43,0.4155,-1,-1,-1
637,45,328.18,1014.63,90.07,65.37,0.6051,-1,-1,-1
637,41,1202.15,957.01,79.18,121.25,0.4507,-1,-1,-1
637,29,1113.47,947.08,105.68,132.92,0.6872,-1,-1,-1
637,4,1716.49,450.65,81.09,216.60,0.7386,-1,-1,-1
637,3,937.53,929.02,61.59,149.54,0.6502,-1,-1,-1
638,66,207.54,255.01,62.85,172.94,0.3479,-1,-1,-1
638,65,1495.59,956.41,93.58,121.93,0.5613,-1,-1,-1
638,64,1421.92,978.54,75.92,101.46,0.5275,-1,-1,-1
638,63,497.65,539.41,101.92,236.24,0.7293,-1,-1,-1
638,58,1625.12,191.20,63.49,182.32,0.5917,-1,-1,-1
638,54,338.90,308.84,68.19,205.77,0.7074,-1,-1,-1
638,46,806.73,145.04,57.97,174.74,0.4126,-1,-1,-1
638,45,329.13,1019.96,87.03,60.04,0.5722,-1,-1,-1
638,41,1201.38,959.91,75.76,119.53,0.3872,-1,-1,-1
638,29,1114.19,949.64,108.42,130.36,0.6372,-1,-1,-1
638,4,1716.90,451.07,79.74,215.29,0.7214,-1,-1,-1
638,3,937.00,929.22,60.22,150.15,0.6523,-1,-1,-1
639,66,208.51,250.06,62.27,175.05,0.3376,-1,-1,-1
639,65,1492.64,952.25,95.35,126.57,0.4894,-1,-1,-1
639,64,1417.62,978.95,77.50,101.05,0.5720,-1,-1,-1
639,63,499.79,540.06,94.15,235.59,0.7100,-1,-1,-1
639,58,1624.85,191.18,63.13,182.15,0.6118,-1,-1,-1
639,54,338.87,309.79,67.65,205.83,0.7234,-1,-1,-1
639,46,806.11,143.52,58.39,176.94,0.4030,-1,-1,-1
639,45,331.20,1024.49,81.86,55.51,0.5290,-1,-1,-1
639,41,1200.85,961.41,73.94,118.59,0.3352,-1,-1,-1
639,29,1115.61,951.43,114.50,128.57,0.5282,-1,-1,-1
639,4,1717.11,451.96,79.64,216.01,0.7479,-1,-1,-1
639,3,934.15,928.49,60.53,151.17,0.6439,-1,-1,-1
640,66,209.16,247.79,60.96,177.72,0.3806,-1,-1,-1
640,65,1490.92,950.70,95.82,128.29,0.4893,-1,-1,-1
640,64,1414.32,977.41,78.07,102.59,0.5615,-1,-1,-1
640,63,500.35,539.83,86.33,236.26,0.7166,-1,-1,-1
640,60,1564.59,607.06,107.72,220.07,0.3068,-1,-1,-1
640,58,1625.58,191.41,61.00,182.06,0.6058,-1,-1,-1
640,54,338.60,310.19,68.79,206.67,0.7183,-1,-1,-1
640,46,806.61,144.69,58.21,175.91,0.4137,-1,-1,-1
640,45,334.13,1028.05,71.00,51.95,0.4231,-1,-1,-1
640,41,1197.84,962.76,75.91,117.24,0.3441,-1,-1,-1
640,29,1117.27,954.14,106.62,125.86,0.5273,-1,-1,-1
640,4,1716.34,452.01,80.50,214.86,0.7387,-1,-1,-1
640,3,931.71,928.26,61.71,151.74,0.6263,-1,-1,-1
641,66,210.18,249.68,61.34,174.94,0.3862,-1,-1,-1
641,65,1485.22,948.67,99.49,129.79,0.5458,-1,-1,-1
641,64,1412.39,975.07,77.63,104.93,0.5778,-1,-1,-1
641,63,499.80,539.41,81.33,236.25,0.7124,-1,-1,-1
641,60,1564.77,603.76,108.35,223.49,0.3198,-1,-1,-1
641,58,1624.65,188.92,61.44,182.32,0.5626,-1,-1,-1
641,54,338.01,311.32,68.69,204.45,0.7134,-1,-1,-1
641,46,806.27,143.82,58.78,176.45,0.4100,-1,-1,-1
641,41,1196.66,961.88,76.50,117.59,0.4449,-1,-1,-1
641,29,1119.50,956.21,96.47,123.79,0.6075,-1,-1,-1
641,4,1716.22,452.22,81.06,214.01,0.7378,-1,-1,-1
641,3,930.21,927.87,62.09,151.98,0.6147,-1,-1,-1
642,66,212.04,241.73,57.73,182.43,0.3441,-1,-1,-1
642,65,1485.22,946.50,94.89,132.12,0.5385,-1,-1,-1
642,64,1410.65,972.33,75.83,107.67,0.6042,-1,-1,-1
642,63,495.75,538.80,76.17,238.02,0.7326,-1,-1,-1
642,58,1625.51,190.56,58.80,179.53,0.5612,-1,-1,-1
642,54,338.15,311.22,69.17,204.56,0.7162,-1,-1,-1
642,46,805.88,145.12,59.26,175.12,0.4088,-1,-1,-1
642,45,344.93,1034.28,41.70,45.72,0.3240,-1,-1,-1
642,41,1193.21,964.13,79.63,115.87,0.5282,-1,-1,-1
642,29,1122.73,957.46,87.30,122.54,0.6291,-1,-1,-1
642,4,1716.26,452.68,80.31,214.45,0.7294,-1,-1,-1
642,3,926.78,927.71,62.53,152.29,0.6153,-1,-1,-1
643,65,1482.42,944.57,93.76,133.34,0.6202,-1,-1,-1
643,64,1406.87,969.63,78.75,110.37,0.6171,-1,-1,-1
643,63,491.10,539.07,69.85,236.11,0.7055,-1,-1,-1
643,58,1624.16,189.87,58.88,183.44,0.5622,-1,-1,-1
643,54,338.03,312.47,69.24,203.19,0.6934,-1,-1,-1
643,46,805.93,145.54,59.07,174.94,0.4266,-1,-1,-1
643,41,1194.07,966.47,77.91,113.12,0.3805,-1,-1,-1
643,29,1124.04,958.48,83.70,121.52,0.5928,-1,-1,-1
643,4,1715.38,454.17,81.05,213.05,0.7248,-1,-1,-1
643,3,925.66,927.54,61.87,151.37,0.6340,-1,-1,-1
644,65,1479.70,944.34,94.35,134.00,0.5813,-1,-1,-1
644,64,1403.00,965.79,80.25,114.21,0.6073,-1,-1,-1
644,63,484.24,539.43,66.22,237.64,0.7517,-1,-1,-1
644,58,1623.95,188.72,57.58,179.75,0.6121,-1,-1,-1
644,54,337.04,313.31,70.44,202.00,0.7101,-1,-1,-1
644,46,805.94,145.69,58.87,176.00,0.4295,-1,-1,-1
644,41,1198.16,966.20,73.84,113.80,0.3692,-1,-1,-1
644,29,1122.84,959.70,86.11,120.30,0.5938,-1,-1,-1
644,4,1715.26,452.33,81.34,214.09,0.7200,-1,-1,-1
644,3,923.66,928.44,61.39,151.12,0.6790,-1,-1,-1
645,65,1474.31,943.83,96.64,135.04,0.5267,-1,-1,-1
645,64,1400.25,963.20,79.37,116.80,0.6027,-1,-1,-1
645,63,475.91,539.98,70.15,238.56,0.7676,-1,-1,-1
645,58,1623.28,188.18,57.20,178.66,0.6223,-1,-1,-1
645,54,337.31,314.85,70.15,199.75,0.6924,-1,-1,-1
645,46,805.83,145.55,58.92,175.43,0.4718,-1,-1,-1
645,29,1121.64,960.62,91.55,119.38,0.4906,-1,-1,-1
645,4,1715.92,452.86,81.00,213.92,0.7229,-1,-1,-1
645,3,921.55,928.88,62.35,150.36,0.6906,-1,-1,-1
646,65,1468.95,941.98,98.14,136.92,0.4550,-1,-1,-1
646,64,1394.16,958.89,83.63,121.11,0.6705,-1,-1,-1
646,63,469.15,538.68,75.74,239.47,0.7732,-1,-1,-1
646,60,1562.19,605.56,107.53,224.58,0.3774,-1,-1,-1
646,58,1622.39,186.08,58.28,178.35,0.6405,-1,-1,-1
646,54,336.55,317.53,70.41,197.74,0.7010,-1,-1,-1
646,46,806.53,145.75,58.24,174.22,0.4739,-1,-1,-1
646,41,1195.95,969.48,75.42,110.52,0.4398,-1,-1,-1
646,29,1124.69,962.27,78.76,117.73,0.5773,-1,-1,-1
646,4,1715.33,454.23,81.86,213.14,0.7332,-1,-1,-1
646,3,919.37,928.40,62.82,150.70,0.6762,-1,-1,-1
647,65,1468.43,939.86,93.30,140.14,0.5775,-1,-1,-1
647,64,1388.81,954.65,88.60,124.98,0.7061,-1,-1,-1
647,63,466.56,538.31,76.30,239.53,0.7619,-1,-1,-1
647,60,1562.09,613.17,108.09,217.43,0.3846,-1,-1,-1
647,58,1622.02,183.78,58.94,181.89,0.6471,-1,-1,-1
647,54,335.90,320.38,69.58,196.82,0.7115,-1,-1,-1
647,46,806.62,145.72,58.05,173.84,0.4338,-1,-1,-1
647,41,1198.21,972.28,72.98,107.72,0.3710,-1,-1,-1
647,29,1125.85,963.43,73.95,116.57,0.5147,-1,-1,-1
647,4,1715.49,452.99,82.17,214.23,0.7302,-1,-1,-1
647,3,913.89,928.69,66.12,149.83,0.6718,-1,-1,-1
648,65,1467.28,937.64,91.25,141.05,0.6301,-1,-1,-1
648,64,1386.72,951.73,88.88,127.50,0.7037,-1,-1,-1
648,63,461.82,537.76,79.18,239.58,0.7499,-1,-1,-1
648,60,1563.17,606.58,106.68,223.06,0.3636,-1,-1,-1
648,58,1620.42,182.35,59.80,176.23,0.6567,-1,-1,-1
648,54,336.17,320.31,68.41,198.31,0.7189,-1,-1,-1
648,46,806.53,145.65,57.90,173.81,0.4485,-1,-1,-1
648,41,1198.49,976.26,71.93,103.74,0.4518,-1,-1,-1
648,29,1125.09,965.81,76.99,114.19,0.5521,-1,-1,-1
648,4,1716.40,453.03,80.71,212.66,0.7300,-1,-1,-1
648,3,910.63,929.52,69.27,149.09,0.6892,-1,-1,-1
649,65,1461.47,932.99,95.07,144.55,0.6274,-1,-1,-1
649,64,1383.21,950.90,88.58,127.68,0.6953,-1,-1,-1
649,63,459.58,538.84,79.75,237.53,0.7665,-1,-1,-1
649,58,1619.02,181.27,61.07,178.60,0.6595,-1,-1,-1
649,54,335.01,321.21,68.25,200.67,0.7241,-1,-1,-1
649,46,806.44,145.25,58.37,174.15,0.4677,-1,-1,-1
649,41,1195.94,977.96,73.76,102.04,0.4520,-1,-1,-1
649,29,1124.40,968.19,80.45,111.81,0.5285,-1,-1,-1
649,4,1716.78,453.74,82.84,213.37,0.7300,-1,-1,-1
649,3,906.45,929.68,70.63,149.00,0.7042,-1,-1,-1
650,65,1455.62,929.19,96.61,148.91,0.6492,-1,-1,-1
650,64,1378.45,947.41,87.44,131.06,0.7016,-1,-1,-1
650,63,455.32,536.81,82.34,239.03,0.7775,-1,-1,-1
650,60,1562.63,605.46,110.38,222.75,0.3271,-1,-1,-1
650,58,1618.23,179.96,62.23,179.54,0.6244,-1,-1,-1
650,54,334.98,322.47,66.87,204.82,0.7115,-1,-1,-1
650,46,806.25,144.16,58.26,176.43,0.4638,-1,-1,-1
650,41,1193.51,982.17,75.76,97.83,0.4099,-1,-1,-1
650,29,1125.75,971.26,73.45,108.19,0.4842,-1,-1,-1
650,4,1717.50,453.32,79.81,212.82,0.7358,-1,-1,-1
650,3,904.23,931.86,70.86,146.73,0.7192,-1,-1,-1
651,65,1456.60,927.18,93.41,152.35,0.6642,-1,-1,-1
651,64,1371.16,946.06,90.32,132.73,0.6956,-1,-1,-1
651,63,454.37,537.19,82.48,238.53,0.7802,-1,-1,-1
651,60,1561.05,602.51,112.48,225.63,0.3183,-1,-1,-1
651,58,1616.79,177.34,64.11,178.09,0.6217,-1,-1,-1
651,54,333.86,323.06,67.40,205.35,0.7222,-1,-1,-1
651,46,805.34,143.40,59.39,177.47,0.4501,-1,-1,-1
651,41,1193.20,983.09,75.31,96.91,0.4304,-1,-1,-1
651,29,1124.79,972.65,79.12,107.35,0.5221,-1,-1,-1
651,4,1717.45,453.79,80.23,212.41,0.7262,-1,-1,-1
651,3,902.31,931.28,71.33,147.80,0.7264,-1,-1,-1
652,65,1455.31,923.48,91.46,155.03,0.6132,-1,-1,-1
652,64,1368.16,943.95,91.81,134.79,0.6665,-1,-1,-1
652,63,452.60,536.65,83.86,238.56,0.7725,-1,-1,-1
652,60,1560.74,601.74,108.90,227.91,0.3287,-1,-1,-1
652,58,1616.38,174.72,64.13,178.85,0.6510,-1,-1,-1
652,54,333.45,325.62,66.60,205.39,0.7090,-1,-1,-1
652,46,807.71,144.16,57.50,175.68,0.4759,-1,-1,-1
652,41,1185.82,987.77,80.60,92.23,0.4591,-1,-1,-1
652,29,1125.90,976.01,66.16,103.99,0.4874,-1,-1,-1
652,4,1717.40,453.78,79.01,212.43,0.7171,-1,-1,-1
652,3,900.43,930.82,70.81,147.12,0.6997,-1,-1,-1
653,65,1450.78,916.98,92.32,162.42,0.6484,-1,-1,-1
653,64,1365.12,941.90,92.30,136.32,0.7052,-1,-1,-1
653,63,450.87,536.58,85.87,238.16,0.7784,-1,-1,-1
653,60,1561.00,597.63,111.52,230.28,0.3987,-1,-1,-1
653,58,1615.79,174.89,65.48,175.10,0.6819,-1,-1,-1
653,54,333.75,327.20,65.22,205.44,0.7245,-1,-1,-1
653,46,806.24,145.24,58.28,175.00,0.5210,-1,-1,-1
653,41,1190.96,989.09,76.27,89.88,0.5711,-1,-1,-1
653,29,1123.99,980.43,72.87,99.29,0.5599,-1,-1,-1
653,4,1718.45,452.91,78.99,213.29,0.7314,-1,-1,-1
653,3,899.06,931.77,68.51,145.84,0.6970,-1,-1,-1
654,65,1449.32,914.65,91.32,164.85,0.6315,-1,-1,-1
654,64,1361.19,940.33,91.71,136.54,0.6924,-1,-1,-1
654,63,452.86,536.31,84.34,238.55,0.7813,-1,-1,-1
654,60,1561.08,598.13,111.18,229.50,0.4418,-1,-1,-1
654,58,1614.91,173.84,66.98,177.44,0.6421,-1,-1,-1
654,54,334.20,328.80,63.50,206.22,0.7105,-1,-1,-1
654,46,806.67,145.36,57.99,173.37,0.5031,-1,-1,-1
654,41,1196.62,991.51,70.83,86.61,0.5471,-1,-1,-1
654,29,1123.54,983.21,68.68,96.17,0.5158,-1,-1,-1
654,4,1718.93,452.68,78.85,212.82,0.7316,-1,-1,-1
654,3,899.01,932.49,64.57,145.27,0.6881,-1,-1,-1
655,65,1445.53,915.48,91.85,164.52,0.6456,-1,-1,-1
655,64,1359.98,938.51,91.54,138.96,0.6731,-1,-1,-1
655,63,453.29,536.21,82.37,238.63,0.7840,-1,-1,-1
655,60,1562.82,599.14,110.07,229.54,0.4130,-1,-1,-1
655,58,1614.33,167.90,68.50,183.00,0.5920,-1,-1,-1
655,54,333.16,330.49,63.67,204.62,0.6950,-1,-1,-1
655,46,806.32,144.43,58.54,175.47,0.4859,-1,-1,-1
655,41,1200.59,993.77,68.78,84.23,0.5788,-1,-1,-1
655,29,1122.55,986.23,78.05,93.15,0.5832,-1,-1,-1
655,4,1718.35,452.54,79.08,213.45,0.7276,-1,-1,-1
655,3,895.05,932.19,65.82,145.35,0.6859,-1,-1,-1
656,65,1440.10,911.14,95.22,168.68,0.6134,-1,-1,-1
656,64,1359.12,935.99,91.09,141.48,0.6797,-1,-1,-1
656,63,455.17,534.73,79.94,239.79,0.7881,-1,-1,-1
656,60,1560.86,595.07,110.38,232.63,0.3194,-1,-1,-1
656,58,1613.71,166.73,69.37,181.50,0.5936,-1,-1,-1
656,54,331.61,331.58,65.15,206.26,0.6912,-1,-1,-1
656,46,807.62,144.85,56.92,175.13,0.4742,-1,-1,-1
656,41,1200.39,995.07,70.60,83.39,0.5795,-1,-1,-1
656,29,1122.64,988.30,72.09,90.09,0.5592,-1,-1,-1
656,4,1718.78,452.09,78.39,214.25,0.7408,-1,-1,-1
656,3,891.46,932.44,66.95,144.92,0.7028,-1,-1,-1
657,65,1434.29,907.69,97.75,171.30,0.6414,-1,-1,-1
657,64,1359.55,932.94,89.84,145.02,0.6722,-1,-1,-1
657,63,455.51,535.15,78.70,239.66,0.7761,-1,-1,-1
657,60,1562.73,593.20,110.12,234.08,0.3849,-1,-1,-1
657,58,1612.39,168.97,71.47,177.35,0.6008,-1,-1,-1
657,54,329.91,332.95,65.32,205.80,0.6783,-1,-1,-1
657,46,804.80,145.49,60.00,175.78,0.4420,-1,-1,-1
657,41,1196.85,996.41,74.95,82.21,0.5637,-1,-1,-1
657,29,1121.83,989.78,66.97,88.46,0.5343,-1,-1,-1
657,4,1718.50,452.13,79.37,213.90,0.7387,-1,-1,-1
657,3,887.62,931.84,68.46,146.11,0.6986,-1,-1,-1
658,65,1432.18,906.11,96.00,172.58,0.6657,-1,-1,-1
658,64,1355.19,929.11,90.78,148.09,0.6750,-1,-1,-1
658,63,453.61,533.71,78.82,240.95,0.7578,-1,-1,-1
658,60,1561.39,596.17,110.63,231.63,0.3064,-1,-1,-1
658,58,1611.15,168.06,73.26,176.19,0.5999,-1,-1,-1
658,54,328.30,333.49,65.47,205.52,0.6805,-1,-1,-1
658,46,806.19,143.98,59.05,175.11,0.4296,-1,-1,-1
658,41,1194.89,997.98,78.96,80.95,0.5983,-1,-1,-1
658,29,1118.39,989.90,71.89,88.29,0.5450,-1,-1,-1
658,4,1719.13,451.94,77.84,215.06,0.7164,-1,-1,-1
658,3,885.28,932.52,69.15,145.88,0.7055,-1,-1,-1
659,67,431.42,127.53,43.45,152.89,0.3092,-1,-1,-1
659,65,1429.66,905.59,95.73,172.35,0.6155,-1,-1,-1
659,64,1352.58,926.65,91.13,150.89,0.6723,-1,-1,-1
659,63,452.19,530.84,79.48,242.20,0.7662,-1,-1,-1
659,58,1611.31,167.56,74.47,176.37,0.6066,-1,-1,-1
659,54,324.50,332.23,68.96,206.59,0.7248,-1,-1,-1
659,46,806.32,143.72,58.83,177.32,0.4360,-1,-1,-1
659,41,1194.91,999.30,81.56,80.70,0.6217,-1,-1,-1
659,29,1117.40,991.42,78.29,87.23,0.6017,-1,-1,-1
659,4,1718.06,452.28,80.00,214.60,0.7405,-1,-1,-1
659,3,882.81,932.71,68.14,145.08,0.7052,-1,-1,-1
660,67,431.83,127.45,43.24,152.87,0.3232,-1,-1,-1
660,65,1427.15,902.96,99.08,174.98,0.6228,-1,-1,-1
660,64,1350.46,923.24,91.61,153.00,0.6752,-1,-1,-1
660,63,449.66,530.31,76.91,239.79,0.7579,-1,-1,-1
660,58,1612.99,166.81,73.62,178.75,0.6504,-1,-1,-1
660,54,322.57,333.01,69.49,205.46,0.7227,-1,-1,-1
660,46,805.53,144.84,59.17,175.68,0.4491,-1,-1,-1
660,41,1193.73,1002.08,84.16,77.92,0.6206,-1,-1,-1
660,29,1115.24,993.44,78.36,85.19,0.6365,-1,-1,-1
660,4,1718.06,451.78,78.91,214.50,0.7281,-1,-1,-1
660,3,880.78,932.02,67.29,145.44,0.6978,-1,-1,-1
661,68,473.34,119.39,55.77,167.05,0.3062,-1,-1,-1
661,67,431.62,130.68,42.76,149.55,0.3154,-1,-1,-1
661,65,1425.78,901.23,99.16,176.28,0.6329,-1,-1,-1
661,64,1348.81,920.70,89.53,155.37,0.6756,-1,-1,-1
661,63,447.88,530.78,69.12,239.13,0.7663,-1,-1,-1
661,60,1558.77,603.43,114.67,223.33,0.3076,-1,-1,-1
661,58,1614.34,166.97,74.02,174.91,0.6517,-1,-1,-1
661,54,321.58,333.50,69.32,204.16,0.6933,-1,-1,-1
661,46,806.72,144.33,58.38,175.14,0.4406,-1,-1,-1
661,41,1191.93,1005.25,87.03,74.75,0.5822,-1,-1,-1
661,29,1112.31,993.61,74.39,85.25,0.5997,-1,-1,-1
661,4,1718.20,451.93,79.77,213.06,0.7519,-1,-1,-1
661,3,879.12,930.97,65.44,147.93,0.6722,-1,-1,-1
662,68,473.51,119.09,56.74,169.75,0.3226,-1,-1,-1
662,67,430.62,134.21,43.54,146.16,0.3284,-1,-1,-1
662,65,1423.71,898.54,100.64,179.68,0.4911,-1,-1,-1
662,64,1345.99,915.32,86.59,161.09,0.6168,-1,-1,-1
662,63,442.74,530.28,70.21,240.18,0.7829,-1,-1,-1
662,60,1560.67,594.99,114.80,233.06,0.3862,-1,-1,-1
662,58,1613.77,166.04,75.24,175.80,0.6382,-1,-1,-1
662,54,320.80,333.53,69.18,204.48,0.7002,-1,-1,-1
662,46,806.17,142.87,58.58,175.58,0.4638,-1,-1,-1
662,41,1192.90,1005.29,86.73,74.19,0.5335,-1,-1,-1
662,29,1111.48,996.16,74.69,82.61,0.6012,-1,-1,-1
662,4,1717.83,451.72,80.05,213.72,0.7496,-1,-1,-1
662,3,876.23,929.68,64.90,149.59,0.6624,-1,-1,-1
663,67,429.78,132.20,44.82,147.53,0.3312,-1,-1,-1
663,65,1422.64,895.97,97.51,184.03,0.6283,-1,-1,-1
663,64,1342.25,910.61,86.89,167.43,0.6731,-1,-1,-1
663,63,438.50,529.14,68.74,239.33,0.8057,-1,-1,-1
663,60,1563.24,601.29,111.84,225.26,0.3749,-1,-1,-1
663,58,1616.28,164.90,73.34,175.03,0.6153,-1,-1,-1
663,54,320.99,333.99,68.27,203.89,0.7130,-1,-1,-1
663,46,807.11,143.34,57.69,174.93,0.4405,-1,-1,-1
663,41,1193.20,1007.84,84.83,71.19,0.5120,-1,-1,-1
663,29,1110.54,997.69,67.83,80.99,0.5350,-1,-1,-1
663,4,1717.81,452.60,81.95,212.62,0.7377,-1,-1,-1
663,3,874.92,929.39,63.04,149.36,0.6632,-1,-1,-1
664,67,431.16,129.73,44.06,150.03,0.3100,-1,-1,-1
664,65,1421.84,892.62,94.15,187.38,0.6074,-1,-1,-1
664,64,1340.81,907.32,85.46,171.42,0.6328,-1,-1,-1
664,63,434.17,527.92,67.53,241.26,0.7957,-1,-1,-1
664,60,1559.66,617.54,110.33,211.20,0.3208,-1,-1,-1
664,58,1616.86,163.89,73.62,179.68,0.6268,-1,-1,-1
664,54,320.49,335.11,67.88,202.69,0.7015,-1,-1,-1
664,46,805.40,143.07,58.76,175.42,0.4364,-1,-1,-1
664,41,1193.81,1009.67,83.43,69.97,0.4593,-1,-1,-1
664,29,1108.98,1000.60,64.96,78.37,0.5255,-1,-1,-1
664,4,1717.73,452.71,82.43,213.61,0.7252,-1,-1,-1
664,3,872.05,929.58,64.35,148.27,0.6802,-1,-1,-1
665,68,474.49,121.41,56.73,167.81,0.3013,-1,-1,-1
665,67,432.29,128.80,42.36,151.08,0.3358,-1,-1,-1
665,65,1417.18,885.05,98.27,194.95,0.6325,-1,-1,-1
665,64,1338.59,904.16,82.35,174.17,0.6500,-1,-1,-1
665,63,431.36,526.38,62.81,244.28,0.7424,-1,-1,-1
665,60,1560.73,598.01,113.13,228.43,0.3465,-1,-1,-1
665,58,1618.28,162.26,72.48,184.25,0.5983,-1,-1,-1
665,54,317.30,334.61,70.01,203.19,0.6931,-1,-1,-1
665,46,807.29,143.31,57.18,175.09,0.4678,-1,-1,-1
665,41,1195.69,1012.73,72.07,67.27,0.4696,-1,-1,-1
665,29,1105.73,1001.87,77.35,77.88,0.5655,-1,-1,-1
665,4,1718.17,452.36,81.94,213.20,0.7288,-1,-1,-1
665,3,868.83,930.73,65.58,148.28,0.6747,-1,-1,-1
666,67,431.53,130.72,44.11,149.53,0.3169,-1,-1,-1
666,65,1413.29,882.38,101.97,197.62,0.6420,-1,-1,-1
666,64,1334.17,903.07,82.07,175.07,0.6548,-1,-1,-1
666,63,428.37,526.72,63.08,247.54,0.7489,-1,-1,-1
666,60,1559.70,599.95,115.23,227.64,0.3517,-1,-1,-1
666,58,1619.08,160.92,72.20,183.20,0.6059,-1,-1,-1
666,54,312.83,335.58,73.74,203.98,0.6713,-1,-1,-1
666,46,807.72,143.10,56.38,173.21,0.4453,-1,-1,-1
666,41,1194.84,1014.80,70.59,65.20,0.4931,-1,-1,-1
666,29,1104.27,1004.87,78.82,74.27,0.5717,-1,-1,-1
666,4,1717.87,452.03,81.62,214.36,0.7037,-1,-1,-1
666,3,867.16,930.16,65.91,148.12,0.6917,-1,-1,-1
667,68,477.76,126.21,53.82,162.82,0.3187,-1,-1,-1
667,67,431.44,131.95,44.50,149.04,0.3315,-1,-1,-1
667,65,1408.44,880.29,99.07,199.71,0.6887,-1,-1,-1
667,64,1331.74,899.88,81.61,179.21,0.6582,-1,-1,-1
667,63,425.91,526.37,63.14,248.14,0.7494,-1,-1,-1
667,60,1559.68,598.68,113.82,227.70,0.4136,-1,-1,-1
667,58,1620.30,159.44,71.74,184.20,0.6140,-1,-1,-1
667,54,307.66,338.50,79.65,203.45,0.7022,-1,-1,-1
667,46,806.92,144.70,57.32,173.38,0.4432,-1,-1,-1
667,41,1196.10,1017.38,66.52,62.62,0.5358,-1,-1,-1
667,29,1103.59,1007.27,70.16,71.03,0.5468,-1,-1,-1
667,4,1716.87,452.85,82.90,214.17,0.6936,-1,-1,-1
667,3,864.42,929.88,66.32,148.44,0.6827,-1,-1,-1
668,68,479.09,122.38,51.90,166.13,0.3398,-1,-1,-1
668,65,1406.56,876.54,98.80,203.46,0.6790,-1,-1,-1
668,64,1330.62,899.25,82.20,179.54,0.6540,-1,-1,-1
668,63,422.84,527.06,64.22,245.11,0.7642,-1,-1,-1
668,60,1559.92,601.70,114.24,225.90,0.3893,-1,-1,-1
668,58,1622.14,156.58,72.04,182.66,0.5986,-1,-1,-1
668,54,310.18,341.64,76.48,204.32,0.6965,-1,-1,-1
668,46,808.30,142.75,55.74,173.85,0.4508,-1,-1,-1
668,41,1195.81,1020.24,62.76,59.39,0.5497,-1,-1,-1
668,29,1103.87,1009.99,69.88,67.55,0.5577,-1,-1,-1
668,4,1717.05,452.67,83.80,214.05,0.7211,-1,-1,-1
668,3,862.38,929.55,66.52,148.59,0.6842,-1,-1,-1
669,68,479.24,124.63,53.84,163.46,0.3489,-1,-1,-1
669,66,225.54,234.15,59.49,172.55,0.3010,-1,-1,-1
669,65,1404.64,874.72,98.53,205.28,0.7231,-1,-1,-1
669,64,1329.61,898.35,80.46,180.27,0.6975,-1,-1,-1
669,63,416.86,527.35,69.79,246.33,0.7522,-1,-1,-1
669,60,1560.25,601.69,114.46,225.78,0.3875,-1,-1,-1
669,58,1622.61,153.29,72.48,184.56,0.6092,-1,-1,-1
669,54,311.56,345.65,75.20,203.97,0.7222,-1,-1,-1
669,46,807.27,144.85,57.02,173.09,0.4310,-1,-1,-1
669,41,1196.11,1025.43,60.14,54.30,0.4728,-1,-1,-1
669,29,1105.07,1013.18,59.46,63.48,0.4825,-1,-1,-1
669,4,1717.97,451.68,82.72,216.02,0.6930,-1,-1,-1
669,3,859.38,930.27,67.43,148.31,0.6618,-1,-1,-1
670,68,478.97,115.03,54.88,172.99,0.3427,-1,-1,-1
670,65,1401.54,870.84,102.56,209.16,0.6869,-1,-1,-1
670,64,1326.90,896.67,80.27,182.22,0.7181,-1,-1,-1
670,63,409.45,527.90,76.00,245.06,0.7736,-1,-1,-1
670,60,1562.44,598.92,111.11,227.23,0.3952,-1,-1,-1
670,58,1624.20,153.25,71.69,183.82,0.6214,-1,-1,-1
670,54,311.92,346.59,73.40,205.81,0.7317,-1,-1,-1
670,46,805.77,144.84,58.44,174.44,0.4429,-1,-1,-1
670,41,1196.73,1028.59,57.35,50.35,0.4299,-1,-1,-1
670,29,1104.94,1016.45,63.06,60.33,0.4967,-1,-1,-1
670,4,1716.75,452.21,84.52,214.69,0.7121,-1,-1,-1
670,3,857.55,929.50,67.98,149.31,0.6724,-1,-1,-1
671,68,478.32,117.47,56.28,171.16,0.3796,-1,-1,-1
671,65,1400.80,866.13,101.18,213.63,0.6959,-1,-1,-1
671,64,1325.09,895.75,78.15,183.22,0.7093,-1,-1,-1
671,63,405.36,527.56,78.65,245.47,0.7843,-1,-1,-1
671,60,1561.91,601.74,113.45,225.98,0.4000,-1,-1,-1
671,58,1625.52,152.22,70.30,181.75,0.6195,-1,-1,-1
671,54,311.50,347.68,73.43,208.77,0.7608,-1,-1,-1
671,46,806.78,144.48,57.24,174.10,0.4940,-1,-1,-1
671,41,1197.57,1032.13,51.69,47.51,0.3961,-1,-1,-1
671,29,1103.90,1020.40,52.81,57.11,0.5073,-1,-1,-1
671,4,1716.59,452.76,85.25,214.27,0.7191,-1,-1,-1
671,3,855.66,930.16,68.22,148.42,0.6828,-1,-1,-1
672,68,480.49,125.94,52.25,163.95,0.3251,-1,-1,-1
672,67,429.86,135.38,45.15,152.05,0.3581,-1,-1,-1
672,65,1401.19,861.64,100.10,218.36,0.7246,-1,-1,-1
672,64,1318.91,894.82,82.40,184.91,0.7340,-1,-1,-1
672,63,402.86,528.91,80.65,243.69,0.7850,-1,-1,-1
672,60,1560.23,599.25,114.02,228.24,0.3610,-1,-1,-1
672,58,1627.29,156.80,68.07,174.19,0.5869,-1,-1,-1
672,54,311.97,348.69,72.11,207.56,0.7650,-1,-1,-1
672,46,806.12,143.48,57.77,176.24,0.4744,-1,-1,-1
672,41,1197.34,1034.35,48.98,45.46,0.3781,-1,-1,-1
672,29,1106.54,1025.09,47.66,53.75,0.4839,-1,-1,-1
672,4,1716.71,451.67,84.63,214.84,0.7041,-1,-1,-1
672,3,854.73,929.01,67.23,149.29,0.6779,-1,-1,-1
673,68,480.65,128.18,52.72,163.86,0.3662,-1,-1,-1
673,67,428.44,134.57,45.48,153.66,0.3555,-1,-1,-1
673,66,228.23,233.69,59.83,173.55,0.3534,-1,-1,-1
673,65,1402.78,861.46,94.49,218.51,0.6946,-1,-1,-1
673,64,1316.47,892.05,82.23,187.95,0.7126,-1,-1,-1
673,63,400.80,530.77,82.41,242.92,0.7856,-1,-1,-1
673,60,1560.07,600.45,112.42,226.50,0.3480,-1,-1,-1
673,58,1627.45,156.46,67.85,175.49,0.5827,-1,-1,-1
673,54,312.08,351.02,71.44,207.86,0.7739,-1,-1,-1
673,46,807.69,144.10,56.20,175.65,0.4711,-1,-1,-1
673,41,1197.08,1035.68,44.05,44.13,0.3754,-1,-1,-1
673,29,1108.20,1029.65,45.00,50.02,0.4311,-1,-1,-1
673,4,1716.35,452.78,86.15,214.78,0.7261,-1,-1,-1
673,3,853.99,929.74,66.16,149.51,0.6823,-1,-1,-1
674,68,479.55,128.90,52.75,166.77,0.4240,-1,-1,-1
674,67,429.06,134.33,45.61,155.48,0.3380,-1,-1,-1
674,65,1400.26,859.49,92.48,220.51,0.5804,-1,-1,-1
674,64,1312.63,888.80,82.60,191.13,0.7251,-1,-1,-1
674,63,397.83,530.56,84.61,243.59,0.7802,-1,-1,-1
674,60,1564.76,599.07,103.35,227.76,0.4025,-1,-1,-1
674,58,1627.88,156.60,67.32,173.28,0.5283,-1,-1,-1
674,54,311.24,351.60,72.39,209.07,0.7630,-1,-1,-1
674,46,807.14,144.60,56.85,174.76,0.4518,-1,-1,-1
674,41,1196.60,1036.74,43.18,43.26,0.3225,-1,-1,-1
674,29,1109.22,1031.36,42.73,48.64,0.4071,-1,-1,-1
674,4,1715.63,452.53,87.95,215.10,0.7271,-1,-1,-1
674,3,851.39,929.06,65.49,150.70,0.6870,-1,-1,-1
675,68,479.18,126.47,54.05,172.36,0.4519,-1,-1,-1
675,67,429.79,134.43,45.58,158.73,0.3502,-1,-1,-1
675,66,230.46,230.87,63.56,177.73,0.3060,-1,-1,-1
675,65,1393.08,863.06,107.46,216.94,0.5470,-1,-1,-1
675,64,1305.44,886.06,85.47,193.37,0.7486,-1,-1,-1
675,63,393.90,528.68,88.53,245.59,0.7812,-1,-1,-1
675,60,1560.20,614.72,111.63,214.52,0.4194,-1,-1,-1
675,58,1627.53,156.27,67.12,174.46,0.5498,-1,-1,-1
675,54,312.14,352.94,71.83,210.24,0.7547,-1,-1,-1
675,46,806.28,144.39,57.91,175.51,0.4834,-1,-1,-1
675,41,1196.12,1041.49,43.44,38.51,0.3339,-1,-1,-1
675,29,1109.20,1035.87,41.80,44.13,0.3530,-1,-1,-1
675,4,1715.67,452.48,87.73,213.47,0.7088,-1,-1,-1
675,3,851.48,930.55,62.82,149.45,0.6792,-1,-1,-1
676,68,480.43,128.84,55.18,171.82,0.4885,-1,-1,-1
676,67,427.78,141.12,48.32,152.41,0.3067,-1,-1,-1
676,65,1380.90,862.27,106.88,217.73,0.6201,-1,-1,-1
676,64,1302.18,883.01,84.39,196.99,0.7680,-1,-1,-1
676,63,390.12,530.87,91.97,244.06,0.7890,-1,-1,-1
676,58,1627.63,154.92,66.36,181.07,0.5772,-1,-1,-1
676,54,312.19,355.30,70.76,208.87,0.7454,-1,-1,-1
676,46,807.50,144.85,56.63,174.59,0.4157,-1,-1,-1
676,41,1195.89,1043.07,44.91,36.93,0.3280,-1,-1,-1
676,4,1716.66,453.28,86.37,212.64,0.7210,-1,-1,-1
676,3,849.65,930.72,61.67,149.28,0.6678,-1,-1,-1
677,68,479.03,129.53,56.34,174.25,0.4870,-1,-1,-1
677,67,425.92,141.80,48.40,153.81,0.3163,-1,-1,-1
677,66,232.92,229.35,65.25,176.73,0.3570,-1,-1,-1
677,65,1373.30,859.65,106.30,220.35,0.6728,-1,-1,-1
677,64,1299.78,879.03,84.82,199.61,0.7790,-1,-1,-1
677,63,383.52,530.91,97.48,244.32,0.7918,-1,-1,-1
677,58,1626.63,156.65,65.83,174.40,0.5569,-1,-1,-1
677,54,311.58,355.15,72.27,209.23,0.7470,-1,-1,-1
677,46,806.20,145.54,57.26,172.75,0.4295,-1,-1,-1
677,41,1195.77,1045.09,47.42,34.91,0.3254,-1,-1,-1
677,4,1716.05,453.16,87.23,213.34,0.7146,-1,-1,-1
677,3,848.13,930.40,62.34,149.42,0.6736,-1,-1,-1
678,68,480.07,130.64,56.40,173.42,0.4901,-1,-1,-1
678,66,235.35,233.67,58.13,171.25,0.3683,-1,-1,-1
678,65,1370.23,859.96,107.44,220.04,0.6415,-1,-1,-1
678,64,1292.18,876.47,87.15,203.53,0.7790,-1,-1,-1
678,63,378.05,531.56,103.17,243.50,0.7888,-1,-1,-1
678,60,1559.01,624.86,110.14,204.57,0.3366,-1,-1,-1
678,58,1624.96,156.72,67.13,173.31,0.5405,-1,-1,-1
678,54,311.78,356.54,71.66,208.97,0.7369,-1,-1,-1
678,46,806.67,144.69,57.06,173.33,0.4275,-1,-1,-1
678,41,1194.53,1047.72,50.11,32.28,0.3037,-1,-1,-1
678,4,1716.24,453.31,87.18,213.57,0.6945,-1,-1,-1
678,3,846.65,929.12,63.08,150.45,0.6766,-1,-1,-1
679,68,480.93,131.72,55.01,173.46,0.5016,-1,-1,-1
679,66,236.88,234.34,56.76,167.87,0.3749,-1,-1,-1
679,65,1371.18,858.23,103.76,221.77,0.6364,-1,-1,-1
679,64,1287.41,873.83,89.87,206.17,0.7926,-1,-1,-1
679,63,372.10,531.34,107.90,243.93,0.7829,-1,-1,-1
679,60,1561.62,599.15,111.62,228.20,0.4542,-1,-1,-1
679,58,1624.85,156.81,66.74,173.58,0.5725,-1,-1,-1
679,54,312.44,355.61,69.26,209.84,0.7147,-1,-1,-1
679,46,806.03,145.23,57.32,173.25,0.4359,-1,-1,-1
679,4,1715.87,452.35,86.04,212.77,0.6947,-1,-1,-1
679,3,844.55,926.91,65.81,153.09,0.6984,-1,-1,-1
680,68,479.25,132.99,57.85,173.11,0.4887,-1,-1,-1
680,66,238.56,233.07,55.10,167.32,0.3297,-1,-1,-1
680,65,1368.26,857.39,100.73,222.61,0.6466,-1,-1,-1
680,64,1285.20,870.93,88.65,209.07,0.7654,-1,-1,-1
680,63,367.57,530.37,110.82,244.95,0.7842,-1,-1,-1
680,60,1560.02,620.09,108.91,209.13,0.3474,-1,-1,-1
680,58,1624.52,155.12,66.58,172.76,0.5885,-1,-1,-1
680,54,310.79,356.57,71.79,207.80,0.7214,-1,-1,-1
680,46,805.98,145.29,56.27,173.66,0.4524,-1,-1,-1
680,4,1715.96,453.20,87.79,213.62,0.7332,-1,-1,-1
680,3,844.22,927.41,63.89,152.59,0.7235,-1,-1,-1
681,68,479.08,132.17,57.26,174.44,0.4733,-1,-1,-1
681,66,239.38,233.73,55.36,164.78,0.4024,-1,-1,-1
681,65,1369.70,854.06,95.30,225.94,0.6771,-1,-1,-1
681,64,1279.59,868.28,89.97,211.01,0.7400,-1,-1,-1
681,63,359.24,530.55,118.39,244.83,0.8075,-1,-1,-1
681,60,1559.60,624.33,110.26,204.61,0.3382,-1,-1,-1
681,58,1623.51,156.97,65.99,171.77,0.6201,-1,-1,-1
681,54,311.82,356.68,70.80,206.99,0.7005,-1,-1,-1
681,46,808.70,145.12,53.62,171.94,0.4537,-1,-1,-1
681,4,1717.09,453.35,86.37,213.27,0.7224,-1,-1,-1
681,3,841.64,925.63,68.36,153.75,0.7214,-1,-1,-1
682,68,479.25,131.67,57.89,174.45,0.4573,-1,-1,-1
682,66,238.14,231.29,61.27,170.73,0.3068,-1,-1,-1
682,65,1371.42,850.28,90.42,229.72,0.7170,-1,-1,-1
682,64,1277.21,865.36,90.46,214.21,0.7595,-1,-1,-1
682,63,357.97,530.53,119.70,244.03,0.8010,-1,-1,-1
682,60,1562.05,603.79,108.38,223.59,0.3477,-1,-1,-1
682,58,1623.38,155.25,66.53,174.36,0.5939,-1,-1,-1
682,54,310.12,357.85,72.50,206.93,0.7168,-1,-1,-1
682,46,807.02,144.62,54.62,173.55,0.4277,-1,-1,-1
682,4,1716.36,453.34,86.52,213.69,0.7354,-1,-1,-1
682,3,838.64,924.08,71.13,155.36,0.7307,-1,-1,-1
683,68,480.61,130.87,55.99,175.88,0.4437,-1,-1,-1
683,65,1367.06,844.59,91.32,235.41,0.7204,-1,-1,-1
683,64,1271.69,863.90,93.93,215.56,0.7655,-1,-1,-1
683,63,353.63,530.29,122.68,245.03,0.7991,-1,-1,-1
683,60,1562.45,603.07,110.60,224.75,0.3797,-1,-1,-1
683,58,1621.62,155.32,65.74,177.07,0.5770,-1,-1,-1
683,54,310.60,356.95,70.78,207.36,0.7243,-1,-1,-1
683,46,809.05,145.19,52.89,171.46,0.4263,-1,-1,-1
683,4,1716.90,453.99,86.38,213.02,0.7296,-1,-1,-1
683,3,836.28,924.12,73.26,155.34,0.7290,-1,-1,-1
684,68,481.66,135.59,55.90,170.65,0.4283,-1,-1,-1
684,67,426.21,142.59,46.61,153.09,0.3502,-1,-1,-1
684,65,1359.84,839.96,94.32,240.04,0.7312,-1,-1,-1
684,64,1267.07,861.84,95.67,215.85,0.7917,-1,-1,-1
684,63,353.17,527.59,120.51,247.57,0.7919,-1,-1,-1
684,60,1560.21,618.23,108.52,211.29,0.3500,-1,-1,-1
684,58,1620.53,155.41,64.66,178.18,0.5948,-1,-1,-1
684,54,310.12,357.58,70.15,206.87,0.7256,-1,-1,-1
684,46,806.64,145.10,54.64,173.63,0.4360,-1,-1,-1
684,4,1716.02,453.23,85.86,214.18,0.7205,-1,-1,-1
684,3,833.98,923.35,75.16,156.19,0.7274,-1,-1,-1
685,68,479.77,135.56,58.20,170.90,0.4336,-1,-1,-1
685,65,1358.72,837.97,91.87,242.03,0.7493,-1,-1,-1
685,64,1266.73,860.12,92.36,217.00,0.7938,-1,-1,-1
685,63,352.29,527.56,119.58,248.69,0.7988,-1,-1,-1
685,60,1562.45,602.12,108.60,225.77,0.4136,-1,-1,-1
685,58,1620.26,153.82,63.72,182.30,0.5787,-1,-1,-1
685,54,310.10,359.59,69.68,206.56,0.7166,-1,-1,-1
685,46,807.85,145.22,53.05,172.08,0.3861,-1,-1,-1
685,4,1715.70,452.55,85.16,214.41,0.7321,-1,-1,-1
685,3,829.55,923.64,79.34,155.81,0.7385,-1,-1,-1
686,68,480.08,136.37,56.91,169.94,0.4760,-1,-1,-1
686,67,424.33,143.51,49.23,155.74,0.3441,-1,-1,-1
686,65,1356.62,833.81,91.67,245.82,0.7473,-1,-1,-1
686,64,1264.43,857.79,93.95,220.43,0.7990,-1,-1,-1
686,63,352.45,528.84,115.96,247.74,0.8008,-1,-1,-1
686,60,1560.41,615.67,109.31,214.32,0.3928,-1,-1,-1
686,58,1618.87,151.59,64.85,181.84,0.5285,-1,-1,-1
686,54,309.43,363.20,68.21,206.67,0.7138,-1,-1,-1
686,46,807.36,145.13,52.79,171.73,0.3854,-1,-1,-1
686,4,1715.50,451.58,86.23,215.06,0.7436,-1,-1,-1
686,3,828.57,922.29,80.59,156.34,0.7459,-1,-1,-1
687,68,479.24,134.35,59.09,171.15,0.5019,-1,-1,-1
687,67,425.68,148.63,47.35,150.33,0.3644,-1,-1,-1
687,65,1352.80,830.19,91.58,249.32,0.7660,-1,-1,-1
687,64,1262.48,856.30,90.89,223.70,0.7733,-1,-1,-1
687,63,353.15,529.32,108.93,248.30,0.7980,-1,-1,-1
687,60,1560.09,600.64,111.86,227.01,0.4128,-1,-1,-1
687,58,1617.65,149.85,63.85,182.19,0.5445,-1,-1,-1
687,54,310.20,366.52,66.57,206.93,0.7049,-1,-1,-1
687,46,808.38,144.71,51.34,170.96,0.3754,-1,-1,-1
687,4,1715.78,451.95,86.42,214.02,0.7522,-1,-1,-1
687,3,827.53,922.90,80.96,156.09,0.7347,-1,-1,-1
688,68,480.99,134.97,57.16,171.05,0.4925,-1,-1,-1
688,65,1348.25,830.61,91.57,249.39,0.7935,-1,-1,-1
688,64,1261.97,853.57,87.93,226.43,0.7828,-1,-1,-1
688,63,353.98,528.80,105.01,249.27,0.8145,-1,-1,-1
688,60,1560.38,613.46,109.80,215.93,0.4330,-1,-1,-1
688,58,1614.58,147.15,64.53,175.52,0.5620,-1,-1,-1
688,54,310.41,368.90,65.60,207.06,0.7048,-1,-1,-1
688,46,807.24,143.46,52.25,171.93,0.3822,-1,-1,-1
688,4,1715.41,453.02,88.07,214.24,0.7611,-1,-1,-1
688,3,824.61,923.35,83.49,155.51,0.7342,-1,-1,-1
689,68,481.58,133.16,57.08,172.90,0.5106,-1,-1,-1
689,67,426.43,145.80,47.56,156.52,0.3173,-1,-1,-1
689,65,1344.88,827.50,94.45,252.50,0.7898,-1,-1,-1
689,64,1259.94,851.05,86.27,228.95,0.7728,-1,-1,-1
689,63,356.68,529.67,101.22,248.45,0.8144,-1,-1,-1
689,60,1558.82,597.74,113.98,229.85,0.4635,-1,-1,-1
689,58,1614.28,144.72,65.11,177.71,0.5713,-1,-1,-1
689,54,310.78,369.54,63.80,206.22,0.7069,-1,-1,-1
689,46,807.54,143.18,50.99,171.96,0.3374,-1,-1,-1
689,4,1715.22,451.80,86.00,215.13,0.7512,-1,-1,-1
689,3,822.66,924.09,84.65,154.86,0.7300,-1,-1,-1
690,68,480.76,133.28,57.86,174.06,0.4951,-1,-1,-1
690,67,426.58,149.34,47.34,154.81,0.3625,-1,-1,-1
690,65,1340.68,824.24,92.78,255.76,0.7714,-1,-1,-1
690,64,1258.46,848.14,86.76,231.86,0.7244,-1,-1,-1
690,63,359.40,529.20,96.07,250.24,0.8186,-1,-1,-1
690,60,1561.58,597.08,112.58,229.83,0.4750,-1,-1,-1
690,58,1612.56,143.40,65.74,178.46,0.5981,-1,-1,-1
690,54,310.35,372.57,62.88,207.66,0.6977,-1,-1,-1
690,46,805.70,140.63,50.33,171.29,0.3101,-1,-1,-1
690,4,1715.80,450.96,87.28,217.12,0.7242,-1,-1,-1
690,3,822.24,925.78,85.91,152.49,0.7442,-1,-1,-1
691,68,479.03,134.10,59.95,177.02,0.4977,-1,-1,-1
691,67,426.32,147.56,47.68,158.92,0.4164,-1,-1,-1
691,65,1334.95,823.84,97.55,256.16,0.7799,-1,-1,-1
691,64,1257.32,845.24,85.25,233.41,0.7877,-1,-1,-1
691,63,365.36,531.56,88.61,248.98,0.8249,-1,-1,-1
691,60,1564.63,598.21,110.03,229.63,0.5027,-1,-1,-1
691,58,1610.53,141.54,65.27,179.00,0.6323,-1,-1,-1
691,54,309.59,375.18,63.61,207.80,0.7123,-1,-1,-1
691,46,804.05,140.56,51.51,171.02,0.3557,-1,-1,-1
691,4,1715.93,452.05,87.43,216.67,0.7420,-1,-1,-1
691,3,823.16,926.18,84.42,151.62,0.7384,-1,-1,-1
692,68,480.87,135.58,58.35,179.83,0.5239,-1,-1,-1
692,67,427.40,151.34,46.66,157.07,0.4642,-1,-1,-1
692,65,1332.28,823.25,95.97,256.75,0.7622,-1,-1,-1
692,64,1256.60,841.73,83.01,236.11,0.7949,-1,-1,-1
692,63,369.72,533.91,84.09,248.98,0.8117,-1,-1,-1
692,60,1562.17,601.58,112.57,226.00,0.4431,-1,-1,-1
692,58,1608.99,140.57,66.12,179.40,0.6501,-1,-1,-1
692,54,308.55,374.39,64.07,211.63,0.7244,-1,-1,-1
692,46,805.39,141.67,51.22,173.72,0.3667,-1,-1,-1
692,4,1716.31,452.80,87.17,214.82,0.7367,-1,-1,-1
692,3,823.16,928.33,83.54,148.34,0.7439,-1,-1,-1
693,68,481.33,138.77,56.87,178.57,0.4969,-1,-1,-1
693,67,427.65,155.30,46.39,154.49,0.4494,-1,-1,-1
693,65,1329.96,820.91,93.79,259.09,0.7656,-1,-1,-1
693,64,1254.13,838.28,82.04,241.56,0.8201,-1,-1,-1
693,63,374.02,534.50,78.72,250.60,0.8112,-1,-1,-1
693,60,1562.20,601.52,112.38,225.98,0.4972,-1,-1,-1
693,58,1608.32,138.46,65.69,178.66,0.6570,-1,-1,-1
693,54,307.24,373.95,64.17,214.84,0.7135,-1,-1,-1
693,46,805.01,141.58,50.86,173.09,0.3685,-1,-1,-1
693,4,1716.18,451.21,86.38,216.50,0.7273,-1,-1,-1
693,3,823.73,928.17,82.98,148.73,0.7416,-1,-1,-1
694,68,481.00,140.67,57.07,177.81,0.5082,-1,-1,-1
694,67,427.29,154.85,47.16,155.80,0.4790,-1,-1,-1
694,65,1327.83,819.34,94.02,260.66,0.7709,-1,-1,-1
694,64,1252.57,834.73,80.87,244.10,0.8163,-1,-1,-1
694,63,377.92,534.98,75.18,249.40,0.8163,-1,-1,-1
694,60,1562.52,600.60,111.62,226.95,0.5118,-1,-1,-1
694,58,1606.49,135.75,66.30,179.27,0.6390,-1,-1,-1
694,54,305.75,374.54,65.22,215.68,0.7027,-1,-1,-1
694,46,805.21,140.65,49.84,173.60,0.3449,-1,-1,-1
694,4,1715.77,451.61,87.28,217.20,0.7418,-1,-1,-1
694,3,823.02,928.64,85.08,148.21,0.7642,-1,-1,-1
695,68,480.15,143.14,59.32,176.39,0.5267,-1,-1,-1
695,67,428.43,155.48,45.84,154.45,0.4007,-1,-1,-1
695,65,1327.86,818.00,92.62,261.86,0.7505,-1,-1,-1
695,64,1249.71,831.26,81.04,246.82,0.7898,-1,-1,-1
695,63,380.11,535.12,72.37,249.94,0.8111,-1,-1,-1
695,60,1562.10,599.84,111.48,227.97,0.4231,-1,-1,-1
695,58,1606.60,135.59,65.48,178.75,0.6304,-1,-1,-1
695,54,305.44,374.42,65.33,215.19,0.6669,-1,-1,-1
695,46,805.09,137.59,48.73,175.53,0.3660,-1,-1,-1
695,4,1717.12,452.45,86.11,215.27,0.7253,-1,-1,-1
695,3,822.85,930.72,85.53,146.73,0.7505,-1,-1,-1
696,68,481.52,147.89,57.74,171.90,0.5444,-1,-1,-1
696,67,427.48,157.99,47.01,151.06,0.4005,-1,-1,-1
696,65,1325.87,815.50,92.48,264.50,0.7582,-1,-1,-1
696,64,1244.62,830.01,81.81,247.75,0.7861,-1,-1,-1
696,63,381.74,535.33,69.49,250.91,0.8032,-1,-1,-1
696,60,1561.35,601.43,112.76,225.41,0.4138,-1,-1,-1
696,58,1605.28,134.87,65.79,180.00,0.6069,-1,-1,-1
696,54,302.84,374.85,67.98,214.45,0.6333,-1,-1,-1
696,46,805.00,137.50,48.15,174.90,0.3305,-1,-1,-1
696,4,1717.15,452.14,86.38,214.69,0.7146,-1,-1,-1
696,3,823.71,931.54,84.77,146.62,0.7368,-1,-1,-1
697,68,480.19,149.43,58.83,171.85,0.5389,-1,-1,-1
697,67,428.22,157.28,47.30,152.65,0.4383,-1,-1,-1
697,65,1321.69,812.28,95.03,267.72,0.7815,-1,-1,-1
697,64,1241.95,828.66,82.23,249.55,0.7670,-1,-1,-1
697,63,382.49,536.60,68.63,249.92,0.7921,-1,-1,-1
697,60,1561.64,601.63,111.68,224.64,0.4146,-1,-1,-1
697,58,1602.19,135.42,68.07,178.06,0.5440,-1,-1,-1
697,54,299.50,375.58,71.07,214.62,0.6338,-1,-1,-1
697,46,804.00,138.90,47.61,177.06,0.3468,-1,-1,-1
697,4,1716.35,452.58,87.33,214.77,0.7071,-1,-1,-1
697,3,825.14,932.82,83.66,145.46,0.7474,-1,-1,-1
698,68,479.97,150.47,57.90,170.77,0.5220,-1,-1,-1
698,67,427.16,154.74,48.30,155.21,0.4168,-1,-1,-1
698,65,1318.26,809.51,95.97,270.49,0.7908,-1,-1,-1
698,64,1238.23,827.77,82.70,250.13,0.7712,-1,-1,-1
698,63,383.64,537.38,67.83,248.64,0.7955,-1,-1,-1
698,60,1559.65,609.63,113.27,218.78,0.4400,-1,-1,-1
698,58,1602.79,134.91,67.37,178.16,0.5203,-1,-1,-1
698,54,299.09,376.08,71.62,214.02,0.6217,-1,-1,-1
698,46,804.32,139.13,46.69,176.20,0.3735,-1,-1,-1
698,4,1717.53,452.52,85.73,214.55,0.7369,-1,-1,-1
698,3,826.74,931.60,82.45,146.97,0.7641,-1,-1,-1
699,68,479.22,150.81,59.96,170.65,0.5514,-1,-1,-1
699,67,425.28,153.45,50.59,156.92,0.4545,-1,-1,-1
699,65,1317.30,804.99,91.36,273.42,0.8004,-1,-1,-1
699,64,1232.79,825.21,86.50,252.35,0.7672,-1,-1,-1
699,63,384.21,537.64,65.38,248.01,0.7807,-1,-1,-1
699,60,1564.88,599.85,110.72,226.45,0.4241,-1,-1,-1
699,58,1599.94,133.98,69.66,181.63,0.4055,-1,-1,-1
699,54,298.25,376.08,72.31,212.85,0.6502,-1,-1,-1
699,46,804.80,137.81,45.89,178.21,0.3273,-1,-1,-1
699,4,1718.02,452.28,84.47,215.32,0.7188,-1,-1,-1
699,3,827.18,932.44,82.87,146.09,0.7653,-1,-1,-1
700,68,479.39,149.66,59.73,172.10,0.5273,-1,-1,-1
700,67,427.66,153.39,48.49,156.76,0.3923,-1,-1,-1
700,65,1314.77,802.07,90.73,274.13,0.7930,-1,-1,-1
700,64,1230.68,823.35,87.23,252.11,0.7665,-1,-1,-1
700,63,384.77,539.03,64.84,247.23,0.7897,-1,-1,-1
700,60,1561.13,613.27,110.40,214.48,0.4453,-1,-1,-1
700,58,1598.31,133.95,71.25,180.76,0.3628,-1,-1,-1
700,54,296.83,375.97,72.51,212.84,0.6560,-1,-1,-1
700,46,803.06,134.39,47.78,180.22,0.3099,-1,-1,-1
700,4,1717.85,452.68,84.65,213.72,0.7238,-1,-1,-1
700,3,829.28,932.68,82.07,146.05,0.7654,-1,-1,-1
701,68,479.96,150.35,59.27,171.07,0.5429,-1,-1,-1
701,67,428.79,153.51,46.40,156.82,0.3802,-1,-1,-1
701,65,1313.17,798.24,92.90,273.17,0.7865,-1,-1,-1
701,64,1227.13,819.81,90.03,256.44,0.8024,-1,-1,-1
701,63,385.06,539.18,63.25,245.97,0.7570,-1,-1,-1
701,60,1561.46,600.39,113.72,226.48,0.3881,-1,-1,-1
701,58,1597.44,135.31,72.38,180.18,0.3538,-1,-1,-1
701,54,295.89,377.37,74.09,210.38,0.6498,-1,-1,-1
701,46,802.89,136.88,47.79,176.48,0.3478,-1,-1,-1
701,4,1717.10,452.35,86.40,215.86,0.7201,-1,-1,-1
701,3,829.95,932.00,85.05,146.34,0.7711,-1,-1,-1
702,68,480.70,148.91,57.90,171.69,0.5421,-1,-1,-1
702,67,430.12,151.29,46.96,160.01,0.3210,-1,-1,-1
702,65,1310.68,792.92,93.27,261.84,0.7726,-1,-1,-1
702,64,1221.11,817.35,94.60,257.40,0.7633,-1,-1,-1
702,63,385.84,539.84,60.81,244.99,0.7414,-1,-1,-1
702,60,1560.48,626.40,111.02,201.32,0.3462,-1,-1,-1
702,58,1598.38,135.21,70.58,179.95,0.3889,-1,-1,-1
702,54,295.91,376.15,73.95,212.26,0.6840,-1,-1,-1
702,46,798.83,137.82,52.36,176.29,0.3631,-1,-1,-1
702,4,1717.14,451.36,86.62,215.85,0.7401,-1,-1,-1
702,3,832.85,933.33,82.75,145.31,0.7707,-1,-1,-1
703,68,479.60,148.77,59.06,170.00,0.5236,-1,-1,-1
703,67,427.61,157.20,47.54,151.31,0.3402,-1,-1,-1
703,65,1309.25,788.92,93.31,260.65,0.7814,-1,-1,-1
703,64,1221.27,816.02,90.48,257.78,0.7740,-1,-1,-1
703,63,387.00,540.36,59.07,244.69,0.7364,-1,-1,-1
703,60,1560.36,602.45,113.35,224.84,0.3818,-1,-1,-1
703,58,1601.09,130.44,67.93,186.32,0.4385,-1,-1,-1
703,54,295.29,377.01,74.60,213.66,0.6903,-1,-1,-1
703,46,799.51,138.22,51.43,175.32,0.3602,-1,-1,-1
703,4,1717.24,451.68,86.34,216.85,0.7372,-1,-1,-1
703,3,834.67,933.78,82.94,144.48,0.7770,-1,-1,-1
704,68,478.85,149.30,59.87,169.05,0.5279,-1,-1,-1
704,67,427.06,157.51,48.32,156.07,0.3923,-1,-1,-1
704,66,259.16,207.32,51.29,186.55,0.3154,-1,-1,-1
704,65,1309.86,786.16,90.96,263.70,0.7792,-1,-1,-1
704,64,1220.45,814.55,88.40,259.41,0.7759,-1,-1,-1
704,63,387.42,540.54,59.52,246.31,0.7335,-1,-1,-1
704,60,1560.63,601.92,114.68,225.54,0.3536,-1,-1,-1
704,58,1599.43,133.79,68.29,182.24,0.5396,-1,-1,-1
704,54,294.39,378.93,75.13,214.81,0.6915,-1,-1,-1
704,46,799.01,138.20,52.53,173.15,0.3669,-1,-1,-1
704,4,1716.75,451.41,87.55,214.51,0.7352,-1,-1,-1
704,3,836.41,933.86,84.22,144.44,0.7790,-1,-1,-1
705,68,478.19,149.86,61.87,170.47,0.5469,-1,-1,-1
705,67,428.41,156.70,51.03,157.39,0.3687,-1,-1,-1
705,65,1311.43,784.80,87.44,265.66,0.7673,-1,-1,-1
705,64,1219.47,812.34,86.41,262.49,0.7859,-1,-1,-1
705,63,388.87,540.29,58.97,246.98,0.7420,-1,-1,-1
705,60,1562.46,595.27,113.83,228.77,0.6034,-1,-1,-1
705,58,1602.02,131.63,66.96,184.65,0.5506,-1,-1,-1
705,54,296.06,379.10,75.10,220.07,0.7031,-1,-1,-1
705,46,797.38,137.83,53.61,173.95,0.3708,-1,-1,-1
705,4,1717.73,452.50,86.04,212.78,0.7269,-1,-1,-1
705,3,838.86,933.98,83.61,144.53,0.7726,-1,-1,-1
706,68,478.96,151.97,59.32,167.63,0.5288,-1,-1,-1
706,67,426.68,159.74,50.14,157.95,0.3898,-1,-1,-1
706,65,1309.30,783.42,85.61,266.26,0.7691,-1,-1,-1
706,64,1216.10,808.29,87.53,267.46,0.7791,-1,-1,-1
706,63,389.08,540.77,59.73,245.20,0.7464,-1,-1,-1
706,60,1563.38,595.22,113.83,229.44,0.4985,-1,-1,-1
706,58,1602.82,130.24,65.47,184.76,0.5993,-1,-1,-1
706,54,293.57,383.78,78.01,219.49,0.7099,-1,-1,-1
706,46,796.79,139.18,53.52,173.01,0.3663,-1,-1,-1
706,4,1717.22,452.34,86.43,214.11,0.7145,-1,-1,-1
706,3,840.10,933.30,83.60,145.75,0.7781,-1,-1,-1
707,68,479.63,151.75,57.43,168.74,0.5194,-1,-1,-1
707,67,425.21,156.98,51.53,163.89,0.4238,-1,-1,-1
707,66,259.26,205.69,53.80,187.14,0.3241,-1,-1,-1
707,65,1306.29,782.68,85.99,266.37,0.7674,-1,-1,-1
707,64,1214.41,806.16,85.77,262.03,0.7616,-1,-1,-1
707,63,389.05,541.27,59.55,245.58,0.7635,-1,-1,-1
707,60,1565.05,597.90,112.11,227.97,0.4590,-1,-1,-1
707,58,1602.87,129.04,65.05,180.97,0.6222,-1,-1,-1
707,54,294.57,388.82,75.47,215.04,0.7153,-1,-1,-1
707,46,795.59,138.50,53.59,173.51,0.4003,-1,-1,-1
707,4,1718.08,453.02,85.42,213.23,0.7274,-1,-1,-1
707,3,842.13,934.17,84.40,145.83,0.7790,-1,-1,-1
708,68,479.37,153.54,57.18,167.59,0.4918,-1,-1,-1
708,67,425.19,155.72,50.90,166.90,0.4017,-1,-1,-1
708,66,260.40,203.72,49.69,181.41,0.3309,-1,-1,-1
708,65,1302.60,781.10,87.74,265.37,0.7722,-1,-1,-1
708,64,1212.01,802.59,85.98,263.15,0.7514,-1,-1,-1
708,63,390.56,541.69,57.91,246.36,0.7498,-1,-1,-1
708,60,1564.58,595.78,112.02,228.44,0.5004,-1,-1,-1
708,58,1602.63,128.62,64.66,175.12,0.6095,-1,-1,-1
708,54,295.10,390.66,73.84,214.45,0.7162,-1,-1,-1
708,46,795.06,139.44,54.16,173.19,0.3947,-1,-1,-1
708,4,1717.40,452.65,85.99,213.96,0.7246,-1,-1,-1
708,3,842.94,934.21,85.41,145.79,0.7764,-1,-1,-1
709,68,479.23,155.50,59.36,167.23,0.4909,-1,-1,-1
709,67,425.40,153.01,52.57,170.21,0.4148,-1,-1,-1
709,66,260.27,202.81,49.96,183.50,0.3041,-1,-1,-1
709,65,1296.29,781.77,93.12,262.65,0.7591,-1,-1,-1
709,64,1208.96,799.54,84.21,259.99,0.7683,-1,-1,-1
709,63,391.30,542.32,58.93,244.52,0.7567,-1,-1,-1
709,60,1563.68,595.47,112.11,230.67,0.4468,-1,-1,-1
709,58,1602.48,126.69,65.17,173.00,0.6340,-1,-1,-1
709,54,295.15,392.65,72.64,214.01,0.7234,-1,-1,-1
709,46,795.41,139.37,53.41,173.57,0.4194,-1,-1,-1
709,4,1717.77,451.45,85.96,214.33,0.7199,-1,-1,-1
709,3,843.93,934.31,86.11,145.69,0.7834,-1,-1,-1
710,68,479.35,159.15,58.34,167.23,0.5061,-1,-1,-1
710,67,425.14,155.50,49.35,168.70,0.3791,-1,-1,-1
710,66,260.85,207.23,52.09,181.48,0.3294,-1,-1,-1
710,65,1287.25,781.26,99.07,264.11,0.7588,-1,-1,-1
710,64,1206.89,795.44,82.61,260.23,0.7846,-1,-1,-1
710,63,391.03,542.62,61.30,242.52,0.7451,-1,-1,-1
710,60,1565.57,593.11,111.61,231.43,0.5031,-1,-1,-1
710,58,1602.68,125.56,64.40,173.99,0.6536,-1,-1,-1
710,54,295.85,393.96,71.69,215.35,0.7364,-1,-1,-1
710,46,793.98,139.44,52.37,172.21,0.3810,-1,-1,-1
710,4,1718.54,452.11,85.64,213.88,0.7332,-1,-1,-1
710,3,845.04,935.61,85.20,144.39,0.7713,-1,-1,-1
711,68,478.55,157.76,59.09,170.58,0.5222,-1,-1,-1
711,65,1276.01,780.95,106.52,265.84,0.7515,-1,-1,-1
711,64,1203.05,793.73,84.42,258.83,0.7883,-1,-1,-1
711,63,390.66,543.75,64.79,241.42,0.7452,-1,-1,-1
711,60,1565.16,601.64,108.32,224.74,0.3690,-1,-1,-1
711,58,1602.46,122.69,64.50,174.19,0.6322,-1,-1,-1
711,54,295.76,394.00,70.88,219.98,0.7365,-1,-1,-1
711,46,794.03,140.51,49.20,172.97,0.3782,-1,-1,-1
711,4,1718.23,452.58,86.08,213.67,0.7142,-1,-1,-1
711,3,845.69,934.20,85.30,145.80,0.7832,-1,-1,-1
712,70,556.87,111.15,63.06,176.20,0.3120,-1,-1,-1
712,68,478.69,159.24,59.41,170.62,0.5244,-1,-1,-1
712,65,1276.08,779.88,102.57,266.05,0.7513,-1,-1,-1
712,64,1199.86,791.66,83.28,256.59,0.7992,-1,-1,-1
712,63,391.26,544.12,66.29,240.95,0.7232,-1,-1,-1
712,60,1565.11,599.23,109.84,226.57,0.4520,-1,-1,-1
712,58,1603.12,122.43,63.72,174.92,0.6190,-1,-1,-1
712,54,297.09,395.53,71.01,219.51,0.7126,-1,-1,-1
712,46,793.82,140.21,49.03,170.28,0.3156,-1,-1,-1
712,4,1717.40,451.35,87.44,216.88,0.7092,-1,-1,-1
712,3,847.43,934.36,84.69,145.64,0.7795,-1,-1,-1
713,70,556.40,108.88,61.17,177.93,0.3073,-1,-1,-1
713,68,478.08,161.70,59.80,170.12,0.5193,-1,-1,-1
713,67,423.51,166.78,48.33,158.82,0.3024,-1,-1,-1
713,65,1276.71,778.82,97.85,262.47,0.7623,-1,-1,-1
713,64,1193.83,790.60,86.82,259.40,0.7920,-1,-1,-1
713,63,392.16,544.45,70.86,239.27,0.6744,-1,-1,-1
713,60,1569.43,598.00,107.41,226.16,0.6165,-1,-1,-1
713,58,1602.88,121.57,62.77,175.14,0.6737,-1,-1,-1
713,54,297.41,399.72,70.08,222.27,0.6889,-1,-1,-1
713,46,792.33,139.11,48.71,172.78,0.3766,-1,-1,-1
713,4,1718.17,451.78,85.76,214.27,0.6983,-1,-1,-1
713,3,849.10,934.09,84.16,145.91,0.7793,-1,-1,-1
714,68,477.70,162.54,58.93,172.06,0.5314,-1,-1,-1
714,66,262.16,208.05,51.96,181.90,0.3215,-1,-1,-1
714,65,1274.64,776.39,96.21,257.86,0.7389,-1,-1,-1
714,64,1190.65,788.22,88.16,262.84,0.7901,-1,-1,-1
714,63,391.13,544.88,75.62,239.18,0.6888,-1,-1,-1
714,60,1571.98,597.06,103.79,227.04,0.6241,-1,-1,-1
714,58,1602.33,120.52,62.72,176.08,0.6533,-1,-1,-1
714,54,297.16,401.10,71.59,221.36,0.6887,-1,-1,-1
714,46,791.93,139.77,48.41,173.82,0.3280,-1,-1,-1
714,4,1718.10,451.64,86.42,214.60,0.6926,-1,-1,-1
714,3,851.97,934.41,82.44,145.59,0.7793,-1,-1,-1
715,68,478.15,164.13,58.48,172.43,0.5132,-1,-1,-1
715,66,261.39,206.46,53.64,178.96,0.3238,-1,-1,-1
715,65,1274.32,771.48,91.65,255.47,0.7946,-1,-1,-1
715,64,1190.67,787.06,81.37,263.14,0.7981,-1,-1,-1
715,63,392.01,544.39,79.44,240.04,0.6993,-1,-1,-1
715,60,1572.80,598.06,103.44,226.67,0.6117,-1,-1,-1
715,58,1601.26,120.10,63.66,178.28,0.6154,-1,-1,-1
715,54,298.04,401.41,70.58,221.03,0.6818,-1,-1,-1
715,46,791.28,139.49,48.16,174.05,0.3436,-1,-1,-1
715,4,1717.72,452.18,85.68,214.81,0.6745,-1,-1,-1
715,3,852.52,934.91,81.45,145.09,0.7796,-1,-1,-1
716,68,476.89,164.26,59.98,172.41,0.4758,-1,-1,-1
716,66,262.64,205.90,52.68,181.23,0.3204,-1,-1,-1
716,65,1273.01,768.42,89.95,255.56,0.8010,-1,-1,-1
716,64,1188.83,786.43,81.41,264.51,0.7998,-1,-1,-1
716,63,392.08,545.95,83.65,239.36,0.7121,-1,-1,-1
716,60,1571.88,598.62,103.38,225.81,0.5770,-1,-1,-1
716,58,1601.25,119.75,62.28,180.09,0.6098,-1,-1,-1
716,54,298.03,401.63,71.15,220.63,0.6748,-1,-1,-1
716,46,790.25,139.98,48.86,171.96,0.3872,-1,-1,-1
716,4,1716.91,452.46,86.62,213.67,0.6653,-1,-1,-1
716,3,853.17,935.45,81.33,144.55,0.7728,-1,-1,-1
717,70,554.42,113.62,61.09,174.36,0.4226,-1,-1,-1
717,68,474.53,160.01,62.95,179.18,0.4701,-1,-1,-1
717,65,1270.87,762.58,90.01,259.21,0.7825,-1,-1,-1
717,64,1186.23,785.10,83.17,264.34,0.8038,-1,-1,-1
717,63,391.26,545.94,86.84,239.32,0.7082,-1,-1,-1
717,60,1570.71,598.95,106.49,225.96,0.5809,-1,-1,-1
717,58,1600.50,119.42,61.70,179.59,0.5446,-1,-1,-1
717,54,298.55,402.72,72.26,219.31,0.6754,-1,-1,-1
717,46,789.62,140.09,48.92,171.08,0.4002,-1,-1,-1
717,4,1718.58,451.44,85.70,214.37,0.6949,-1,-1,-1
717,3,854.40,935.51,79.84,144.49,0.7801,-1,-1,-1
718,70,554.50,112.47,59.81,175.35,0.3254,-1,-1,-1
718,68,473.60,161.05,63.21,179.12,0.5019,-1,-1,-1
718,65,1267.55,759.08,87.43,255.09,0.7455,-1,-1,-1
718,64,1184.51,783.79,83.13,265.78,0.7978,-1,-1,-1
718,63,391.54,546.46,87.19,239.76,0.7149,-1,-1,-1
718,60,1570.87,599.93,105.76,224.28,0.5935,-1,-1,-1
718,58,1600.42,119.04,60.84,181.35,0.5508,-1,-1,-1
718,54,298.46,403.10,72.63,218.97,0.6785,-1,-1,-1
718,46,789.88,140.89,47.63,168.04,0.4083,-1,-1,-1
718,4,1718.65,450.40,85.66,215.20,0.6957,-1,-1,-1
718,3,853.64,935.70,80.86,144.30,0.7747,-1,-1,-1
719,70,553.98,110.10,60.32,177.06,0.3233,-1,-1,-1
719,68,475.56,162.76,60.68,177.90,0.4774,-1,-1,-1
719,67,420.84,159.76,50.90,167.76,0.3037,-1,-1,-1
719,65,1265.60,755.29,86.68,258.45,0.7407,-1,-1,-1
719,64,1183.25,783.25,82.45,264.18,0.7967,-1,-1,-1
719,63,391.63,547.04,89.38,241.47,0.6979,-1,-1,-1
719,60,1568.23,595.57,108.30,229.12,0.5237,-1,-1,-1
719,58,1600.75,118.00,58.84,180.77,0.4605,-1,-1,-1
719,54,299.41,403.36,71.77,211.94,0.6651,-1,-1,-1
719,46,790.85,140.83,46.16,169.00,0.3422,-1,-1,-1
719,4,1717.80,451.77,86.06,214.38,0.7019,-1,-1,-1
719,3,853.11,936.21,81.03,143.79,0.7828,-1,-1,-1
720,70,553.57,115.07,59.18,172.29,0.3311,-1,-1,-1
720,68,475.77,165.96,59.35,171.86,0.4782,-1,-1,-1
720,67,420.34,160.08,51.56,171.51,0.3319,-1,-1,-1
720,65,1264.11,750.49,84.92,262.33,0.7350,-1,-1,-1
720,64,1181.38,781.48,82.99,265.60,0.7844,-1,-1,-1
720,63,392.22,548.00,89.06,240.74,0.6963,-1,-1,-1
720,60,1580.11,601.80,92.63,225.44,0.5020,-1,-1,-1
720,58,1600.35,118.56,58.86,178.93,0.4613,-1,-1,-1
720,54,299.46,405.95,72.37,208.94,0.7027,-1,-1,-1
720,46,787.14,139.24,50.04,170.05,0.3395,-1,-1,-1
720,4,1718.42,451.71,85.33,214.38,0.7063,-1,-1,-1
720,3,852.22,938.03,81.56,141.97,0.7854,-1,-1,-1
721,70,552.49,111.02,60.29,176.27,0.3899,-1,-1,-1
721,68,475.73,166.07,60.38,171.45,0.5103,-1,-1,-1
721,67,419.04,155.55,53.42,176.56,0.4117,-1,-1,-1
721,65,1262.37,748.62,84.67,266.05,0.7339,-1,-1,-1
721,64,1179.83,779.29,81.04,265.68,0.7743,-1,-1,-1
721,63,393.73,548.97,92.98,241.93,0.6839,-1,-1,-1
721,60,1568.49,597.72,106.21,226.83,0.5818,-1,-1,-1
721,58,1600.19,119.64,58.25,175.96,0.5483,-1,-1,-1
721,54,299.50,407.97,73.06,210.87,0.7199,-1,-1,-1
721,46,789.53,140.37,46.92,169.38,0.3120,-1,-1,-1
721,4,1718.81,451.06,86.18,215.82,0.6963,-1,-1,-1
721,3,851.85,938.10,81.98,141.90,0.7845,-1,-1,-1
722,70,550.65,115.10,61.80,172.06,0.4480,-1,-1,-1
722,68,474.42,163.97,60.90,171.95,0.5146,-1,-1,-1
722,67,419.88,157.33,53.96,175.18,0.4083,-1,-1,-1
722,65,1256.19,748.01,88.19,261.08,0.7685,-1,-1,-1
722,64,1177.89,773.45,78.77,268.52,0.7862,-1,-1,-1
722,63,394.98,550.32,93.80,241.15,0.7127,-1,-1,-1
722,60,1568.46,594.95,107.31,230.08,0.5764,-1,-1,-1
722,58,1600.50,119.81,57.01,174.65,0.5212,-1,-1,-1
722,54,299.19,409.24,72.88,213.85,0.7359,-1,-1,-1
722,4,1718.16,452.36,86.74,213.62,0.7177,-1,-1,-1
722,3,850.82,938.56,82.69,141.44,0.7859,-1,-1,-1
723,70,550.78,110.78,60.41,177.54,0.4181,-1,-1,-1
723,68,474.59,165.92,61.42,170.35,0.5331,-1,-1,-1
723,67,418.92,161.66,53.75,172.28,0.4880,-1,-1,-1
723,66,264.87,207.87,51.03,176.75,0.3313,-1,-1,-1
723,65,1253.48,746.23,88.25,268.48,0.7719,-1,-1,-1
723,64,1175.83,770.55,78.45,259.90,0.7740,-1,-1,-1
723,63,395.58,551.23,94.66,242.44,0.7217,-1,-1,-1
723,60,1565.90,594.24,108.83,231.02,0.5543,-1,-1,-1
723,58,1600.27,117.91,56.47,176.83,0.3252,-1,-1,-1
723,54,298.99,410.16,73.30,217.02,0.7556,-1,-1,-1
723,46,788.99,139.01,47.57,172.20,0.3044,-1,-1,-1
723,4,1718.58,451.10,85.32,215.99,0.7177,-1,-1,-1
723,3,850.99,938.46,81.33,141.54,0.7832,-1,-1,-1
724,70,550.35,118.09,59.23,169.45,0.4557,-1,-1,-1
724,68,472.92,165.01,61.82,171.54,0.5628,-1,-1,-1
724,67,417.80,163.96,53.85,174.51,0.4972,-1,-1,-1
724,65,1248.86,745.01,86.57,267.43,0.7717,-1,-1,-1
724,64,1174.06,767.71,75.86,245.68,0.7736,-1,-1,-1
724,63,397.48,551.56,92.35,243.36,0.7247,-1,-1,-1
724,60,1565.95,592.63,109.01,232.24,0.5174,-1,-1,-1
724,58,1599.41,116.68,56.45,178.65,0.3472,-1,-1,-1
724,54,298.90,411.97,72.81,218.51,0.7636,-1,-1,-1
724,4,1719.11,451.86,85.66,215.36,0.6992,-1,-1,-1
724,3,849.08,939.02,82.46,140.98,0.7879,-1,-1,-1
725,70,550.21,115.87,59.22,171.35,0.4512,-1,-1,-1
725,68,471.92,167.81,63.64,171.08,0.5597,-1,-1,-1
725,67,418.39,165.36,51.82,173.69,0.4807,-1,-1,-1
725,65,1243.61,745.28,89.95,268.00,0.7701,-1,-1,-1
725,64,1171.73,763.95,76.36,248.43,0.7729,-1,-1,-1
725,63,401.65,551.22,91.63,242.35,0.7175,-1,-1,-1
725,60,1565.65,595.76,108.86,228.76,0.5284,-1,-1,-1
725,58,1598.67,116.24,56.83,176.73,0.3819,-1,-1,-1
725,54,299.35,414.55,72.97,217.37,0.7556,-1,-1,-1
725,4,1718.25,452.02,86.15,214.77,0.6960,-1,-1,-1
725,3,847.92,941.35,82.63,138.65,0.7785,-1,-1,-1
726,70,549.54,119.54,58.77,168.46,0.4486,-1,-1,-1
726,68,472.91,169.46,61.76,173.86,0.5720,-1,-1,-1
726,67,418.47,167.74,52.80,173.37,0.5188,-1,-1,-1
726,66,264.08,214.64,48.84,170.72,0.3035,-1,-1,-1
726,65,1241.80,744.13,88.89,269.84,0.7933,-1,-1,-1
726,64,1170.43,759.81,77.14,247.49,0.7817,-1,-1,-1
726,63,403.66,552.50,93.23,242.74,0.7400,-1,-1,-1
726,60,1564.62,593.44,110.55,230.92,0.5158,-1,-1,-1
726,58,1598.38,115.44,55.88,176.35,0.4359,-1,-1,-1
726,54,299.28,415.97,72.30,217.53,0.7589,-1,-1,-1
726,4,1717.56,452.30,86.02,213.99,0.6996,-1,-1,-1
726,3,845.92,942.39,83.97,137.61,0.7846,-1,-1,-1
727,70,549.92,118.96,58.31,169.08,0.3396,-1,-1,-1
727,68,473.78,171.51,60.06,174.55,0.5438,-1,-1,-1
727,67,416.50,174.18,54.10,166.23,0.5382,-1,-1,-1
727,65,1239.42,742.56,91.30,268.72,0.8175,-1,-1,-1
727,64,1167.43,756.11,78.42,243.46,0.7972,-1,-1,-1
727,63,403.10,552.59,94.64,244.89,0.7689,-1,-1,-1
727,60,1564.02,598.10,110.63,228.10,0.4516,-1,-1,-1
727,58,1598.31,113.05,55.15,177.68,0.4516,-1,-1,-1
727,54,299.65,418.77,72.14,216.34,0.7686,-1,-1,-1
727,4,1719.51,451.75,84.31,214.45,0.7039,-1,-1,-1
727,3,844.72,943.01,83.93,136.99,0.7869,-1,-1,-1
728,70,549.19,114.53,59.17,173.07,0.3397,-1,-1,-1
728,68,473.82,171.01,58.96,177.17,0.5213,-1,-1,-1
728,67,419.17,174.60,54.45,170.89,0.4940,-1,-1,-1
728,66,263.26,215.02,49.40,169.73,0.3160,-1,-1,-1
728,65,1238.11,742.57,90.75,268.29,0.8206,-1,-1,-1
728,64,1163.83,753.90,79.84,249.25,0.8115,-1,-1,-1
728,63,404.34,551.89,93.59,245.35,0.7877,-1,-1,-1
728,60,1580.44,602.14,92.84,223.70,0.4383,-1,-1,-1
728,58,1597.80,112.06,56.00,179.65,0.5469,-1,-1,-1
728,54,298.55,419.01,73.35,221.12,0.7556,-1,-1,-1
728,4,1718.74,452.37,85.26,213.10,0.7057,-1,-1,-1
728,3,843.11,942.31,84.70,137.69,0.7851,-1,-1,-1
729,70,549.30,115.58,58.46,172.08,0.3833,-1,-1,-1
729,68,473.71,171.31,59.11,180.21,0.5287,-1,-1,-1
729,67,420.50,179.25,51.79,165.71,0.4526,-1,-1,-1
729,65,1235.60,741.15,91.39,266.47,0.8278,-1,-1,-1
729,64,1162.50,750.84,78.03,253.47,0.8182,-1,-1,-1
729,63,403.92,552.62,93.10,243.40,0.7756,-1,-1,-1
729,60,1565.48,597.04,110.77,228.84,0.4953,-1,-1,-1
729,58,1597.50,109.73,55.77,178.34,0.5599,-1,-1,-1
729,54,298.79,420.27,71.80,221.87,0.7511,-1,-1,-1
729,4,1718.33,451.10,85.91,215.06,0.7095,-1,-1,-1
729,3,841.40,944.20,85.91,135.80,0.7929,-1,-1,-1
730,70,549.24,116.78,58.80,170.34,0.4118,-1,-1,-1
730,68,470.09,167.41,61.75,184.24,0.4243,-1,-1,-1
730,67,417.93,181.46,54.44,164.67,0.4711,-1,-1,-1
730,66,262.03,213.40,51.81,175.01,0.3763,-1,-1,-1
730,65,1232.50,739.55,92.37,269.13,0.8114,-1,-1,-1
730,64,1158.05,749.90,79.47,257.75,0.8185,-1,-1,-1
730,63,406.17,552.72,91.21,243.52,0.7974,-1,-1,-1
730,60,1581.81,597.89,91.71,228.28,0.4972,-1,-1,-1
730,58,1597.59,108.24,55.37,176.66,0.4597,-1,-1,-1
730,54,298.43,421.06,71.64,222.84,0.7341,-1,-1,-1
730,4,1718.55,451.93,86.52,214.44,0.7111,-1,-1,-1
730,3,839.78,943.90,86.61,135.78,0.7834,-1,-1,-1
731,71,321.44,210.56,57.16,160.77,0.3860,-1,-1,-1
731,70,549.27,119.62,59.22,166.45,0.3687,-1,-1,-1
731,68,470.10,168.44,61.84,184.38,0.4296,-1,-1,-1
731,67,417.19,183.04,53.74,163.19,0.4705,-1,-1,-1
731,66,261.98,212.07,50.74,174.28,0.3868,-1,-1,-1
731,65,1230.64,737.00,89.12,270.38,0.7996,-1,-1,-1
731,64,1155.52,748.34,78.82,258.61,0.8071,-1,-1,-1
731,63,407.76,553.20,90.11,242.75,0.8102,-1,-1,-1
731,60,1566.87,596.40,109.12,227.96,0.5672,-1,-1,-1
731,58,1598.30,106.73,54.95,176.83,0.4633,-1,-1,-1
731,54,297.80,421.25,71.61,221.46,0.7149,-1,-1,-1
731,4,1718.92,452.37,85.61,214.01,0.7040,-1,-1,-1
731,3,838.29,943.82,86.82,136.06,0.7831,-1,-1,-1
732,71,321.73,208.21,59.18,165.02,0.3859,-1,-1,-1
732,70,549.00,113.45,60.36,173.24,0.4498,-1,-1,-1
732,68,470.19,173.64,62.43,180.73,0.4672,-1,-1,-1
732,67,417.15,181.29,53.04,165.69,0.4667,-1,-1,-1
732,66,262.73,213.93,49.57,171.80,0.3595,-1,-1,-1
732,65,1229.58,734.51,89.04,268.51,0.8156,-1,-1,-1
732,64,1152.80,746.83,79.70,260.68,0.8076,-1,-1,-1
732,63,412.81,553.20,87.28,243.40,0.8056,-1,-1,-1
732,60,1566.28,595.05,109.19,230.02,0.5126,-1,-1,-1
732,58,1599.81,105.29,53.75,176.68,0.5165,-1,-1,-1
732,54,297.29,421.67,72.64,221.38,0.6780,-1,-1,-1
732,4,1717.38,451.93,87.50,214.87,0.6971,-1,-1,-1
732,3,838.41,944.71,85.34,135.24,0.7824,-1,-1,-1
733,71,322.65,210.23,57.14,161.46,0.3586,-1,-1,-1
733,70,549.21,113.53,59.48,173.51,0.3828,-1,-1,-1
733,68,472.01,172.86,60.46,182.75,0.4834,-1,-1,-1
733,67,417.21,185.82,50.80,155.93,0.4663,-1,-1,-1
733,65,1227.97,729.82,86.17,256.65,0.7856,-1,-1,-1
733,64,1150.17,746.18,79.77,263.33,0.7685,-1,-1,-1
733,63,415.29,552.57,85.00,243.95,0.7859,-1,-1,-1
733,60,1565.97,592.68,110.29,232.13,0.5153,-1,-1,-1
733,58,1600.82,104.86,53.21,174.88,0.4988,-1,-1,-1
733,54,296.41,422.43,73.15,220.25,0.6548,-1,-1,-1
733,4,1717.03,451.93,87.78,215.31,0.6983,-1,-1,-1
733,3,836.66,944.67,86.15,134.92,0.7718,-1,-1,-1
734,71,324.31,208.21,58.18,164.47,0.4050,-1,-1,-1
734,70,549.26,112.78,58.68,174.81,0.4292,-1,-1,-1
734,68,472.13,173.12,60.22,182.12,0.4485,-1,-1,-1
734,67,419.96,182.70,48.37,159.84,0.4038,-1,-1,-1
734,66,264.05,214.07,47.12,166.65,0.3283,-1,-1,-1
734,65,1227.84,727.46,83.30,248.18,0.7810,-1,-1,-1
734,64,1147.83,747.69,80.77,260.73,0.7759,-1,-1,-1
734,63,420.76,552.92,80.54,245.78,0.7893,-1,-1,-1
734,60,1580.48,599.54,92.08,227.58,0.4537,-1,-1,-1
734,58,1601.11,104.03,54.04,175.53,0.3562,-1,-1,-1
734,54,295.94,423.08,73.45,219.04,0.6431,-1,-1,-1
734,4,1717.25,452.08,87.35,217.84,0.7044,-1,-1,-1
734,3,836.16,944.79,86.05,134.74,0.7784,-1,-1,-1
735,71,325.26,206.17,57.92,165.54,0.4045,-1,-1,-1
735,70,549.17,115.03,59.62,171.34,0.3827,-1,-1,-1
735,68,470.89,174.84,61.97,180.92,0.4441,-1,-1,-1
735,67,419.40,185.07,48.11,156.27,0.4331,-1,-1,-1
735,66,263.38,213.48,47.01,169.69,0.3011,-1,-1,-1
735,65,1222.93,720.94,85.56,247.29,0.7750,-1,-1,-1
735,64,1143.42,744.94,83.84,263.17,0.7571,-1,-1,-1
735,63,425.15,553.75,78.21,245.20,0.7805,-1,-1,-1
735,60,1587.03,598.00,85.66,229.26,0.5277,-1,-1,-1
735,54,294.90,424.40,73.73,216.52,0.6148,-1,-1,-1
735,4,1718.72,452.46,86.17,213.86,0.6874,-1,-1,-1
735,3,834.67,945.20,87.25,134.39,0.7784,-1,-1,-1
736,71,325.74,207.51,57.47,166.05,0.4045,-1,-1,-1
736,70,548.36,112.41,61.57,175.64,0.4186,-1,-1,-1
736,68,472.95,172.92,60.34,183.83,0.4605,-1,-1,-1
736,67,419.02,185.69,48.66,156.35,0.4226,-1,-1,-1
736,65,1220.46,716.26,84.99,247.55,0.7765,-1,-1,-1
736,64,1142.29,741.43,85.03,260.34,0.7663,-1,-1,-1
736,63,432.62,553.49,72.82,246.02,0.8009,-1,-1,-1
736,60,1568.68,596.01,107.10,228.40,0.5900,-1,-1,-1
736,54,294.55,425.18,74.02,215.94,0.6418,-1,-1,-1
736,4,1718.39,451.37,86.15,213.50,0.6988,-1,-1,-1
736,3,834.06,945.04,87.59,134.89,0.7756,-1,-1,-1
737,71,327.21,209.68,56.94,165.04,0.4223,-1,-1,-1
737,70,548.35,112.51,61.94,175.77,0.4126,-1,-1,-1
737,68,472.64,174.70,60.65,180.50,0.4152,-1,-1,-1
737,67,418.38,186.16,49.27,156.20,0.4047,-1,-1,-1
737,65,1221.06,711.42,82.83,253.05,0.7644,-1,-1,-1
737,64,1139.05,739.40,86.27,260.28,0.7509,-1,-1,-1
737,63,436.46,554.26,71.42,246.09,0.7951,-1,-1,-1
737,60,1584.71,595.92,89.78,230.94,0.5005,-1,-1,-1
737,54,294.84,426.36,73.09,213.69,0.6173,-1,-1,-1
737,4,1718.56,451.47,86.23,214.06,0.7115,-1,-1,-1
737,3,834.66,946.51,86.66,133.16,0.7825,-1,-1,-1
738,71,327.77,212.50,57.89,161.33,0.4164,-1,-1,-1
738,70,548.72,109.73,63.41,179.11,0.4262,-1,-1,-1
738,68,471.69,168.24,59.37,187.16,0.3632,-1,-1,-1
738,67,416.05,186.06,50.55,157.87,0.3811,-1,-1,-1
738,65,1221.02,709.70,79.93,257.18,0.7669,-1,-1,-1
738,64,1136.75,737.22,83.83,264.35,0.7494,-1,-1,-1
738,63,439.97,554.75,69.47,248.02,0.8005,-1,-1,-1
738,60,1569.26,595.00,106.18,229.68,0.5389,-1,-1,-1
738,54,294.36,427.10,74.10,214.35,0.6738,-1,-1,-1
738,46,789.45,140.50,46.05,169.86,0.3335,-1,-1,-1
738,4,1718.30,451.38,86.05,213.69,0.7164,-1,-1,-1
738,3,834.78,946.07,86.76,133.45,0.7774,-1,-1,-1
739,71,327.77,210.69,58.76,163.53,0.4294,-1,-1,-1
739,70,548.53,115.43,63.52,173.33,0.4710,-1,-1,-1
739,68,470.77,172.95,61.41,182.67,0.4530,-1,-1,-1
739,67,413.93,185.33,51.16,158.60,0.4281,-1,-1,-1
739,65,1219.75,707.95,79.78,260.40,0.7537,-1,-1,-1
739,64,1135.50,735.52,82.06,258.44,0.7796,-1,-1,-1
739,63,443.32,555.22,68.57,250.26,0.7881,-1,-1,-1
739,60,1571.50,588.70,104.50,235.77,0.5993,-1,-1,-1
739,54,294.45,427.88,74.13,215.65,0.6556,-1,-1,-1
739,46,788.49,139.63,46.90,170.57,0.3078,-1,-1,-1
739,4,1719.78,450.45,85.10,214.30,0.7204,-1,-1,-1
739,3,834.47,946.02,87.41,133.97,0.7797,-1,-1,-1
740,71,328.61,206.72,58.94,167.18,0.3747,-1,-1,-1
740,70,549.08,111.80,63.51,176.63,0.5201,-1,-1,-1
740,68,470.15,169.14,61.96,186.28,0.4470,-1,-1,-1
740,67,412.71,186.89,52.86,160.42,0.4272,-1,-1,-1
740,65,1218.23,706.81,78.99,263.37,0.7534,-1,-1,-1
740,64,1133.04,733.02,83.83,252.28,0.7807,-1,-1,-1
740,63,445.43,554.86,68.99,250.45,0.7673,-1,-1,-1
740,60,1570.65,595.05,104.13,229.13,0.6083,-1,-1,-1
740,54,294.25,430.24,76.00,218.40,0.6924,-1,-1,-1
740,4,1718.10,452.79,86.69,212.48,0.7351,-1,-1,-1
740,3,834.83,945.94,87.21,133.92,0.7759,-1,-1,-1
741,71,330.31,208.22,57.25,162.88,0.3601,-1,-1,-1
741,70,550.62,111.35,63.00,177.11,0.4599,-1,-1,-1
741,68,469.80,171.30,61.14,184.41,0.4810,-1,-1,-1
741,67,411.13,190.35,53.50,161.87,0.4197,-1,-1,-1
741,65,1216.41,706.41,79.13,261.28,0.7452,-1,-1,-1
741,64,1130.94,730.45,80.79,248.30,0.7656,-1,-1,-1
741,63,447.46,556.82,67.79,251.36,0.7568,-1,-1,-1
741,60,1572.69,593.76,101.69,230.75,0.6250,-1,-1,-1
741,54,294.39,431.98,75.72,221.47,0.6889,-1,-1,-1
741,4,1718.29,451.93,86.44,213.09,0.7291,-1,-1,-1
741,3,835.43,946.22,87.16,133.78,0.7820,-1,-1,-1
742,71,332.80,209.43,55.05,159.56,0.3222,-1,-1,-1
742,70,552.30,111.58,61.04,176.96,0.3324,-1,-1,-1
742,68,468.74,171.66,62.03,183.85,0.4603,-1,-1,-1
742,67,409.10,196.17,56.36,157.39,0.5112,-1,-1,-1
742,65,1208.27,706.02,86.10,261.61,0.7565,-1,-1,-1
742,64,1127.30,726.98,79.83,248.48,0.7711,-1,-1,-1
742,63,449.61,556.23,68.27,252.24,0.7697,-1,-1,-1
742,60,1573.02,593.53,102.16,231.32,0.6461,-1,-1,-1
742,54,295.37,434.46,72.87,220.00,0.6950,-1,-1,-1
742,4,1718.86,452.57,85.10,213.45,0.7059,-1,-1,-1
742,3,836.04,946.25,87.47,133.75,0.7761,-1,-1,-1
743,70,552.22,104.44,61.48,183.88,0.3088,-1,-1,-1
743,68,468.30,168.39,58.70,189.13,0.3448,-1,-1,-1
743,67,410.09,200.23,54.58,155.02,0.5356,-1,-1,-1
743,65,1203.23,706.06,87.69,260.70,0.7493,-1,-1,-1
743,64,1124.11,722.86,80.30,249.70,0.7671,-1,-1,-1
743,63,452.77,557.37,74.65,250.65,0.7574,-1,-1,-1
743,60,1571.43,591.36,103.92,233.06,0.5904,-1,-1,-1
743,54,295.53,437.63,73.49,219.72,0.7118,-1,-1,-1
743,4,1719.62,452.06,83.01,213.65,0.7183,-1,-1,-1
743,3,837.09,946.66,86.90,133.34,0.7722,-1,-1,-1
744,71,333.65,209.78,54.98,159.65,0.3413,-1,-1,-1
744,70,552.46,112.24,61.58,177.11,0.3502,-1,-1,-1
744,68,466.27,176.42,59.78,183.63,0.3913,-1,-1,-1
744,67,410.12,200.97,54.17,156.29,0.5225,-1,-1,-1
744,65,1200.31,705.30,86.23,260.30,0.7383,-1,-1,-1
744,64,1123.12,721.16,79.17,249.11,0.7697,-1,-1,-1
744,63,453.88,559.70,82.96,247.21,0.7515,-1,-1,-1
744,60,1571.69,593.65,102.35,230.80,0.6367,-1,-1,-1
744,54,296.38,440.57,72.36,218.99,0.7045,-1,-1,-1
744,4,1719.63,453.54,83.96,213.20,0.7285,-1,-1,-1
744,3,838.06,947.64,86.47,132.36,0.7752,-1,-1,-1
745,71,334.53,212.09,53.64,157.35,0.3424,-1,-1,-1
745,70,552.78,110.58,61.09,178.60,0.3844,-1,-1,-1
745,68,464.68,176.01,60.84,188.58,0.4127,-1,-1,-1
745,67,410.24,202.68,52.95,158.38,0.5489,-1,-1,-1
745,65,1198.63,705.81,86.15,257.25,0.7429,-1,-1,-1
745,64,1122.36,719.21,78.92,253.27,0.7687,-1,-1,-1
745,63,455.22,560.76,89.73,244.29,0.7883,-1,-1,-1
745,60,1572.67,593.01,102.30,231.67,0.6408,-1,-1,-1
745,54,297.29,442.17,71.77,220.43,0.6978,-1,-1,-1
745,4,1718.69,452.72,85.27,213.44,0.7261,-1,-1,-1
745,3,839.09,947.82,86.93,132.18,0.7741,-1,-1,-1
746,71,334.47,215.04,55.08,152.76,0.3258,-1,-1,-1
746,68,463.23,181.55,65.32,183.57,0.5114,-1,-1,-1
746,67,409.45,201.21,50.61,161.34,0.5130,-1,-1,-1
746,65,1195.24,702.93,87.14,259.36,0.7508,-1,-1,-1
746,64,1119.42,718.45,80.64,254.38,0.7647,-1,-1,-1
746,63,455.81,561.73,96.29,244.22,0.8045,-1,-1,-1
746,60,1574.25,596.42,100.81,228.31,0.6676,-1,-1,-1
746,54,298.12,444.22,71.15,222.34,0.6974,-1,-1,-1
746,4,1719.17,453.59,86.08,212.12,0.7104,-1,-1,-1
746,3,840.72,948.20,86.38,131.80,0.7822,-1,-1,-1
747,71,334.43,213.75,55.57,154.67,0.3559,-1,-1,-1
747,68,464.92,184.49,61.67,181.53,0.5620,-1,-1,-1
747,67,409.50,203.60,51.77,156.86,0.5429,-1,-1,-1
747,65,1189.51,700.75,88.56,264.18,0.7580,-1,-1,-1
747,64,1117.79,715.93,78.32,256.24,0.7762,-1,-1,-1
747,63,456.60,561.99,98.77,245.97,0.8200,-1,-1,-1
747,60,1570.64,590.92,105.30,233.82,0.5972,-1,-1,-1
747,54,299.27,444.88,70.55,224.35,0.7232,-1,-1,-1
747,4,1719.38,452.80,84.87,212.90,0.7109,-1,-1,-1
747,3,842.76,948.25,85.73,131.75,0.7861,-1,-1,-1
748,71,334.03,207.64,57.58,160.89,0.4271,-1,-1,-1
748,68,463.66,187.13,62.75,179.67,0.5506,-1,-1,-1
748,67,409.36,202.67,50.26,159.70,0.5541,-1,-1,-1
748,65,1187.63,698.45,86.02,258.56,0.8099,-1,-1,-1
748,64,1116.13,714.82,77.38,255.93,0.8039,-1,-1,-1
748,63,456.40,563.68,102.90,245.55,0.8213,-1,-1,-1
748,60,1565.58,596.76,106.43,230.45,0.5215,-1,-1,-1
748,54,299.00,445.32,71.70,222.66,0.7085,-1,-1,-1
748,4,1718.72,454.07,84.19,212.27,0.6996,-1,-1,-1
748,3,844.25,948.66,85.09,131.34,0.7901,-1,-1,-1
749,71,333.70,210.04,56.46,159.66,0.3666,-1,-1,-1
749,68,464.37,187.97,59.11,181.54,0.5753,-1,-1,-1
749,67,409.18,204.26,48.65,157.48,0.5303,-1,-1,-1
749,65,1184.73,696.50,86.09,248.04,0.8110,-1,-1,-1
749,64,1114.98,712.44,75.76,255.87,0.8258,-1,-1,-1
749,63,457.62,564.89,105.17,246.64,0.8096,-1,-1,-1
749,60,1571.32,588.14,104.53,236.16,0.5857,-1,-1,-1
749,54,300.42,445.45,71.55,223.99,0.6980,-1,-1,-1
749,4,1719.46,454.42,83.10,213.80,0.6838,-1,-1,-1
749,3,846.40,950.07,84.45,129.93,0.7890,-1,-1,-1
750,71,334.02,207.44,55.45,161.36,0.3703,-1,-1,-1
750,68,463.57,186.22,60.00,185.85,0.5019,-1,-1,-1
750,67,408.30,202.72,51.95,160.60,0.5511,-1,-1,-1
750,65,1182.87,693.14,86.02,257.55,0.7882,-1,-1,-1
750,64,1113.19,712.03,75.86,257.77,0.8172,-1,-1,-1
750,63,458.42,564.99,105.97,247.58,0.8153,-1,-1,-1
750,60,1572.58,592.23,102.20,232.17,0.6222,-1,-1,-1
750,54,300.69,446.50,72.11,222.43,0.6979,-1,-1,-1
750,4,1718.42,453.46,85.21,214.07,0.7083,-1,-1,-1
750,3,849.29,951.79,82.68,128.21,0.7690,-1,-1,-1
751,71,333.75,205.76,55.70,161.29,0.3877,-1,-1,-1
751,68,462.58,195.74,60.43,179.13,0.4754,-1,-1,-1
751,67,409.46,203.44,49.04,157.47,0.5034,-1,-1,-1
751,66,266.61,206.90,57.90,165.06,0.4221,-1,-1,-1
751,65,1181.32,688.15,82.68,244.44,0.7994,-1,-1,-1
751,64,1110.32,709.43,72.45,254.03,0.8050,-1,-1,-1
751,63,459.10,565.62,106.12,246.66,0.8109,-1,-1,-1
751,60,1571.78,592.48,103.91,231.81,0.6172,-1,-1,-1
751,54,301.26,446.65,74.36,221.20,0.7015,-1,-1,-1
751,4,1716.29,455.03,86.17,211.19,0.6830,-1,-1,-1
751,3,851.61,952.45,82.81,127.55,0.7662,-1,-1,-1
752,71,334.10,204.50,55.09,162.67,0.3595,-1,-1,-1
752,68,461.55,194.88,61.93,181.11,0.4693,-1,-1,-1
752,67,408.91,204.48,48.78,158.00,0.4695,-1,-1,-1
752,66,266.93,208.04,56.63,164.55,0.4067,-1,-1,-1
752,65,1179.77,684.53,81.39,242.64,0.7705,-1,-1,-1
752,64,1107.10,710.54,74.44,254.63,0.7866,-1,-1,-1
752,63,463.89,565.73,103.12,246.10,0.7858,-1,-1,-1
752,60,1567.96,595.55,104.00,230.96,0.5349,-1,-1,-1
752,54,301.20,447.61,75.56,221.57,0.7224,-1,-1,-1
752,4,1716.77,453.64,85.36,213.63,0.6898,-1,-1,-1
752,3,853.08,952.14,83.26,127.86,0.7692,-1,-1,-1
753,71,332.63,200.80,56.84,166.53,0.3520,-1,-1,-1
753,68,460.53,193.70,60.93,182.75,0.4561,-1,-1,-1
753,67,408.37,205.84,48.23,154.13,0.5112,-1,-1,-1
753,66,268.53,205.69,55.08,166.58,0.3659,-1,-1,-1
753,65,1174.66,679.54,83.27,251.10,0.7472,-1,-1,-1
753,64,1106.35,707.94,72.19,256.03,0.7785,-1,-1,-1
753,63,467.90,566.11,99.75,245.97,0.7557,-1,-1,-1
753,60,1571.22,591.42,104.80,232.53,0.5767,-1,-1,-1
753,54,301.02,448.47,77.14,219.63,0.7255,-1,-1,-1
753,4,1716.37,452.69,84.89,214.68,0.6771,-1,-1,-1
753,3,854.92,952.45,82.99,127.55,0.7730,-1,-1,-1
754,71,332.10,202.19,56.93,165.34,0.3110,-1,-1,-1
754,68,461.06,192.28,60.58,184.47,0.4169,-1,-1,-1
754,67,407.15,204.28,48.23,157.26,0.4999,-1,-1,-1
754,66,267.94,204.37,50.05,170.60,0.3810,-1,-1,-1
754,65,1172.81,676.33,83.49,252.74,0.7506,-1,-1,-1
754,64,1103.93,704.23,73.14,261.71,0.7822,-1,-1,-1
754,63,475.19,566.22,91.90,246.31,0.7266,-1,-1,-1
754,60,1569.98,591.40,104.58,233.23,0.5054,-1,-1,-1
754,54,300.60,449.96,78.60,216.30,0.7189,-1,-1,-1
754,4,1715.79,454.01,85.68,212.17,0.6706,-1,-1,-1
754,3,856.42,952.22,83.65,127.41,0.7783,-1,-1,-1
755,68,456.93,190.80,63.93,188.25,0.4008,-1,-1,-1
755,67,405.66,207.82,51.00,153.34,0.4300,-1,-1,-1
755,66,268.54,203.47,56.39,168.86,0.3179,-1,-1,-1
755,65,1170.32,672.81,83.08,257.90,0.7573,-1,-1,-1
755,64,1101.47,701.91,73.18,259.39,0.7652,-1,-1,-1
755,63,480.86,567.57,84.01,246.67,0.7216,-1,-1,-1
755,60,1572.24,590.68,102.91,234.34,0.5949,-1,-1,-1
755,54,300.81,451.17,79.16,215.28,0.7352,-1,-1,-1
755,4,1716.87,452.06,82.46,214.24,0.6755,-1,-1,-1
755,3,858.68,952.13,83.11,127.87,0.7789,-1,-1,-1
756,68,457.31,192.58,62.92,183.94,0.4601,-1,-1,-1
756,67,404.04,206.80,51.27,154.76,0.4654,-1,-1,-1
756,66,269.04,202.50,56.14,168.84,0.3257,-1,-1,-1
756,65,1168.81,672.27,83.20,259.18,0.7702,-1,-1,-1
756,64,1100.03,697.27,72.91,248.80,0.7612,-1,-1,-1
756,63,490.12,567.26,74.89,247.62,0.6988,-1,-1,-1
756,60,1571.00,589.46,103.53,235.40,0.5732,-1,-1,-1
756,54,300.84,452.77,81.61,214.76,0.7341,-1,-1,-1
756,4,1716.91,453.84,82.10,214.43,0.6730,-1,-1,-1
756,3,858.75,952.00,85.29,127.78,0.7797,-1,-1,-1
757,68,453.34,189.37,67.15,187.31,0.5039,-1,-1,-1
757,67,403.97,204.03,50.92,159.75,0.4464,-1,-1,-1
757,65,1168.38,671.49,82.67,259.06,0.7719,-1,-1,-1
757,64,1097.54,693.69,74.96,246.68,0.7604,-1,-1,-1
757,63,499.34,566.86,69.83,245.39,0.7099,-1,-1,-1
757,60,1570.45,595.26,103.58,230.81,0.4594,-1,-1,-1
757,54,300.82,455.31,81.39,217.60,0.7444,-1,-1,-1
757,4,1717.95,453.39,80.27,213.30,0.6811,-1,-1,-1
757,3,859.62,953.47,86.12,126.53,0.7813,-1,-1,-1
758,68,454.12,188.27,65.60,190.70,0.4780,-1,-1,-1
758,67,404.47,204.65,49.33,162.91,0.4706,-1,-1,-1
758,66,271.63,201.00,53.78,170.42,0.3164,-1,-1,-1
758,65,1166.00,671.64,85.28,258.78,0.7700,-1,-1,-1
758,64,1095.03,690.46,77.24,236.58,0.7667,-1,-1,-1
758,63,503.03,565.17,70.11,248.31,0.7178,-1,-1,-1
758,60,1569.26,590.27,107.20,233.82,0.4381,-1,-1,-1
758,54,300.48,458.54,81.25,220.14,0.7483,-1,-1,-1
758,4,1718.21,452.83,79.27,213.14,0.7091,-1,-1,-1
758,3,860.77,953.50,86.56,126.50,0.7724,-1,-1,-1
759,68,452.69,188.47,67.20,189.01,0.4775,-1,-1,-1
759,67,404.67,205.81,49.20,163.04,0.5147,-1,-1,-1
759,65,1162.28,671.25,89.42,260.00,0.7585,-1,-1,-1
759,64,1093.74,687.93,76.33,240.88,0.7500,-1,-1,-1
759,63,507.83,565.12,68.49,249.38,0.7153,-1,-1,-1
759,60,1569.52,594.13,106.27,229.88,0.5469,-1,-1,-1
759,54,300.67,459.09,81.02,223.57,0.7500,-1,-1,-1
759,4,1718.52,452.81,78.33,213.19,0.6912,-1,-1,-1
759,3,862.76,954.63,87.54,125.37,0.7556,-1,-1,-1
760,68,450.96,186.37,68.68,188.91,0.4787,-1,-1,-1
760,67,404.78,207.33,51.23,167.11,0.4920,-1,-1,-1
760,66,274.85,205.54,50.12,165.98,0.3733,-1,-1,-1
760,65,1160.80,669.68,89.30,259.27,0.7646,-1,-1,-1
760,64,1091.69,686.94,77.14,244.90,0.7463,-1,-1,-1
760,63,511.63,564.92,69.97,249.76,0.7246,-1,-1,-1
760,60,1571.41,594.17,104.13,229.89,0.6334,-1,-1,-1
760,54,300.97,462.64,80.85,224.12,0.7340,-1,-1,-1
760,4,1718.55,452.97,77.82,212.83,0.6993,-1,-1,-1
760,3,864.17,954.65,89.57,125.35,0.7562,-1,-1,-1
761,68,449.99,190.22,70.09,184.89,0.4992,-1,-1,-1
761,67,404.45,208.14,52.04,168.13,0.4128,-1,-1,-1
761,65,1158.07,668.24,89.85,261.44,0.7653,-1,-1,-1
761,64,1089.55,685.65,76.78,244.19,0.7419,-1,-1,-1
761,63,514.72,565.42,71.59,248.40,0.7487,-1,-1,-1
761,60,1570.07,594.74,105.17,229.30,0.6087,-1,-1,-1
761,54,300.83,464.89,80.77,222.78,0.7136,-1,-1,-1
761,4,1716.25,453.19,79.44,211.74,0.7148,-1,-1,-1
761,3,865.43,954.60,90.82,125.40,0.7727,-1,-1,-1
762,68,451.56,192.46,68.55,185.43,0.5033,-1,-1,-1
762,67,404.99,209.13,53.31,169.89,0.5095,-1,-1,-1
762,66,276.12,204.42,48.28,165.67,0.3849,-1,-1,-1
762,65,1156.34,667.27,89.20,262.09,0.7527,-1,-1,-1
762,64,1088.24,683.41,75.29,246.08,0.7445,-1,-1,-1
762,63,517.32,567.52,74.28,246.46,0.7712,-1,-1,-1
762,60,1571.09,594.08,104.42,230.71,0.6259,-1,-1,-1
762,54,301.22,467.16,79.78,222.78,0.7273,-1,-1,-1
762,4,1717.36,453.96,78.60,210.31,0.7040,-1,-1,-1
762,3,867.01,955.23,89.05,124.77,0.7772,-1,-1,-1
763,71,331.10,202.49,55.99,164.79,0.3031,-1,-1,-1
763,68,454.29,202.71,62.63,176.92,0.4843,-1,-1,-1
763,67,405.48,209.39,52.16,170.22,0.5250,-1,-1,-1
763,66,277.12,199.80,48.46,169.78,0.4184,-1,-1,-1
763,65,1155.01,664.53,85.73,260.33,0.7501,-1,-1,-1
763,64,1081.57,682.86,80.41,247.79,0.7471,-1,-1,-1
763,63,519.54,567.86,75.40,245.70,0.7638,-1,-1,-1
763,60,1570.30,594.34,104.43,230.22,0.6032,-1,-1,-1
763,54,301.09,468.74,77.78,224.39,0.7418,-1,-1,-1
763,4,1718.63,454.84,78.76,211.99,0.7112,-1,-1,-1
763,3,867.38,955.70,89.23,124.30,0.7777,-1,-1,-1
764,68,454.67,204.13,61.52,178.65,0.5304,-1,-1,-1
764,67,404.26,208.36,52.92,173.25,0.5257,-1,-1,-1
764,66,277.73,195.63,47.25,174.17,0.3949,-1,-1,-1
764,65,1152.19,660.06,86.80,261.78,0.7565,-1,-1,-1
764,64,1081.72,679.97,77.24,253.05,0.7459,-1,-1,-1
764,63,520.78,568.38,77.22,245.18,0.7563,-1,-1,-1
764,60,1570.69,592.88,104.11,231.58,0.5364,-1,-1,-1
764,54,299.35,468.71,77.51,227.79,0.7412,-1,-1,-1
764,4,1718.38,453.70,79.08,212.22,0.7213,-1,-1,-1
764,3,868.03,956.38,88.77,123.62,0.7730,-1,-1,-1
765,70,540.21,107.89,72.88,181.85,0.3543,-1,-1,-1
765,68,454.97,205.24,61.04,179.83,0.5461,-1,-1,-1
765,67,401.32,209.14,55.41,173.61,0.5030,-1,-1,-1
765,66,278.62,188.89,47.90,181.07,0.3451,-1,-1,-1
765,65,1150.03,660.27,86.32,258.70,0.7424,-1,-1,-1
765,64,1079.22,678.35,77.11,254.28,0.7335,-1,-1,-1
765,63,521.03,568.40,84.75,245.89,0.7480,-1,-1,-1
765,60,1571.02,592.80,104.31,231.29,0.5511,-1,-1,-1
765,54,299.09,469.40,75.89,229.77,0.7123,-1,-1,-1
765,4,1719.00,453.14,77.92,213.63,0.7132,-1,-1,-1
765,3,868.46,957.01,87.98,122.99,0.7693,-1,-1,-1
766,71,326.48,193.39,56.45,172.20,0.3611,-1,-1,-1
766,68,454.40,202.89,60.37,185.82,0.4860,-1,-1,-1
766,67,400.37,211.01,55.43,171.17,0.4876,-1,-1,-1
766,66,278.93,199.88,49.65,169.73,0.3799,-1,-1,-1
766,65,1146.43,656.76,89.19,256.30,0.7226,-1,-1,-1
766,64,1075.97,677.87,80.70,255.85,0.7214,-1,-1,-1
766,63,522.96,569.66,92.34,245.52,0.7485,-1,-1,-1
766,60,1570.55,591.02,104.37,233.58,0.6027,-1,-1,-1
766,54,297.50,470.25,74.06,228.42,0.6357,-1,-1,-1
766,4,1718.67,455.56,77.50,209.56,0.7407,-1,-1,-1
766,3,869.38,956.83,87.26,123.17,0.7581,-1,-1,-1
767,71,328.67,193.28,56.20,171.97,0.3797,-1,-1,-1
767,68,454.06,202.54,59.99,186.83,0.4779,-1,-1,-1
767,67,400.59,210.94,55.37,172.14,0.4535,-1,-1,-1
767,66,278.78,197.65,50.66,169.62,0.3815,-1,-1,-1
767,65,1145.23,653.31,85.95,252.18,0.7163,-1,-1,-1
767,64,1074.42,675.60,80.27,255.42,0.7359,-1,-1,-1
767,63,524.10,569.65,89.61,246.87,0.7563,-1,-1,-1
767,60,1582.97,598.35,89.17,228.17,0.5039,-1,-1,-1
767,54,295.95,471.71,74.29,227.20,0.5967,-1,-1,-1
767,4,1718.65,455.36,77.76,211.56,0.7278,-1,-1,-1
767,3,868.80,957.35,88.06,122.65,0.7592,-1,-1,-1
768,71,326.49,193.22,57.14,168.48,0.3650,-1,-1,-1
768,68,452.32,198.04,61.84,194.42,0.5080,-1,-1,-1
768,67,402.44,208.84,53.20,174.43,0.3988,-1,-1,-1
768,66,279.47,192.81,51.17,174.31,0.3627,-1,-1,-1
768,65,1142.48,650.37,85.13,246.83,0.7493,-1,-1,-1
768,64,1074.23,673.80,79.18,255.54,0.7416,-1,-1,-1
768,63,524.07,569.75,90.20,247.12,0.7619,-1,-1,-1
768,60,1570.66,590.28,104.60,234.20,0.5467,-1,-1,-1
768,54,294.50,472.57,74.34,226.18,0.6006,-1,-1,-1
768,4,1720.22,452.84,76.38,213.66,0.7125,-1,-1,-1
768,3,869.36,957.39,87.98,122.61,0.7704,-1,-1,-1
769,71,329.58,193.76,55.16,167.06,0.3346,-1,-1,-1
769,68,452.93,194.53,60.87,197.52,0.4047,-1,-1,-1
769,67,402.76,204.58,54.20,178.87,0.3597,-1,-1,-1
769,66,280.27,197.54,49.47,168.69,0.3346,-1,-1,-1
769,65,1141.43,647.81,81.52,243.44,0.7915,-1,-1,-1
769,64,1070.05,670.54,80.11,253.43,0.7823,-1,-1,-1
769,63,524.22,572.17,91.63,244.13,0.7593,-1,-1,-1
769,60,1574.66,594.83,92.72,231.96,0.3886,-1,-1,-1
769,54,293.99,472.87,75.59,226.46,0.6544,-1,-1,-1
769,4,1720.05,454.18,76.15,210.29,0.7260,-1,-1,-1
769,3,869.01,958.27,89.35,121.73,0.7755,-1,-1,-1
770,71,327.87,192.98,55.45,166.25,0.3093,-1,-1,-1
770,68,452.26,197.68,61.21,193.93,0.3878,-1,-1,-1
770,67,404.11,208.14,51.81,177.21,0.3622,-1,-1,-1
770,66,279.97,199.88,50.04,165.79,0.3310,-1,-1,-1
770,65,1140.23,646.25,79.43,240.52,0.8173,-1,-1,-1
770,64,1066.07,669.54,80.36,250.16,0.7978,-1,-1,-1
770,63,524.41,571.81,92.94,244.73,0.7694,-1,-1,-1
770,60,1578.71,595.37,93.53,230.86,0.4257,-1,-1,-1
770,54,293.87,473.96,75.59,224.39,0.6360,-1,-1,-1
770,4,1720.74,455.28,75.91,209.46,0.7265,-1,-1,-1
770,3,869.55,957.23,90.10,122.77,0.7877,-1,-1,-1
771,71,330.92,196.03,59.53,166.20,0.3070,-1,-1,-1
771,68,452.39,200.69,59.71,193.22,0.5155,-1,-1,-1
771,67,403.78,207.51,51.60,177.66,0.3458,-1,-1,-1
771,66,280.77,201.55,48.90,162.63,0.3338,-1,-1,-1
771,65,1138.27,644.55,79.19,242.87,0.8068,-1,-1,-1
771,64,1063.55,667.09,81.21,241.12,0.8046,-1,-1,-1
771,63,525.38,572.09,91.84,243.81,0.7605,-1,-1,-1
771,60,1562.86,600.15,108.93,227.09,0.4342,-1,-1,-1
771,54,292.56,474.05,74.83,224.14,0.6694,-1,-1,-1
771,4,1722.54,452.60,74.94,213.94,0.7257,-1,-1,-1
771,3,869.83,957.63,90.16,122.37,0.7910,-1,-1,-1
772,68,452.55,202.66,59.80,190.44,0.5194,-1,-1,-1
772,67,403.66,213.13,50.88,172.12,0.4034,-1,-1,-1
772,65,1136.52,642.05,79.66,246.63,0.7853,-1,-1,-1
772,64,1061.83,664.47,82.46,240.73,0.8000,-1,-1,-1
772,63,527.77,571.14,90.42,243.37,0.7489,-1,-1,-1
772,60,1568.92,586.31,106.86,237.96,0.5402,-1,-1,-1
772,54,292.62,475.64,74.20,222.77,0.6665,-1,-1,-1
772,4,1722.71,453.36,74.97,212.05,0.7253,-1,-1,-1
772,3,870.15,957.98,91.41,122.02,0.7936,-1,-1,-1
773,68,451.87,206.71,60.32,185.73,0.4466,-1,-1,-1
773,67,403.48,213.70,50.44,168.33,0.4178,-1,-1,-1
773,65,1135.25,641.09,78.52,246.56,0.7657,-1,-1,-1
773,64,1061.15,660.93,77.87,238.23,0.8113,-1,-1,-1
773,63,533.87,569.95,86.48,243.78,0.7279,-1,-1,-1
773,60,1572.20,601.15,99.33,225.23,0.4880,-1,-1,-1
773,54,292.32,476.38,75.19,222.47,0.6810,-1,-1,-1
773,4,1722.12,451.77,73.72,211.88,0.7319,-1,-1,-1
773,3,870.76,957.97,90.47,122.03,0.8031,-1,-1,-1
774,68,452.32,203.79,59.39,187.57,0.3814,-1,-1,-1
774,67,402.33,213.01,50.34,171.90,0.3985,-1,-1,-1
774,65,1132.50,640.09,80.91,246.46,0.7608,-1,-1,-1
774,64,1059.47,660.59,75.08,237.36,0.7758,-1,-1,-1
774,63,537.73,569.51,82.54,244.44,0.7209,-1,-1,-1
774,60,1572.73,599.94,99.21,226.65,0.5101,-1,-1,-1
774,54,291.26,477.60,77.55,221.90,0.7174,-1,-1,-1
774,4,1723.66,452.09,72.42,212.00,0.7186,-1,-1,-1
774,3,870.91,957.86,91.23,122.14,0.7985,-1,-1,-1
775,68,451.35,202.79,59.58,188.07,0.4347,-1,-1,-1
775,67,401.36,219.35,52.03,167.38,0.4483,-1,-1,-1
775,65,1126.51,639.21,85.60,250.85,0.7753,-1,-1,-1
775,64,1056.56,658.15,74.56,238.80,0.7550,-1,-1,-1
775,63,543.06,570.14,79.05,243.66,0.7002,-1,-1,-1
775,60,1566.54,596.30,104.72,230.43,0.4846,-1,-1,-1
775,54,290.66,478.60,77.13,222.35,0.7412,-1,-1,-1
775,4,1723.41,453.26,72.40,209.62,0.7300,-1,-1,-1
775,3,871.14,957.78,91.33,122.22,0.8050,-1,-1,-1
776,68,450.53,200.72,60.51,190.22,0.3954,-1,-1,-1
776,67,401.43,215.43,49.97,171.86,0.4295,-1,-1,-1
776,65,1128.24,637.07,81.34,253.13,0.7786,-1,-1,-1
776,64,1054.60,654.34,72.91,241.34,0.7632,-1,-1,-1
776,63,548.67,571.33,73.70,242.65,0.6930,-1,-1,-1
776,60,1569.95,597.96,101.81,228.44,0.5496,-1,-1,-1
776,54,289.93,480.01,77.00,223.03,0.7495,-1,-1,-1
776,4,1723.12,452.41,72.40,211.16,0.7378,-1,-1,-1
776,3,871.26,958.85,90.73,121.15,0.7918,-1,-1,-1
777,67,402.33,218.62,49.62,168.95,0.3459,-1,-1,-1
777,65,1125.91,635.65,81.07,254.46,0.7132,-1,-1,-1
777,64,1051.74,651.82,75.00,245.90,0.7512,-1,-1,-1
777,63,552.96,571.59,71.13,244.48,0.7096,-1,-1,-1
777,60,1569.43,594.83,103.47,230.68,0.4930,-1,-1,-1
777,54,289.42,480.95,76.93,226.76,0.7678,-1,-1,-1
777,4,1723.89,452.34,71.87,210.19,0.7362,-1,-1,-1
777,3,872.45,959.42,90.07,120.58,0.7871,-1,-1,-1
778,70,545.98,119.40,62.84,170.18,0.3344,-1,-1,-1
778,68,448.20,203.31,61.59,187.03,0.3153,-1,-1,-1
778,65,1126.21,633.95,79.43,253.20,0.7310,-1,-1,-1
778,64,1051.00,649.67,74.19,248.06,0.7582,-1,-1,-1
778,63,560.65,571.81,64.86,245.48,0.7167,-1,-1,-1
778,60,1569.60,590.92,105.31,233.38,0.5973,-1,-1,-1
778,54,289.99,484.21,75.74,224.80,0.7582,-1,-1,-1
778,4,1723.43,452.56,72.48,210.43,0.7488,-1,-1,-1
778,3,872.55,959.14,90.60,120.86,0.7885,-1,-1,-1
779,67,398.59,222.90,53.04,171.11,0.3516,-1,-1,-1
779,65,1118.32,632.00,84.74,254.45,0.7262,-1,-1,-1
779,64,1049.36,646.64,73.98,251.17,0.7556,-1,-1,-1
779,63,565.44,571.96,64.23,249.91,0.7199,-1,-1,-1
779,60,1571.71,587.89,103.50,236.27,0.6000,-1,-1,-1
779,54,289.42,487.13,75.04,224.24,0.7575,-1,-1,-1
779,4,1722.43,452.13,73.45,211.20,0.7450,-1,-1,-1
779,3,873.19,959.06,90.21,120.94,0.7902,-1,-1,-1
780,67,399.29,225.28,52.19,170.06,0.3894,-1,-1,-1
780,65,1117.40,629.37,83.64,255.99,0.7424,-1,-1,-1
780,64,1047.69,646.16,74.62,251.26,0.7531,-1,-1,-1
780,63,568.58,572.69,62.93,246.64,0.7030,-1,-1,-1
780,60,1570.29,587.89,104.64,235.93,0.6142,-1,-1,-1
780,54,289.72,489.86,74.41,225.15,0.7532,-1,-1,-1
780,4,1723.10,452.16,73.17,211.67,0.7450,-1,-1,-1
780,3,873.00,959.31,90.05,120.69,0.7825,-1,-1,-1
781,68,450.19,216.04,54.86,184.01,0.3346,-1,-1,-1
781,67,400.46,224.01,52.08,171.49,0.3666,-1,-1,-1
781,65,1113.10,627.07,84.10,255.29,0.7634,-1,-1,-1
781,64,1044.81,649.34,77.41,242.24,0.7498,-1,-1,-1
781,63,570.37,570.49,63.58,254.51,0.6855,-1,-1,-1
781,60,1572.17,591.22,102.54,232.32,0.6602,-1,-1,-1
781,54,289.40,491.12,74.34,226.87,0.7640,-1,-1,-1
781,4,1723.72,451.51,72.10,211.37,0.7390,-1,-1,-1
781,3,873.83,958.94,88.98,121.06,0.7804,-1,-1,-1
782,68,447.46,215.13,57.92,186.57,0.3242,-1,-1,-1
782,67,399.99,226.86,53.23,168.06,0.3824,-1,-1,-1
782,65,1111.00,624.75,81.83,245.54,0.7756,-1,-1,-1
782,64,1044.53,645.50,74.12,248.63,0.7432,-1,-1,-1
782,63,569.86,572.36,66.72,257.70,0.6345,-1,-1,-1
782,60,1570.22,592.33,103.92,231.63,0.5852,-1,-1,-1
782,54,289.97,492.51,73.98,231.11,0.7719,-1,-1,-1
782,4,1722.55,451.21,73.46,211.05,0.7387,-1,-1,-1
782,3,874.52,958.53,87.91,121.47,0.7724,-1,-1,-1
783,68,445.54,216.34,59.53,189.20,0.3801,-1,-1,-1
783,67,398.39,222.88,52.17,170.45,0.3815,-1,-1,-1
783,65,1110.40,622.07,79.47,241.61,0.7566,-1,-1,-1
783,64,1043.99,645.00,73.49,248.47,0.7380,-1,-1,-1
783,63,572.22,572.77,67.61,259.13,0.6387,-1,-1,-1
783,60,1571.83,593.29,103.35,230.67,0.6506,-1,-1,-1
783,54,290.19,493.60,73.70,234.25,0.7752,-1,-1,-1
783,4,1722.88,452.32,74.61,210.88,0.7192,-1,-1,-1
783,3,875.46,958.10,86.77,121.90,0.7677,-1,-1,-1
784,68,445.83,217.35,62.49,189.11,0.3650,-1,-1,-1
784,67,400.24,227.66,50.83,168.47,0.4665,-1,-1,-1
784,65,1106.88,618.69,79.68,237.85,0.7694,-1,-1,-1
784,64,1043.51,643.66,70.33,244.91,0.7439,-1,-1,-1
784,63,575.08,573.11,67.00,243.93,0.5582,-1,-1,-1
784,60,1573.02,597.57,100.92,226.52,0.6964,-1,-1,-1
784,54,290.04,494.54,74.18,234.35,0.7647,-1,-1,-1
784,4,1722.62,451.96,74.36,212.49,0.7112,-1,-1,-1
784,3,876.24,958.11,85.27,121.89,0.7523,-1,-1,-1
785,68,444.71,218.06,63.44,190.68,0.4171,-1,-1,-1
785,67,399.49,227.03,50.67,169.12,0.4634,-1,-1,-1
785,65,1104.80,615.75,79.78,239.78,0.7503,-1,-1,-1
785,64,1042.03,642.20,71.27,246.05,0.7484,-1,-1,-1
785,63,580.27,573.51,63.99,243.23,0.5794,-1,-1,-1
785,60,1571.77,593.44,102.37,230.77,0.6273,-1,-1,-1
785,54,290.54,495.50,73.78,233.60,0.7665,-1,-1,-1
785,4,1722.55,452.08,74.79,211.47,0.7247,-1,-1,-1
785,3,877.89,956.47,83.06,123.53,0.7630,-1,-1,-1
786,72,468.78,72.12,63.80,175.48,0.3815,-1,-1,-1
786,68,444.78,220.45,62.30,189.37,0.4394,-1,-1,-1
786,67,399.17,229.45,50.70,166.09,0.4733,-1,-1,-1
786,65,1102.84,615.38,76.36,238.31,0.7509,-1,-1,-1
786,64,1040.46,639.73,70.89,244.58,0.7315,-1,-1,-1
786,63,582.81,575.82,65.72,239.58,0.5835,-1,-1,-1
786,60,1571.06,593.91,102.10,230.53,0.6485,-1,-1,-1
786,54,290.12,496.73,74.58,232.46,0.7664,-1,-1,-1
786,4,1722.89,451.19,72.93,211.84,0.7273,-1,-1,-1
786,3,878.45,956.21,81.41,123.79,0.7567,-1,-1,-1
787,72,468.97,71.86,63.88,178.82,0.4261,-1,-1,-1
787,68,442.35,221.29,65.39,185.98,0.4268,-1,-1,-1
787,67,398.60,232.63,50.71,163.45,0.4858,-1,-1,-1
787,66,283.14,190.97,46.27,174.41,0.3077,-1,-1,-1
787,65,1102.55,611.76,74.67,244.26,0.7829,-1,-1,-1
787,64,1037.96,636.30,70.97,244.06,0.7424,-1,-1,-1
787,63,584.46,577.84,76.00,237.59,0.5935,-1,-1,-1
787,60,1571.45,595.26,102.90,229.07,0.6592,-1,-1,-1
787,54,290.09,497.79,76.12,230.75,0.7491,-1,-1,-1
787,4,1723.07,452.72,74.49,211.04,0.7241,-1,-1,-1
787,3,879.55,955.56,79.55,124.44,0.7692,-1,-1,-1
788,72,469.31,73.15,63.20,179.67,0.4461,-1,-1,-1
788,70,545.54,111.81,62.86,179.35,0.3171,-1,-1,-1
788,68,443.58,222.20,61.84,187.08,0.4997,-1,-1,-1
788,67,396.63,229.84,52.97,165.95,0.4637,-1,-1,-1
788,65,1100.08,610.83,75.32,246.31,0.7646,-1,-1,-1
788,64,1035.29,633.71,71.36,237.66,0.7377,-1,-1,-1
788,63,587.39,579.33,74.82,238.20,0.5398,-1,-1,-1
788,60,1573.76,594.26,101.61,229.84,0.6772,-1,-1,-1
788,54,289.09,499.03,77.70,229.23,0.7403,-1,-1,-1
788,4,1723.05,452.68,73.75,211.76,0.7080,-1,-1,-1
788,3,878.69,955.28,79.93,124.72,0.7729,-1,-1,-1
789,72,468.64,74.11,64.82,184.91,0.4624,-1,-1,-1
789,70,545.52,115.61,61.53,177.27,0.3209,-1,-1,-1
789,68,444.22,222.78,58.78,186.18,0.4825,-1,-1,-1
789,67,396.20,228.72,55.01,168.41,0.4556,-1,-1,-1
789,65,1096.23,609.01,77.85,250.85,0.7914,-1,-1,-1
789,64,1031.54,630.72,74.15,234.19,0.7267,-1,-1,-1
789,63,589.18,581.15,76.44,236.05,0.5916,-1,-1,-1
789,60,1570.47,594.38,103.84,230.17,0.6652,-1,-1,-1
789,54,288.12,500.63,79.16,227.29,0.7457,-1,-1,-1
789,4,1723.77,452.95,73.56,213.32,0.7222,-1,-1,-1
789,3,878.63,955.66,79.61,124.34,0.7685,-1,-1,-1
790,72,471.46,73.48,62.58,182.91,0.4613,-1,-1,-1
790,70,546.21,114.43,61.99,177.24,0.3036,-1,-1,-1
790,68,444.64,224.91,58.56,184.82,0.4171,-1,-1,-1
790,67,398.48,231.87,53.72,168.42,0.4159,-1,-1,-1
790,65,1095.11,607.62,78.74,251.63,0.7809,-1,-1,-1
790,64,1030.44,629.26,73.81,220.26,0.7179,-1,-1,-1
790,63,591.63,582.41,75.28,235.51,0.5954,-1,-1,-1
790,60,1571.14,593.94,103.13,229.96,0.6712,-1,-1,-1
790,54,288.67,501.61,78.78,224.22,0.7442,-1,-1,-1
790,4,1723.54,452.05,71.83,212.33,0.7279,-1,-1,-1
790,3,878.52,953.61,80.02,126.39,0.7736,-1,-1,-1
791,72,471.52,72.35,62.32,182.17,0.4285,-1,-1,-1
791,70,546.34,112.02,62.10,179.17,0.3360,-1,-1,-1
791,68,442.25,222.57,61.40,185.80,0.4587,-1,-1,-1
791,67,396.72,231.45,54.12,169.28,0.4136,-1,-1,-1
791,65,1092.84,607.11,81.75,253.56,0.7685,-1,-1,-1
791,64,1028.76,626.68,74.72,225.88,0.7301,-1,-1,-1
791,63,594.52,583.30,75.81,233.83,0.6070,-1,-1,-1
791,60,1570.32,593.32,102.89,231.07,0.7025,-1,-1,-1
791,54,288.30,502.28,79.00,224.95,0.7398,-1,-1,-1
791,4,1722.61,453.01,74.29,213.06,0.7326,-1,-1,-1
791,3,880.35,953.86,76.93,126.14,0.7571,-1,-1,-1
792,72,471.03,72.14,62.92,187.41,0.3986,-1,-1,-1
792,70,547.68,112.92,60.24,178.90,0.3211,-1,-1,-1
792,68,442.18,224.99,60.99,185.23,0.4488,-1,-1,-1
792,67,395.21,233.27,56.19,170.73,0.4270,-1,-1,-1
792,65,1091.95,606.87,83.38,255.65,0.7663,-1,-1,-1
792,64,1027.05,623.80,74.66,235.62,0.7440,-1,-1,-1
792,63,595.65,584.08,76.33,233.12,0.5912,-1,-1,-1
792,60,1569.12,589.80,104.26,234.52,0.6773,-1,-1,-1
792,54,288.00,503.49,79.07,224.45,0.7439,-1,-1,-1
792,4,1722.40,452.47,73.79,212.36,0.7484,-1,-1,-1
792,3,881.65,953.23,73.95,126.77,0.7580,-1,-1,-1
793,72,470.27,72.41,64.43,192.85,0.3894,-1,-1,-1
793,70,547.44,114.08,59.73,176.71,0.3214,-1,-1,-1
793,68,442.06,225.92,59.69,184.36,0.4411,-1,-1,-1
793,67,394.68,236.26,55.06,169.81,0.4424,-1,-1,-1
793,66,284.19,182.40,46.35,182.29,0.4088,-1,-1,-1
793,65,1091.02,606.01,83.52,255.75,0.7804,-1,-1,-1
793,64,1024.91,620.26,75.18,241.53,0.7594,-1,-1,-1
793,63,598.96,585.46,74.18,228.81,0.5969,-1,-1,-1
793,60,1569.71,592.20,103.59,231.70,0.7006,-1,-1,-1
793,54,288.39,506.77,78.91,225.93,0.7209,-1,-1,-1
793,4,1723.04,452.41,72.65,211.97,0.7369,-1,-1,-1
793,3,881.71,952.38,73.18,127.62,0.7587,-1,-1,-1
794,72,469.01,73.35,66.34,191.38,0.4191,-1,-1,-1
794,68,440.28,226.98,61.69,184.68,0.4774,-1,-1,-1
794,67,396.11,240.39,52.69,165.87,0.4559,-1,-1,-1
794,66,284.07,184.44,46.80,180.24,0.3825,-1,-1,-1
794,65,1089.22,606.45,86.10,255.11,0.7447,-1,-1,-1
794,64,1023.70,618.77,75.95,243.80,0.7601,-1,-1,-1
794,63,601.56,584.51,72.90,239.20,0.5290,-1,-1,-1
794,60,1569.76,589.66,103.59,234.29,0.6838,-1,-1,-1
794,54,288.46,509.56,79.11,229.10,0.7037,-1,-1,-1
794,4,1722.35,452.67,75.05,212.75,0.7553,-1,-1,-1
794,3,882.06,950.72,69.62,129.28,0.7508,-1,-1,-1
795,72,470.23,73.93,65.61,191.84,0.4335,-1,-1,-1
795,68,438.76,224.63,63.17,187.46,0.4588,-1,-1,-1
795,67,394.69,233.64,56.03,175.78,0.4297,-1,-1,-1
795,66,284.27,183.33,47.23,181.89,0.3837,-1,-1,-1
795,65,1087.13,604.27,87.11,256.24,0.7677,-1,-1,-1
795,64,1020.96,616.13,76.68,245.40,0.7831,-1,-1,-1
795,63,603.82,583.52,72.35,261.82,0.4698,-1,-1,-1
795,60,1569.17,589.66,104.75,234.85,0.6853,-1,-1,-1
795,54,288.49,511.21,77.45,232.26,0.7140,-1,-1,-1
795,4,1722.04,452.73,73.75,210.88,0.7574,-1,-1,-1
795,3,882.70,949.56,66.71,130.44,0.7325,-1,-1,-1
796,72,468.97,75.37,68.10,187.60,0.3838,-1,-1,-1
796,71,342.32,186.09,48.44,172.09,0.3591,-1,-1,-1
796,68,440.70,227.16,60.99,186.06,0.4974,-1,-1,-1
796,67,394.38,239.53,53.12,170.96,0.4845,-1,-1,-1
796,66,284.15,185.11,47.71,180.34,0.3458,-1,-1,-1
796,65,1086.18,602.86,84.28,253.92,0.7898,-1,-1,-1
796,64,1019.13,616.34,75.09,245.14,0.8021,-1,-1,-1
796,63,607.17,584.77,71.88,281.70,0.4861,-1,-1,-1
796,60,1570.55,588.11,103.31,236.83,0.6230,-1,-1,-1
796,54,288.21,513.51,77.71,234.35,0.7402,-1,-1,-1
796,4,1723.27,451.98,73.17,211.91,0.7578,-1,-1,-1
796,3,882.39,949.24,65.45,130.76,0.7514,-1,-1,-1
797,72,470.61,76.25,66.60,179.89,0.3105,-1,-1,-1
797,71,342.80,187.35,47.40,170.73,0.3615,-1,-1,-1
797,68,444.62,235.66,52.97,179.72,0.5165,-1,-1,-1
797,67,395.61,241.11,52.18,169.65,0.4827,-1,-1,-1
797,66,283.97,186.48,47.55,174.55,0.3084,-1,-1,-1
797,65,1085.56,600.37,82.35,255.43,0.8018,-1,-1,-1
797,64,1017.33,615.13,74.58,247.44,0.8128,-1,-1,-1
797,63,609.87,584.40,69.94,280.48,0.4508,-1,-1,-1
797,60,1569.44,591.38,101.87,235.70,0.5980,-1,-1,-1
797,54,288.00,515.71,76.18,233.04,0.7352,-1,-1,-1
797,4,1723.66,451.32,72.92,214.03,0.7450,-1,-1,-1
797,3,881.89,948.02,65.17,131.98,0.7461,-1,-1,-1
798,71,342.31,187.03,48.28,170.96,0.3554,-1,-1,-1
798,68,444.24,235.20,54.16,183.73,0.5096,-1,-1,-1
798,67,395.37,237.39,54.64,175.47,0.4818,-1,-1,-1
798,66,284.19,184.92,47.25,178.56,0.3240,-1,-1,-1
798,65,1083.59,598.46,83.03,254.48,0.8042,-1,-1,-1
798,64,1016.39,614.20,74.72,246.89,0.8079,-1,-1,-1
798,63,611.62,585.65,67.42,272.04,0.4425,-1,-1,-1
798,60,1571.90,590.83,102.24,233.96,0.6813,-1,-1,-1
798,54,287.16,516.25,76.82,236.35,0.7570,-1,-1,-1
798,4,1723.30,451.88,72.88,212.48,0.7493,-1,-1,-1
798,3,882.00,946.49,63.42,133.51,0.7295,-1,-1,-1
799,68,443.93,237.36,55.97,184.28,0.5635,-1,-1,-1
799,67,395.04,239.84,54.04,173.50,0.5211,-1,-1,-1
799,66,283.41,186.42,48.31,177.02,0.3131,-1,-1,-1
799,65,1082.44,594.38,81.94,252.08,0.7762,-1,-1,-1
799,64,1014.42,616.78,72.81,244.81,0.7762,-1,-1,-1
799,60,1570.49,585.11,103.46,239.47,0.6099,-1,-1,-1
799,54,286.45,519.61,76.63,233.47,0.7684,-1,-1,-1
799,4,1724.18,451.98,71.43,212.10,0.7431,-1,-1,-1
799,3,882.16,945.26,61.96,134.74,0.7112,-1,-1,-1
800,72,474.17,79.81,62.42,173.57,0.3130,-1,-1,-1
800,71,344.20,188.28,47.59,166.52,0.3340,-1,-1,-1
800,68,441.55,235.05,57.44,188.55,0.5498,-1,-1,-1
800,67,395.33,238.57,54.14,174.59,0.5141,-1,-1,-1
800,65,1081.99,590.72,82.25,240.97,0.7349,-1,-1,-1
800,64,1012.08,615.66,74.16,244.43,0.7837,-1,-1,-1
800,60,1571.11,588.02,102.98,237.13,0.6165,-1,-1,-1
800,54,284.92,522.48,76.96,236.88,0.7765,-1,-1,-1
800,4,1723.16,452.19,72.59,211.16,0.7390,-1,-1,-1
800,3,882.46,944.21,61.17,135.79,0.6971,-1,-1,-1
801,72,476.03,81.66,60.23,176.81,0.3017,-1,-1,-1
801,68,441.99,236.46,57.45,188.97,0.5207,-1,-1,-1
801,67,397.07,241.02,51.84,170.26,0.5210,-1,-1,-1
801,65,1078.54,587.89,82.26,235.25,0.7592,-1,-1,-1
801,64,1008.62,613.15,74.97,243.78,0.7724,-1,-1,-1
801,60,1570.24,595.53,101.95,232.89,0.5835,-1,-1,-1
801,54,283.32,522.88,77.18,236.61,0.8035,-1,-1,-1
801,4,1722.52,452.57,73.08,212.45,0.7339,-1,-1,-1
801,3,881.48,942.77,61.72,137.23,0.6649,-1,-1,-1
802,68,442.37,236.44,56.98,190.25,0.5692,-1,-1,-1
802,67,395.57,239.07,54.87,173.82,0.4900,-1,-1,-1
802,65,1077.15,584.73,79.71,231.27,0.7485,-1,-1,-1
802,64,1009.29,611.67,72.55,245.57,0.7646,-1,-1,-1
802,60,1567.89,594.98,104.02,233.60,0.5782,-1,-1,-1
802,54,282.30,524.18,76.27,234.74,0.8037,-1,-1,-1
802,4,1722.70,451.80,72.92,211.57,0.7443,-1,-1,-1
802,3,882.11,941.71,59.75,138.29,0.6456,-1,-1,-1
803,72,474.98,83.93,60.76,184.53,0.3117,-1,-1,-1
803,68,442.40,238.43,56.21,189.03,0.5478,-1,-1,-1
803,67,395.78,238.44,53.64,174.45,0.4962,-1,-1,-1
803,65,1077.13,582.57,76.58,235.76,0.7597,-1,-1,-1
803,64,1006.62,608.73,74.28,247.20,0.7585,-1,-1,-1
803,60,1567.68,597.23,104.22,230.17,0.5040,-1,-1,-1
803,54,281.47,525.09,76.91,234.41,0.7999,-1,-1,-1
803,4,1722.58,452.84,72.87,212.08,0.7406,-1,-1,-1
803,3,881.05,942.76,59.36,137.24,0.6701,-1,-1,-1
804,72,475.91,84.06,58.93,185.69,0.4084,-1,-1,-1
804,68,442.60,239.24,56.08,189.10,0.5598,-1,-1,-1
804,67,395.84,239.74,53.04,172.72,0.5354,-1,-1,-1
804,65,1076.65,579.42,74.69,238.83,0.7574,-1,-1,-1
804,64,1004.10,605.50,74.18,245.21,0.7367,-1,-1,-1
804,60,1566.99,595.94,105.15,231.55,0.5803,-1,-1,-1
804,54,280.72,526.60,75.24,232.47,0.7956,-1,-1,-1
804,4,1722.35,452.53,73.11,212.32,0.7466,-1,-1,-1
804,3,880.36,941.31,60.44,138.69,0.6738,-1,-1,-1
805,72,474.88,83.00,59.82,186.34,0.3924,-1,-1,-1
805,68,442.88,240.25,57.19,187.60,0.6113,-1,-1,-1
805,67,395.40,242.40,51.80,170.56,0.5300,-1,-1,-1
805,65,1075.87,577.43,73.84,243.30,0.7711,-1,-1,-1
805,64,1002.24,602.01,72.07,239.41,0.7569,-1,-1,-1
805,60,1567.25,594.53,105.32,232.69,0.6026,-1,-1,-1
805,54,278.81,527.15,76.73,232.25,0.8018,-1,-1,-1
805,4,1721.38,453.20,74.36,212.40,0.7360,-1,-1,-1
805,3,880.50,939.29,60.60,140.71,0.6636,-1,-1,-1
806,72,474.04,83.08,60.90,187.39,0.4025,-1,-1,-1
806,71,347.74,192.65,44.21,157.95,0.3197,-1,-1,-1
806,68,444.20,238.82,55.65,188.54,0.4956,-1,-1,-1
806,67,394.49,236.31,53.92,178.04,0.4840,-1,-1,-1
806,65,1076.37,575.17,71.92,245.95,0.7756,-1,-1,-1
806,64,1000.06,599.45,71.77,237.64,0.7663,-1,-1,-1
806,60,1569.95,595.79,102.24,232.21,0.6058,-1,-1,-1
806,54,277.58,528.07,77.40,231.34,0.8027,-1,-1,-1
806,4,1721.67,452.55,74.22,212.35,0.7467,-1,-1,-1
806,3,880.26,938.39,60.88,141.61,0.6660,-1,-1,-1
807,72,476.62,83.13,60.00,188.32,0.3514,-1,-1,-1
807,68,444.08,238.60,55.45,187.75,0.4908,-1,-1,-1
807,67,393.65,238.34,55.02,178.96,0.4864,-1,-1,-1
807,66,282.79,186.73,49.99,176.47,0.3114,-1,-1,-1
807,65,1074.97,574.36,72.42,245.50,0.7758,-1,-1,-1
807,64,997.94,597.15,71.74,234.70,0.7667,-1,-1,-1
807,60,1569.67,598.26,102.23,229.45,0.6048,-1,-1,-1
807,54,277.30,528.97,77.50,229.89,0.7918,-1,-1,-1
807,4,1721.83,454.24,75.44,212.99,0.7261,-1,-1,-1
807,3,880.27,937.45,59.92,142.55,0.6362,-1,-1,-1
808,72,474.95,85.15,62.84,191.43,0.3447,-1,-1,-1
808,68,442.19,241.42,58.73,185.79,0.5661,-1,-1,-1
808,67,393.13,246.83,54.39,171.35,0.4969,-1,-1,-1
808,66,282.87,186.86,50.01,173.74,0.3020,-1,-1,-1
808,65,1071.87,573.65,74.70,245.05,0.7735,-1,-1,-1
808,64,997.75,595.25,69.83,231.18,0.7692,-1,-1,-1
808,60,1570.65,592.35,104.54,232.54,0.6522,-1,-1,-1
808,54,277.11,530.12,76.76,228.88,0.7946,-1,-1,-1
808,4,1722.07,453.92,75.17,212.36,0.7252,-1,-1,-1
808,3,880.14,936.60,59.71,143.40,0.6371,-1,-1,-1
809,68,439.26,240.29,62.08,186.59,0.5266,-1,-1,-1
809,67,391.69,248.25,54.77,174.29,0.4410,-1,-1,-1
809,66,283.26,187.26,49.56,177.58,0.3138,-1,-1,-1
809,65,1069.34,573.46,76.36,246.07,0.7827,-1,-1,-1
809,64,996.52,593.67,68.22,234.55,0.7697,-1,-1,-1
809,60,1569.98,595.23,103.75,229.40,0.6825,-1,-1,-1
809,54,276.08,531.59,77.49,228.41,0.8008,-1,-1,-1
809,4,1721.78,455.65,74.79,209.78,0.7297,-1,-1,-1
809,3,880.53,937.10,59.22,142.61,0.6370,-1,-1,-1
810,72,472.99,84.49,64.15,188.75,0.3249,-1,-1,-1
810,68,439.33,244.83,61.92,182.54,0.5847,-1,-1,-1
810,67,387.41,251.27,58.13,173.93,0.4381,-1,-1,-1
810,65,1066.55,573.51,77.45,244.12,0.7690,-1,-1,-1
810,64,994.93,592.54,69.48,237.10,0.7627,-1,-1,-1
810,60,1570.03,596.12,104.12,228.90,0.6893,-1,-1,-1
810,54,275.70,533.21,77.28,229.01,0.7915,-1,-1,-1
810,4,1722.45,452.21,73.50,213.81,0.7340,-1,-1,-1
810,3,879.79,936.22,60.30,142.56,0.6510,-1,-1,-1
811,72,472.92,84.03,66.82,195.43,0.3101,-1,-1,-1
811,68,439.82,244.25,61.90,183.96,0.5261,-1,-1,-1
811,67,391.12,252.38,55.39,175.41,0.4032,-1,-1,-1
811,65,1065.73,571.71,77.31,245.94,0.7718,-1,-1,-1
811,64,992.28,592.07,68.92,236.99,0.7654,-1,-1,-1
811,60,1571.10,599.00,102.88,225.29,0.6999,-1,-1,-1
811,54,275.21,535.32,78.12,231.63,0.7991,-1,-1,-1
811,4,1722.49,452.28,73.04,211.88,0.7313,-1,-1,-1
811,3,878.73,935.66,63.32,143.19,0.6637,-1,-1,-1
812,68,441.30,244.06,59.96,182.38,0.5487,-1,-1,-1
812,67,390.40,254.93,53.40,171.70,0.4489,-1,-1,-1
812,65,1063.75,571.02,75.68,245.17,0.7598,-1,-1,-1
812,64,991.82,590.95,67.09,239.06,0.7566,-1,-1,-1
812,60,1571.43,593.92,102.02,230.25,0.6660,-1,-1,-1
812,54,274.98,536.82,77.81,233.69,0.7987,-1,-1,-1
812,4,1723.51,451.88,72.73,213.46,0.7280,-1,-1,-1
812,3,878.50,935.60,62.87,143.36,0.6738,-1,-1,-1
813,68,440.18,241.46,60.83,185.29,0.4710,-1,-1,-1
813,67,389.48,256.08,53.41,173.88,0.4937,-1,-1,-1
813,65,1063.51,569.35,73.77,247.63,0.7508,-1,-1,-1
813,64,988.80,590.81,68.06,239.46,0.7701,-1,-1,-1
813,60,1570.57,597.47,104.00,226.98,0.6661,-1,-1,-1
813,54,273.84,538.19,78.25,237.85,0.7923,-1,-1,-1
813,4,1723.33,452.03,72.66,213.10,0.7347,-1,-1,-1
813,3,877.67,935.75,64.00,143.22,0.6733,-1,-1,-1
814,72,472.12,89.47,65.61,183.99,0.3125,-1,-1,-1
814,68,439.15,245.39,61.82,182.26,0.5469,-1,-1,-1
814,67,388.85,257.55,52.42,177.22,0.4727,-1,-1,-1
814,65,1062.06,567.14,73.62,241.89,0.7253,-1,-1,-1
814,64,986.68,589.79,67.30,235.84,0.7690,-1,-1,-1
814,60,1571.15,597.29,103.19,227.62,0.6815,-1,-1,-1
814,54,272.83,540.08,78.93,235.02,0.7850,-1,-1,-1
814,4,1723.77,452.68,72.49,212.11,0.7231,-1,-1,-1
814,3,877.24,935.41,63.81,143.29,0.6511,-1,-1,-1
815,72,471.97,89.76,64.10,184.53,0.3853,-1,-1,-1
815,68,438.06,244.06,63.20,186.93,0.4968,-1,-1,-1
815,67,388.17,260.33,52.16,174.14,0.4831,-1,-1,-1
815,66,284.51,185.13,51.72,173.98,0.3370,-1,-1,-1
815,65,1061.42,565.38,70.84,231.74,0.7497,-1,-1,-1
815,64,985.77,589.90,67.12,231.37,0.7668,-1,-1,-1
815,60,1571.42,595.93,104.12,228.40,0.6789,-1,-1,-1
815,54,272.43,542.34,78.64,235.16,0.7996,-1,-1,-1
815,4,1723.73,452.94,72.39,211.23,0.7360,-1,-1,-1
815,3,877.31,935.03,63.90,144.17,0.6604,-1,-1,-1
816,72,472.41,89.71,62.15,183.17,0.3827,-1,-1,-1
816,68,436.53,249.18,63.70,186.33,0.5220,-1,-1,-1
816,67,386.51,261.72,54.79,173.71,0.4869,-1,-1,-1
816,66,284.70,185.43,52.90,173.04,0.3141,-1,-1,-1
816,65,1060.32,564.23,69.22,228.96,0.7784,-1,-1,-1
816,64,983.28,588.68,68.66,225.68,0.7578,-1,-1,-1
816,60,1572.01,596.58,102.71,228.03,0.6860,-1,-1,-1
816,54,271.32,545.53,79.84,238.44,0.8064,-1,-1,-1
816,4,1724.34,452.07,71.50,213.19,0.7306,-1,-1,-1
816,3,876.34,934.25,64.27,144.92,0.6881,-1,-1,-1
817,74,1629.87,3.05,47.18,134.86,0.3795,-1,-1,-1
817,72,472.80,91.81,61.17,184.38,0.4440,-1,-1,-1
817,68,437.79,251.91,61.57,184.27,0.5880,-1,-1,-1
817,67,386.18,264.63,55.05,168.72,0.5317,-1,-1,-1
817,65,1058.27,560.82,67.19,229.73,0.8024,-1,-1,-1
817,64,981.52,586.69,67.93,221.74,0.7637,-1,-1,-1
817,60,1570.69,597.46,104.04,227.02,0.6832,-1,-1,-1
817,54,270.97,548.43,80.25,235.59,0.8117,-1,-1,-1
817,4,1723.45,455.17,72.97,208.95,0.7355,-1,-1,-1
817,3,875.85,934.16,63.29,144.68,0.6947,-1,-1,-1
818,73,787.80,129.26,66.24,181.66,0.3253,-1,-1,-1
818,72,474.04,93.72,58.22,183.52,0.3772,-1,-1,-1
818,68,438.06,256.15,60.83,183.77,0.5598,-1,-1,-1
818,67,385.80,266.70,52.67,166.33,0.5093,-1,-1,-1
818,66,285.72,185.19,53.81,172.60,0.3161,-1,-1,-1
818,65,1055.48,558.35,68.17,230.65,0.7992,-1,-1,-1
818,64,981.05,585.65,66.95,216.52,0.7787,-1,-1,-1
818,60,1569.31,593.12,104.85,232.02,0.6823,-1,-1,-1
818,54,271.84,550.46,79.76,239.29,0.8095,-1,-1,-1
818,4,1722.60,451.95,73.14,214.15,0.7291,-1,-1,-1
818,3,874.35,933.70,64.73,145.63,0.7191,-1,-1,-1
819,73,790.36,132.15,63.38,178.37,0.3425,-1,-1,-1
819,72,472.81,95.05,59.12,187.99,0.4015,-1,-1,-1
819,70,556.25,123.64,62.67,163.91,0.3194,-1,-1,-1
819,68,436.59,255.89,61.12,186.93,0.6077,-1,-1,-1
819,67,384.53,264.34,54.10,167.82,0.5216,-1,-1,-1
819,65,1050.89,554.06,72.38,235.72,0.8177,-1,-1,-1
819,64,979.68,583.84,64.56,216.67,0.8196,-1,-1,-1
819,60,1570.80,597.32,102.67,227.55,0.7097,-1,-1,-1
819,54,272.40,551.56,78.78,238.88,0.7907,-1,-1,-1
819,4,1723.47,453.79,73.50,212.30,0.7254,-1,-1,-1
819,3,873.27,934.68,66.51,144.76,0.7204,-1,-1,-1
820,73,789.06,131.07,64.87,180.57,0.3460,-1,-1,-1
820,72,473.10,93.13,58.43,193.23,0.5040,-1,-1,-1
820,68,436.59,260.73,61.89,183.72,0.6611,-1,-1,-1
820,67,383.40,265.06,55.10,169.09,0.5371,-1,-1,-1
820,65,1046.00,553.35,75.94,236.20,0.8185,-1,-1,-1
820,64,977.12,579.57,65.86,219.50,0.8336,-1,-1,-1
820,60,1570.70,596.08,103.76,228.36,0.7059,-1,-1,-1
820,54,273.33,552.09,77.88,239.62,0.8012,-1,-1,-1
820,4,1722.69,455.97,73.85,209.21,0.7247,-1,-1,-1
820,3,873.00,935.11,64.78,144.89,0.7121,-1,-1,-1
821,73,789.15,133.02,64.55,179.02,0.3238,-1,-1,-1
821,72,472.67,88.25,59.71,202.18,0.4887,-1,-1,-1
821,68,435.14,260.30,63.37,188.49,0.6443,-1,-1,-1
821,67,381.80,264.46,55.59,170.97,0.5338,-1,-1,-1
821,65,1043.72,551.81,78.62,236.46,0.8371,-1,-1,-1
821,64,975.10,576.48,66.75,221.04,0.8350,-1,-1,-1
821,60,1570.57,597.16,103.35,227.58,0.6981,-1,-1,-1
821,54,273.08,552.51,78.40,238.14,0.7831,-1,-1,-1
821,4,1723.61,452.36,72.36,213.09,0.7162,-1,-1,-1
821,3,873.09,934.78,65.05,145.22,0.7218,-1,-1,-1
822,73,788.30,133.88,65.53,176.93,0.3746,-1,-1,-1
822,72,472.69,89.63,58.93,202.37,0.4755,-1,-1,-1
822,68,436.12,261.26,62.52,187.19,0.6091,-1,-1,-1
822,67,383.76,263.94,53.23,171.12,0.4873,-1,-1,-1
822,65,1041.48,550.65,81.22,237.59,0.8328,-1,-1,-1
822,64,973.10,573.51,67.97,215.06,0.8115,-1,-1,-1
822,60,1572.21,596.08,102.26,228.29,0.7121,-1,-1,-1
822,54,273.02,554.06,79.29,237.56,0.7676,-1,-1,-1
822,4,1722.67,453.23,73.73,212.40,0.7219,-1,-1,-1
822,3,872.40,935.68,65.70,144.32,0.7199,-1,-1,-1
823,73,788.44,134.10,65.77,177.56,0.3531,-1,-1,-1
823,72,471.57,91.43,60.50,200.90,0.4619,-1,-1,-1
823,68,437.70,261.67,60.69,187.09,0.6339,-1,-1,-1
823,67,381.29,268.30,56.04,167.57,0.5639,-1,-1,-1
823,65,1041.10,549.62,82.84,241.01,0.8220,-1,-1,-1
823,64,971.84,569.31,68.52,226.82,0.8126,-1,-1,-1
823,60,1570.96,595.29,103.22,228.91,0.6896,-1,-1,-1
823,54,273.25,554.74,79.38,236.52,0.7801,-1,-1,-1
823,4,1722.47,453.28,73.42,212.51,0.7328,-1,-1,-1
823,3,872.00,936.54,64.96,143.44,0.7138,-1,-1,-1
824,73,788.32,133.02,66.37,178.66,0.3810,-1,-1,-1
824,72,472.43,92.47,59.03,200.65,0.4805,-1,-1,-1
824,68,437.09,262.05,60.88,187.36,0.6669,-1,-1,-1
824,67,382.67,270.75,54.23,166.79,0.5496,-1,-1,-1
824,65,1036.86,548.10,88.04,243.75,0.7980,-1,-1,-1
824,64,967.19,568.39,69.45,231.87,0.7732,-1,-1,-1
824,60,1570.58,596.45,104.29,228.21,0.6776,-1,-1,-1
824,54,272.70,555.41,80.58,236.18,0.7698,-1,-1,-1
824,4,1722.36,456.33,74.27,209.77,0.7123,-1,-1,-1
824,3,870.97,936.77,66.38,141.98,0.7265,-1,-1,-1
825,73,790.86,133.91,64.04,178.00,0.3888,-1,-1,-1
825,72,471.76,94.34,60.09,199.32,0.4358,-1,-1,-1
825,68,436.51,262.59,61.31,187.40,0.6560,-1,-1,-1
825,67,382.12,271.38,54.16,168.69,0.5607,-1,-1,-1
825,66,290.88,180.66,55.66,179.02,0.3281,-1,-1,-1
825,65,1036.42,548.51,91.72,244.70,0.7935,-1,-1,-1
825,64,966.32,566.82,68.09,232.92,0.7745,-1,-1,-1
825,60,1571.85,599.53,101.78,224.77,0.6944,-1,-1,-1
825,54,272.25,557.25,81.06,233.81,0.7742,-1,-1,-1
825,4,1721.52,454.20,75.52,212.10,0.7154,-1,-1,-1
825,3,870.25,937.53,65.82,142.03,0.6985,-1,-1,-1
826,73,795.11,133.82,59.05,179.36,0.3371,-1,-1,-1
826,72,471.59,92.74,60.81,199.23,0.4358,-1,-1,-1
826,68,435.05,263.73,62.48,186.48,0.6904,-1,-1,-1
826,67,382.17,271.82,53.42,167.51,0.5283,-1,-1,-1
826,65,1035.78,547.72,92.00,241.78,0.7725,-1,-1,-1
826,64,963.89,565.31,68.37,234.46,0.7712,-1,-1,-1
826,60,1572.34,596.57,102.20,227.31,0.6841,-1,-1,-1
826,54,272.09,559.10,81.42,231.90,0.7890,-1,-1,-1
826,4,1720.11,455.84,76.77,209.02,0.7347,-1,-1,-1
826,3,868.52,937.86,67.36,142.14,0.7043,-1,-1,-1
827,74,1638.45,5.58,49.22,143.59,0.3149,-1,-1,-1
827,73,790.64,131.65,65.54,180.27,0.3418,-1,-1,-1
827,72,471.20,96.35,61.40,195.05,0.4095,-1,-1,-1
827,68,436.10,264.37,61.11,185.14,0.6709,-1,-1,-1
827,67,380.15,271.64,55.02,169.37,0.5155,-1,-1,-1
827,65,1034.13,546.79,92.77,241.61,0.7690,-1,-1,-1
827,64,963.19,563.87,67.41,231.43,0.7662,-1,-1,-1
827,60,1571.24,596.75,103.72,227.48,0.6698,-1,-1,-1
827,54,271.78,559.98,81.77,231.09,0.7894,-1,-1,-1
827,4,1721.12,454.32,76.13,211.42,0.7303,-1,-1,-1
827,3,868.89,939.20,67.36,140.80,0.7118,-1,-1,-1
828,73,791.07,132.75,65.41,178.96,0.3351,-1,-1,-1
828,72,471.53,96.73,60.83,194.25,0.4337,-1,-1,-1
828,68,436.50,263.99,60.55,185.09,0.6805,-1,-1,-1
828,67,375.83,271.59,58.60,173.72,0.5264,-1,-1,-1
828,65,1033.83,544.73,93.74,243.77,0.7913,-1,-1,-1
828,64,959.95,563.46,69.28,230.62,0.7608,-1,-1,-1
828,60,1572.84,595.79,102.36,228.55,0.6726,-1,-1,-1
828,54,271.95,561.67,81.37,231.02,0.7897,-1,-1,-1
828,4,1721.18,453.20,74.46,212.16,0.7416,-1,-1,-1
828,3,868.46,939.37,67.22,140.63,0.7060,-1,-1,-1
829,73,793.72,133.54,64.23,178.48,0.3183,-1,-1,-1
829,72,472.33,99.09,60.29,196.03,0.4350,-1,-1,-1
829,68,436.57,264.25,60.63,185.19,0.6978,-1,-1,-1
829,67,377.99,272.43,56.94,175.85,0.5468,-1,-1,-1
829,65,1032.51,543.12,91.89,244.02,0.7742,-1,-1,-1
829,64,959.13,561.80,69.19,232.79,0.7777,-1,-1,-1
829,60,1571.69,596.27,103.45,227.50,0.6824,-1,-1,-1
829,54,271.81,562.37,81.57,234.27,0.7947,-1,-1,-1
829,4,1721.98,452.80,73.91,212.59,0.7356,-1,-1,-1
829,3,870.22,939.46,65.23,140.54,0.7155,-1,-1,-1
830,73,796.29,134.16,61.30,178.65,0.3170,-1,-1,-1
830,72,472.98,102.78,59.82,193.39,0.3677,-1,-1,-1
830,68,435.55,266.07,61.40,183.36,0.6679,-1,-1,-1
830,67,371.87,272.33,61.20,177.40,0.5586,-1,-1,-1
830,65,1032.85,540.78,92.26,245.75,0.7964,-1,-1,-1
830,64,958.64,562.34,67.79,232.36,0.7996,-1,-1,-1
830,60,1572.27,593.66,102.17,230.26,0.6841,-1,-1,-1
830,54,272.69,563.59,80.23,238.86,0.7990,-1,-1,-1
830,4,1721.47,452.62,74.37,212.79,0.7458,-1,-1,-1
830,3,867.93,941.09,67.79,138.91,0.7040,-1,-1,-1
831,73,799.09,134.27,57.85,179.96,0.3394,-1,-1,-1
831,72,471.59,103.61,63.90,194.72,0.3572,-1,-1,-1
831,68,435.40,266.53,61.44,183.96,0.6207,-1,-1,-1
831,67,371.59,273.62,60.20,180.67,0.5296,-1,-1,-1
831,65,1031.95,538.23,91.36,247.03,0.7988,-1,-1,-1
831,64,957.26,562.80,67.98,232.76,0.8019,-1,-1,-1
831,60,1573.17,593.77,100.98,230.50,0.7001,-1,-1,-1
831,54,272.43,566.09,80.12,242.95,0.8093,-1,-1,-1
831,4,1721.69,456.04,75.27,209.89,0.7314,-1,-1,-1
831,3,869.23,941.40,66.03,138.60,0.7115,-1,-1,-1
832,73,798.07,134.33,61.10,179.36,0.3397,-1,-1,-1
832,68,435.71,267.67,63.01,184.00,0.6227,-1,-1,-1
832,67,371.21,273.51,60.90,181.57,0.5159,-1,-1,-1
832,65,1031.19,535.33,86.67,245.17,0.7805,-1,-1,-1
832,64,955.29,562.62,68.32,231.18,0.7728,-1,-1,-1
832,60,1573.32,592.31,101.66,231.72,0.6929,-1,-1,-1
832,54,271.84,569.24,80.79,242.63,0.8219,-1,-1,-1
832,4,1721.01,452.80,74.82,212.95,0.7499,-1,-1,-1
832,3,869.21,942.40,67.02,137.60,0.6851,-1,-1,-1
833,73,798.40,135.10,60.72,177.55,0.3584,-1,-1,-1
833,68,435.34,267.25,63.05,187.72,0.6191,-1,-1,-1
833,67,369.64,271.57,62.21,184.49,0.4356,-1,-1,-1
833,65,1030.77,532.97,85.04,231.51,0.7928,-1,-1,-1
833,64,953.37,560.23,68.65,232.29,0.7714,-1,-1,-1
833,60,1572.42,590.77,102.08,233.32,0.6643,-1,-1,-1
833,54,270.63,571.75,81.33,243.98,0.8197,-1,-1,-1
833,4,1720.49,452.86,75.46,213.32,0.7513,-1,-1,-1
833,3,869.28,943.50,67.30,136.50,0.7041,-1,-1,-1
834,73,799.31,135.19,61.26,178.49,0.3470,-1,-1,-1
834,68,435.89,267.76,62.04,190.35,0.5849,-1,-1,-1
834,67,367.98,272.44,62.34,182.92,0.3894,-1,-1,-1
834,65,1031.44,528.38,82.21,231.52,0.8008,-1,-1,-1
834,64,951.56,553.88,69.04,239.72,0.7566,-1,-1,-1
834,60,1571.83,590.22,103.61,234.02,0.6828,-1,-1,-1
834,54,270.01,574.10,81.03,243.58,0.8161,-1,-1,-1
834,4,1719.27,455.37,77.93,209.98,0.7542,-1,-1,-1
834,3,868.81,943.95,69.52,136.05,0.7142,-1,-1,-1
835,73,803.83,135.27,56.36,176.31,0.3550,-1,-1,-1
835,68,438.12,271.25,60.34,189.20,0.6504,-1,-1,-1
835,67,373.01,280.36,56.79,171.98,0.4340,-1,-1,-1
835,65,1031.18,525.84,79.79,231.57,0.7954,-1,-1,-1
835,64,949.17,552.40,69.35,238.44,0.7588,-1,-1,-1
835,60,1570.55,588.73,104.55,235.33,0.6455,-1,-1,-1
835,54,270.06,576.40,79.17,245.17,0.8264,-1,-1,-1
835,4,1719.69,453.02,77.91,214.40,0.7453,-1,-1,-1
835,3,867.55,943.19,72.14,136.81,0.6990,-1,-1,-1
836,73,803.94,135.86,56.92,176.19,0.3888,-1,-1,-1
836,68,439.25,273.84,58.00,189.42,0.6299,-1,-1,-1
836,67,372.74,279.80,57.12,173.21,0.4681,-1,-1,-1
836,65,1032.59,523.04,75.66,233.64,0.7916,-1,-1,-1
836,64,949.04,550.00,67.69,226.56,0.7773,-1,-1,-1
836,60,1570.51,591.25,104.23,233.18,0.6672,-1,-1,-1
836,54,269.24,579.04,79.80,244.73,0.8160,-1,-1,-1
836,4,1718.43,456.41,78.54,209.85,0.7407,-1,-1,-1
836,3,864.32,942.97,77.86,137.03,0.7306,-1,-1,-1
837,73,799.76,134.83,63.88,178.45,0.3657,-1,-1,-1
837,68,440.48,277.90,56.30,187.04,0.6277,-1,-1,-1
837,67,371.36,279.92,58.38,172.83,0.4106,-1,-1,-1
837,65,1033.16,520.41,72.31,234.32,0.7735,-1,-1,-1
837,64,946.99,547.68,67.86,226.42,0.7744,-1,-1,-1
837,60,1568.90,589.63,107.19,235.03,0.6250,-1,-1,-1
837,54,268.38,580.17,79.61,244.12,0.8028,-1,-1,-1
837,4,1720.31,453.84,77.02,213.79,0.7496,-1,-1,-1
837,3,865.29,943.26,76.80,136.74,0.7275,-1,-1,-1
838,73,804.41,135.62,58.60,177.15,0.3662,-1,-1,-1
838,68,435.04,272.75,62.78,193.80,0.6384,-1,-1,-1
838,67,355.33,276.47,72.52,177.75,0.4528,-1,-1,-1
838,65,1033.79,519.54,70.55,234.91,0.7756,-1,-1,-1
838,64,944.91,545.85,67.07,227.54,0.7841,-1,-1,-1
838,60,1571.32,592.20,104.36,231.80,0.6791,-1,-1,-1
838,54,267.83,581.65,79.14,242.05,0.7859,-1,-1,-1
838,4,1718.26,456.11,79.00,207.61,0.7585,-1,-1,-1
838,3,865.27,943.35,76.93,136.57,0.7208,-1,-1,-1
839,73,804.35,137.02,60.32,176.14,0.3829,-1,-1,-1
839,68,436.06,276.73,61.24,190.88,0.6192,-1,-1,-1
839,67,371.13,281.01,56.24,171.91,0.4415,-1,-1,-1
839,65,1034.45,519.52,69.87,235.02,0.7686,-1,-1,-1
839,64,944.68,543.26,66.50,229.24,0.7773,-1,-1,-1
839,60,1570.45,591.55,105.75,232.28,0.6137,-1,-1,-1
839,54,266.24,582.80,80.12,240.12,0.7657,-1,-1,-1
839,4,1719.91,452.46,75.91,212.66,0.7573,-1,-1,-1
839,3,865.27,942.29,77.58,137.34,0.7165,-1,-1,-1
840,73,806.43,137.31,58.38,175.23,0.4503,-1,-1,-1
840,68,434.34,274.07,63.16,193.25,0.6562,-1,-1,-1
840,67,353.86,275.26,72.45,178.19,0.5059,-1,-1,-1
840,65,1033.86,519.12,69.56,233.66,0.7631,-1,-1,-1
840,64,943.03,541.54,66.52,229.32,0.7689,-1,-1,-1
840,60,1569.85,594.33,106.61,230.12,0.6460,-1,-1,-1
840,54,263.62,583.91,81.01,239.10,0.7395,-1,-1,-1
840,4,1720.32,452.81,75.86,212.05,0.7559,-1,-1,-1
840,3,865.53,943.70,77.47,135.81,0.7148,-1,-1,-1
841,73,803.32,136.03,64.39,175.56,0.3898,-1,-1,-1
841,72,472.90,108.32,61.64,195.92,0.3444,-1,-1,-1
841,68,437.51,279.26,57.56,190.26,0.6530,-1,-1,-1
841,67,356.05,275.60,69.61,179.64,0.5058,-1,-1,-1
841,65,1032.21,518.67,69.44,233.27,0.7483,-1,-1,-1
841,64,941.58,540.15,66.58,231.14,0.7721,-1,-1,-1
841,60,1571.30,593.99,105.26,230.75,0.6776,-1,-1,-1
841,54,262.82,585.22,81.99,236.90,0.7609,-1,-1,-1
841,4,1719.79,452.22,76.63,212.71,0.7449,-1,-1,-1
841,3,867.25,943.57,78.37,135.98,0.7294,-1,-1,-1
842,73,804.49,136.62,62.47,174.95,0.4144,-1,-1,-1
842,68,438.11,278.61,57.87,189.56,0.6421,-1,-1,-1
842,67,370.07,283.37,54.94,172.19,0.5131,-1,-1,-1
842,65,1027.41,517.30,73.06,232.90,0.7373,-1,-1,-1
842,64,939.71,539.48,65.95,232.61,0.7716,-1,-1,-1
842,60,1572.73,594.68,104.18,229.67,0.6518,-1,-1,-1
842,54,262.36,585.57,82.63,236.86,0.7748,-1,-1,-1
842,4,1719.47,456.20,77.61,209.09,0.7272,-1,-1,-1
842,3,866.49,943.46,79.18,136.28,0.7153,-1,-1,-1
843,73,806.25,137.26,61.81,175.00,0.3590,-1,-1,-1
843,72,469.00,110.55,64.24,202.17,0.3011,-1,-1,-1
843,68,438.19,280.84,58.62,187.44,0.6733,-1,-1,-1
843,67,367.22,283.22,58.88,175.56,0.5540,-1,-1,-1
843,65,1023.70,517.03,76.10,233.54,0.7527,-1,-1,-1
843,64,938.57,538.88,65.92,232.16,0.7837,-1,-1,-1
843,60,1570.72,592.96,105.55,232.12,0.6284,-1,-1,-1
843,54,260.77,586.49,84.12,235.71,0.7887,-1,-1,-1
843,4,1718.57,455.96,79.15,208.52,0.7326,-1,-1,-1
843,3,866.96,943.72,80.15,135.76,0.7209,-1,-1,-1
844,73,805.87,137.01,62.67,174.51,0.3834,-1,-1,-1
844,72,469.46,111.66,63.47,199.43,0.3061,-1,-1,-1
844,68,438.19,281.71,58.64,186.89,0.6716,-1,-1,-1
844,67,359.72,280.16,66.06,182.58,0.5285,-1,-1,-1
844,65,1021.51,516.79,75.53,231.70,0.7795,-1,-1,-1
844,64,938.03,536.73,65.48,233.76,0.7891,-1,-1,-1
844,60,1571.49,592.30,103.34,232.36,0.6321,-1,-1,-1
844,54,261.45,587.56,83.27,235.28,0.7974,-1,-1,-1
844,4,1719.36,453.36,78.26,212.48,0.7412,-1,-1,-1
844,3,867.35,943.19,79.63,136.42,0.7208,-1,-1,-1
845,73,805.32,137.50,63.64,174.30,0.3504,-1,-1,-1
845,68,438.52,280.77,57.57,188.43,0.6712,-1,-1,-1
845,67,360.98,282.99,63.81,181.86,0.5546,-1,-1,-1
845,65,1021.69,516.91,72.88,228.84,0.7743,-1,-1,-1
845,64,936.43,536.37,66.77,233.98,0.7750,-1,-1,-1
845,60,1570.57,592.83,103.79,231.36,0.6418,-1,-1,-1
845,54,261.23,588.31,83.56,235.61,0.7995,-1,-1,-1
845,4,1717.92,456.65,78.92,207.63,0.7514,-1,-1,-1
845,3,866.55,943.56,80.65,136.02,0.7120,-1,-1,-1
846,73,805.83,137.24,63.17,175.34,0.3674,-1,-1,-1
846,68,438.66,282.15,57.08,186.61,0.6581,-1,-1,-1
846,67,358.93,284.31,65.85,181.83,0.5688,-1,-1,-1
846,65,1020.25,515.64,74.01,229.16,0.7743,-1,-1,-1
846,64,934.63,535.50,67.10,232.17,0.7835,-1,-1,-1
846,60,1570.05,595.42,104.47,228.95,0.6630,-1,-1,-1
846,54,260.91,589.43,84.37,237.11,0.7939,-1,-1,-1
846,4,1718.15,455.85,79.10,208.34,0.7434,-1,-1,-1
846,3,866.43,944.58,81.02,134.76,0.7197,-1,-1,-1
847,73,802.08,138.13,69.31,174.63,0.3744,-1,-1,-1
847,68,439.20,281.31,56.08,186.28,0.6359,-1,-1,-1
847,67,359.29,288.55,65.26,179.37,0.5599,-1,-1,-1
847,65,1018.86,512.75,73.06,234.34,0.7548,-1,-1,-1
847,64,933.71,534.48,66.98,230.22,0.7623,-1,-1,-1
847,60,1569.81,593.76,104.57,230.23,0.6545,-1,-1,-1
847,54,260.83,593.41,84.66,236.50,0.7786,-1,-1,-1
847,4,1717.66,453.92,80.23,211.14,0.7454,-1,-1,-1
847,3,866.87,944.61,81.92,134.97,0.6938,-1,-1,-1
848,73,803.92,139.19,68.37,172.98,0.3565,-1,-1,-1
848,68,437.10,280.22,57.58,188.50,0.6348,-1,-1,-1
848,67,357.85,288.37,65.49,180.28,0.5680,-1,-1,-1
848,65,1017.55,510.76,71.55,227.08,0.7525,-1,-1,-1
848,64,932.97,532.68,66.39,230.23,0.7651,-1,-1,-1
848,60,1570.34,593.62,104.66,230.05,0.6401,-1,-1,-1
848,54,261.94,595.65,83.57,238.04,0.7984,-1,-1,-1
848,4,1717.73,452.79,78.70,211.78,0.7519,-1,-1,-1
848,3,866.40,944.55,82.17,134.76,0.7062,-1,-1,-1
849,73,806.55,137.53,64.73,174.43,0.3704,-1,-1,-1
849,68,436.76,279.43,57.03,189.44,0.6427,-1,-1,-1
849,67,355.52,294.30,67.85,176.90,0.6082,-1,-1,-1
849,65,1015.48,509.16,68.27,222.05,0.7447,-1,-1,-1
849,64,932.09,530.17,65.42,231.31,0.7692,-1,-1,-1
849,60,1572.95,594.71,102.11,229.82,0.6753,-1,-1,-1
849,54,261.78,597.63,84.11,242.77,0.7930,-1,-1,-1
849,4,1717.91,453.57,79.50,211.06,0.7520,-1,-1,-1
849,3,866.40,945.36,82.99,133.99,0.6869,-1,-1,-1
850,73,807.36,137.53,64.43,174.49,0.3724,-1,-1,-1
850,68,437.85,276.32,60.63,196.77,0.6309,-1,-1,-1
850,67,353.09,297.01,70.44,175.77,0.5993,-1,-1,-1
850,65,1013.47,506.07,67.65,224.57,0.8031,-1,-1,-1
850,64,931.83,527.47,63.64,232.44,0.7859,-1,-1,-1
850,60,1572.67,595.04,103.08,229.28,0.6768,-1,-1,-1
850,54,261.95,599.52,84.38,241.48,0.7985,-1,-1,-1
850,4,1718.58,453.28,78.63,213.37,0.7482,-1,-1,-1
850,3,867.21,945.02,82.56,133.75,0.6974,-1,-1,-1
851,73,803.71,139.16,69.19,172.31,0.3804,-1,-1,-1
851,72,469.25,123.86,62.37,189.73,0.3289,-1,-1,-1
851,68,438.16,285.67,57.10,190.32,0.6276,-1,-1,-1
851,67,351.38,298.67,71.26,173.97,0.5639,-1,-1,-1
851,65,1008.43,503.47,70.23,225.39,0.8157,-1,-1,-1
851,64,929.41,525.51,64.85,235.40,0.7966,-1,-1,-1
851,60,1572.34,593.42,103.30,230.89,0.6590,-1,-1,-1
851,54,262.10,600.84,84.59,243.11,0.8083,-1,-1,-1
851,4,1717.56,452.78,78.45,210.82,0.7407,-1,-1,-1
851,3,867.91,945.03,83.60,133.85,0.7021,-1,-1,-1
852,73,808.67,137.63,63.24,173.87,0.3584,-1,-1,-1
852,72,467.49,124.03,64.15,188.07,0.4052,-1,-1,-1
852,68,437.62,289.11,55.30,188.07,0.5885,-1,-1,-1
852,67,349.45,298.48,72.89,175.61,0.5338,-1,-1,-1
852,65,1007.06,501.88,69.48,226.55,0.8067,-1,-1,-1
852,64,928.72,522.87,63.54,216.18,0.7426,-1,-1,-1
852,60,1570.73,593.71,105.30,230.42,0.6423,-1,-1,-1
852,54,264.41,603.71,82.99,243.73,0.8042,-1,-1,-1
852,4,1717.43,456.59,79.74,208.29,0.7367,-1,-1,-1
852,3,868.83,945.12,83.30,133.96,0.7008,-1,-1,-1
853,73,807.17,137.72,64.24,175.16,0.3890,-1,-1,-1
853,72,464.40,123.31,66.96,194.15,0.4542,-1,-1,-1
853,68,436.80,291.51,58.39,188.65,0.5942,-1,-1,-1
853,67,347.28,297.43,74.13,177.33,0.4830,-1,-1,-1
853,65,1002.52,500.48,72.41,227.56,0.8231,-1,-1,-1
853,64,926.76,520.50,65.96,210.15,0.7779,-1,-1,-1
853,60,1570.62,593.12,104.08,231.25,0.6007,-1,-1,-1
853,54,264.94,606.33,84.07,243.89,0.8003,-1,-1,-1
853,4,1719.24,453.31,78.52,211.44,0.7236,-1,-1,-1
853,3,868.70,945.15,83.09,134.19,0.6998,-1,-1,-1
854,73,807.38,137.73,64.56,174.68,0.3739,-1,-1,-1
854,72,462.22,121.74,68.86,197.86,0.4866,-1,-1,-1
854,68,437.27,288.70,57.64,194.72,0.6084,-1,-1,-1
854,67,347.49,296.30,72.74,178.31,0.4767,-1,-1,-1
854,65,997.21,498.78,77.24,229.85,0.8228,-1,-1,-1
854,64,926.93,517.88,65.71,220.08,0.7967,-1,-1,-1
854,60,1568.34,594.33,106.95,229.92,0.5999,-1,-1,-1
854,54,264.73,606.77,84.85,245.88,0.8175,-1,-1,-1
854,4,1717.10,457.08,80.29,207.33,0.7261,-1,-1,-1
854,3,868.72,944.81,83.75,134.10,0.7023,-1,-1,-1
855,75,1074.50,0.00,57.37,117.12,0.3088,-1,-1,-1
855,73,806.82,137.56,65.22,176.53,0.3574,-1,-1,-1
855,72,465.71,124.37,65.19,197.30,0.5021,-1,-1,-1
855,68,435.83,290.71,58.87,194.60,0.6364,-1,-1,-1
855,67,343.71,300.75,75.23,174.46,0.4915,-1,-1,-1
855,65,997.16,496.80,77.07,231.95,0.7963,-1,-1,-1
855,64,926.34,515.22,64.90,221.85,0.7904,-1,-1,-1
855,60,1570.46,592.70,104.85,231.60,0.6227,-1,-1,-1
855,54,266.77,608.66,83.68,246.06,0.8214,-1,-1,-1
855,4,1717.31,456.65,80.11,207.63,0.7336,-1,-1,-1
855,3,869.97,944.47,82.66,134.45,0.7195,-1,-1,-1
856,73,806.95,137.17,64.50,175.34,0.3599,-1,-1,-1
856,72,467.59,125.48,62.71,195.34,0.4602,-1,-1,-1
856,68,435.47,292.60,58.38,195.48,0.6013,-1,-1,-1
856,67,344.47,299.28,73.49,177.37,0.4824,-1,-1,-1
856,65,995.55,495.45,80.06,233.74,0.8202,-1,-1,-1
856,64,925.20,512.28,65.42,223.84,0.8040,-1,-1,-1
856,60,1571.49,592.02,104.81,232.61,0.6383,-1,-1,-1
856,54,267.31,610.27,83.93,243.12,0.8048,-1,-1,-1
856,4,1717.40,457.13,80.53,209.38,0.7428,-1,-1,-1
856,3,872.24,944.53,81.33,134.19,0.7284,-1,-1,-1
857,73,807.81,137.55,63.53,174.30,0.3360,-1,-1,-1
857,72,468.71,128.71,61.73,196.20,0.4170,-1,-1,-1
857,68,434.89,294.10,59.44,194.93,0.6069,-1,-1,-1
857,67,350.15,304.59,66.13,168.97,0.5089,-1,-1,-1
857,65,995.61,495.09,80.66,234.87,0.8034,-1,-1,-1
857,64,921.31,511.13,67.10,226.12,0.7819,-1,-1,-1
857,60,1572.10,592.57,104.49,232.04,0.6289,-1,-1,-1
857,54,269.14,610.62,82.71,241.49,0.7872,-1,-1,-1
857,4,1718.56,454.77,78.50,213.08,0.7293,-1,-1,-1
857,3,873.01,943.63,80.02,134.99,0.7172,-1,-1,-1
858,75,1077.94,0.00,56.36,122.68,0.3706,-1,-1,-1
858,73,805.82,137.38,65.60,173.24,0.3390,-1,-1,-1
858,72,468.21,130.63,62.57,195.18,0.3979,-1,-1,-1
858,68,432.33,293.79,65.69,194.27,0.5712,-1,-1,-1
858,67,345.73,303.96,72.99,173.38,0.5352,-1,-1,-1
858,65,991.06,494.38,85.08,235.33,0.7997,-1,-1,-1
858,64,920.38,510.24,66.70,224.12,0.7668,-1,-1,-1
858,60,1573.28,594.95,102.61,229.53,0.6804,-1,-1,-1
858,54,270.25,611.43,82.61,242.27,0.7962,-1,-1,-1
858,4,1716.72,457.71,80.54,208.30,0.7340,-1,-1,-1
858,3,873.64,943.46,80.14,135.44,0.7255,-1,-1,-1
859,76,1405.02,1019.00,65.11,60.20,0.4431,-1,-1,-1
859,75,1078.91,0.00,55.95,122.45,0.3132,-1,-1,-1
859,73,807.44,137.21,63.88,173.93,0.3454,-1,-1,-1
859,72,470.16,133.02,61.73,194.22,0.3143,-1,-1,-1
859,68,435.34,299.83,59.52,187.73,0.5971,-1,-1,-1
859,67,345.88,303.18,73.36,174.29,0.5205,-1,-1,-1
859,65,992.43,494.79,83.97,234.20,0.7927,-1,-1,-1
859,64,918.31,507.07,66.71,228.25,0.7696,-1,-1,-1
859,60,1573.02,593.77,103.67,230.84,0.6460,-1,-1,-1
859,54,269.37,610.83,84.93,243.80,0.8008,-1,-1,-1
859,4,1715.14,457.52,82.11,209.76,0.7308,-1,-1,-1
859,3,874.96,943.94,79.40,135.25,0.7379,-1,-1,-1
860,76,1403.02,1017.03,69.67,62.97,0.5021,-1,-1,-1
860,75,1080.28,0.00,56.17,122.62,0.3297,-1,-1,-1
860,73,806.05,137.81,65.18,172.48,0.3372,-1,-1,-1
860,72,468.57,132.62,63.75,195.13,0.4127,-1,-1,-1
860,68,434.16,300.39,59.41,188.58,0.6099,-1,-1,-1
860,67,345.86,300.51,73.41,178.84,0.5333,-1,-1,-1
860,65,988.96,493.90,87.42,234.88,0.7726,-1,-1,-1
860,64,916.60,505.59,66.83,229.30,0.7682,-1,-1,-1
860,60,1572.48,593.33,104.59,230.64,0.6052,-1,-1,-1
860,54,269.98,611.61,84.93,241.71,0.8106,-1,-1,-1
860,4,1715.67,456.18,81.26,210.07,0.7424,-1,-1,-1
860,3,875.49,942.26,79.59,137.27,0.7249,-1,-1,-1
861,76,1399.75,1015.01,75.39,64.99,0.5852,-1,-1,-1
861,73,806.09,137.53,64.88,173.32,0.3155,-1,-1,-1
861,72,469.18,132.12,63.84,195.98,0.4183,-1,-1,-1
861,68,431.11,299.76,64.53,188.34,0.5885,-1,-1,-1
861,67,348.52,302.24,66.71,178.51,0.5316,-1,-1,-1
861,65,988.74,492.94,87.86,234.47,0.7825,-1,-1,-1
861,64,915.26,503.15,66.39,232.52,0.7792,-1,-1,-1
861,60,1572.08,598.79,102.88,225.48,0.6541,-1,-1,-1
861,54,269.99,612.94,86.08,240.55,0.8141,-1,-1,-1
861,4,1714.99,456.34,82.52,209.64,0.7502,-1,-1,-1
861,3,876.70,943.02,80.14,136.98,0.7457,-1,-1,-1
862,76,1392.75,1012.37,81.51,67.63,0.6171,-1,-1,-1
862,75,1081.88,0.00,57.92,123.71,0.3267,-1,-1,-1
862,73,807.27,137.34,63.30,174.65,0.3178,-1,-1,-1
862,72,470.91,132.73,64.29,196.39,0.4270,-1,-1,-1
862,68,433.69,299.23,59.43,187.16,0.5818,-1,-1,-1
862,67,348.34,303.13,67.15,181.44,0.4917,-1,-1,-1
862,65,989.03,491.21,84.53,234.17,0.7788,-1,-1,-1
862,64,914.82,502.22,65.88,233.96,0.7651,-1,-1,-1
862,60,1571.64,596.79,104.86,227.03,0.6380,-1,-1,-1
862,54,269.97,612.62,85.31,240.19,0.8133,-1,-1,-1
862,4,1715.99,456.61,81.92,210.54,0.7354,-1,-1,-1
862,3,877.98,943.87,78.51,136.13,0.7283,-1,-1,-1
863,76,1390.16,1009.26,82.50,70.74,0.6324,-1,-1,-1
863,75,1083.08,0.00,57.34,124.17,0.3441,-1,-1,-1
863,72,471.69,134.23,65.33,192.40,0.3790,-1,-1,-1
863,68,432.74,301.08,60.41,187.41,0.5948,-1,-1,-1
863,67,346.77,308.24,68.25,180.17,0.5692,-1,-1,-1
863,65,989.54,488.99,84.78,235.11,0.7992,-1,-1,-1
863,64,913.16,501.31,66.05,232.49,0.7730,-1,-1,-1
863,60,1571.50,594.24,105.04,229.52,0.6396,-1,-1,-1
863,54,270.23,613.41,85.77,240.77,0.8160,-1,-1,-1
863,4,1716.43,456.50,81.27,210.34,0.7412,-1,-1,-1
863,3,879.80,942.43,78.02,137.17,0.7321,-1,-1,-1
864,76,1387.06,1004.90,85.19,75.10,0.6629,-1,-1,-1
864,75,1083.98,0.00,57.42,127.20,0.3951,-1,-1,-1
864,72,472.77,137.19,64.32,187.70,0.3038,-1,-1,-1
864,68,432.55,302.44,61.95,187.05,0.5664,-1,-1,-1
864,67,346.86,309.95,67.03,178.45,0.5451,-1,-1,-1
864,65,986.31,486.02,84.67,236.30,0.8030,-1,-1,-1
864,64,912.99,500.72,65.44,232.11,0.7635,-1,-1,-1
864,60,1572.70,594.13,104.35,229.54,0.6338,-1,-1,-1
864,54,271.05,614.94,85.52,239.82,0.8133,-1,-1,-1
864,4,1716.29,457.34,82.24,209.78,0.7389,-1,-1,-1
864,3,880.86,942.44,78.37,137.03,0.7422,-1,-1,-1
865,76,1384.60,1001.13,89.04,78.87,0.6825,-1,-1,-1
865,75,1084.82,1.39,57.56,127.96,0.3846,-1,-1,-1
865,68,432.24,302.82,62.68,187.03,0.5807,-1,-1,-1
865,67,346.78,312.48,70.00,178.83,0.5938,-1,-1,-1
865,65,986.25,483.98,83.56,235.71,0.7994,-1,-1,-1
865,64,911.20,499.10,65.41,227.91,0.7620,-1,-1,-1
865,60,1571.82,594.13,105.15,229.86,0.6471,-1,-1,-1
865,54,272.91,617.96,84.01,244.78,0.8342,-1,-1,-1
865,4,1717.37,456.64,80.83,208.05,0.7301,-1,-1,-1
865,3,882.22,942.73,78.74,137.27,0.7300,-1,-1,-1
866,76,1382.11,997.78,91.29,82.22,0.6804,-1,-1,-1
866,75,1085.72,1.23,57.50,131.84,0.3089,-1,-1,-1
866,73,805.15,137.52,65.02,172.28,0.3059,-1,-1,-1
866,72,471.74,138.30,64.23,185.72,0.3209,-1,-1,-1
866,68,432.40,303.86,62.66,186.21,0.5394,-1,-1,-1
866,67,344.87,313.93,71.82,177.60,0.5720,-1,-1,-1
866,65,985.03,481.28,83.66,233.67,0.7924,-1,-1,-1
866,64,909.52,497.46,66.44,226.18,0.7879,-1,-1,-1
866,60,1572.23,594.36,104.96,229.16,0.6126,-1,-1,-1
866,54,273.63,620.00,83.61,248.52,0.8294,-1,-1,-1
866,4,1718.32,456.96,79.91,209.03,0.7195,-1,-1,-1
866,3,883.44,942.65,80.03,137.35,0.7354,-1,-1,-1
867,76,1381.15,993.68,92.44,86.32,0.6755,-1,-1,-1
867,75,1086.07,0.00,57.29,133.73,0.3158,-1,-1,-1
867,73,804.77,137.41,64.24,172.42,0.3255,-1,-1,-1
867,72,471.74,137.37,62.60,185.91,0.3146,-1,-1,-1
867,68,432.60,300.15,59.47,191.36,0.5465,-1,-1,-1
867,67,345.22,318.79,69.72,174.37,0.5582,-1,-1,-1
867,65,984.64,478.04,82.40,228.40,0.7732,-1,-1,-1
867,64,906.67,496.42,68.58,220.90,0.7791,-1,-1,-1
867,60,1572.52,592.83,104.40,230.83,0.6158,-1,-1,-1
867,54,273.94,620.82,84.13,251.19,0.8261,-1,-1,-1
867,4,1718.20,456.90,80.13,210.25,0.7130,-1,-1,-1
867,3,886.40,941.73,78.81,138.27,0.7371,-1,-1,-1
868,76,1380.01,987.64,93.44,92.36,0.6574,-1,-1,-1
868,75,1087.47,0.00,53.88,135.29,0.3574,-1,-1,-1
868,68,433.04,300.18,57.90,197.69,0.5583,-1,-1,-1
868,67,344.97,317.90,69.39,174.94,0.5313,-1,-1,-1
868,65,987.16,475.49,77.29,221.50,0.7793,-1,-1,-1
868,64,904.42,494.80,69.50,218.34,0.7652,-1,-1,-1
868,60,1573.72,592.42,102.23,230.82,0.6526,-1,-1,-1
868,54,272.69,622.10,85.95,253.34,0.8356,-1,-1,-1
868,4,1718.34,456.84,78.90,208.86,0.7020,-1,-1,-1
868,3,888.64,941.43,78.66,138.57,0.7426,-1,-1,-1
869,76,1380.23,984.31,92.44,95.69,0.6839,-1,-1,-1
869,75,1087.70,0.59,53.49,134.20,0.3376,-1,-1,-1
869,68,432.07,301.98,61.16,199.31,0.4980,-1,-1,-1
869,67,347.00,314.17,68.08,177.99,0.4887,-1,-1,-1
869,65,988.16,473.05,74.37,224.25,0.7588,-1,-1,-1
869,64,903.09,492.57,70.86,212.88,0.7704,-1,-1,-1
869,60,1573.17,594.45,103.53,229.11,0.6356,-1,-1,-1
869,54,273.43,625.28,85.73,248.62,0.8312,-1,-1,-1
869,4,1718.28,457.36,80.07,208.71,0.7088,-1,-1,-1
869,3,892.72,940.84,77.52,139.16,0.7291,-1,-1,-1
870,76,1379.81,982.89,92.45,97.11,0.7184,-1,-1,-1
870,75,1087.77,0.00,52.24,134.79,0.3204,-1,-1,-1
870,68,434.80,316.05,56.27,190.37,0.5620,-1,-1,-1
870,67,359.19,318.89,57.92,171.25,0.5095,-1,-1,-1
870,65,989.84,472.37,69.75,223.40,0.7479,-1,-1,-1
870,64,901.33,490.92,70.32,215.52,0.7288,-1,-1,-1
870,60,1574.27,594.82,102.19,229.12,0.6507,-1,-1,-1
870,54,273.97,627.97,85.80,251.38,0.8334,-1,-1,-1
870,4,1717.84,458.05,80.38,205.70,0.7184,-1,-1,-1
870,3,894.59,940.75,76.51,139.25,0.7350,-1,-1,-1
871,76,1377.89,980.01,93.58,99.99,0.7134,-1,-1,-1
871,75,1087.97,0.00,51.44,134.14,0.3006,-1,-1,-1
871,68,435.10,315.81,55.14,190.25,0.5787,-1,-1,-1
871,67,355.77,315.39,59.04,176.79,0.4938,-1,-1,-1
871,65,989.72,469.71,67.93,225.76,0.7531,-1,-1,-1
871,64,899.81,488.37,70.47,215.94,0.7345,-1,-1,-1
871,60,1573.64,594.66,102.17,229.98,0.6152,-1,-1,-1
871,54,275.42,630.64,85.57,254.57,0.8329,-1,-1,-1
871,4,1717.44,457.41,80.77,208.61,0.7024,-1,-1,-1
871,3,897.03,941.81,74.99,138.19,0.7383,-1,-1,-1
872,77,416.88,158.31,50.15,162.10,0.3157,-1,-1,-1
872,76,1375.45,976.64,96.01,103.36,0.7117,-1,-1,-1
872,75,1087.24,0.00,52.58,137.35,0.3737,-1,-1,-1
872,68,434.34,317.72,54.87,191.78,0.5833,-1,-1,-1
872,67,355.74,312.94,58.33,179.90,0.4973,-1,-1,-1
872,65,988.83,468.56,67.46,226.75,0.7477,-1,-1,-1
872,64,898.33,487.53,70.91,217.57,0.7402,-1,-1,-1
872,60,1571.34,595.99,104.56,228.36,0.6097,-1,-1,-1
872,54,277.52,633.06,82.61,255.12,0.8345,-1,-1,-1
872,4,1717.13,458.07,80.93,208.34,0.7101,-1,-1,-1
872,3,898.06,941.61,76.43,138.39,0.7319,-1,-1,-1
873,77,415.37,159.20,49.60,162.60,0.3099,-1,-1,-1
873,76,1373.26,975.16,96.64,104.84,0.7210,-1,-1,-1
873,75,1087.17,2.31,53.49,142.27,0.3505,-1,-1,-1
873,68,433.47,316.35,58.09,194.21,0.6029,-1,-1,-1
873,67,355.73,314.70,58.26,177.18,0.5168,-1,-1,-1
873,65,989.57,468.24,66.21,225.10,0.7412,-1,-1,-1
873,64,898.37,486.72,70.41,220.82,0.7343,-1,-1,-1
873,60,1570.93,596.28,105.27,227.79,0.5866,-1,-1,-1
873,54,276.98,633.95,83.95,255.19,0.8348,-1,-1,-1
873,4,1717.05,458.16,80.64,207.83,0.7080,-1,-1,-1
873,3,900.33,941.59,76.42,138.41,0.7335,-1,-1,-1
874,78,1405.08,10.93,60.70,152.53,0.3252,-1,-1,-1
874,76,1371.41,974.63,97.05,105.37,0.7276,-1,-1,-1
874,75,1087.15,1.00,55.10,141.11,0.3402,-1,-1,-1
874,68,431.48,313.15,59.78,196.94,0.6155,-1,-1,-1
874,67,355.02,315.31,56.83,177.63,0.5340,-1,-1,-1
874,65,989.86,467.89,66.15,225.05,0.7300,-1,-1,-1
874,64,898.31,483.88,69.60,222.18,0.7175,-1,-1,-1
874,60,1572.60,597.31,104.26,226.91,0.6298,-1,-1,-1
874,54,277.11,634.95,85.62,254.46,0.8304,-1,-1,-1
874,4,1718.59,458.36,79.33,208.16,0.6924,-1,-1,-1
874,3,900.16,940.85,77.35,139.15,0.7366,-1,-1,-1
875,78,1406.05,9.66,60.79,153.83,0.3095,-1,-1,-1
875,76,1370.36,972.66,96.39,107.34,0.7072,-1,-1,-1
875,68,431.69,311.95,60.27,198.71,0.5709,-1,-1,-1
875,67,354.79,318.90,58.54,174.58,0.5192,-1,-1,-1
875,65,990.05,467.50,65.65,225.45,0.7283,-1,-1,-1
875,64,896.27,483.20,69.29,221.04,0.7285,-1,-1,-1
875,60,1572.74,597.30,103.94,226.33,0.6244,-1,-1,-1
875,54,279.88,635.31,83.00,252.94,0.8215,-1,-1,-1
875,4,1717.88,458.46,79.44,206.91,0.6881,-1,-1,-1
875,3,902.24,940.01,76.37,139.99,0.7270,-1,-1,-1
876,77,413.61,160.91,46.36,162.65,0.3113,-1,-1,-1
876,76,1367.64,971.45,97.16,108.55,0.7048,-1,-1,-1
876,75,1086.78,0.00,57.70,146.84,0.3061,-1,-1,-1
876,68,431.97,313.79,59.83,195.84,0.5743,-1,-1,-1
876,67,352.89,319.41,62.47,176.13,0.4857,-1,-1,-1
876,65,989.25,467.72,65.56,226.61,0.7277,-1,-1,-1
876,64,896.09,482.80,68.34,223.17,0.7299,-1,-1,-1
876,60,1573.20,598.54,101.98,225.25,0.6197,-1,-1,-1
876,54,279.88,635.85,85.13,253.39,0.8137,-1,-1,-1
876,4,1718.87,457.80,79.04,207.81,0.6895,-1,-1,-1
876,3,901.72,940.03,78.96,139.97,0.7458,-1,-1,-1
877,76,1365.49,968.68,98.23,111.32,0.6993,-1,-1,-1
877,75,1086.31,0.00,59.00,149.00,0.3408,-1,-1,-1
877,68,430.89,314.12,61.67,194.97,0.5503,-1,-1,-1
877,67,353.54,321.61,60.39,178.29,0.5164,-1,-1,-1
877,65,986.98,466.41,67.25,227.48,0.7179,-1,-1,-1
877,64,895.82,482.87,68.66,223.48,0.7212,-1,-1,-1
877,60,1573.24,597.38,103.27,226.66,0.6011,-1,-1,-1
877,54,281.40,637.38,82.22,252.51,0.7987,-1,-1,-1
877,4,1718.53,458.00,79.59,207.67,0.6722,-1,-1,-1
877,3,902.59,939.25,78.34,140.75,0.7298,-1,-1,-1
878,79,1775.18,684.35,62.95,220.94,0.3673,-1,-1,-1
878,76,1361.48,966.38,101.92,113.62,0.7178,-1,-1,-1
878,75,1085.66,0.00,60.47,149.41,0.4427,-1,-1,-1
878,68,429.50,316.88,61.42,193.43,0.5511,-1,-1,-1
878,67,355.39,321.34,58.19,182.97,0.4853,-1,-1,-1
878,65,987.09,465.29,66.04,226.73,0.7103,-1,-1,-1
878,64,895.51,480.76,67.32,224.48,0.7169,-1,-1,-1
878,60,1574.01,596.94,102.19,227.53,0.5762,-1,-1,-1
878,54,282.58,638.87,84.75,251.22,0.7850,-1,-1,-1
878,4,1719.45,457.43,77.95,207.55,0.6348,-1,-1,-1
878,3,903.60,939.22,80.13,140.78,0.7349,-1,-1,-1
879,79,1771.52,680.67,66.84,252.36,0.3979,-1,-1,-1
879,76,1361.75,963.70,100.74,116.30,0.7321,-1,-1,-1
879,75,1085.91,0.00,60.55,152.62,0.4383,-1,-1,-1
879,68,428.91,312.97,61.77,197.67,0.5044,-1,-1,-1
879,67,352.23,323.32,61.50,183.55,0.4128,-1,-1,-1
879,65,984.43,464.68,67.17,226.40,0.6852,-1,-1,-1
879,64,894.77,480.89,66.49,223.16,0.7189,-1,-1,-1
879,60,1573.86,599.81,100.80,224.99,0.5909,-1,-1,-1
879,54,283.15,640.39,85.79,249.76,0.7807,-1,-1,-1
879,4,1719.30,457.00,78.41,208.22,0.6268,-1,-1,-1
879,3,903.15,939.00,80.86,141.00,0.7361,-1,-1,-1
880,79,1768.44,680.11,67.57,261.08,0.4023,-1,-1,-1
880,76,1362.11,960.08,100.22,119.92,0.7308,-1,-1,-1
880,75,1086.14,0.00,61.29,154.29,0.3934,-1,-1,-1
880,68,428.08,319.27,62.59,189.37,0.5745,-1,-1,-1
880,67,337.18,323.17,77.38,185.31,0.4249,-1,-1,-1
880,65,983.72,462.47,67.05,225.23,0.6941,-1,-1,-1
880,64,894.49,478.36,66.82,223.26,0.6963,-1,-1,-1
880,60,1574.38,596.72,100.96,227.05,0.6107,-1,-1,-1
880,54,284.52,641.27,83.39,249.07,0.7549,-1,-1,-1
880,4,1720.23,457.34,77.07,207.85,0.6361,-1,-1,-1
880,3,904.82,937.88,79.77,142.12,0.7403,-1,-1,-1
881,79,1767.04,681.27,70.63,256.12,0.3957,-1,-1,-1
881,76,1360.66,956.93,99.31,123.07,0.7436,-1,-1,-1
881,75,1087.94,0.00,59.41,155.85,0.3398,-1,-1,-1
881,68,428.48,320.55,60.84,188.34,0.5264,-1,-1,-1
881,67,338.08,324.84,74.70,188.00,0.4006,-1,-1,-1
881,65,982.33,459.72,65.55,223.53,0.7034,-1,-1,-1
881,64,894.58,477.02,65.74,220.66,0.6613,-1,-1,-1
881,60,1573.21,598.90,102.76,225.50,0.5643,-1,-1,-1
881,54,284.90,642.31,85.63,248.06,0.7754,-1,-1,-1
881,4,1719.63,457.57,78.60,208.09,0.6278,-1,-1,-1
881,3,904.59,937.73,80.87,142.27,0.7478,-1,-1,-1
882,79,1763.63,681.45,71.71,250.37,0.4362,-1,-1,-1
882,76,1359.29,951.95,98.92,128.05,0.7454,-1,-1,-1
882,73,807.64,137.86,56.79,175.38,0.3035,-1,-1,-1
882,68,428.91,321.20,60.34,187.25,0.5302,-1,-1,-1
882,67,338.04,329.33,73.59,183.69,0.3440,-1,-1,-1
882,65,980.49,456.26,65.34,221.76,0.6953,-1,-1,-1
882,64,894.12,474.21,65.07,226.45,0.6657,-1,-1,-1
882,60,1574.88,597.27,100.60,227.06,0.6030,-1,-1,-1
882,54,285.40,643.62,86.18,246.89,0.7641,-1,-1,-1
882,4,1720.69,457.89,76.41,208.20,0.6414,-1,-1,-1
882,3,904.92,937.20,81.78,142.80,0.7535,-1,-1,-1
883,79,1763.02,683.49,73.30,242.98,0.4763,-1,-1,-1
883,76,1358.61,948.62,97.66,130.60,0.7890,-1,-1,-1
883,68,426.94,319.62,62.15,188.34,0.5487,-1,-1,-1
883,67,336.19,331.83,75.57,181.84,0.4039,-1,-1,-1
883,65,978.88,454.21,66.54,218.46,0.7288,-1,-1,-1
883,64,893.46,470.62,63.71,206.32,0.6735,-1,-1,-1
883,60,1575.25,596.73,98.88,227.49,0.5788,-1,-1,-1
883,54,285.99,645.20,87.19,245.70,0.7838,-1,-1,-1
883,4,1721.64,457.88,76.11,207.69,0.6435,-1,-1,-1
883,3,904.46,937.07,81.72,142.93,0.7434,-1,-1,-1
884,79,1762.05,684.00,72.55,225.78,0.5456,-1,-1,-1
884,76,1356.95,943.37,95.95,135.42,0.7979,-1,-1,-1
884,68,427.92,319.43,59.94,191.69,0.5487,-1,-1,-1
884,67,332.99,335.08,77.61,178.87,0.3963,-1,-1,-1
884,65,976.02,451.62,67.49,219.59,0.6875,-1,-1,-1
884,64,892.19,466.73,62.60,219.85,0.6513,-1,-1,-1
884,60,1576.25,598.26,98.31,226.19,0.5566,-1,-1,-1
884,54,287.02,648.48,85.92,243.58,0.7818,-1,-1,-1
884,4,1722.36,457.69,74.87,207.82,0.6224,-1,-1,-1
884,3,905.82,938.23,81.60,141.77,0.7342,-1,-1,-1
885,79,1759.39,684.58,75.80,220.42,0.5178,-1,-1,-1
885,76,1357.27,939.12,93.98,140.88,0.8062,-1,-1,-1
885,68,427.62,319.03,60.65,197.14,0.5350,-1,-1,-1
885,67,336.85,332.00,74.59,182.13,0.3670,-1,-1,-1
885,65,974.04,449.16,68.99,219.87,0.7027,-1,-1,-1
885,64,892.00,464.56,62.28,221.07,0.6925,-1,-1,-1
885,60,1574.76,599.66,99.59,224.75,0.5470,-1,-1,-1
885,54,287.08,649.92,85.69,244.63,0.7681,-1,-1,-1
885,4,1722.08,457.85,75.52,206.99,0.6053,-1,-1,-1
885,3,907.18,937.39,80.66,142.61,0.7217,-1,-1,-1
886,79,1757.79,684.60,79.34,225.22,0.4771,-1,-1,-1
886,76,1356.21,935.16,92.69,144.49,0.8075,-1,-1,-1
886,68,427.55,320.53,59.13,198.42,0.4821,-1,-1,-1
886,67,332.77,335.97,78.35,177.76,0.3752,-1,-1,-1
886,65,970.30,446.09,72.00,222.91,0.7011,-1,-1,-1
886,64,891.48,460.79,62.58,220.09,0.6868,-1,-1,-1
886,60,1575.26,598.10,100.95,226.59,0.5651,-1,-1,-1
886,54,288.33,652.17,84.46,246.61,0.7482,-1,-1,-1
886,4,1721.63,457.47,75.22,207.67,0.6142,-1,-1,-1
886,3,906.62,936.73,81.61,143.27,0.7281,-1,-1,-1
887,79,1758.40,684.65,75.38,222.87,0.5121,-1,-1,-1
887,76,1353.95,931.21,95.36,146.47,0.7671,-1,-1,-1
887,68,426.35,323.53,61.81,199.59,0.4812,-1,-1,-1
887,67,329.65,337.38,79.87,175.99,0.3580,-1,-1,-1
887,65,970.25,444.78,72.10,224.27,0.7183,-1,-1,-1
887,64,890.82,462.33,62.85,214.04,0.7270,-1,-1,-1
887,60,1575.09,599.82,100.22,224.51,0.5510,-1,-1,-1
887,54,288.65,654.23,83.55,246.98,0.7588,-1,-1,-1
887,4,1721.73,457.00,75.26,207.97,0.6175,-1,-1,-1
887,3,908.24,937.36,80.95,142.64,0.7179,-1,-1,-1
888,79,1756.41,685.45,77.49,223.99,0.5527,-1,-1,-1
888,76,1354.12,930.26,93.51,149.74,0.7714,-1,-1,-1
888,72,470.14,160.25,68.78,200.05,0.3336,-1,-1,-1
888,68,427.10,326.29,61.09,199.71,0.5072,-1,-1,-1
888,67,329.70,338.51,78.69,175.00,0.4270,-1,-1,-1
888,65,969.02,444.40,74.04,223.02,0.7354,-1,-1,-1
888,64,890.80,457.78,63.24,221.65,0.7331,-1,-1,-1
888,60,1575.50,599.15,100.94,225.93,0.5524,-1,-1,-1
888,54,290.10,655.80,82.14,248.58,0.7446,-1,-1,-1
888,4,1720.71,458.34,76.43,206.51,0.6288,-1,-1,-1
888,3,908.68,937.05,80.16,142.95,0.7097,-1,-1,-1
889,79,1757.36,683.34,76.91,230.33,0.5112,-1,-1,-1
889,76,1349.94,926.04,97.82,153.51,0.7714,-1,-1,-1
889,75,1101.49,0.59,59.17,160.38,0.3401,-1,-1,-1
889,72,467.87,162.49,70.15,198.63,0.3031,-1,-1,-1
889,68,427.40,324.32,60.44,199.73,0.5059,-1,-1,-1
889,67,331.14,340.10,76.58,172.79,0.4198,-1,-1,-1
889,65,968.16,443.87,75.83,224.58,0.7417,-1,-1,-1
889,64,890.69,456.53,62.82,222.27,0.7350,-1,-1,-1
889,60,1575.59,599.74,98.58,224.61,0.5393,-1,-1,-1
889,54,291.91,658.96,80.10,247.25,0.7296,-1,-1,-1
889,4,1720.41,456.79,77.48,208.46,0.6432,-1,-1,-1
889,3,909.69,937.59,80.35,142.41,0.7265,-1,-1,-1
890,79,1755.42,682.66,78.19,237.28,0.4963,-1,-1,-1
890,76,1346.53,925.51,99.18,154.49,0.7561,-1,-1,-1
890,75,1101.79,5.79,59.94,155.28,0.3591,-1,-1,-1
890,72,466.00,162.85,72.36,198.97,0.3463,-1,-1,-1
890,68,423.41,329.24,62.85,201.24,0.5099,-1,-1,-1
890,67,333.80,341.68,72.04,170.87,0.4888,-1,-1,-1
890,65,965.80,443.52,77.17,224.85,0.7268,-1,-1,-1
890,64,890.15,457.40,62.31,218.64,0.7161,-1,-1,-1
890,60,1575.03,599.82,99.42,225.06,0.5304,-1,-1,-1
890,54,291.56,659.63,80.80,251.26,0.7117,-1,-1,-1
890,4,1720.01,456.37,78.38,209.95,0.6655,-1,-1,-1
890,3,911.60,937.31,78.06,142.69,0.7379,-1,-1,-1
891,79,1753.94,683.08,79.39,236.63,0.5379,-1,-1,-1
891,76,1345.55,926.27,99.41,153.73,0.7916,-1,-1,-1
891,75,1102.89,5.54,60.11,156.35,0.3882,-1,-1,-1
891,72,470.04,165.81,68.27,194.83,0.3702,-1,-1,-1
891,68,422.72,329.61,63.30,201.16,0.5167,-1,-1,-1
891,67,338.31,340.15,66.69,173.95,0.4813,-1,-1,-1
891,65,963.20,443.59,81.82,226.01,0.7229,-1,-1,-1
891,64,889.36,455.34,62.37,218.97,0.7333,-1,-1,-1
891,60,1576.07,597.08,99.19,227.63,0.5408,-1,-1,-1
891,54,293.81,662.15,79.10,252.62,0.7007,-1,-1,-1
891,4,1721.48,457.03,75.64,208.93,0.6456,-1,-1,-1
891,3,910.75,937.83,79.00,142.17,0.7346,-1,-1,-1
892,79,1753.68,682.36,79.40,234.71,0.5392,-1,-1,-1
892,76,1341.62,924.39,103.95,155.61,0.7788,-1,-1,-1
892,75,1104.77,7.76,58.49,155.95,0.4667,-1,-1,-1
892,72,469.03,165.47,69.77,197.56,0.4123,-1,-1,-1
892,68,421.14,331.71,64.65,199.66,0.5441,-1,-1,-1
892,67,338.57,342.06,65.25,172.13,0.5024,-1,-1,-1
892,65,961.91,443.76,83.71,226.74,0.7299,-1,-1,-1
892,64,887.98,456.52,62.71,219.92,0.6965,-1,-1,-1
892,60,1573.68,596.12,100.95,228.60,0.5353,-1,-1,-1
892,54,295.09,664.23,78.59,253.55,0.7617,-1,-1,-1
892,4,1720.86,456.50,76.92,209.18,0.6454,-1,-1,-1
892,3,911.22,937.73,77.99,142.27,0.7292,-1,-1,-1
893,79,1752.57,681.81,81.43,237.86,0.5605,-1,-1,-1
893,76,1337.97,921.02,106.52,158.98,0.7805,-1,-1,-1
893,75,1104.57,8.62,59.54,156.38,0.3933,-1,-1,-1
893,72,478.36,172.42,60.23,189.48,0.4136,-1,-1,-1
893,68,422.11,333.76,64.37,196.59,0.5463,-1,-1,-1
893,67,339.31,345.21,66.18,171.14,0.5255,-1,-1,-1
893,65,961.66,442.07,83.76,226.83,0.7440,-1,-1,-1
893,64,885.57,455.70,63.29,219.27,0.7197,-1,-1,-1
893,60,1574.88,595.31,100.01,229.07,0.5345,-1,-1,-1
893,54,297.46,664.25,77.96,255.50,0.7769,-1,-1,-1
893,4,1721.67,457.13,76.20,208.55,0.6377,-1,-1,-1
893,3,912.68,937.96,77.39,142.04,0.7336,-1,-1,-1
894,79,1751.65,680.24,82.94,242.97,0.5685,-1,-1,-1
894,76,1334.68,917.36,106.40,162.64,0.7874,-1,-1,-1
894,72,470.79,168.76,68.62,192.39,0.4283,-1,-1,-1
894,68,420.58,333.10,65.57,198.31,0.5132,-1,-1,-1
894,67,340.87,345.24,65.26,173.43,0.4431,-1,-1,-1
894,65,961.63,441.29,84.40,226.77,0.7480,-1,-1,-1
894,64,885.83,455.76,62.27,218.57,0.6967,-1,-1,-1
894,60,1573.56,592.90,101.48,232.21,0.5018,-1,-1,-1
894,54,297.40,666.66,79.08,254.65,0.7547,-1,-1,-1
894,4,1720.22,457.31,77.61,208.18,0.6375,-1,-1,-1
894,3,913.16,937.96,75.93,142.04,0.7382,-1,-1,-1
895,79,1751.23,681.86,82.73,237.87,0.5805,-1,-1,-1
895,76,1331.91,917.24,106.16,162.76,0.7864,-1,-1,-1
895,75,1106.33,14.21,59.05,153.98,0.3731,-1,-1,-1
895,72,475.40,170.87,64.77,191.28,0.4867,-1,-1,-1
895,68,420.09,333.33,65.02,197.84,0.5181,-1,-1,-1
895,67,340.17,345.65,64.21,179.75,0.4960,-1,-1,-1
895,65,962.31,441.05,84.17,225.79,0.7438,-1,-1,-1
895,64,883.59,455.42,62.23,218.79,0.7144,-1,-1,-1
895,60,1573.13,596.39,101.34,228.30,0.5244,-1,-1,-1
895,54,298.03,668.05,79.76,252.84,0.7253,-1,-1,-1
895,4,1720.12,456.74,77.34,208.78,0.6305,-1,-1,-1
895,3,913.27,938.34,76.69,141.66,0.7412,-1,-1,-1
896,79,1749.99,682.10,84.15,238.75,0.5837,-1,-1,-1
896,76,1332.52,913.43,101.99,166.57,0.7729,-1,-1,-1
896,75,1107.63,16.03,58.38,151.90,0.4135,-1,-1,-1
896,72,474.39,169.92,66.60,191.63,0.4867,-1,-1,-1
896,68,420.34,333.60,64.66,197.48,0.5071,-1,-1,-1
896,67,339.87,346.68,64.27,178.90,0.5129,-1,-1,-1
896,65,962.03,438.71,84.31,226.47,0.7393,-1,-1,-1
896,64,884.85,455.70,60.26,215.82,0.6944,-1,-1,-1
896,60,1572.97,597.89,101.37,226.84,0.5775,-1,-1,-1
896,54,298.67,668.01,81.76,251.94,0.7383,-1,-1,-1
896,4,1719.64,457.29,77.57,208.55,0.6306,-1,-1,-1
896,3,913.29,938.67,75.32,141.33,0.7136,-1,-1,-1
897,79,1750.41,680.50,82.08,238.60,0.5729,-1,-1,-1
897,76,1331.17,908.24,100.43,171.76,0.7778,-1,-1,-1
897,75,1108.01,16.24,57.85,153.52,0.3378,-1,-1,-1
897,72,469.78,170.25,70.33,192.84,0.4455,-1,-1,-1
897,68,419.68,335.25,65.66,194.54,0.4863,-1,-1,-1
897,67,339.77,349.12,65.67,180.59,0.4858,-1,-1,-1
897,65,963.26,435.92,82.07,227.33,0.7405,-1,-1,-1
897,64,882.53,451.92,62.52,219.73,0.7087,-1,-1,-1
897,60,1573.41,598.69,100.78,226.00,0.5726,-1,-1,-1
897,54,297.74,668.62,86.07,253.39,0.7479,-1,-1,-1
897,4,1719.84,457.12,77.49,207.55,0.6416,-1,-1,-1
897,3,913.07,939.07,76.08,140.93,0.7347,-1,-1,-1
898,79,1751.30,680.72,80.60,239.33,0.5421,-1,-1,-1
898,76,1328.96,903.66,99.06,176.34,0.7874,-1,-1,-1
898,75,1108.81,16.89,55.40,152.10,0.3030,-1,-1,-1
898,72,468.68,171.72,73.52,190.22,0.4351,-1,-1,-1
898,68,418.56,334.49,65.43,194.62,0.5058,-1,-1,-1
898,67,339.78,354.77,62.73,179.37,0.4901,-1,-1,-1
898,65,962.79,433.72,81.04,225.68,0.7273,-1,-1,-1
898,64,881.21,450.44,62.38,218.60,0.6759,-1,-1,-1
898,60,1574.35,597.00,101.80,227.22,0.5845,-1,-1,-1
898,54,297.23,669.96,90.39,251.37,0.7628,-1,-1,-1
898,4,1720.15,457.04,76.95,208.64,0.6436,-1,-1,-1
898,3,911.53,940.01,75.65,139.89,0.7345,-1,-1,-1
899,79,1751.21,680.15,79.67,240.43,0.5102,-1,-1,-1
899,76,1328.19,899.47,96.50,180.53,0.7947,-1,-1,-1
899,75,1109.89,16.79,52.93,152.38,0.3596,-1,-1,-1
899,72,468.57,170.65,74.17,192.93,0.4394,-1,-1,-1
899,68,418.07,336.23,65.87,193.02,0.5084,-1,-1,-1
899,67,338.36,356.81,65.69,177.72,0.5336,-1,-1,-1
899,65,962.46,431.48,80.11,222.27,0.7276,-1,-1,-1
899,64,879.56,446.87,62.60,211.93,0.6645,-1,-1,-1
899,60,1574.79,600.52,101.33,223.59,0.5773,-1,-1,-1
899,54,298.01,669.99,91.49,252.33,0.7682,-1,-1,-1
899,4,1720.45,457.05,75.53,209.04,0.6370,-1,-1,-1
899,3,912.27,941.02,73.81,138.93,0.7417,-1,-1,-1
900,79,1752.14,681.15,77.67,238.27,0.5391,-1,-1,-1
900,76,1327.04,895.23,97.46,184.77,0.7993,-1,-1,-1
900,75,1110.57,14.87,52.02,155.41,0.3771,-1,-1,-1
900,72,468.43,171.28,75.61,190.45,0.4054,-1,-1,-1
900,68,417.58,335.76,66.24,197.17,0.5176,-1,-1,-1
900,67,337.11,355.58,65.29,181.07,0.5390,-1,-1,-1
900,65,962.52,428.16,78.73,222.50,0.7234,-1,-1,-1
900,64,877.98,445.18,61.73,213.78,0.6726,-1,-1,-1
900,60,1574.83,600.81,100.00,223.42,0.5744,-1,-1,-1
900,54,297.92,670.97,95.40,252.26,0.7702,-1,-1,-1
900,4,1720.63,455.78,75.96,209.78,0.6200,-1,-1,-1
900,3,912.77,942.77,72.36,136.74,0.7254,-1,-1,-1
901,79,1749.60,683.04,78.19,236.84,0.5596,-1,-1,-1
901,76,1325.11,892.17,97.30,187.83,0.8133,-1,-1,-1
901,75,1110.17,14.96,52.91,158.08,0.3346,-1,-1,-1
901,72,468.71,172.98,77.56,189.18,0.3444,-1,-1,-1
901,68,415.47,337.99,67.85,197.52,0.5251,-1,-1,-1
901,67,334.92,352.19,69.66,181.59,0.4905,-1,-1,-1
901,65,964.56,424.42,75.21,222.59,0.7155,-1,-1,-1
901,64,876.44,442.14,63.28,210.84,0.6630,-1,-1,-1
901,60,1575.71,598.70,101.78,225.84,0.5797,-1,-1,-1
901,54,297.70,672.69,97.79,249.16,0.7861,-1,-1,-1
901,4,1721.72,457.40,75.63,207.00,0.6041,-1,-1,-1
901,3,912.92,943.39,71.90,135.81,0.7376,-1,-1,-1
902,79,1749.86,682.12,78.32,238.87,0.5493,-1,-1,-1
902,76,1323.20,888.97,95.82,191.03,0.8059,-1,-1,-1
902,75,1110.54,17.15,52.24,158.43,0.3092,-1,-1,-1
902,72,470.45,173.92,75.68,183.54,0.3176,-1,-1,-1
902,68,418.02,338.03,65.87,202.11,0.5158,-1,-1,-1
902,67,333.82,352.10,71.84,181.26,0.4251,-1,-1,-1
902,65,965.99,422.52,72.35,217.55,0.7300,-1,-1,-1
902,64,874.98,440.28,63.38,210.75,0.6949,-1,-1,-1
902,60,1577.48,598.98,98.90,224.98,0.5811,-1,-1,-1
902,54,297.53,675.05,99.29,249.72,0.8122,-1,-1,-1
902,4,1721.48,456.74,75.36,208.09,0.6083,-1,-1,-1
902,3,913.76,944.37,69.20,134.79,0.7258,-1,-1,-1
903,79,1751.35,680.34,78.63,242.22,0.5651,-1,-1,-1
903,76,1320.91,884.81,96.25,195.18,0.7814,-1,-1,-1
903,75,1110.92,18.43,52.30,159.71,0.3009,-1,-1,-1
903,72,470.78,174.18,75.64,182.42,0.3100,-1,-1,-1
903,68,415.67,340.91,67.90,202.29,0.5506,-1,-1,-1
903,67,332.00,351.49,73.61,181.96,0.3668,-1,-1,-1
903,65,966.71,420.97,70.13,217.57,0.7163,-1,-1,-1
903,64,874.63,438.21,63.09,210.84,0.6910,-1,-1,-1
903,60,1578.38,598.80,97.95,225.62,0.5928,-1,-1,-1
903,54,298.11,676.71,98.51,254.49,0.8223,-1,-1,-1
903,4,1720.75,457.44,75.78,208.42,0.5954,-1,-1,-1
903,3,913.04,945.43,69.59,134.57,0.7349,-1,-1,-1
904,79,1751.65,682.42,80.15,240.15,0.5868,-1,-1,-1
904,76,1318.32,880.89,94.86,199.11,0.7713,-1,-1,-1
904,75,1110.96,20.08,53.45,158.46,0.3786,-1,-1,-1
904,72,470.65,173.47,68.91,190.94,0.3135,-1,-1,-1
904,68,419.77,344.02,64.01,202.51,0.4943,-1,-1,-1
904,67,325.86,353.51,78.56,179.40,0.3802,-1,-1,-1
904,65,967.22,420.61,68.99,217.14,0.7098,-1,-1,-1
904,64,873.86,437.08,63.49,214.75,0.7102,-1,-1,-1
904,60,1576.98,599.46,99.27,224.50,0.5474,-1,-1,-1
904,54,299.05,678.94,97.53,254.02,0.8373,-1,-1,-1
904,4,1722.39,457.17,74.49,207.45,0.6274,-1,-1,-1
904,3,913.77,946.40,68.45,133.60,0.7201,-1,-1,-1
905,79,1752.91,682.62,78.69,244.25,0.5758,-1,-1,-1
905,76,1316.52,878.06,94.63,200.56,0.7484,-1,-1,-1
905,75,1110.87,21.60,54.47,159.94,0.3492,-1,-1,-1
905,68,418.14,349.06,64.16,198.84,0.4790,-1,-1,-1
905,67,348.40,354.83,54.66,178.89,0.4183,-1,-1,-1
905,65,966.34,418.76,70.16,219.27,0.7308,-1,-1,-1
905,64,874.42,435.18,61.44,213.51,0.7178,-1,-1,-1
905,60,1576.74,598.47,99.49,226.15,0.5767,-1,-1,-1
905,54,300.97,680.49,96.24,259.27,0.8371,-1,-1,-1
905,4,1722.14,456.74,74.75,208.25,0.6410,-1,-1,-1
905,3,913.10,947.64,68.94,132.36,0.7267,-1,-1,-1
906,79,1752.72,683.05,79.46,238.55,0.6094,-1,-1,-1
906,76,1315.45,876.55,92.17,202.55,0.7586,-1,-1,-1
906,75,1109.81,22.73,56.08,159.50,0.3369,-1,-1,-1
906,72,469.88,169.76,69.72,201.90,0.3099,-1,-1,-1
906,68,414.75,348.88,65.68,201.75,0.5884,-1,-1,-1
906,67,349.89,353.82,52.76,181.14,0.4336,-1,-1,-1
906,65,966.28,418.11,69.01,217.77,0.7331,-1,-1,-1
906,64,873.08,434.95,61.23,214.83,0.7389,-1,-1,-1
906,60,1578.26,599.07,98.33,225.24,0.5942,-1,-1,-1
906,54,303.31,682.66,94.00,261.40,0.8409,-1,-1,-1
906,4,1721.01,456.59,75.03,209.12,0.6351,-1,-1,-1
906,3,912.81,949.43,68.99,130.57,0.7252,-1,-1,-1
907,79,1753.45,683.03,79.66,240.66,0.6236,-1,-1,-1
907,76,1313.01,877.07,94.33,202.93,0.7327,-1,-1,-1
907,75,1108.47,25.42,58.84,160.29,0.3287,-1,-1,-1
907,72,468.38,169.58,72.42,203.13,0.3328,-1,-1,-1
907,68,413.20,344.40,70.21,207.44,0.5853,-1,-1,-1
907,67,348.24,359.43,52.97,175.59,0.4179,-1,-1,-1
907,65,966.75,417.92,69.22,220.44,0.6830,-1,-1,-1
907,64,871.73,432.79,62.90,215.05,0.7305,-1,-1,-1
907,60,1580.25,599.38,95.71,224.64,0.5615,-1,-1,-1
907,54,305.37,685.20,91.49,255.32,0.8388,-1,-1,-1
907,4,1721.18,457.39,74.99,207.55,0.6204,-1,-1,-1
907,3,908.49,949.09,73.83,130.91,0.7460,-1,-1,-1
908,79,1755.11,684.21,78.64,240.74,0.6295,-1,-1,-1
908,76,1309.65,876.51,95.70,203.49,0.7338,-1,-1,-1
908,72,468.68,172.03,72.42,206.39,0.3506,-1,-1,-1
908,68,412.83,346.21,70.05,206.69,0.5882,-1,-1,-1
908,67,321.29,355.57,80.25,178.68,0.4345,-1,-1,-1
908,65,966.81,417.82,67.41,219.77,0.7232,-1,-1,-1
908,64,870.98,432.23,62.46,218.97,0.7239,-1,-1,-1
908,60,1577.04,598.11,98.00,226.63,0.6038,-1,-1,-1
908,54,307.39,687.73,89.81,257.39,0.8393,-1,-1,-1
908,4,1721.76,457.52,74.32,206.69,0.6245,-1,-1,-1
908,3,910.76,950.97,71.47,129.03,0.7262,-1,-1,-1
909,79,1755.47,684.42,78.75,238.59,0.6273,-1,-1,-1
909,76,1308.31,874.44,93.48,205.56,0.7358,-1,-1,-1
909,68,415.51,355.37,63.32,197.27,0.5978,-1,-1,-1
909,67,322.51,358.76,76.92,179.53,0.5397,-1,-1,-1
909,65,966.34,417.28,67.31,223.39,0.7148,-1,-1,-1
909,64,870.72,432.06,61.84,219.29,0.7266,-1,-1,-1
909,60,1579.16,597.27,95.88,226.75,0.5931,-1,-1,-1
909,54,307.89,689.92,89.56,260.17,0.8418,-1,-1,-1
909,4,1721.95,457.02,73.24,207.36,0.6057,-1,-1,-1
909,3,908.24,950.13,73.40,129.87,0.7385,-1,-1,-1
910,79,1756.77,683.37,77.07,240.10,0.6105,-1,-1,-1
910,76,1307.34,872.42,92.28,207.58,0.7561,-1,-1,-1
910,72,468.50,177.85,88.16,196.58,0.3875,-1,-1,-1
910,68,413.65,350.55,66.08,201.45,0.6175,-1,-1,-1
910,67,322.17,358.30,78.40,184.04,0.5745,-1,-1,-1
910,65,964.37,417.29,68.84,222.58,0.7153,-1,-1,-1
910,64,870.51,431.51,62.60,219.33,0.7137,-1,-1,-1
910,60,1574.44,598.43,101.27,225.91,0.5753,-1,-1,-1
910,54,307.68,692.02,89.80,262.70,0.8391,-1,-1,-1
910,4,1721.87,456.52,74.38,208.92,0.6291,-1,-1,-1
910,3,907.60,951.10,74.69,128.90,0.7346,-1,-1,-1
911,79,1757.27,683.54,76.78,240.00,0.6088,-1,-1,-1
911,76,1304.96,869.37,90.70,210.63,0.7713,-1,-1,-1
911,72,469.66,177.84,81.43,200.47,0.3048,-1,-1,-1
911,68,415.10,356.52,61.88,196.09,0.6222,-1,-1,-1
911,67,324.20,364.35,76.91,181.66,0.5644,-1,-1,-1
911,65,965.41,415.86,67.14,223.78,0.7068,-1,-1,-1
911,64,869.99,430.55,62.46,220.58,0.7107,-1,-1,-1
911,60,1574.82,599.30,100.47,225.04,0.5510,-1,-1,-1
911,54,307.67,693.72,89.04,261.93,0.8373,-1,-1,-1
911,4,1721.25,457.68,76.55,206.67,0.6297,-1,-1,-1
911,3,907.98,951.68,74.14,128.32,0.7430,-1,-1,-1
912,79,1757.84,683.58,76.62,240.74,0.6182,-1,-1,-1
912,76,1303.15,866.44,90.60,213.53,0.7658,-1,-1,-1
912,68,412.95,352.07,64.02,201.77,0.6220,-1,-1,-1
912,67,325.36,367.00,74.38,181.12,0.5700,-1,-1,-1
912,65,964.25,415.06,66.71,219.95,0.7012,-1,-1,-1
912,64,869.79,429.22,62.54,218.28,0.6911,-1,-1,-1
912,60,1573.70,597.64,101.72,226.58,0.5373,-1,-1,-1
912,54,307.90,695.23,88.32,263.31,0.8344,-1,-1,-1
912,4,1721.81,456.48,75.47,207.76,0.6291,-1,-1,-1
912,3,909.46,953.09,73.23,126.91,0.7403,-1,-1,-1
913,79,1757.67,681.73,77.32,242.19,0.6180,-1,-1,-1
913,76,1302.07,861.05,89.64,218.95,0.7719,-1,-1,-1
913,73,808.27,137.72,56.62,173.37,0.3027,-1,-1,-1
913,68,411.93,351.80,65.74,201.97,0.6024,-1,-1,-1
913,67,327.30,367.62,74.62,183.16,0.5164,-1,-1,-1
913,65,962.92,412.54,66.98,217.57,0.6852,-1,-1,-1
913,64,868.72,426.43,63.28,222.19,0.7048,-1,-1,-1
913,60,1575.86,598.56,98.84,225.73,0.5475,-1,-1,-1
913,54,307.64,696.25,87.91,261.75,0.8276,-1,-1,-1
913,4,1721.52,455.89,75.73,208.49,0.5950,-1,-1,-1
913,3,909.43,952.76,72.95,127.24,0.7401,-1,-1,-1
914,80,1719.45,93.49,52.09,165.04,0.3682,-1,-1,-1
914,79,1758.97,680.41,76.22,244.41,0.5932,-1,-1,-1
914,76,1298.87,857.19,91.03,222.81,0.7723,-1,-1,-1
914,68,412.20,355.78,64.40,196.96,0.5553,-1,-1,-1
914,67,327.58,366.74,74.57,185.50,0.5371,-1,-1,-1
914,65,961.61,410.16,66.75,212.14,0.6973,-1,-1,-1
914,64,868.18,426.00,61.90,216.94,0.6764,-1,-1,-1
914,60,1573.91,597.60,102.14,226.46,0.4642,-1,-1,-1
914,54,307.57,696.68,88.05,261.03,0.8218,-1,-1,-1
914,4,1722.71,456.08,74.17,208.31,0.6204,-1,-1,-1
914,3,908.17,953.17,74.60,126.83,0.7459,-1,-1,-1
915,80,1721.77,92.71,49.20,165.35,0.3629,-1,-1,-1
915,79,1758.21,677.54,76.13,246.32,0.5833,-1,-1,-1
915,76,1298.49,853.44,92.20,226.56,0.7732,-1,-1,-1
915,73,809.75,137.45,54.98,171.82,0.3111,-1,-1,-1
915,68,411.36,355.46,65.10,196.98,0.5396,-1,-1,-1
915,67,329.52,368.71,71.93,185.25,0.5383,-1,-1,-1
915,65,960.70,408.48,65.69,209.49,0.7017,-1,-1,-1
915,64,867.95,421.82,60.77,204.05,0.6626,-1,-1,-1
915,60,1574.27,598.76,100.79,225.61,0.5304,-1,-1,-1
915,54,307.47,697.77,87.53,260.02,0.8161,-1,-1,-1
915,4,1722.34,456.67,73.19,207.30,0.6135,-1,-1,-1
915,3,907.19,953.65,75.19,126.35,0.7469,-1,-1,-1
916,80,1724.61,92.32,46.32,165.44,0.4354,-1,-1,-1
916,79,1757.42,676.41,76.36,252.41,0.5579,-1,-1,-1
916,76,1295.96,849.68,93.22,230.32,0.7697,-1,-1,-1
916,73,806.26,138.03,59.24,177.14,0.3084,-1,-1,-1
916,72,466.30,181.77,69.79,194.08,0.3003,-1,-1,-1
916,68,406.47,347.04,70.88,206.14,0.4994,-1,-1,-1
916,67,328.45,371.40,71.04,183.38,0.5289,-1,-1,-1
916,65,959.24,406.51,64.93,206.88,0.7077,-1,-1,-1
916,64,867.99,419.97,60.27,206.75,0.6696,-1,-1,-1
916,60,1573.62,600.18,100.11,223.59,0.5460,-1,-1,-1
916,54,307.02,699.47,87.16,258.16,0.7992,-1,-1,-1
916,4,1721.86,456.10,74.45,208.19,0.6019,-1,-1,-1
916,3,906.94,953.76,75.53,126.24,0.7433,-1,-1,-1
917,80,1725.53,94.24,45.10,162.75,0.4413,-1,-1,-1
917,79,1758.38,675.69,76.39,251.37,0.5489,-1,-1,-1
917,76,1294.68,845.14,94.54,234.86,0.7740,-1,-1,-1
917,75,1117.17,33.76,56.77,164.47,0.3199,-1,-1,-1
917,73,807.05,137.31,58.08,175.89,0.3113,-1,-1,-1
917,72,461.96,183.07,69.11,196.29,0.4040,-1,-1,-1
917,68,410.49,355.48,63.75,196.76,0.5344,-1,-1,-1
917,67,328.07,371.28,72.24,183.65,0.5519,-1,-1,-1
917,65,957.65,403.81,64.59,208.93,0.7379,-1,-1,-1
917,64,867.49,415.80,59.76,212.62,0.6912,-1,-1,-1
917,60,1573.74,599.68,100.95,224.37,0.4534,-1,-1,-1
917,54,306.58,701.99,86.69,255.81,0.8084,-1,-1,-1
917,4,1721.23,456.49,74.12,207.89,0.6346,-1,-1,-1
917,3,906.64,953.67,75.61,126.33,0.7443,-1,-1,-1
918,80,1726.89,93.87,44.04,166.31,0.4066,-1,-1,-1
918,79,1756.43,674.22,77.46,252.87,0.5492,-1,-1,-1
918,76,1291.03,841.64,94.70,238.36,0.7655,-1,-1,-1
918,75,1117.83,34.50,57.07,167.47,0.3414,-1,-1,-1
918,72,461.12,180.63,68.60,204.21,0.4236,-1,-1,-1
918,68,407.76,350.38,70.06,203.33,0.5581,-1,-1,-1
918,67,328.07,371.38,72.32,183.59,0.5271,-1,-1,-1
918,65,954.03,400.82,66.31,210.91,0.7143,-1,-1,-1
918,64,866.76,414.65,59.87,212.44,0.7007,-1,-1,-1
918,60,1574.46,600.84,99.50,223.33,0.5702,-1,-1,-1
918,54,306.73,702.50,86.12,254.04,0.7995,-1,-1,-1
918,4,1721.69,455.63,73.53,209.38,0.6125,-1,-1,-1
918,3,906.92,954.54,75.43,125.46,0.7493,-1,-1,-1
919,80,1726.46,95.57,44.67,166.14,0.3181,-1,-1,-1
919,79,1759.21,677.16,75.00,250.70,0.5595,-1,-1,-1
919,76,1290.73,839.11,95.15,240.89,0.7653,-1,-1,-1
919,75,1119.66,34.88,58.53,165.34,0.3071,-1,-1,-1
919,72,457.63,183.78,71.98,205.06,0.4638,-1,-1,-1
919,68,406.62,351.59,71.01,206.87,0.5695,-1,-1,-1
919,67,326.37,373.41,74.01,181.77,0.4922,-1,-1,-1
919,65,952.87,398.64,67.67,213.07,0.7156,-1,-1,-1
919,64,865.92,413.19,61.51,214.14,0.7216,-1,-1,-1
919,60,1574.54,598.66,99.40,225.08,0.5445,-1,-1,-1
919,54,306.97,703.37,86.30,252.28,0.7887,-1,-1,-1
919,4,1721.75,455.46,74.15,210.53,0.6043,-1,-1,-1
919,3,906.76,954.72,76.26,125.28,0.7415,-1,-1,-1
920,79,1759.43,678.67,75.80,250.50,0.5527,-1,-1,-1
920,76,1287.59,835.61,95.80,244.39,0.7746,-1,-1,-1
920,75,1119.35,35.61,59.69,167.50,0.3686,-1,-1,-1
920,72,458.17,185.12,71.09,205.09,0.3798,-1,-1,-1
920,68,408.26,354.34,67.90,205.53,0.5468,-1,-1,-1
920,67,327.98,373.68,73.81,182.22,0.4559,-1,-1,-1
920,65,950.92,396.26,68.82,215.72,0.7448,-1,-1,-1
920,64,866.16,408.25,60.92,214.34,0.7460,-1,-1,-1
920,60,1575.38,599.86,98.36,224.02,0.5432,-1,-1,-1
920,54,306.30,705.46,88.15,253.79,0.7922,-1,-1,-1
920,4,1720.61,455.98,75.31,208.92,0.6082,-1,-1,-1
920,3,906.40,955.60,76.44,124.40,0.7419,-1,-1,-1
921,79,1759.32,678.87,75.96,249.94,0.5598,-1,-1,-1
921,76,1288.05,833.93,93.19,246.07,0.7704,-1,-1,-1
921,75,1120.49,38.61,59.22,167.14,0.3983,-1,-1,-1
921,72,458.45,185.80,69.93,209.12,0.3454,-1,-1,-1
921,68,406.89,356.01,68.96,207.57,0.5529,-1,-1,-1
921,67,327.32,373.78,73.87,181.25,0.4747,-1,-1,-1
921,65,947.82,394.92,72.61,217.09,0.7418,-1,-1,-1
921,64,865.81,407.84,61.15,217.34,0.7616,-1,-1,-1
921,60,1574.62,601.25,99.96,222.87,0.5395,-1,-1,-1
921,54,306.46,706.79,87.42,254.43,0.7886,-1,-1,-1
921,4,1720.94,455.30,75.06,210.68,0.6012,-1,-1,-1
921,3,906.20,954.95,75.29,124.92,0.7195,-1,-1,-1
922,79,1759.50,677.49,75.82,250.93,0.5386,-1,-1,-1
922,76,1285.57,832.08,93.32,247.58,0.7847,-1,-1,-1
922,75,1121.38,41.71,59.08,164.11,0.4620,-1,-1,-1
922,73,806.98,136.20,57.78,177.16,0.3111,-1,-1,-1
922,72,457.06,190.46,71.61,201.98,0.4117,-1,-1,-1
922,68,405.85,359.30,68.57,204.55,0.5427,-1,-1,-1
922,67,325.69,374.30,76.78,181.27,0.4927,-1,-1,-1
922,65,946.80,393.59,73.60,218.22,0.7355,-1,-1,-1
922,64,866.05,407.30,60.31,216.39,0.7642,-1,-1,-1
922,60,1575.76,599.61,98.40,224.15,0.4984,-1,-1,-1
922,54,306.57,708.36,87.31,257.95,0.7726,-1,-1,-1
922,4,1720.65,455.40,74.73,209.61,0.6094,-1,-1,-1
922,3,905.59,955.12,76.43,124.88,0.7304,-1,-1,-1
923,79,1759.06,677.74,74.14,249.83,0.5799,-1,-1,-1
923,76,1285.13,830.36,93.24,249.39,0.7879,-1,-1,-1
923,75,1121.96,42.14,58.92,168.38,0.4182,-1,-1,-1
923,72,454.52,192.19,73.60,199.21,0.4586,-1,-1,-1
923,68,405.06,360.92,68.84,204.97,0.5231,-1,-1,-1
923,67,327.17,374.57,73.75,181.15,0.4715,-1,-1,-1
923,65,945.47,393.05,76.33,219.99,0.7378,-1,-1,-1
923,64,865.95,406.85,59.58,217.65,0.7652,-1,-1,-1
923,60,1573.38,598.38,101.78,225.72,0.5140,-1,-1,-1
923,54,306.66,710.19,87.12,258.45,0.7699,-1,-1,-1
923,4,1719.63,455.96,75.77,210.01,0.6225,-1,-1,-1
923,3,906.15,955.63,76.80,124.37,0.7330,-1,-1,-1
924,80,1728.39,98.85,50.05,179.57,0.3197,-1,-1,-1
924,79,1755.54,675.36,75.96,248.50,0.5560,-1,-1,-1
924,76,1282.50,829.75,95.42,248.06,0.7901,-1,-1,-1
924,75,1123.19,44.92,58.65,164.13,0.4018,-1,-1,-1
924,73,806.27,137.33,58.28,175.45,0.3321,-1,-1,-1
924,72,456.82,194.15,71.24,198.39,0.4403,-1,-1,-1
924,68,403.46,362.09,71.45,209.45,0.5484,-1,-1,-1
924,67,328.65,376.34,71.00,179.97,0.5056,-1,-1,-1
924,65,943.72,392.24,79.05,222.03,0.7562,-1,-1,-1
924,64,865.63,406.52,60.06,215.15,0.7512,-1,-1,-1
924,60,1574.40,598.59,99.87,225.60,0.4692,-1,-1,-1
924,54,307.22,711.65,86.06,262.55,0.7529,-1,-1,-1
924,4,1719.12,455.52,77.10,209.79,0.6284,-1,-1,-1
924,3,906.17,955.75,76.69,124.25,0.7353,-1,-1,-1
925,81,1616.45,74.68,49.59,160.06,0.3153,-1,-1,-1
925,79,1755.90,676.62,76.74,248.08,0.5357,-1,-1,-1
925,76,1279.78,829.52,97.35,247.22,0.7774,-1,-1,-1
925,75,1122.74,46.59,58.24,162.92,0.4262,-1,-1,-1
925,72,455.64,196.15,72.80,199.03,0.3686,-1,-1,-1
925,68,401.73,363.40,71.69,211.81,0.5779,-1,-1,-1
925,67,328.14,377.29,70.41,180.27,0.5638,-1,-1,-1
925,65,942.31,392.30,79.10,221.92,0.7579,-1,-1,-1
925,64,864.64,406.33,60.79,215.35,0.7586,-1,-1,-1
925,60,1577.32,597.88,95.71,228.90,0.3539,-1,-1,-1
925,54,308.10,714.70,85.26,261.40,0.7442,-1,-1,-1
925,4,1718.54,455.30,77.00,210.61,0.6063,-1,-1,-1
925,3,906.49,954.77,75.58,125.23,0.7232,-1,-1,-1
926,79,1756.66,677.22,77.20,250.31,0.5894,-1,-1,-1
926,76,1279.68,827.52,93.34,250.75,0.7913,-1,-1,-1
926,75,1123.56,46.37,58.79,164.60,0.4182,-1,-1,-1
926,73,806.22,136.75,58.14,176.12,0.3228,-1,-1,-1
926,72,455.19,200.03,72.45,200.64,0.4078,-1,-1,-1
926,68,400.29,363.55,73.16,212.53,0.5012,-1,-1,-1
926,67,329.18,379.27,68.96,180.21,0.5356,-1,-1,-1
926,65,940.49,392.15,81.03,221.91,0.7609,-1,-1,-1
926,64,864.25,405.86,60.60,215.35,0.7059,-1,-1,-1
926,60,1577.81,598.34,94.65,228.65,0.3214,-1,-1,-1
926,54,308.19,717.72,86.66,261.08,0.7453,-1,-1,-1
926,4,1719.18,456.10,76.58,209.31,0.5818,-1,-1,-1
926,3,907.10,955.39,76.80,124.61,0.7306,-1,-1,-1
927,81,1617.24,75.29,50.99,161.79,0.3152,-1,-1,-1
927,79,1757.03,676.73,77.33,253.40,0.5862,-1,-1,-1
927,76,1276.48,825.51,94.06,252.26,0.8028,-1,-1,-1
927,75,1124.68,46.88,57.50,164.05,0.4173,-1,-1,-1
927,73,806.41,137.11,57.73,175.25,0.3418,-1,-1,-1
927,72,456.24,201.60,71.18,200.45,0.3874,-1,-1,-1
927,68,401.66,364.99,71.21,211.52,0.4950,-1,-1,-1
927,67,329.72,382.95,67.32,181.16,0.5715,-1,-1,-1
927,65,940.58,391.33,81.00,220.27,0.7727,-1,-1,-1
927,64,863.46,405.10,60.70,213.51,0.7403,-1,-1,-1
927,60,1573.71,597.79,100.65,226.15,0.4290,-1,-1,-1
927,54,308.84,720.60,85.92,264.24,0.7486,-1,-1,-1
927,4,1719.10,456.14,76.40,209.26,0.6102,-1,-1,-1
927,3,907.41,954.85,74.94,125.15,0.7388,-1,-1,-1
928,79,1756.08,675.77,78.24,253.00,0.5873,-1,-1,-1
928,76,1274.40,822.43,92.48,256.30,0.7778,-1,-1,-1
928,75,1125.48,46.31,57.58,166.81,0.4997,-1,-1,-1
928,73,804.72,136.94,59.40,175.15,0.3213,-1,-1,-1
928,72,456.69,204.38,69.13,198.18,0.3635,-1,-1,-1
928,68,399.27,363.60,73.35,212.36,0.5128,-1,-1,-1
928,67,329.73,384.26,67.77,185.42,0.5215,-1,-1,-1
928,65,941.28,389.98,80.02,220.86,0.7677,-1,-1,-1
928,64,862.62,404.22,61.04,214.71,0.7359,-1,-1,-1
928,60,1578.97,598.11,94.13,228.74,0.4129,-1,-1,-1
928,54,311.82,725.69,83.39,264.15,0.7731,-1,-1,-1
928,4,1718.76,456.35,76.40,208.78,0.6034,-1,-1,-1
928,3,906.82,954.70,76.11,125.30,0.7213,-1,-1,-1
929,81,1617.77,77.08,53.42,159.87,0.3465,-1,-1,-1
929,80,1731.50,101.12,46.05,179.51,0.3089,-1,-1,-1
929,79,1755.38,676.85,79.35,251.44,0.5928,-1,-1,-1
929,76,1273.43,816.98,91.33,260.74,0.7775,-1,-1,-1
929,75,1126.25,46.09,56.83,163.91,0.5012,-1,-1,-1
929,73,808.00,136.84,56.06,176.26,0.3260,-1,-1,-1
929,72,454.49,204.40,74.01,199.73,0.3305,-1,-1,-1
929,68,398.44,364.31,74.06,211.81,0.5722,-1,-1,-1
929,67,329.59,385.56,70.23,187.55,0.5337,-1,-1,-1
929,65,941.01,388.32,78.91,221.40,0.7689,-1,-1,-1
929,64,860.78,401.59,62.82,216.71,0.7441,-1,-1,-1
929,60,1580.86,598.77,91.78,227.66,0.3661,-1,-1,-1
929,54,312.99,726.94,83.90,265.19,0.7941,-1,-1,-1
929,4,1718.47,456.15,76.57,209.40,0.6077,-1,-1,-1
929,3,907.38,954.99,76.05,125.01,0.7308,-1,-1,-1
930,82,310.26,168.06,70.47,191.40,0.3109,-1,-1,-1
930,81,1618.35,78.50,53.49,159.04,0.3850,-1,-1,-1
930,80,1732.92,106.23,48.12,178.85,0.3696,-1,-1,-1
930,79,1751.90,677.27,83.93,251.18,0.5852,-1,-1,-1
930,76,1271.76,813.66,92.26,266.34,0.7959,-1,-1,-1
930,75,1126.17,45.45,56.60,163.59,0.4965,-1,-1,-1
930,73,807.54,137.41,56.76,174.85,0.3354,-1,-1,-1
930,68,397.95,364.74,72.95,208.27,0.5125,-1,-1,-1
930,67,329.53,387.29,72.00,187.91,0.4991,-1,-1,-1
930,65,940.87,385.77,78.64,222.78,0.7702,-1,-1,-1
930,64,860.82,399.25,62.80,214.19,0.7166,-1,-1,-1
930,60,1580.93,598.28,91.25,227.85,0.3744,-1,-1,-1
930,54,314.14,728.86,83.43,260.99,0.7748,-1,-1,-1
930,4,1719.52,456.37,75.67,209.13,0.5972,-1,-1,-1
930,3,905.79,954.35,76.55,125.50,0.7199,-1,-1,-1
931,81,1620.68,78.69,51.47,158.22,0.3547,-1,-1,-1
931,80,1733.62,106.96,47.99,177.73,0.3081,-1,-1,-1
931,79,1750.53,675.54,84.02,252.78,0.6228,-1,-1,-1
931,76,1270.96,809.38,90.71,270.62,0.7848,-1,-1,-1
931,75,1126.10,46.35,56.64,164.19,0.4466,-1,-1,-1
931,73,807.99,137.55,56.41,173.43,0.3164,-1,-1,-1
931,68,396.37,367.64,74.19,204.03,0.4992,-1,-1,-1
931,67,328.89,388.26,72.03,189.48,0.5052,-1,-1,-1
931,65,941.35,383.71,76.81,219.94,0.7591,-1,-1,-1
931,64,860.41,399.44,61.89,201.18,0.6985,-1,-1,-1
931,60,1576.01,597.60,97.58,226.39,0.5214,-1,-1,-1
931,54,315.56,730.54,83.89,258.21,0.7860,-1,-1,-1
931,4,1719.15,456.31,76.22,208.80,0.5655,-1,-1,-1
931,3,906.87,955.07,77.31,124.93,0.7312,-1,-1,-1
932,81,1621.07,79.59,51.00,159.48,0.3490,-1,-1,-1
932,80,1734.82,107.63,48.07,176.27,0.3084,-1,-1,-1
932,79,1749.45,675.56,85.74,251.86,0.6170,-1,-1,-1
932,76,1269.78,804.77,90.75,275.23,0.7908,-1,-1,-1
932,75,1125.59,47.69,58.18,166.08,0.4084,-1,-1,-1
932,73,808.32,136.86,56.26,175.51,0.3141,-1,-1,-1
932,68,397.13,364.85,73.07,209.52,0.4776,-1,-1,-1
932,67,328.92,388.57,71.07,187.27,0.4633,-1,-1,-1
932,65,942.61,381.01,75.99,217.36,0.7427,-1,-1,-1
932,64,859.60,396.37,62.26,201.39,0.6496,-1,-1,-1
932,60,1576.66,598.16,96.88,226.00,0.5558,-1,-1,-1
932,54,317.40,731.44,83.11,256.03,0.7789,-1,-1,-1
932,4,1720.11,455.95,75.12,209.74,0.5773,-1,-1,-1
932,3,907.58,954.39,76.55,125.61,0.7311,-1,-1,-1
933,82,313.83,169.14,69.94,186.50,0.3067,-1,-1,-1
933,81,1622.77,80.99,49.87,159.66,0.3198,-1,-1,-1
933,80,1735.09,106.40,50.47,176.58,0.3049,-1,-1,-1
933,79,1749.10,674.69,84.38,254.20,0.6317,-1,-1,-1
933,76,1269.59,801.96,89.60,274.71,0.7758,-1,-1,-1
933,75,1126.37,50.20,57.40,165.53,0.3778,-1,-1,-1
933,68,394.28,366.20,75.21,207.35,0.5203,-1,-1,-1
933,67,329.27,389.85,69.84,187.01,0.4267,-1,-1,-1
933,65,941.72,378.77,76.63,213.09,0.7366,-1,-1,-1
933,64,858.83,394.93,62.57,198.38,0.6489,-1,-1,-1
933,60,1574.96,595.27,99.27,229.12,0.5280,-1,-1,-1
933,54,317.66,733.01,84.89,257.02,0.7948,-1,-1,-1
933,4,1720.05,455.88,74.77,209.91,0.5541,-1,-1,-1
933,3,907.54,954.48,77.16,125.52,0.7420,-1,-1,-1
934,80,1736.66,106.13,50.24,173.78,0.3333,-1,-1,-1
934,79,1748.84,675.56,85.48,251.75,0.6110,-1,-1,-1
934,76,1268.50,799.14,88.95,272.37,0.7781,-1,-1,-1
934,75,1127.47,53.93,57.12,161.86,0.3722,-1,-1,-1
934,73,808.10,137.42,55.85,175.84,0.3123,-1,-1,-1
934,68,393.38,368.20,75.09,206.14,0.5506,-1,-1,-1
934,67,330.42,391.41,69.83,186.24,0.3420,-1,-1,-1
934,65,943.05,376.27,74.58,213.67,0.7234,-1,-1,-1
934,64,858.12,392.96,63.24,202.21,0.6633,-1,-1,-1
934,60,1576.41,596.07,97.72,228.53,0.5555,-1,-1,-1
934,54,318.06,734.19,86.17,256.07,0.8049,-1,-1,-1
934,4,1720.18,455.88,74.54,210.15,0.5782,-1,-1,-1
934,3,907.59,953.77,77.55,126.23,0.7528,-1,-1,-1
935,81,1619.75,84.66,55.23,157.22,0.3244,-1,-1,-1
935,80,1735.68,109.35,52.00,170.77,0.3071,-1,-1,-1
935,79,1748.96,674.27,86.96,255.40,0.6210,-1,-1,-1
935,76,1268.02,796.22,89.44,272.21,0.7687,-1,-1,-1
935,75,1127.49,55.96,57.58,163.85,0.4230,-1,-1,-1
935,73,808.17,137.20,56.12,175.66,0.3047,-1,-1,-1
935,68,391.29,369.25,77.66,205.60,0.5367,-1,-1,-1
935,67,344.05,395.15,57.69,181.28,0.3328,-1,-1,-1
935,65,944.73,374.08,70.35,210.59,0.7351,-1,-1,-1
935,64,858.28,390.76,63.08,201.81,0.6729,-1,-1,-1
935,60,1575.83,596.07,98.66,228.96,0.5815,-1,-1,-1
935,54,318.43,735.88,89.19,256.28,0.8270,-1,-1,-1
935,4,1720.50,456.41,74.80,209.29,0.5750,-1,-1,-1
935,3,907.30,953.52,77.53,126.48,0.7409,-1,-1,-1
936,79,1749.31,674.37,86.38,253.73,0.6006,-1,-1,-1
936,76,1266.93,792.99,90.55,278.29,0.7683,-1,-1,-1
936,75,1126.92,57.74,59.59,164.34,0.4376,-1,-1,-1
936,68,390.01,368.54,78.84,214.34,0.6004,-1,-1,-1
936,67,342.26,394.77,58.96,180.79,0.3713,-1,-1,-1
936,65,944.58,373.93,68.83,210.30,0.7074,-1,-1,-1
936,64,858.99,388.86,62.39,208.71,0.6694,-1,-1,-1
936,60,1576.89,596.68,98.03,227.33,0.5664,-1,-1,-1
936,54,318.76,736.54,90.65,254.37,0.8217,-1,-1,-1
936,4,1721.20,455.86,72.97,208.74,0.5626,-1,-1,-1
936,3,907.97,951.76,76.60,127.62,0.7263,-1,-1,-1
937,79,1749.00,674.09,86.32,255.32,0.6187,-1,-1,-1
937,76,1264.99,790.95,92.00,279.63,0.7771,-1,-1,-1
937,75,1125.86,58.90,60.91,167.20,0.4212,-1,-1,-1
937,68,388.99,368.78,79.45,218.78,0.6123,-1,-1,-1
937,67,343.12,394.49,57.67,181.74,0.3771,-1,-1,-1
937,65,944.99,373.26,67.06,211.20,0.6928,-1,-1,-1
937,64,858.64,388.57,62.25,209.67,0.6903,-1,-1,-1
937,60,1575.31,595.87,100.10,228.36,0.5386,-1,-1,-1
937,54,319.00,737.76,93.58,253.41,0.8362,-1,-1,-1
937,4,1721.49,456.52,73.00,208.96,0.5534,-1,-1,-1
937,3,908.05,952.53,77.24,127.47,0.7434,-1,-1,-1
938,79,1747.86,673.69,87.27,254.73,0.6238,-1,-1,-1
938,76,1263.35,788.29,91.39,283.86,0.7855,-1,-1,-1
938,75,1127.22,61.01,60.37,165.22,0.4439,-1,-1,-1
938,68,390.24,371.21,78.49,218.07,0.5653,-1,-1,-1
938,67,343.55,393.54,58.35,182.33,0.3945,-1,-1,-1
938,65,944.63,370.69,65.50,214.73,0.7000,-1,-1,-1
938,64,858.12,386.38,62.18,209.64,0.6811,-1,-1,-1
938,60,1576.24,597.18,98.30,227.26,0.5618,-1,-1,-1
938,54,319.19,738.26,95.20,255.14,0.8321,-1,-1,-1
938,4,1720.20,456.75,74.47,208.90,0.5749,-1,-1,-1
938,3,909.53,951.36,75.86,128.64,0.7529,-1,-1,-1
939,79,1747.08,675.14,85.95,253.93,0.6270,-1,-1,-1
939,76,1262.66,786.29,90.98,284.72,0.7899,-1,-1,-1
939,75,1126.43,61.86,61.91,167.00,0.4561,-1,-1,-1
939,68,391.17,379.89,78.01,212.49,0.5984,-1,-1,-1
939,67,343.54,393.11,58.01,183.51,0.3961,-1,-1,-1
939,65,944.81,370.11,65.49,214.78,0.6714,-1,-1,-1
939,64,858.32,386.90,61.78,210.72,0.6648,-1,-1,-1
939,60,1574.82,594.46,99.12,229.90,0.5186,-1,-1,-1
939,54,319.69,739.62,94.51,258.59,0.8307,-1,-1,-1
939,4,1720.98,456.43,73.15,210.16,0.5561,-1,-1,-1
939,3,912.07,950.46,74.71,129.54,0.7237,-1,-1,-1
940,79,1746.28,673.80,86.32,253.51,0.6361,-1,-1,-1
940,76,1260.87,784.98,89.48,284.90,0.7855,-1,-1,-1
940,75,1126.45,63.74,63.56,167.78,0.4518,-1,-1,-1
940,68,391.51,383.41,75.92,209.71,0.5956,-1,-1,-1
940,67,342.37,393.14,58.04,183.74,0.4060,-1,-1,-1
940,65,943.59,369.94,66.09,214.82,0.6936,-1,-1,-1
940,64,859.10,386.76,61.10,210.96,0.6759,-1,-1,-1
940,60,1574.88,595.58,98.77,228.63,0.5332,-1,-1,-1
940,54,320.81,740.67,93.26,262.97,0.8254,-1,-1,-1
940,4,1720.78,456.10,73.49,209.96,0.5598,-1,-1,-1
940,3,912.20,949.29,74.62,130.71,0.7619,-1,-1,-1
941,79,1747.07,674.15,87.48,254.30,0.6634,-1,-1,-1
941,76,1259.06,783.74,89.46,287.73,0.7844,-1,-1,-1
941,75,1128.33,65.24,62.49,167.40,0.4479,-1,-1,-1
941,72,483.08,211.72,54.23,179.64,0.3004,-1,-1,-1
941,68,390.07,383.20,76.67,212.71,0.6215,-1,-1,-1
941,67,342.46,393.97,55.59,183.59,0.3773,-1,-1,-1
941,65,942.33,368.84,65.65,216.62,0.7170,-1,-1,-1
941,64,858.54,386.17,61.83,211.90,0.7097,-1,-1,-1
941,60,1574.72,595.41,98.74,229.51,0.5657,-1,-1,-1
941,54,321.83,743.25,93.56,269.42,0.8184,-1,-1,-1
941,4,1719.44,456.54,74.64,208.65,0.5794,-1,-1,-1
941,3,912.28,948.31,75.46,131.69,0.7510,-1,-1,-1
942,79,1746.50,672.27,88.38,253.60,0.6571,-1,-1,-1
942,76,1256.77,783.75,90.12,286.00,0.7773,-1,-1,-1
942,75,1129.21,66.21,63.12,168.65,0.4671,-1,-1,-1
942,68,391.49,385.79,75.86,211.79,0.5921,-1,-1,-1
942,67,341.33,393.34,58.30,185.93,0.3791,-1,-1,-1
942,65,941.77,368.68,65.84,215.74,0.7131,-1,-1,-1
942,64,858.62,385.14,61.87,212.66,0.7000,-1,-1,-1
942,60,1574.55,594.78,99.02,230.04,0.5416,-1,-1,-1
942,54,322.62,747.46,92.84,269.11,0.8173,-1,-1,-1
942,4,1720.09,456.10,73.97,210.28,0.5558,-1,-1,-1
942,3,913.47,947.12,74.20,132.88,0.7628,-1,-1,-1
943,79,1745.78,671.28,87.87,255.17,0.6662,-1,-1,-1
943,76,1255.83,782.53,89.01,285.95,0.7748,-1,-1,-1
943,75,1129.62,66.30,62.29,166.66,0.4229,-1,-1,-1
943,72,480.33,213.29,56.58,183.27,0.3024,-1,-1,-1
943,68,392.88,387.32,74.92,210.45,0.5718,-1,-1,-1
943,67,338.63,396.43,58.26,186.06,0.3421,-1,-1,-1
943,65,940.27,366.95,67.12,217.30,0.7132,-1,-1,-1
943,64,858.17,383.72,62.56,212.10,0.6829,-1,-1,-1
943,60,1575.00,595.75,98.56,228.47,0.5493,-1,-1,-1
943,54,323.12,751.01,92.90,266.26,0.8184,-1,-1,-1
943,4,1720.03,456.34,73.71,209.27,0.5679,-1,-1,-1
943,3,914.38,945.49,73.86,134.51,0.7552,-1,-1,-1
944,79,1745.69,673.59,86.99,253.86,0.6759,-1,-1,-1
944,76,1253.18,779.87,90.60,286.41,0.7731,-1,-1,-1
944,75,1131.78,64.81,61.36,165.61,0.4178,-1,-1,-1
944,68,392.34,387.78,75.34,209.25,0.5440,-1,-1,-1
944,67,338.21,402.54,58.43,186.65,0.3285,-1,-1,-1
944,65,938.63,366.21,66.89,216.75,0.6967,-1,-1,-1
944,64,858.07,381.76,62.16,214.07,0.6917,-1,-1,-1
944,60,1575.04,594.42,97.84,229.94,0.5490,-1,-1,-1
944,54,323.61,754.48,92.04,262.42,0.8223,-1,-1,-1
944,4,1720.31,456.46,72.86,210.44,0.5650,-1,-1,-1
944,3,915.85,944.26,73.93,135.74,0.7344,-1,-1,-1
945,79,1745.06,673.83,87.17,253.01,0.6790,-1,-1,-1
945,76,1252.88,777.28,89.19,288.65,0.7645,-1,-1,-1
945,75,1133.10,65.63,59.85,163.89,0.4168,-1,-1,-1
945,72,475.78,214.56,60.41,185.83,0.3325,-1,-1,-1
945,68,392.81,388.29,75.39,209.29,0.5449,-1,-1,-1
945,67,338.12,412.09,61.28,183.61,0.3736,-1,-1,-1
945,65,940.66,364.25,63.49,216.58,0.6919,-1,-1,-1
945,64,857.29,379.02,63.09,212.31,0.6940,-1,-1,-1
945,60,1575.63,596.20,98.03,228.34,0.5612,-1,-1,-1
945,54,323.95,756.62,91.03,263.61,0.8237,-1,-1,-1
945,4,1719.60,455.87,73.83,211.45,0.5424,-1,-1,-1
945,3,916.12,943.71,74.12,136.29,0.7561,-1,-1,-1
946,79,1742.56,673.11,89.84,252.88,0.6623,-1,-1,-1
946,76,1250.38,774.71,89.85,281.83,0.7755,-1,-1,-1
946,75,1135.08,66.04,58.78,164.73,0.4416,-1,-1,-1
946,73,808.01,135.61,55.57,177.49,0.3119,-1,-1,-1
946,72,477.43,215.33,58.79,184.92,0.3409,-1,-1,-1
946,68,390.78,388.14,75.69,209.85,0.5928,-1,-1,-1
946,67,326.70,408.92,69.76,188.65,0.4692,-1,-1,-1
946,65,939.05,362.42,62.99,215.85,0.6461,-1,-1,-1
946,64,856.83,376.64,64.58,214.49,0.6500,-1,-1,-1
946,60,1576.73,597.59,96.59,225.72,0.5642,-1,-1,-1
946,54,324.45,759.88,90.80,264.58,0.8211,-1,-1,-1
946,4,1719.55,457.41,74.17,208.17,0.5699,-1,-1,-1
946,3,918.71,943.62,72.09,136.38,0.7576,-1,-1,-1
947,79,1743.83,668.47,88.89,255.00,0.6922,-1,-1,-1
947,76,1249.35,771.38,89.10,280.08,0.7636,-1,-1,-1
947,75,1138.27,67.18,55.16,161.84,0.3952,-1,-1,-1
947,72,476.49,215.60,60.35,185.24,0.3209,-1,-1,-1
947,68,392.37,387.97,74.08,210.23,0.5913,-1,-1,-1
947,67,329.07,411.72,67.30,187.57,0.4783,-1,-1,-1
947,65,937.61,360.76,62.45,210.00,0.6498,-1,-1,-1
947,64,856.22,374.09,64.64,210.77,0.6626,-1,-1,-1
947,60,1576.65,597.23,97.94,227.09,0.5836,-1,-1,-1
947,54,323.81,760.37,91.37,268.04,0.8233,-1,-1,-1
947,4,1719.88,457.79,73.18,208.80,0.5719,-1,-1,-1
947,3,918.96,941.42,72.04,138.58,0.7545,-1,-1,-1
948,79,1739.62,669.62,94.69,255.38,0.6816,-1,-1,-1
948,76,1248.20,768.62,86.33,277.05,0.7740,-1,-1,-1
948,75,1139.33,68.07,57.57,163.36,0.4265,-1,-1,-1
948,72,476.94,215.33,60.53,184.59,0.3202,-1,-1,-1
948,68,391.78,388.11,74.48,209.89,0.5565,-1,-1,-1
948,67,329.38,412.77,65.39,188.16,0.4738,-1,-1,-1
948,65,936.91,357.42,61.20,207.67,0.6509,-1,-1,-1
948,64,856.06,370.63,64.19,211.59,0.6633,-1,-1,-1
948,60,1575.97,595.19,98.48,228.87,0.5923,-1,-1,-1
948,54,323.19,762.59,90.33,269.36,0.8271,-1,-1,-1
948,4,1719.91,457.16,72.88,209.07,0.5736,-1,-1,-1
948,3,919.63,940.03,72.56,139.97,0.7534,-1,-1,-1
949,79,1743.20,670.52,88.33,249.96,0.6772,-1,-1,-1
949,76,1248.02,763.62,85.37,273.50,0.7646,-1,-1,-1
949,75,1140.73,68.71,59.00,166.18,0.3904,-1,-1,-1
949,72,475.44,216.37,61.57,181.71,0.3140,-1,-1,-1
949,68,392.13,390.18,73.61,207.91,0.5626,-1,-1,-1
949,67,323.79,412.81,68.81,191.08,0.5549,-1,-1,-1
949,65,934.48,355.46,63.00,209.89,0.6396,-1,-1,-1
949,64,855.39,368.51,64.64,211.53,0.6659,-1,-1,-1
949,60,1577.06,594.49,97.71,230.12,0.5765,-1,-1,-1
949,54,323.47,763.76,90.83,268.08,0.8215,-1,-1,-1
949,4,1719.76,456.68,72.78,208.94,0.5777,-1,-1,-1
949,3,920.92,939.13,72.09,140.87,0.7384,-1,-1,-1
950,79,1742.81,666.97,89.52,257.47,0.6781,-1,-1,-1
950,76,1246.55,758.74,85.12,265.62,0.7694,-1,-1,-1
950,75,1143.19,68.19,61.29,167.97,0.3585,-1,-1,-1
950,72,474.53,216.65,61.69,180.60,0.3311,-1,-1,-1
950,68,390.50,389.56,74.60,209.32,0.5825,-1,-1,-1
950,67,326.06,413.85,67.17,189.81,0.5082,-1,-1,-1
950,65,930.50,351.92,65.47,209.52,0.6464,-1,-1,-1
950,64,856.11,366.64,64.43,204.18,0.6532,-1,-1,-1
950,60,1575.58,595.06,98.87,228.69,0.5690,-1,-1,-1
950,54,322.54,764.79,90.14,266.91,0.8230,-1,-1,-1
950,4,1719.89,456.04,73.18,210.40,0.5724,-1,-1,-1
950,3,922.70,937.27,70.21,142.73,0.7546,-1,-1,-1
951,79,1743.15,667.63,88.80,254.89,0.6549,-1,-1,-1
951,76,1245.03,753.90,85.17,266.26,0.7678,-1,-1,-1
951,75,1143.94,71.10,62.01,163.15,0.3802,-1,-1,-1
951,72,474.86,218.31,62.49,179.15,0.3399,-1,-1,-1
951,68,390.81,390.39,74.53,206.78,0.5044,-1,-1,-1
951,67,322.04,414.20,72.33,189.56,0.4985,-1,-1,-1
951,65,930.05,349.26,65.71,210.77,0.6525,-1,-1,-1
951,64,854.94,365.17,65.57,205.72,0.6683,-1,-1,-1
951,60,1575.78,594.75,99.36,229.40,0.5811,-1,-1,-1
951,54,322.02,766.54,90.71,265.07,0.8161,-1,-1,-1
951,4,1719.72,456.04,73.41,211.19,0.5724,-1,-1,-1
951,3,922.16,936.77,71.26,143.23,0.7622,-1,-1,-1
952,79,1742.11,668.19,90.96,256.62,0.6676,-1,-1,-1
952,76,1242.17,751.33,86.88,267.51,0.7631,-1,-1,-1
952,75,1146.72,73.74,59.03,163.47,0.3473,-1,-1,-1
952,72,474.42,220.54,63.64,176.31,0.3207,-1,-1,-1
952,68,392.49,390.41,73.09,206.71,0.5189,-1,-1,-1
952,67,324.43,414.40,69.83,189.12,0.4294,-1,-1,-1
952,65,929.67,347.00,65.67,212.84,0.6930,-1,-1,-1
952,64,854.25,363.86,66.28,205.99,0.6919,-1,-1,-1
952,60,1575.05,596.18,100.51,227.83,0.5729,-1,-1,-1
952,54,322.20,768.06,89.91,264.27,0.8045,-1,-1,-1
952,4,1719.44,456.38,73.30,210.99,0.5726,-1,-1,-1
952,3,923.61,935.96,70.92,144.04,0.7728,-1,-1,-1
953,79,1741.97,668.64,90.89,255.41,0.6717,-1,-1,-1
953,76,1241.36,750.64,86.43,266.03,0.7807,-1,-1,-1
953,75,1146.59,74.46,59.11,166.15,0.3897,-1,-1,-1
953,72,476.31,220.39,62.43,176.42,0.3691,-1,-1,-1
953,68,391.03,394.25,75.23,208.21,0.5562,-1,-1,-1
953,67,321.71,413.42,72.40,190.83,0.4314,-1,-1,-1
953,65,927.20,346.26,67.22,211.72,0.7090,-1,-1,-1
953,64,852.50,362.47,68.69,207.31,0.6847,-1,-1,-1
953,60,1576.16,594.50,99.53,229.33,0.6081,-1,-1,-1
953,54,321.37,769.69,89.45,262.75,0.8138,-1,-1,-1
953,4,1719.22,457.06,73.99,209.42,0.5683,-1,-1,-1
953,3,924.76,935.36,70.77,144.64,0.7791,-1,-1,-1
954,79,1742.06,669.78,90.92,254.71,0.6836,-1,-1,-1
954,76,1237.51,748.96,89.19,266.91,0.7781,-1,-1,-1
954,75,1147.25,77.28,59.37,165.93,0.3978,-1,-1,-1
954,73,808.21,136.47,54.88,175.17,0.3041,-1,-1,-1
954,72,476.80,221.50,63.16,175.80,0.3807,-1,-1,-1
954,68,388.66,394.02,77.01,211.47,0.6113,-1,-1,-1
954,67,321.94,414.33,68.97,189.13,0.4585,-1,-1,-1
954,65,925.50,345.43,68.64,211.83,0.7074,-1,-1,-1
954,64,852.24,360.94,67.69,208.34,0.6716,-1,-1,-1
954,60,1576.47,596.75,98.47,227.83,0.5787,-1,-1,-1
954,54,322.56,771.23,88.59,261.46,0.8180,-1,-1,-1
954,4,1719.90,456.54,73.77,209.63,0.5800,-1,-1,-1
954,3,925.45,934.63,70.19,145.37,0.7647,-1,-1,-1
955,79,1742.12,668.56,90.55,253.83,0.6737,-1,-1,-1
955,76,1237.30,746.42,87.72,268.98,0.7886,-1,-1,-1
955,75,1148.25,79.60,60.73,164.34,0.3767,-1,-1,-1
955,72,476.71,222.89,65.16,176.87,0.3835,-1,-1,-1
955,68,389.13,396.98,78.04,213.09,0.5808,-1,-1,-1
955,67,320.25,417.84,70.33,178.30,0.4147,-1,-1,-1
955,65,925.70,344.12,69.24,211.99,0.6881,-1,-1,-1
955,64,852.51,360.73,67.06,209.02,0.6666,-1,-1,-1
955,60,1576.22,593.52,99.30,230.38,0.5886,-1,-1,-1
955,54,322.31,772.92,88.44,259.59,0.8190,-1,-1,-1
955,4,1718.95,455.91,74.86,210.53,0.5747,-1,-1,-1
955,3,926.38,934.45,68.87,145.55,0.7775,-1,-1,-1
956,79,1741.70,667.79,90.98,254.11,0.6592,-1,-1,-1
956,76,1235.07,744.34,87.67,269.84,0.7904,-1,-1,-1
956,75,1149.44,80.69,61.11,163.05,0.3009,-1,-1,-1
956,72,478.76,221.55,65.08,180.59,0.4050,-1,-1,-1
956,68,389.48,400.84,77.17,212.61,0.6056,-1,-1,-1
956,67,321.24,418.39,68.91,180.59,0.4541,-1,-1,-1
956,65,924.00,344.29,71.61,215.46,0.6929,-1,-1,-1
956,64,851.37,360.82,67.63,210.54,0.6588,-1,-1,-1
956,60,1579.32,594.84,96.35,229.11,0.5545,-1,-1,-1
956,54,321.68,772.81,88.88,259.25,0.8289,-1,-1,-1
956,4,1719.93,456.57,73.74,210.16,0.5833,-1,-1,-1
956,3,926.03,933.59,70.05,146.41,0.7815,-1,-1,-1
957,83,424.89,235.36,59.41,189.56,0.4072,-1,-1,-1
957,79,1738.97,669.84,94.38,250.69,0.6707,-1,-1,-1
957,76,1232.01,743.49,91.58,256.03,0.7515,-1,-1,-1
957,72,477.28,225.21,67.90,177.43,0.4349,-1,-1,-1
957,68,388.08,404.49,77.74,213.32,0.6145,-1,-1,-1
957,67,323.05,418.73,66.31,181.82,0.4293,-1,-1,-1
957,65,921.04,344.19,74.07,215.05,0.6919,-1,-1,-1
957,64,850.73,361.33,67.25,207.29,0.6745,-1,-1,-1
957,60,1582.21,593.28,93.56,230.64,0.5680,-1,-1,-1
957,54,321.99,773.66,87.97,259.60,0.8345,-1,-1,-1
957,4,1719.04,456.16,74.38,210.14,0.5699,-1,-1,-1
957,3,925.99,933.29,71.05,146.71,0.7782,-1,-1,-1
958,83,424.11,236.75,59.83,194.18,0.4598,-1,-1,-1
958,79,1739.14,667.69,94.62,254.47,0.6617,-1,-1,-1
958,76,1231.12,742.11,91.05,260.04,0.7563,-1,-1,-1
958,75,1150.63,79.78,59.77,162.97,0.3162,-1,-1,-1
958,72,480.69,228.58,65.56,176.80,0.3704,-1,-1,-1
958,68,387.32,405.08,77.56,215.85,0.5994,-1,-1,-1
958,67,324.11,419.22,66.12,184.22,0.4483,-1,-1,-1
958,65,923.38,343.83,72.87,215.56,0.6937,-1,-1,-1
958,64,850.03,360.35,68.04,207.76,0.6789,-1,-1,-1
958,60,1580.03,595.67,95.74,227.90,0.5441,-1,-1,-1
958,54,322.12,774.83,87.76,263.50,0.8283,-1,-1,-1
958,4,1719.10,455.85,74.56,210.65,0.5799,-1,-1,-1
958,3,926.80,932.86,70.87,147.14,0.7847,-1,-1,-1
959,83,423.06,237.00,61.04,194.17,0.4960,-1,-1,-1
959,79,1741.87,668.75,88.89,251.71,0.6471,-1,-1,-1
959,76,1227.75,741.02,93.53,250.45,0.7574,-1,-1,-1
959,75,1151.45,80.13,59.63,165.13,0.3734,-1,-1,-1
959,72,486.04,232.24,61.60,176.59,0.3643,-1,-1,-1
959,68,386.32,409.02,77.20,213.38,0.6066,-1,-1,-1
959,67,321.51,420.94,68.05,187.22,0.5237,-1,-1,-1
959,65,924.51,343.34,71.22,216.20,0.6845,-1,-1,-1
959,64,850.41,359.33,67.83,205.12,0.6789,-1,-1,-1
959,60,1581.07,596.73,94.03,227.67,0.5639,-1,-1,-1
959,54,321.86,777.35,87.25,263.37,0.7966,-1,-1,-1
959,4,1719.05,456.55,74.46,208.96,0.5786,-1,-1,-1
959,3,927.18,932.98,70.66,147.02,0.7850,-1,-1,-1
960,83,422.53,237.10,61.69,196.44,0.5241,-1,-1,-1
960,79,1741.75,668.93,90.88,252.26,0.6832,-1,-1,-1
960,76,1224.66,739.11,94.12,258.23,0.7923,-1,-1,-1
960,75,1151.77,80.37,59.59,166.59,0.4258,-1,-1,-1
960,72,487.03,232.27,62.05,178.70,0.3804,-1,-1,-1
960,68,391.81,412.79,74.02,210.68,0.5336,-1,-1,-1
960,67,323.97,419.67,63.90,188.78,0.4973,-1,-1,-1
960,65,924.48,341.43,71.18,216.21,0.6971,-1,-1,-1
960,64,849.99,355.35,67.22,207.48,0.6894,-1,-1,-1
960,60,1579.30,592.01,97.49,231.86,0.5780,-1,-1,-1
960,54,321.74,779.80,86.97,263.02,0.8038,-1,-1,-1
960,4,1719.00,455.43,74.87,210.81,0.5896,-1,-1,-1
960,3,927.29,932.34,71.25,147.66,0.7891,-1,-1,-1
961,83,422.55,239.13,61.80,196.60,0.4800,-1,-1,-1
961,79,1741.53,670.09,91.11,252.48,0.6776,-1,-1,-1
961,76,1221.51,736.56,95.39,256.70,0.7770,-1,-1,-1
961,75,1153.00,78.49,57.87,168.39,0.4793,-1,-1,-1
961,72,487.90,229.05,62.08,183.22,0.3736,-1,-1,-1
961,68,391.17,412.60,74.53,211.05,0.5707,-1,-1,-1
961,67,320.91,422.01,65.46,191.76,0.5794,-1,-1,-1
961,65,924.64,340.34,71.58,217.26,0.6919,-1,-1,-1
961,64,848.96,352.05,66.03,205.41,0.6868,-1,-1,-1
961,60,1576.72,593.61,99.47,230.16,0.5437,-1,-1,-1
961,54,322.65,784.76,86.09,260.85,0.8184,-1,-1,-1
961,4,1719.42,455.54,74.85,210.61,0.5976,-1,-1,-1
961,3,927.95,931.97,70.73,148.03,0.7791,-1,-1,-1
962,83,420.63,242.55,63.65,195.81,0.4939,-1,-1,-1
962,79,1741.52,665.64,92.45,260.53,0.6720,-1,-1,-1
962,76,1220.65,732.64,93.42,256.54,0.7650,-1,-1,-1
962,75,1153.77,81.34,58.32,167.95,0.4084,-1,-1,-1
962,72,489.48,231.73,61.21,181.97,0.3574,-1,-1,-1
962,68,392.56,415.17,73.74,208.63,0.5330,-1,-1,-1
962,67,319.63,420.39,66.29,197.43,0.5732,-1,-1,-1
962,65,925.75,338.32,71.16,216.39,0.6872,-1,-1,-1
962,64,848.31,349.30,66.54,202.98,0.6832,-1,-1,-1
962,60,1576.40,590.10,100.98,233.68,0.5474,-1,-1,-1
962,54,322.62,786.84,85.76,260.09,0.8295,-1,-1,-1
962,4,1719.40,455.43,73.90,209.52,0.5948,-1,-1,-1
962,3,928.02,932.10,71.20,147.90,0.7877,-1,-1,-1
963,83,420.01,241.89,64.15,196.44,0.4977,-1,-1,-1
963,79,1741.41,668.41,91.86,253.92,0.6636,-1,-1,-1
963,76,1219.50,730.05,91.49,261.44,0.7674,-1,-1,-1
963,72,489.04,231.64,62.95,181.56,0.3811,-1,-1,-1
963,68,392.22,415.04,74.12,209.00,0.5554,-1,-1,-1
963,67,319.96,419.58,66.03,201.37,0.5817,-1,-1,-1
963,65,924.65,335.83,70.56,218.50,0.6826,-1,-1,-1
963,64,848.87,347.94,64.24,202.96,0.6767,-1,-1,-1
963,60,1574.04,591.83,104.19,232.21,0.5526,-1,-1,-1
963,54,323.51,789.74,86.43,264.08,0.8183,-1,-1,-1
963,4,1719.45,455.33,74.19,209.79,0.5758,-1,-1,-1
963,3,928.53,931.86,70.96,148.14,0.7773,-1,-1,-1
964,83,420.51,242.64,61.62,200.56,0.4690,-1,-1,-1
964,79,1741.40,664.86,92.16,258.54,0.6716,-1,-1,-1
964,76,1219.11,727.18,88.58,269.35,0.7785,-1,-1,-1
964,75,1151.38,86.34,61.69,166.48,0.3104,-1,-1,-1
964,72,490.41,230.93,61.96,181.60,0.3879,-1,-1,-1
964,68,392.03,416.41,73.87,207.54,0.5666,-1,-1,-1
964,67,321.31,424.46,63.30,197.26,0.6053,-1,-1,-1
964,65,923.23,333.49,71.28,217.08,0.6622,-1,-1,-1
964,64,848.01,346.71,63.15,202.42,0.6549,-1,-1,-1
964,60,1575.21,588.77,101.14,235.82,0.5430,-1,-1,-1
964,54,325.05,792.60,84.77,268.60,0.8268,-1,-1,-1
964,4,1719.06,455.80,74.04,210.25,0.5691,-1,-1,-1
964,3,928.09,932.19,71.41,147.81,0.7843,-1,-1,-1
965,83,419.86,243.76,61.10,199.24,0.4527,-1,-1,-1
965,79,1741.82,669.67,92.56,254.10,0.6871,-1,-1,-1
965,76,1217.09,722.58,89.40,266.41,0.7902,-1,-1,-1
965,75,1152.71,89.05,63.29,164.18,0.3248,-1,-1,-1
965,72,490.62,230.42,63.33,183.55,0.4312,-1,-1,-1
965,68,392.24,416.98,73.21,206.39,0.5657,-1,-1,-1
965,67,318.29,428.94,67.35,193.70,0.6129,-1,-1,-1
965,65,924.06,331.09,71.38,213.42,0.6826,-1,-1,-1
965,64,849.39,343.96,60.54,200.77,0.6580,-1,-1,-1
965,60,1575.52,589.61,100.58,234.75,0.5984,-1,-1,-1
965,54,326.19,795.44,84.51,273.59,0.8258,-1,-1,-1
965,4,1719.48,455.83,74.30,209.11,0.5920,-1,-1,-1
965,3,928.33,931.96,71.41,147.91,0.7782,-1,-1,-1
966,83,419.89,243.90,60.29,199.60,0.4300,-1,-1,-1
966,81,1645.81,120.49,59.20,158.21,0.3063,-1,-1,-1
966,79,1742.41,669.49,92.43,254.97,0.6888,-1,-1,-1
966,76,1216.37,719.21,89.66,259.97,0.7831,-1,-1,-1
966,75,1152.33,91.17,64.45,165.49,0.3649,-1,-1,-1
966,72,491.26,230.61,63.34,182.53,0.4289,-1,-1,-1
966,68,388.05,413.90,76.22,209.86,0.5524,-1,-1,-1
966,67,319.52,434.33,65.46,188.14,0.6082,-1,-1,-1
966,65,924.78,330.15,70.29,206.87,0.7017,-1,-1,-1
966,64,849.34,342.81,60.63,200.30,0.6739,-1,-1,-1
966,60,1574.79,591.05,102.39,233.00,0.6056,-1,-1,-1
966,54,327.78,798.10,82.87,276.74,0.8304,-1,-1,-1
966,4,1719.08,455.93,74.06,209.95,0.5744,-1,-1,-1
966,3,927.86,932.32,72.20,147.68,0.7738,-1,-1,-1
967,83,417.58,245.26,64.31,197.20,0.3978,-1,-1,-1
967,79,1741.81,670.16,91.54,253.91,0.7121,-1,-1,-1
967,76,1217.26,715.40,87.21,260.38,0.7860,-1,-1,-1
967,72,492.65,230.93,62.49,183.06,0.4406,-1,-1,-1
967,68,392.84,418.45,72.10,204.22,0.5480,-1,-1,-1
967,67,314.50,432.79,70.76,191.70,0.5865,-1,-1,-1
967,65,926.59,328.26,68.65,207.28,0.7081,-1,-1,-1
967,64,850.09,340.80,60.73,202.60,0.6837,-1,-1,-1
967,60,1573.31,590.44,104.50,233.60,0.5917,-1,-1,-1
967,54,328.90,799.03,82.35,273.79,0.7979,-1,-1,-1
967,4,1719.12,455.80,74.09,210.25,0.5819,-1,-1,-1
967,3,927.64,932.17,72.71,147.83,0.7771,-1,-1,-1
968,83,415.35,245.35,66.73,196.56,0.3630,-1,-1,-1
968,81,1647.45,123.65,58.70,164.80,0.3136,-1,-1,-1
968,79,1740.60,668.59,94.01,256.09,0.6957,-1,-1,-1
968,76,1215.17,712.39,88.23,262.27,0.7839,-1,-1,-1
968,75,1152.56,93.08,65.76,171.60,0.3210,-1,-1,-1
968,72,493.21,231.21,61.92,183.70,0.5040,-1,-1,-1
968,68,393.64,418.64,71.75,203.37,0.5532,-1,-1,-1
968,67,312.49,433.01,72.00,191.71,0.5846,-1,-1,-1
968,65,926.83,325.25,68.82,208.34,0.7234,-1,-1,-1
968,64,848.21,339.77,61.88,204.69,0.6941,-1,-1,-1
968,60,1574.52,589.36,103.05,234.86,0.6147,-1,-1,-1
968,54,329.71,799.95,84.07,274.98,0.7966,-1,-1,-1
968,4,1718.98,456.01,73.75,210.62,0.5836,-1,-1,-1
968,3,927.36,931.61,72.52,148.39,0.7810,-1,-1,-1
969,81,1648.15,124.93,58.36,164.89,0.3086,-1,-1,-1
969,79,1740.11,668.22,93.13,254.13,0.6977,-1,-1,-1
969,76,1213.33,709.42,90.28,264.70,0.7817,-1,-1,-1
969,72,492.96,233.44,62.99,184.19,0.4677,-1,-1,-1
969,68,393.71,420.80,71.46,202.68,0.5213,-1,-1,-1
969,67,306.13,432.80,79.84,192.26,0.5694,-1,-1,-1
969,65,927.21,324.00,68.34,207.64,0.7281,-1,-1,-1
969,64,848.86,339.01,60.78,206.13,0.6958,-1,-1,-1
969,60,1574.10,590.82,105.37,233.25,0.6184,-1,-1,-1
969,54,330.61,801.81,85.28,272.98,0.7833,-1,-1,-1
969,4,1719.04,456.46,73.52,210.44,0.5891,-1,-1,-1
969,3,927.51,932.22,71.62,147.78,0.7818,-1,-1,-1
970,81,1649.30,125.28,57.11,164.69,0.3215,-1,-1,-1
970,79,1739.82,668.33,93.67,253.01,0.6942,-1,-1,-1
970,76,1211.92,707.88,90.94,267.06,0.7811,-1,-1,-1
970,72,494.00,235.19,63.81,185.14,0.4765,-1,-1,-1
970,68,389.23,416.49,76.22,212.13,0.5194,-1,-1,-1
970,67,301.52,436.18,84.55,188.57,0.4561,-1,-1,-1
970,65,927.87,323.38,65.96,208.32,0.7032,-1,-1,-1
970,64,848.67,338.73,60.83,206.49,0.6995,-1,-1,-1
970,60,1575.44,591.83,103.34,232.63,0.6187,-1,-1,-1
970,54,331.48,803.33,86.15,271.79,0.7936,-1,-1,-1
970,4,1719.06,455.74,73.72,210.04,0.5880,-1,-1,-1
970,3,926.95,932.06,71.75,147.94,0.7810,-1,-1,-1
971,81,1649.82,126.49,56.68,164.19,0.3210,-1,-1,-1
971,79,1740.22,670.60,91.96,251.82,0.6852,-1,-1,-1
971,76,1210.37,707.31,90.81,268.77,0.7932,-1,-1,-1
971,72,493.95,236.28,64.08,187.03,0.4628,-1,-1,-1
971,68,392.31,422.90,74.39,214.30,0.5196,-1,-1,-1
971,67,301.56,434.72,84.69,190.48,0.3813,-1,-1,-1
971,65,927.92,322.99,65.88,207.83,0.7117,-1,-1,-1
971,64,848.64,338.23,60.44,208.07,0.7053,-1,-1,-1
971,60,1575.15,590.42,103.92,233.86,0.5853,-1,-1,-1
971,54,329.95,803.37,90.00,271.26,0.7871,-1,-1,-1
971,4,1719.13,456.16,74.58,210.63,0.5860,-1,-1,-1
971,3,926.86,932.47,71.29,147.53,0.7793,-1,-1,-1
972,79,1740.51,668.82,92.38,255.68,0.6968,-1,-1,-1
972,76,1207.74,707.10,92.53,268.80,0.7898,-1,-1,-1
972,72,493.46,239.11,64.88,184.93,0.4040,-1,-1,-1
972,68,386.81,418.25,78.72,217.46,0.5281,-1,-1,-1
972,67,326.31,437.76,60.25,187.37,0.3572,-1,-1,-1
972,65,927.60,322.30,65.73,207.24,0.6948,-1,-1,-1
972,64,848.47,338.22,60.33,208.46,0.6763,-1,-1,-1
972,60,1575.08,590.31,103.62,233.70,0.5742,-1,-1,-1
972,54,329.52,804.36,93.03,269.58,0.7704,-1,-1,-1
972,4,1719.77,455.84,73.39,209.72,0.5870,-1,-1,-1
972,3,926.90,932.66,69.73,147.34,0.7637,-1,-1,-1
973,83,413.85,250.04,64.66,191.15,0.3060,-1,-1,-1
973,79,1740.26,668.31,93.29,254.56,0.6941,-1,-1,-1
973,76,1206.94,705.37,89.56,268.65,0.7941,-1,-1,-1
973,72,494.90,240.79,62.80,184.49,0.4473,-1,-1,-1
973,68,387.80,419.18,77.39,219.41,0.5476,-1,-1,-1
973,67,327.52,434.78,58.41,192.17,0.4687,-1,-1,-1
973,65,927.86,321.75,64.97,207.53,0.6986,-1,-1,-1
973,64,847.26,336.41,61.88,208.07,0.6858,-1,-1,-1
973,60,1574.81,591.16,103.73,233.18,0.6067,-1,-1,-1
973,54,329.20,806.21,95.90,266.85,0.7738,-1,-1,-1
973,4,1718.90,455.81,74.14,210.71,0.5752,-1,-1,-1
973,3,926.17,933.67,70.59,146.33,0.7776,-1,-1,-1
974,83,413.65,250.66,64.93,189.01,0.3226,-1,-1,-1
974,79,1740.30,670.79,92.15,253.01,0.6885,-1,-1,-1
974,76,1205.44,703.33,91.09,270.42,0.7965,-1,-1,-1
974,72,496.35,243.11,61.83,184.71,0.4492,-1,-1,-1
974,68,387.65,421.91,76.22,218.81,0.5676,-1,-1,-1
974,67,327.18,436.00,58.82,190.78,0.4757,-1,-1,-1
974,65,926.98,321.81,65.12,207.14,0.7105,-1,-1,-1
974,64,847.60,335.48,61.32,208.59,0.6666,-1,-1,-1
974,60,1576.97,589.03,102.04,234.94,0.6294,-1,-1,-1
974,54,328.44,807.10,98.13,266.34,0.7683,-1,-1,-1
974,4,1719.39,455.33,72.78,209.89,0.5481,-1,-1,-1
974,3,926.02,932.80,69.27,147.20,0.7694,-1,-1,-1
975,83,410.82,251.40,69.29,191.19,0.4291,-1,-1,-1
975,81,1651.79,127.41,58.85,162.71,0.3283,-1,-1,-1
975,79,1737.42,669.07,96.64,254.80,0.6918,-1,-1,-1
975,76,1204.00,702.74,88.80,270.26,0.7914,-1,-1,-1
975,72,495.98,244.42,63.38,187.34,0.4647,-1,-1,-1
975,68,387.59,424.06,76.70,217.98,0.5703,-1,-1,-1
975,67,326.79,437.40,58.69,191.13,0.4973,-1,-1,-1
975,65,926.88,321.02,64.42,209.40,0.6908,-1,-1,-1
975,64,846.97,333.34,61.61,208.48,0.6640,-1,-1,-1
975,60,1577.95,589.86,101.45,234.33,0.6047,-1,-1,-1
975,54,328.13,808.83,99.52,264.39,0.7802,-1,-1,-1
975,4,1718.69,455.13,73.96,210.94,0.5843,-1,-1,-1
975,3,924.49,933.77,69.92,146.23,0.7595,-1,-1,-1
976,83,411.04,252.38,68.12,190.93,0.4364,-1,-1,-1
976,81,1656.81,127.67,54.23,157.47,0.3450,-1,-1,-1
976,79,1737.52,671.37,96.62,251.86,0.7112,-1,-1,-1
976,76,1201.28,700.85,89.70,270.31,0.8038,-1,-1,-1
976,75,1168.55,100.09,63.64,169.16,0.3276,-1,-1,-1
976,72,496.17,245.68,63.58,189.52,0.4552,-1,-1,-1
976,68,388.31,426.45,75.45,218.39,0.5746,-1,-1,-1
976,67,325.07,436.66,59.91,191.35,0.5091,-1,-1,-1
976,65,925.04,320.39,65.32,211.77,0.6926,-1,-1,-1
976,64,846.37,332.31,61.81,204.39,0.6726,-1,-1,-1
976,60,1578.79,588.68,101.06,235.29,0.6039,-1,-1,-1
976,54,328.46,811.28,100.33,264.40,0.7742,-1,-1,-1
976,4,1719.41,457.47,73.34,208.39,0.5698,-1,-1,-1
976,3,924.18,934.05,68.61,145.95,0.7337,-1,-1,-1
977,83,407.22,255.72,70.90,188.10,0.4148,-1,-1,-1
977,81,1657.78,129.36,55.25,158.87,0.4568,-1,-1,-1
977,79,1737.08,669.30,96.38,252.70,0.7134,-1,-1,-1
977,76,1201.50,698.54,86.52,273.63,0.7905,-1,-1,-1
977,72,495.05,247.83,64.44,187.96,0.4387,-1,-1,-1
977,68,387.15,428.72,75.59,216.45,0.5711,-1,-1,-1
977,67,323.10,436.31,63.87,195.28,0.4865,-1,-1,-1
977,65,922.64,317.27,65.12,214.31,0.6804,-1,-1,-1
977,64,846.33,330.27,61.50,202.62,0.6665,-1,-1,-1
977,60,1577.19,588.25,103.21,236.21,0.6107,-1,-1,-1
977,54,328.45,813.47,101.81,265.88,0.7843,-1,-1,-1
977,4,1719.27,456.55,73.46,210.28,0.5578,-1,-1,-1
977,3,921.92,933.69,70.21,146.31,0.7405,-1,-1,-1
978,84,1780.15,164.33,56.62,170.70,0.3121,-1,-1,-1
978,83,407.84,259.98,69.49,185.61,0.4140,-1,-1,-1
978,81,1658.60,131.15,54.53,159.99,0.4042,-1,-1,-1
978,79,1737.13,669.82,95.36,252.82,0.7100,-1,-1,-1
978,76,1199.74,695.75,85.91,274.18,0.7882,-1,-1,-1
978,72,495.43,249.35,64.47,186.80,0.4549,-1,-1,-1
978,68,387.95,429.79,73.71,216.09,0.5471,-1,-1,-1
978,67,321.13,438.92,66.99,196.32,0.4360,-1,-1,-1
978,65,922.88,316.99,64.97,211.31,0.6793,-1,-1,-1
978,64,845.26,327.96,62.65,199.33,0.6665,-1,-1,-1
978,60,1577.39,589.55,102.50,234.73,0.6092,-1,-1,-1
978,54,329.32,816.40,99.98,263.60,0.7920,-1,-1,-1
978,4,1719.31,457.51,73.57,208.82,0.5440,-1,-1,-1
978,3,922.35,934.38,68.40,145.62,0.7364,-1,-1,-1
979,83,405.04,260.89,70.84,185.10,0.4546,-1,-1,-1
979,81,1660.23,132.59,54.02,159.22,0.3730,-1,-1,-1
979,79,1736.99,669.09,96.17,252.92,0.7057,-1,-1,-1
979,76,1199.65,691.76,85.75,276.13,0.7898,-1,-1,-1
979,72,496.35,249.37,63.22,186.86,0.4903,-1,-1,-1
979,68,388.14,432.11,74.87,214.68,0.5978,-1,-1,-1
979,67,307.68,439.10,81.45,201.46,0.5161,-1,-1,-1
979,65,922.51,316.12,63.81,208.67,0.6810,-1,-1,-1
979,64,845.08,324.95,62.57,198.45,0.6504,-1,-1,-1
979,60,1575.44,590.56,104.10,233.24,0.6143,-1,-1,-1
979,54,330.41,818.80,99.15,261.20,0.8076,-1,-1,-1
979,4,1718.79,456.60,73.52,210.01,0.5309,-1,-1,-1
979,3,921.99,935.07,67.62,144.93,0.7400,-1,-1,-1
980,83,403.90,257.38,73.76,189.00,0.4437,-1,-1,-1
980,81,1661.77,133.68,53.65,160.69,0.4007,-1,-1,-1
980,79,1737.50,667.57,97.21,255.01,0.6966,-1,-1,-1
980,76,1199.38,687.80,86.25,271.49,0.7734,-1,-1,-1
980,75,1176.88,110.90,61.28,164.42,0.3729,-1,-1,-1
980,72,494.88,248.63,65.72,188.28,0.4454,-1,-1,-1
980,68,388.31,431.58,75.09,216.46,0.6374,-1,-1,-1
980,67,308.21,437.95,80.17,208.44,0.6045,-1,-1,-1
980,65,921.98,314.81,63.27,208.11,0.6861,-1,-1,-1
980,64,845.22,324.64,60.53,198.42,0.6299,-1,-1,-1
980,60,1574.55,590.83,105.83,233.52,0.6258,-1,-1,-1
980,54,330.06,822.26,98.32,257.74,0.8206,-1,-1,-1
980,4,1720.03,456.74,72.51,209.10,0.5465,-1,-1,-1
980,3,921.30,935.93,66.46,144.07,0.7514,-1,-1,-1
981,83,402.98,256.63,75.17,192.17,0.4353,-1,-1,-1
981,81,1661.59,136.27,55.11,158.84,0.3921,-1,-1,-1
981,79,1739.90,669.73,91.35,252.39,0.6989,-1,-1,-1
981,76,1198.10,684.20,85.76,265.45,0.7786,-1,-1,-1
981,75,1178.04,112.30,61.14,163.67,0.3761,-1,-1,-1
981,72,495.44,248.41,64.31,186.52,0.4566,-1,-1,-1
981,68,387.90,432.97,73.65,215.56,0.5301,-1,-1,-1
981,67,309.62,440.52,78.93,206.41,0.5142,-1,-1,-1
981,65,920.15,313.00,63.66,207.18,0.6630,-1,-1,-1
981,64,844.62,322.45,59.96,200.14,0.6143,-1,-1,-1
981,60,1575.22,590.24,104.74,234.22,0.6279,-1,-1,-1
981,54,330.11,826.23,98.18,253.77,0.8242,-1,-1,-1
981,4,1718.95,456.67,74.47,209.81,0.5475,-1,-1,-1
981,3,920.54,936.59,66.64,143.41,0.7438,-1,-1,-1
982,83,399.68,259.71,77.66,191.75,0.4456,-1,-1,-1
982,81,1660.95,139.14,56.41,156.75,0.4020,-1,-1,-1
982,79,1737.03,668.17,97.45,254.75,0.7030,-1,-1,-1
982,76,1196.86,680.51,85.85,263.40,0.7703,-1,-1,-1
982,75,1179.97,114.38,61.26,164.18,0.3616,-1,-1,-1
982,72,495.29,248.88,64.45,184.41,0.4604,-1,-1,-1
982,68,391.29,441.94,70.91,206.49,0.5090,-1,-1,-1
982,67,311.16,443.29,77.97,207.03,0.4837,-1,-1,-1
982,65,922.03,310.68,61.58,203.57,0.6536,-1,-1,-1
982,64,840.68,319.37,65.06,198.33,0.6024,-1,-1,-1
982,60,1575.21,589.90,106.03,233.82,0.6244,-1,-1,-1
982,54,330.46,829.35,96.82,250.65,0.8211,-1,-1,-1
982,4,1719.53,457.18,73.70,209.10,0.5407,-1,-1,-1
982,3,918.76,937.27,67.66,142.73,0.7421,-1,-1,-1
983,83,396.64,259.07,81.10,193.61,0.4443,-1,-1,-1
983,81,1660.60,139.89,58.23,156.99,0.3752,-1,-1,-1
983,79,1739.85,671.03,89.86,250.59,0.6793,-1,-1,-1
983,76,1194.55,677.55,87.34,256.56,0.7636,-1,-1,-1
983,75,1180.49,114.36,62.03,166.17,0.3232,-1,-1,-1
983,72,494.25,249.11,65.68,184.61,0.4809,-1,-1,-1
983,68,388.85,435.11,71.61,214.19,0.5044,-1,-1,-1
983,67,309.81,446.39,75.31,205.53,0.5068,-1,-1,-1
983,65,922.77,308.78,60.98,204.70,0.6712,-1,-1,-1
983,64,840.06,317.65,64.85,205.21,0.6487,-1,-1,-1
983,60,1575.33,588.80,105.52,235.27,0.6065,-1,-1,-1
983,54,330.27,832.76,94.69,247.24,0.8259,-1,-1,-1
983,4,1719.94,456.75,73.76,210.40,0.5340,-1,-1,-1
983,3,917.05,937.80,67.90,142.20,0.7389,-1,-1,-1
984,85,320.52,260.89,58.20,184.84,0.3916,-1,-1,-1
984,83,398.47,259.08,81.42,192.38,0.3954,-1,-1,-1
984,81,1661.79,140.94,57.74,158.36,0.3627,-1,-1,-1
984,79,1739.89,669.07,92.47,252.72,0.6940,-1,-1,-1
984,76,1193.60,673.72,88.50,255.62,0.7552,-1,-1,-1
984,75,1181.94,117.38,60.20,163.18,0.3193,-1,-1,-1
984,72,494.00,250.42,65.86,184.08,0.5097,-1,-1,-1
984,68,392.72,443.73,69.23,204.72,0.5214,-1,-1,-1
984,67,310.99,451.07,73.34,202.56,0.4620,-1,-1,-1
984,65,921.58,308.24,61.96,203.64,0.6785,-1,-1,-1
984,64,839.07,317.29,67.76,201.55,0.6542,-1,-1,-1
984,60,1575.16,585.92,106.40,237.80,0.6219,-1,-1,-1
984,54,329.47,834.63,95.40,245.37,0.8257,-1,-1,-1
984,4,1719.12,457.57,74.97,210.25,0.5409,-1,-1,-1
984,3,917.66,938.79,67.07,141.21,0.7370,-1,-1,-1
985,85,319.80,262.45,55.86,185.22,0.3794,-1,-1,-1
985,83,398.44,260.35,79.11,191.21,0.3297,-1,-1,-1
985,81,1663.71,141.83,56.61,159.92,0.3611,-1,-1,-1
985,79,1740.03,670.92,89.79,250.83,0.6748,-1,-1,-1
985,76,1191.56,670.73,89.86,260.27,0.7661,-1,-1,-1
985,75,1182.95,118.26,60.66,162.21,0.3206,-1,-1,-1
985,72,493.91,251.07,66.79,185.71,0.5403,-1,-1,-1
985,68,391.01,443.97,70.79,205.27,0.5316,-1,-1,-1
985,67,304.95,456.70,75.36,192.72,0.4344,-1,-1,-1
985,65,920.75,305.65,62.28,205.01,0.6609,-1,-1,-1
985,64,837.03,316.48,70.24,201.96,0.6291,-1,-1,-1
985,60,1574.98,587.57,107.28,236.38,0.6100,-1,-1,-1
985,54,329.05,836.19,95.17,243.81,0.8158,-1,-1,-1
985,4,1719.43,458.25,74.97,208.72,0.5180,-1,-1,-1
985,3,915.16,940.07,67.74,139.93,0.7294,-1,-1,-1
986,85,320.28,263.88,54.98,185.60,0.3518,-1,-1,-1
986,83,395.77,258.42,82.61,195.10,0.3923,-1,-1,-1
986,81,1665.77,142.83,55.09,156.23,0.3684,-1,-1,-1
986,79,1740.02,670.15,90.91,252.46,0.6857,-1,-1,-1
986,76,1190.52,667.95,88.42,257.85,0.7544,-1,-1,-1
986,72,493.43,253.24,67.58,185.01,0.5201,-1,-1,-1
986,68,391.58,444.65,70.17,205.43,0.5417,-1,-1,-1
986,67,302.19,458.54,77.73,192.40,0.4422,-1,-1,-1
986,65,920.06,303.73,63.57,206.39,0.6641,-1,-1,-1
986,64,838.56,317.11,66.57,206.16,0.6420,-1,-1,-1
986,60,1574.91,584.21,107.48,239.94,0.6145,-1,-1,-1
986,54,329.28,837.06,94.53,242.94,0.7984,-1,-1,-1
986,4,1720.44,457.52,73.71,208.89,0.4966,-1,-1,-1
986,3,915.12,940.54,67.35,139.46,0.7138,-1,-1,-1
987,85,318.27,265.22,55.22,187.52,0.3694,-1,-1,-1
987,83,395.79,256.13,79.07,197.06,0.3737,-1,-1,-1
987,81,1668.21,144.41,54.30,154.88,0.3985,-1,-1,-1
987,79,1740.28,670.44,90.97,251.82,0.6776,-1,-1,-1
987,76,1191.25,666.51,87.70,258.12,0.7517,-1,-1,-1
987,72,494.05,253.94,67.06,188.15,0.5079,-1,-1,-1
987,68,391.16,444.84,70.58,206.10,0.5457,-1,-1,-1
987,67,301.45,457.36,78.71,194.88,0.4658,-1,-1,-1
987,65,919.18,302.28,65.53,205.64,0.6760,-1,-1,-1
987,64,835.01,315.75,71.40,203.15,0.6327,-1,-1,-1
987,60,1574.60,585.72,106.80,238.81,0.6250,-1,-1,-1
987,54,329.74,838.54,93.04,241.46,0.7834,-1,-1,-1
987,4,1719.39,457.39,74.94,209.46,0.5071,-1,-1,-1
987,3,912.37,940.72,68.82,139.28,0.7142,-1,-1,-1
988,85,314.63,270.63,56.25,182.45,0.3979,-1,-1,-1
988,83,398.61,256.28,74.54,197.28,0.4426,-1,-1,-1
988,81,1671.16,144.20,52.83,154.64,0.4014,-1,-1,-1
988,79,1740.01,668.91,91.34,252.80,0.6800,-1,-1,-1
988,76,1189.67,665.13,88.34,258.69,0.7255,-1,-1,-1
988,72,494.16,255.47,67.90,187.77,0.4959,-1,-1,-1
988,68,387.33,440.25,73.67,215.11,0.5696,-1,-1,-1
988,67,299.96,459.00,78.99,194.24,0.4696,-1,-1,-1
988,65,919.37,301.11,66.48,208.38,0.6507,-1,-1,-1
988,64,835.29,314.94,70.89,204.59,0.6249,-1,-1,-1
988,60,1575.22,586.29,105.51,238.03,0.6241,-1,-1,-1
988,54,328.97,839.85,93.36,240.15,0.7764,-1,-1,-1
988,4,1720.49,457.78,74.41,210.01,0.5130,-1,-1,-1
988,3,913.23,941.25,66.84,138.75,0.7181,-1,-1,-1
989,85,314.15,275.04,56.08,176.01,0.3818,-1,-1,-1
989,83,399.07,258.03,72.26,199.67,0.4667,-1,-1,-1
989,81,1672.16,145.36,52.81,157.45,0.4345,-1,-1,-1
989,79,1740.44,669.61,91.38,252.66,0.6841,-1,-1,-1
989,76,1187.66,664.91,88.97,244.31,0.7231,-1,-1,-1
989,75,1188.91,123.31,52.55,166.48,0.3302,-1,-1,-1
989,72,494.64,257.04,66.52,186.75,0.4879,-1,-1,-1
989,68,387.84,442.58,72.56,218.28,0.6146,-1,-1,-1
989,67,299.49,459.80,78.40,193.90,0.4845,-1,-1,-1
989,65,919.05,300.74,67.58,208.15,0.6215,-1,-1,-1
989,64,835.09,313.68,70.57,203.90,0.6209,-1,-1,-1
989,60,1575.91,584.75,104.60,239.70,0.6464,-1,-1,-1
989,54,328.17,841.74,94.43,238.26,0.7704,-1,-1,-1
989,4,1720.57,458.90,75.52,208.44,0.4899,-1,-1,-1
989,3,911.90,941.57,66.41,138.43,0.7060,-1,-1,-1
990,85,315.25,275.75,54.91,175.07,0.3137,-1,-1,-1
990,83,407.40,262.53,60.96,199.06,0.4407,-1,-1,-1
990,81,1673.21,144.77,53.52,160.29,0.4369,-1,-1,-1
990,79,1740.40,668.52,90.30,253.18,0.6723,-1,-1,-1
990,76,1186.95,663.92,86.77,239.59,0.7089,-1,-1,-1
990,75,1191.08,121.44,50.87,168.43,0.3999,-1,-1,-1
990,72,497.84,259.48,63.61,185.81,0.4602,-1,-1,-1
990,68,388.04,444.59,72.96,218.05,0.6316,-1,-1,-1
990,67,298.97,459.63,77.96,194.86,0.4836,-1,-1,-1
990,65,920.33,300.65,66.58,206.67,0.6090,-1,-1,-1
990,64,835.19,312.72,70.84,204.81,0.6357,-1,-1,-1
990,60,1574.25,585.20,105.69,239.19,0.6412,-1,-1,-1
990,54,327.68,843.47,94.56,236.53,0.7772,-1,-1,-1
990,4,1721.30,457.52,75.60,208.35,0.5166,-1,-1,-1
990,3,910.01,941.67,66.91,138.33,0.7077,-1,-1,-1
991,85,315.38,273.64,56.52,178.82,0.3034,-1,-1,-1
991,83,401.62,262.99,65.71,202.73,0.4701,-1,-1,-1
991,81,1673.32,145.36,55.50,161.92,0.4351,-1,-1,-1
991,79,1739.19,667.81,90.52,254.64,0.6911,-1,-1,-1
991,76,1186.61,661.37,87.40,255.48,0.7374,-1,-1,-1
991,72,498.75,260.65,61.90,186.93,0.5418,-1,-1,-1
991,68,386.69,445.00,73.47,220.52,0.5909,-1,-1,-1
991,67,299.03,458.31,77.64,195.29,0.4324,-1,-1,-1
991,65,920.51,299.69,65.91,211.97,0.5669,-1,-1,-1
991,64,835.60,312.03,69.54,202.89,0.6162,-1,-1,-1
991,60,1574.42,585.78,107.86,238.78,0.6625,-1,-1,-1
991,54,327.50,844.97,94.07,235.03,0.7794,-1,-1,-1
991,4,1719.57,458.02,78.55,208.79,0.5164,-1,-1,-1
991,3,910.00,942.86,66.70,137.14,0.7295,-1,-1,-1
992,83,399.81,263.11,68.50,206.39,0.5006,-1,-1,-1
992,81,1672.34,146.66,58.60,161.91,0.4457,-1,-1,-1
992,79,1739.90,668.74,89.24,254.28,0.6791,-1,-1,-1
992,76,1183.96,660.05,87.62,259.05,0.7232,-1,-1,-1
992,75,1190.93,118.81,59.96,173.80,0.3272,-1,-1,-1
992,72,496.24,261.82,64.49,187.80,0.5677,-1,-1,-1
992,68,385.23,448.61,73.91,218.21,0.6126,-1,-1,-1
992,67,299.81,456.56,77.91,197.06,0.4760,-1,-1,-1
992,65,919.69,300.26,66.85,211.16,0.6108,-1,-1,-1
992,64,835.46,311.18,68.61,196.75,0.6173,-1,-1,-1
992,60,1575.25,585.08,106.98,239.29,0.6794,-1,-1,-1
992,54,327.59,846.45,93.04,233.55,0.7838,-1,-1,-1
992,4,1719.02,458.00,79.54,208.50,0.5465,-1,-1,-1
992,3,908.95,943.11,66.61,136.89,0.7291,-1,-1,-1
993,85,313.05,278.12,57.59,177.51,0.3273,-1,-1,-1
993,83,404.29,266.36,62.81,199.44,0.5001,-1,-1,-1
993,81,1671.99,147.74,60.48,164.86,0.3875,-1,-1,-1
993,79,1740.19,667.51,91.42,255.74,0.6827,-1,-1,-1
993,76,1182.48,658.63,88.41,253.80,0.7072,-1,-1,-1
993,75,1191.76,120.30,61.14,174.26,0.3518,-1,-1,-1
993,72,497.24,263.17,63.97,186.19,0.5456,-1,-1,-1
993,68,383.30,452.55,75.24,218.57,0.6136,-1,-1,-1
993,67,302.88,461.56,75.80,193.59,0.5120,-1,-1,-1
993,65,921.82,299.17,63.89,211.06,0.5868,-1,-1,-1
993,64,837.06,310.57,66.57,197.67,0.6127,-1,-1,-1
993,60,1574.80,585.50,106.84,238.56,0.6825,-1,-1,-1
993,54,327.57,847.65,92.59,232.35,0.7816,-1,-1,-1
993,4,1719.56,457.07,78.22,210.51,0.5240,-1,-1,-1
993,3,908.52,943.97,67.50,136.03,0.7397,-1,-1,-1
994,85,315.57,279.65,58.70,173.67,0.3576,-1,-1,-1
994,83,401.75,265.83,65.52,203.56,0.5159,-1,-1,-1
994,81,1669.65,150.04,63.54,162.21,0.3430,-1,-1,-1
994,79,1737.33,671.01,98.06,253.20,0.6769,-1,-1,-1
994,76,1181.22,656.08,87.98,260.31,0.7173,-1,-1,-1
994,75,1192.58,122.27,60.77,176.92,0.3017,-1,-1,-1
994,72,499.45,264.68,62.57,184.10,0.5244,-1,-1,-1
994,68,381.25,454.54,76.06,216.89,0.6197,-1,-1,-1
994,67,305.57,462.99,72.69,194.30,0.5319,-1,-1,-1
994,65,922.56,297.50,65.91,210.02,0.5905,-1,-1,-1
994,64,839.26,307.36,62.95,200.75,0.6286,-1,-1,-1
994,60,1575.81,585.40,105.50,238.85,0.6773,-1,-1,-1
994,54,328.75,849.89,90.07,230.11,0.7850,-1,-1,-1
994,4,1718.67,458.11,79.75,209.35,0.5426,-1,-1,-1
994,3,906.47,943.88,69.99,136.12,0.7345,-1,-1,-1
995,85,313.25,279.08,59.08,179.46,0.3528,-1,-1,-1
995,83,402.57,265.42,63.68,207.58,0.5076,-1,-1,-1
995,81,1668.95,153.17,65.84,161.36,0.3459,-1,-1,-1
995,79,1737.79,670.38,96.88,254.56,0.6797,-1,-1,-1
995,76,1177.48,654.38,86.60,252.27,0.7372,-1,-1,-1
995,72,499.86,265.80,62.52,184.09,0.4951,-1,-1,-1
995,68,381.73,455.39,74.92,217.73,0.6158,-1,-1,-1
995,67,305.99,463.26,71.96,197.65,0.5613,-1,-1,-1
995,65,921.86,295.32,66.60,210.39,0.5856,-1,-1,-1
995,64,839.95,305.87,62.45,196.30,0.5836,-1,-1,-1
995,60,1576.79,586.65,103.83,237.55,0.6632,-1,-1,-1
995,54,329.38,852.54,90.44,227.46,0.7778,-1,-1,-1
995,4,1719.38,458.29,79.16,208.71,0.5495,-1,-1,-1
995,3,906.65,944.67,69.16,135.33,0.7331,-1,-1,-1
996,85,311.87,278.34,57.93,179.34,0.3614,-1,-1,-1
996,83,402.88,268.43,62.84,208.13,0.5283,-1,-1,-1
996,81,1670.21,153.87,64.09,164.32,0.3360,-1,-1,-1
996,79,1740.45,669.94,90.14,252.60,0.6779,-1,-1,-1
996,76,1177.33,651.42,85.71,258.70,0.7636,-1,-1,-1
996,72,499.71,265.40,63.45,185.36,0.4852,-1,-1,-1
996,68,380.23,456.12,76.03,216.90,0.6263,-1,-1,-1
996,67,307.75,463.03,69.38,205.02,0.5757,-1,-1,-1
996,65,922.09,293.64,68.74,209.60,0.5693,-1,-1,-1
996,64,840.45,304.15,62.07,195.39,0.6331,-1,-1,-1
996,60,1575.98,586.03,104.22,237.96,0.6556,-1,-1,-1
996,54,329.44,853.55,90.45,226.45,0.7834,-1,-1,-1
996,4,1720.18,458.42,77.91,207.99,0.5566,-1,-1,-1
996,3,906.99,945.24,67.82,134.76,0.7313,-1,-1,-1
997,85,310.76,277.74,57.59,184.46,0.3517,-1,-1,-1
997,83,400.71,266.95,64.23,209.16,0.4740,-1,-1,-1
997,81,1669.77,156.31,65.86,162.31,0.3431,-1,-1,-1
997,79,1741.33,670.36,88.19,251.72,0.6758,-1,-1,-1
997,76,1176.15,647.85,84.23,256.67,0.7588,-1,-1,-1
997,72,503.28,263.75,60.93,185.98,0.5050,-1,-1,-1
997,68,381.02,456.73,75.98,216.58,0.6295,-1,-1,-1
997,67,307.52,464.95,70.35,204.91,0.5936,-1,-1,-1
997,65,922.92,290.73,65.57,211.44,0.5848,-1,-1,-1
997,64,841.78,302.11,60.16,194.81,0.6105,-1,-1,-1
997,60,1576.32,586.66,103.14,237.15,0.6555,-1,-1,-1
997,54,328.96,857.50,91.73,222.50,0.7794,-1,-1,-1
997,4,1720.20,457.99,78.61,208.83,0.5354,-1,-1,-1
997,3,906.14,945.51,68.72,134.49,0.7348,-1,-1,-1
998,85,311.47,278.78,59.34,183.03,0.3911,-1,-1,-1
998,83,400.20,269.03,63.55,206.20,0.3999,-1,-1,-1
998,81,1669.81,159.71,66.64,158.87,0.4056,-1,-1,-1
998,79,1741.36,669.91,87.83,255.01,0.6839,-1,-1,-1
998,76,1176.24,641.99,83.43,256.62,0.7625,-1,-1,-1
998,72,503.97,264.03,60.89,186.33,0.5315,-1,-1,-1
998,68,379.93,457.44,78.16,216.23,0.5851,-1,-1,-1
998,67,307.47,468.87,71.22,202.27,0.5810,-1,-1,-1
998,65,923.13,288.42,67.02,210.37,0.5794,-1,-1,-1
998,64,842.51,298.47,60.99,196.79,0.5720,-1,-1,-1
998,60,1576.60,586.68,104.07,237.93,0.6735,-1,-1,-1
998,54,329.37,860.70,91.27,219.30,0.7687,-1,-1,-1
998,4,1721.79,458.32,76.46,209.11,0.5764,-1,-1,-1
998,3,905.30,945.49,69.23,134.51,0.7315,-1,-1,-1
999,83,401.55,269.86,61.75,204.63,0.4258,-1,-1,-1
999,81,1671.55,161.99,65.01,160.53,0.4189,-1,-1,-1
999,79,1741.39,669.25,88.73,254.30,0.6788,-1,-1,-1
999,76,1175.96,638.53,82.42,254.43,0.7533,-1,-1,-1
999,72,502.43,265.59,62.15,185.92,0.5095,-1,-1,-1
999,68,378.86,457.09,79.87,216.78,0.5324,-1,-1,-1
999,67,307.85,467.22,70.49,206.00,0.5901,-1,-1,-1
999,65,924.24,286.12,69.30,210.63,0.5774,-1,-1,-1
999,64,843.11,296.50,60.59,197.86,0.5633,-1,-1,-1
999,60,1578.28,586.88,102.34,237.05,0.6477,-1,-1,-1
999,54,329.79,864.53,91.68,215.47,0.7800,-1,-1,-1
999,4,1721.05,458.17,76.70,209.50,0.5487,-1,-1,-1
999,3,905.45,945.92,68.85,134.08,0.7227,-1,-1,-1
1000,85,309.81,279.65,59.50,186.33,0.3016,-1,-1,-1
1000,83,400.26,269.35,66.37,207.57,0.3394,-1,-1,-1
1000,81,1673.16,163.01,62.84,161.90,0.3706,-1,-1,-1
1000,79,1742.05,672.15,88.89,251.83,0.6617,-1,-1,-1
1000,76,1174.13,636.90,84.75,252.66,0.7513,-1,-1,-1
1000,72,503.45,264.64,62.03,185.84,0.4706,-1,-1,-1
1000,68,377.18,457.65,83.63,216.73,0.5374,-1,-1,-1
1000,67,306.89,470.91,71.73,203.23,0.6243,-1,-1,-1
1000,65,925.91,284.50,65.36,205.64,0.5484,-1,-1,-1
1000,64,842.92,295.16,60.95,200.91,0.5312,-1,-1,-1
1000,60,1576.86,586.12,102.45,237.92,0.6524,-1,-1,-1
1000,54,330.60,867.82,91.37,212.18,0.7948,-1,-1,-1
1000,4,1721.41,457.54,75.46,209.80,0.5490,-1,-1,-1
1000,3,905.76,946.13,68.23,133.87,0.7306,-1,-1,-1
1001,85,308.29,280.21,60.63,186.03,0.3205,-1,-1,-1
1001,83,399.03,269.56,68.39,205.64,0.3867,-1,-1,-1
1001,81,1674.09,163.87,61.37,161.07,0.3791,-1,-1,-1
1001,79,1741.76,667.92,86.17,256.05,0.6402,-1,-1,-1
1001,76,1175.15,634.88,84.43,254.27,0.7634,-1,-1,-1
1001,72,503.03,267.32,61.98,186.44,0.4799,-1,-1,-1
1001,68,377.06,457.72,80.81,216.49,0.5254,-1,-1,-1
1001,67,306.47,472.05,72.68,201.65,0.5708,-1,-1,-1
1001,65,926.48,283.03,65.40,201.99,0.5573,-1,-1,-1
1001,64,843.45,294.70,60.36,201.14,0.5509,-1,-1,-1
1001,60,1574.24,586.19,105.59,237.78,0.6562,-1,-1,-1
1001,54,332.88,870.38,90.78,209.62,0.7963,-1,-1,-1
1001,4,1720.49,458.63,75.47,209.00,0.5610,-1,-1,-1
1001,3,905.26,946.61,69.14,133.39,0.7319,-1,-1,-1
1002,85,306.48,280.40,63.19,188.65,0.3102,-1,-1,-1
1002,81,1674.82,163.99,60.77,160.67,0.3234,-1,-1,-1
1002,79,1743.12,671.58,83.11,252.85,0.6520,-1,-1,-1
1002,76,1175.68,633.08,84.06,256.68,0.7692,-1,-1,-1
1002,72,502.09,268.31,63.22,188.33,0.5036,-1,-1,-1
1002,68,379.23,458.17,80.32,216.02,0.5520,-1,-1,-1
1002,67,304.73,476.65,74.45,197.70,0.5338,-1,-1,-1
1002,65,927.51,282.09,62.47,203.64,0.5636,-1,-1,-1
1002,64,843.18,294.50,60.22,203.25,0.5453,-1,-1,-1
1002,60,1573.00,586.86,107.33,237.43,0.6611,-1,-1,-1
1002,54,334.61,873.71,90.78,206.29,0.7895,-1,-1,-1
1002,4,1721.05,458.18,73.87,210.45,0.5526,-1,-1,-1
1002,3,904.07,946.69,69.69,133.31,0.7411,-1,-1,-1
1003,85,307.15,281.48,63.55,187.56,0.3867,-1,-1,-1
1003,83,397.47,263.38,71.29,212.21,0.3290,-1,-1,-1
1003,81,1676.63,163.23,59.01,161.67,0.3410,-1,-1,-1
1003,79,1744.13,673.63,85.02,251.95,0.6624,-1,-1,-1
1003,76,1174.30,629.73,84.44,260.25,0.7760,-1,-1,-1
1003,72,500.69,270.16,65.08,191.43,0.5757,-1,-1,-1
1003,68,379.19,459.32,78.82,215.58,0.5888,-1,-1,-1
1003,67,302.73,473.27,76.76,200.75,0.5403,-1,-1,-1
1003,65,926.92,279.79,64.90,202.88,0.5799,-1,-1,-1
1003,64,842.98,293.97,60.84,202.99,0.5556,-1,-1,-1
1003,60,1574.06,588.25,106.74,235.82,0.6746,-1,-1,-1
1003,54,336.69,875.86,89.07,204.14,0.7922,-1,-1,-1
1003,4,1720.68,459.82,73.25,209.11,0.5564,-1,-1,-1
1003,3,905.42,947.56,68.41,132.44,0.7487,-1,-1,-1
1004,86,592.91,549.15,87.36,243.18,0.4442,-1,-1,-1
1004,85,306.38,284.13,63.51,183.40,0.4080,-1,-1,-1
1004,81,1679.07,163.81,57.75,162.04,0.3158,-1,-1,-1
1004,79,1744.33,673.09,86.58,254.01,0.6366,-1,-1,-1
1004,76,1172.44,630.31,85.52,258.07,0.7750,-1,-1,-1
1004,72,501.41,272.40,64.10,190.56,0.5788,-1,-1,-1
1004,68,379.64,457.98,79.52,219.68,0.6273,-1,-1,-1
1004,67,301.38,473.37,76.07,199.27,0.4456,-1,-1,-1
1004,65,926.70,280.72,63.26,202.35,0.6020,-1,-1,-1
1004,64,844.71,294.18,57.42,205.48,0.5930,-1,-1,-1
1004,60,1574.23,587.85,106.54,236.48,0.6677,-1,-1,-1
1004,54,338.71,877.85,89.27,202.15,0.7991,-1,-1,-1
1004,4,1719.42,458.26,74.73,210.79,0.5258,-1,-1,-1
1004,3,904.53,947.60,68.95,132.40,0.7350,-1,-1,-1
1005,86,600.92,547.75,75.17,243.13,0.4574,-1,-1,-1
1005,85,305.68,285.97,63.83,184.18,0.4616,-1,-1,-1
1005,81,1678.52,164.98,59.16,158.55,0.3720,-1,-1,-1
1005,79,1744.52,673.87,87.84,253.67,0.6360,-1,-1,-1
1005,76,1170.92,628.55,85.66,260.16,0.7777,-1,-1,-1
1005,72,500.11,275.11,64.67,187.27,0.6125,-1,-1,-1
1005,68,379.99,459.52,79.15,222.54,0.5909,-1,-1,-1
1005,67,319.80,483.41,59.57,187.79,0.4013,-1,-1,-1
1005,65,927.83,279.45,63.10,202.82,0.6230,-1,-1,-1
1005,64,844.56,293.86,57.45,204.95,0.6137,-1,-1,-1
1005,60,1574.85,587.68,106.28,237.02,0.6471,-1,-1,-1
1005,54,341.09,878.68,88.88,201.32,0.8005,-1,-1,-1
1005,4,1720.12,457.89,73.39,212.25,0.5428,-1,-1,-1
1005,3,904.24,947.72,69.26,132.28,0.7349,-1,-1,-1
1006,86,598.16,547.43,79.10,244.54,0.4764,-1,-1,-1
1006,85,308.02,288.88,62.13,184.80,0.4342,-1,-1,-1
1006,81,1680.11,165.54,59.47,157.84,0.3658,-1,-1,-1
1006,79,1745.56,670.90,88.17,254.62,0.5949,-1,-1,-1
1006,76,1168.94,628.10,87.59,261.40,0.7661,-1,-1,-1
1006,72,502.30,277.30,62.03,186.58,0.5683,-1,-1,-1
1006,68,381.60,460.55,78.26,222.31,0.5390,-1,-1,-1
1006,67,321.08,483.35,58.47,186.79,0.4028,-1,-1,-1
1006,65,929.08,279.21,61.78,202.22,0.5945,-1,-1,-1
1006,64,843.99,292.26,59.28,203.15,0.6554,-1,-1,-1
1006,60,1574.56,588.79,106.38,235.78,0.6676,-1,-1,-1
1006,54,342.35,880.83,89.85,199.17,0.8022,-1,-1,-1
1006,4,1719.43,457.88,73.97,210.80,0.5259,-1,-1,-1
1006,3,904.85,949.03,68.38,130.97,0.7277,-1,-1,-1
1007,86,597.96,548.05,79.19,243.50,0.4767,-1,-1,-1
1007,85,306.73,291.38,63.16,186.03,0.4827,-1,-1,-1
1007,81,1683.80,165.77,56.61,157.74,0.3582,-1,-1,-1
1007,79,1746.43,670.38,89.01,257.81,0.6233,-1,-1,-1
1007,76,1167.13,628.54,88.41,258.68,0.7632,-1,-1,-1
1007,72,502.28,279.92,62.42,187.82,0.5994,-1,-1,-1
1007,68,385.02,466.66,79.50,225.77,0.5605,-1,-1,-1
1007,67,320.07,482.09,60.18,188.47,0.4475,-1,-1,-1
1007,65,931.30,275.01,58.39,206.67,0.6564,-1,-1,-1
1007,64,844.15,291.13,59.50,201.42,0.6928,-1,-1,-1
1007,60,1575.53,590.04,104.74,234.22,0.6643,-1,-1,-1
1007,54,343.82,882.55,91.24,197.45,0.8143,-1,-1,-1
1007,4,1719.05,458.41,75.90,210.76,0.5485,-1,-1,-1
1007,3,905.09,948.72,67.80,131.28,0.7239,-1,-1,-1
1008,86,597.15,548.27,79.87,244.02,0.5265,-1,-1,-1
1008,85,305.65,292.15,63.90,186.87,0.4919,-1,-1,-1
1008,83,390.75,277.04,75.99,153.37,0.3338,-1,-1,-1
1008,81,1685.74,165.79,55.59,157.39,0.3612,-1,-1,-1
1008,79,1746.15,672.89,88.35,255.35,0.5953,-1,-1,-1
1008,76,1165.16,626.84,87.34,259.51,0.7600,-1,-1,-1
1008,72,500.38,280.80,63.72,189.52,0.5668,-1,-1,-1
1008,68,382.20,463.76,79.28,223.42,0.5741,-1,-1,-1
1008,67,318.62,483.44,62.48,189.71,0.4973,-1,-1,-1
1008,65,931.59,273.90,57.70,208.38,0.6626,-1,-1,-1
1008,64,844.70,288.49,59.30,201.89,0.6845,-1,-1,-1
1008,60,1575.36,588.63,105.59,236.32,0.6717,-1,-1,-1
1008,54,344.92,883.40,92.36,196.60,0.8084,-1,-1,-1
1008,4,1718.87,458.39,75.49,211.31,0.5497,-1,-1,-1
1008,3,904.81,949.22,68.06,130.78,0.7353,-1,-1,-1
1009,86,593.36,548.04,83.69,244.44,0.5675,-1,-1,-1
1009,85,305.29,294.20,62.71,182.05,0.4538,-1,-1,-1
1009,83,388.48,280.58,77.72,197.67,0.3294,-1,-1,-1
1009,81,1687.16,167.21,54.86,158.83,0.3430,-1,-1,-1
1009,79,1744.95,671.85,90.64,252.57,0.5841,-1,-1,-1
1009,76,1160.27,624.97,87.16,260.12,0.7598,-1,-1,-1
1009,72,501.44,279.69,61.66,191.24,0.5671,-1,-1,-1
1009,68,381.20,465.75,82.24,224.50,0.5713,-1,-1,-1
1009,67,318.02,484.01,63.50,190.18,0.4912,-1,-1,-1
1009,65,929.04,277.89,60.79,204.17,0.6106,-1,-1,-1
1009,64,844.67,287.80,59.96,195.95,0.6418,-1,-1,-1
1009,60,1575.41,589.37,105.97,235.63,0.6870,-1,-1,-1
1009,54,345.27,886.20,96.47,193.80,0.8106,-1,-1,-1
1009,4,1719.75,458.06,77.02,212.33,0.5566,-1,-1,-1
1009,3,904.95,949.78,67.81,130.22,0.7388,-1,-1,-1
1010,86,592.25,550.00,84.97,242.32,0.5751,-1,-1,-1
1010,85,305.54,294.17,61.19,182.11,0.4089,-1,-1,-1
1010,81,1688.62,167.18,54.97,159.00,0.3130,-1,-1,-1
1010,79,1742.98,670.88,94.06,250.55,0.5448,-1,-1,-1
1010,76,1157.72,623.34,89.47,258.59,0.7590,-1,-1,-1
1010,72,501.53,282.76,60.45,189.40,0.5170,-1,-1,-1
1010,68,380.87,467.16,82.26,226.78,0.5126,-1,-1,-1
1010,67,316.69,483.77,64.72,192.79,0.4846,-1,-1,-1
1010,65,929.49,276.72,61.12,206.52,0.6284,-1,-1,-1
1010,64,844.27,285.17,60.53,197.63,0.6318,-1,-1,-1
1010,60,1575.55,588.98,105.60,235.02,0.6752,-1,-1,-1
1010,54,346.28,887.90,96.45,192.10,0.8095,-1,-1,-1
1010,4,1718.75,457.70,78.75,212.31,0.5378,-1,-1,-1
1010,3,904.40,949.56,68.85,130.44,0.7316,-1,-1,-1
1011,86,592.00,549.01,85.64,243.45,0.5547,-1,-1,-1
1011,85,306.67,295.76,58.79,183.97,0.3645,-1,-1,-1
1011,81,1688.81,169.15,55.33,158.48,0.3303,-1,-1,-1
1011,79,1737.52,672.04,99.78,251.23,0.4296,-1,-1,-1
1011,76,1156.41,621.38,90.13,260.16,0.7501,-1,-1,-1
1011,72,501.37,282.42,59.70,190.83,0.4517,-1,-1,-1
1011,68,379.91,467.81,82.90,228.40,0.4543,-1,-1,-1
1011,67,315.83,484.61,64.99,196.24,0.4341,-1,-1,-1
1011,65,928.47,276.51,62.53,205.20,0.6176,-1,-1,-1
1011,64,845.27,282.47,60.98,194.55,0.5813,-1,-1,-1
1011,60,1575.01,590.22,105.23,234.60,0.6662,-1,-1,-1
1011,54,348.31,890.47,96.80,189.53,0.8000,-1,-1,-1
1011,4,1717.90,456.70,79.23,213.32,0.5520,-1,-1,-1
1011,3,904.25,949.59,68.47,130.41,0.7364,-1,-1,-1
1012,86,590.14,550.33,87.32,242.64,0.5625,-1,-1,-1
1012,85,305.93,296.45,58.10,183.74,0.3176,-1,-1,-1
1012,83,385.34,280.10,72.86,201.38,0.3036,-1,-1,-1
1012,81,1688.62,170.71,56.78,157.49,0.3012,-1,-1,-1
1012,79,1735.77,676.04,100.61,251.13,0.4108,-1,-1,-1
1012,76,1154.45,618.49,89.93,261.12,0.7542,-1,-1,-1
1012,72,499.27,283.81,61.57,188.07,0.4220,-1,-1,-1
1012,68,380.29,469.72,80.79,226.94,0.4316,-1,-1,-1
1012,67,315.34,486.14,66.14,201.98,0.4081,-1,-1,-1
1012,65,930.69,273.74,60.97,205.89,0.5721,-1,-1,-1
1012,64,844.88,281.37,59.72,194.14,0.5904,-1,-1,-1
1012,60,1574.21,588.21,106.20,236.49,0.6592,-1,-1,-1
1012,54,348.36,893.20,100.16,186.80,0.8092,-1,-1,-1
1012,4,1718.03,456.28,78.89,213.11,0.5417,-1,-1,-1
1012,3,903.82,949.34,69.65,130.66,0.7304,-1,-1,-1
1013,86,589.26,550.70,88.35,242.69,0.6108,-1,-1,-1
1013,85,300.23,297.52,63.25,188.30,0.3835,-1,-1,-1
1013,83,384.14,277.58,74.62,202.70,0.3613,-1,-1,-1
1013,79,1732.27,673.04,105.92,254.94,0.3506,-1,-1,-1
1013,76,1154.90,616.34,88.20,258.27,0.7498,-1,-1,-1
1013,72,496.91,283.93,62.66,188.03,0.4206,-1,-1,-1
1013,68,380.38,471.41,80.96,226.44,0.4630,-1,-1,-1
1013,67,313.84,487.15,66.34,207.11,0.3972,-1,-1,-1
1013,65,929.97,271.82,61.56,206.49,0.5834,-1,-1,-1
1013,64,845.46,279.73,59.11,197.08,0.6106,-1,-1,-1
1013,60,1574.99,589.62,106.06,235.04,0.6641,-1,-1,-1
1013,54,349.72,895.89,100.90,184.11,0.8033,-1,-1,-1
1013,4,1717.25,456.16,80.13,212.88,0.5711,-1,-1,-1
1013,3,903.95,949.14,68.88,130.86,0.7071,-1,-1,-1
1014,86,588.34,551.09,87.91,242.65,0.5935,-1,-1,-1
1014,85,301.16,298.63,61.57,185.77,0.3515,-1,-1,-1
1014,79,1721.50,669.94,114.91,256.94,0.4741,-1,-1,-1
1014,76,1153.41,612.95,88.11,260.45,0.7436,-1,-1,-1
1014,72,495.01,285.13,64.96,187.83,0.4457,-1,-1,-1
1014,68,381.40,473.40,76.61,226.19,0.4523,-1,-1,-1
1014,67,293.17,488.99,84.66,207.58,0.4489,-1,-1,-1
1014,65,929.69,270.69,60.68,198.78,0.5356,-1,-1,-1
1014,64,843.09,278.51,60.83,197.93,0.5994,-1,-1,-1
1014,60,1572.77,587.30,106.99,236.91,0.6495,-1,-1,-1
1014,54,350.06,897.58,101.86,182.42,0.8028,-1,-1,-1
1014,4,1717.44,456.26,80.81,212.62,0.5493,-1,-1,-1
1014,3,904.67,948.64,69.08,131.36,0.7121,-1,-1,-1
1015,86,588.74,551.88,85.87,241.23,0.5562,-1,-1,-1
1015,85,299.35,299.76,63.24,184.80,0.3010,-1,-1,-1
1015,79,1719.66,670.85,117.15,258.03,0.4072,-1,-1,-1
1015,76,1154.95,611.24,83.12,254.43,0.7574,-1,-1,-1
1015,72,496.88,286.17,62.48,188.06,0.4469,-1,-1,-1
1015,68,380.49,474.00,80.44,226.13,0.5073,-1,-1,-1
1015,67,292.88,492.36,82.50,207.07,0.4842,-1,-1,-1
1015,65,929.66,270.24,58.75,200.78,0.5471,-1,-1,-1
1015,64,841.97,274.49,62.51,203.84,0.5934,-1,-1,-1
1015,60,1573.67,589.26,107.15,235.72,0.6603,-1,-1,-1
1015,54,351.39,900.86,101.05,179.14,0.7933,-1,-1,-1
1015,4,1717.29,455.86,81.71,212.76,0.5461,-1,-1,-1
1015,3,903.74,949.22,69.47,130.78,0.7080,-1,-1,-1
1016,86,587.13,550.92,86.73,242.72,0.5567,-1,-1,-1
1016,85,297.32,299.00,65.31,190.11,0.3597,-1,-1,-1
1016,81,1695.35,176.92,53.17,156.05,0.3252,-1,-1,-1
1016,79,1716.74,668.17,119.06,260.40,0.3893,-1,-1,-1
1016,76,1153.84,607.14,82.97,248.72,0.7732,-1,-1,-1
1016,72,495.86,286.10,62.77,188.21,0.4504,-1,-1,-1
1016,68,379.33,477.71,78.37,224.34,0.5179,-1,-1,-1
1016,67,293.51,496.00,80.57,204.96,0.4955,-1,-1,-1
1016,65,929.66,268.74,58.13,197.52,0.5462,-1,-1,-1
1016,64,842.70,276.95,61.90,198.64,0.5850,-1,-1,-1
1016,60,1573.34,587.75,106.91,237.17,0.6536,-1,-1,-1
1016,54,351.94,903.72,102.37,176.08,0.8084,-1,-1,-1
1016,4,1716.94,456.19,81.86,211.89,0.5174,-1,-1,-1
1016,3,904.04,948.54,68.10,131.46,0.7218,-1,-1,-1
1017,86,587.52,551.84,83.40,239.15,0.5827,-1,-1,-1
1017,85,296.61,298.81,66.24,191.03,0.3539,-1,-1,-1
1017,81,1694.76,177.96,56.37,160.06,0.3133,-1,-1,-1
1017,79,1723.07,676.32,107.39,252.63,0.4348,-1,-1,-1
1017,76,1152.47,603.55,82.95,245.66,0.7648,-1,-1,-1
1017,72,493.80,287.06,64.83,188.84,0.4705,-1,-1,-1
1017,68,379.03,479.26,78.06,222.73,0.4744,-1,-1,-1
1017,67,291.65,505.13,81.63,198.78,0.4684,-1,-1,-1
1017,65,929.30,265.60,59.16,197.11,0.5281,-1,-1,-1
1017,64,844.04,276.77,61.53,199.85,0.5929,-1,-1,-1
1017,60,1573.71,588.32,105.54,237.01,0.6683,-1,-1,-1
1017,54,353.18,907.75,101.80,171.30,0.8148,-1,-1,-1
1017,4,1717.15,456.84,81.58,212.97,0.4720,-1,-1,-1
1017,3,903.90,948.65,68.29,131.35,0.7080,-1,-1,-1
1018,86,586.75,551.62,83.58,239.24,0.5338,-1,-1,-1
1018,85,296.86,299.13,64.80,189.74,0.3595,-1,-1,-1
1018,81,1699.78,177.76,54.10,159.52,0.3377,-1,-1,-1
1018,79,1723.26,680.65,101.38,245.59,0.4467,-1,-1,-1
1018,76,1153.02,600.79,80.67,247.36,0.7484,-1,-1,-1
1018,72,493.67,288.46,64.32,190.99,0.4829,-1,-1,-1
1018,68,379.89,479.93,76.29,219.39,0.5369,-1,-1,-1
1018,67,289.94,507.47,83.39,198.92,0.4968,-1,-1,-1
1018,65,929.91,261.92,60.81,200.48,0.5210,-1,-1,-1
1018,64,843.34,276.23,62.25,201.20,0.5860,-1,-1,-1
1018,60,1573.73,591.27,104.43,233.88,0.6461,-1,-1,-1
1018,54,353.78,911.55,102.96,167.20,0.8027,-1,-1,-1
1018,4,1716.23,457.76,83.33,209.67,0.4674,-1,-1,-1
1018,3,904.30,948.50,67.66,131.50,0.7165,-1,-1,-1
1019,86,587.15,550.77,83.74,242.04,0.4853,-1,-1,-1
1019,85,294.67,298.88,64.70,190.97,0.3833,-1,-1,-1
1019,81,1701.27,176.73,54.25,161.16,0.3693,-1,-1,-1
1019,79,1721.74,676.87,97.66,247.16,0.4614,-1,-1,-1
1019,76,1152.62,598.85,81.15,247.60,0.7363,-1,-1,-1
1019,72,493.20,288.83,65.35,195.38,0.4635,-1,-1,-1
1019,68,379.81,482.16,76.57,215.86,0.5524,-1,-1,-1
1019,67,288.97,508.46,83.09,198.59,0.5360,-1,-1,-1
1019,65,926.35,260.35,65.70,200.85,0.5771,-1,-1,-1
1019,64,843.20,273.10,61.78,203.49,0.5804,-1,-1,-1
1019,60,1573.67,590.50,104.06,235.33,0.6631,-1,-1,-1
1019,54,354.02,914.64,102.68,163.76,0.8014,-1,-1,-1
1019,4,1716.29,457.44,83.09,209.66,0.4861,-1,-1,-1
1019,3,903.12,948.20,67.73,131.80,0.7164,-1,-1,-1
1020,86,584.98,551.53,85.15,240.20,0.5320,-1,-1,-1
1020,85,294.33,298.53,64.48,190.72,0.4009,-1,-1,-1
1020,81,1703.06,177.28,52.99,161.54,0.4364,-1,-1,-1
1020,79,1720.40,671.92,96.20,252.91,0.4644,-1,-1,-1
1020,76,1150.21,596.17,83.65,250.31,0.7270,-1,-1,-1
1020,72,494.07,292.14,64.95,192.45,0.4685,-1,-1,-1
1020,68,379.60,482.90,77.43,214.79,0.5435,-1,-1,-1
1020,67,287.53,508.35,83.18,197.53,0.4303,-1,-1,-1
1020,65,924.31,260.11,66.88,198.78,0.5331,-1,-1,-1
1020,64,843.55,275.92,62.07,199.40,0.5932,-1,-1,-1
1020,60,1575.09,589.36,103.51,236.56,0.6436,-1,-1,-1
1020,54,354.80,917.18,102.60,161.73,0.8049,-1,-1,-1
1020,4,1718.17,454.67,80.92,204.62,0.4870,-1,-1,-1
1020,3,903.47,947.33,67.80,132.58,0.7094,-1,-1,-1
1021,86,583.94,550.50,86.31,240.39,0.5163,-1,-1,-1
1021,85,292.42,299.61,66.39,193.48,0.4330,-1,-1,-1
1021,81,1703.47,178.19,54.30,161.50,0.4311,-1,-1,-1
1021,79,1715.99,672.46,92.32,250.48,0.5399,-1,-1,-1
1021,76,1147.95,593.71,84.15,251.67,0.7213,-1,-1,-1
1021,72,492.21,294.74,66.48,189.63,0.4918,-1,-1,-1
1021,68,378.54,484.67,79.05,215.81,0.5565,-1,-1,-1
1021,67,284.04,506.55,88.29,199.16,0.5316,-1,-1,-1
1021,65,926.40,258.25,65.70,196.07,0.5380,-1,-1,-1
1021,64,843.66,274.69,61.90,199.83,0.6060,-1,-1,-1
1021,60,1574.99,589.44,103.41,237.45,0.6523,-1,-1,-1
1021,54,356.30,918.20,100.98,160.57,0.8074,-1,-1,-1
1021,4,1718.75,454.64,80.90,202.68,0.5034,-1,-1,-1
1021,3,902.25,945.62,68.87,134.38,0.7015,-1,-1,-1
1022,86,583.59,549.77,85.21,240.86,0.5285,-1,-1,-1
1022,85,292.41,299.54,65.25,193.58,0.4441,-1,-1,-1
1022,83,376.09,296.35,73.02,195.04,0.3464,-1,-1,-1
1022,81,1702.40,178.02,57.48,163.32,0.4388,-1,-1,-1
1022,79,1714.65,671.90,92.08,247.41,0.5986,-1,-1,-1
1022,76,1147.54,593.43,85.88,252.76,0.7301,-1,-1,-1
1022,72,492.48,296.46,66.11,188.16,0.4946,-1,-1,-1
1022,68,378.07,485.36,80.77,226.47,0.5685,-1,-1,-1
1022,67,308.47,508.94,63.53,194.98,0.4167,-1,-1,-1
1022,65,925.36,258.52,66.89,197.27,0.5721,-1,-1,-1
1022,64,843.60,273.30,61.76,199.03,0.6093,-1,-1,-1
1022,60,1576.81,589.14,101.36,237.50,0.6493,-1,-1,-1
1022,54,358.36,920.13,98.97,158.81,0.8165,-1,-1,-1
1022,4,1718.76,454.69,80.34,198.26,0.5124,-1,-1,-1
1022,3,902.84,946.51,67.41,133.26,0.7122,-1,-1,-1
1023,86,583.41,550.05,83.74,239.55,0.4689,-1,-1,-1
1023,85,290.07,300.71,66.66,191.76,0.4698,-1,-1,-1
1023,83,376.11,297.75,70.21,196.90,0.3456,-1,-1,-1
1023,81,1701.88,178.63,58.71,165.82,0.4238,-1,-1,-1
1023,79,1712.89,674.73,92.84,245.49,0.6402,-1,-1,-1
1023,76,1147.87,591.08,84.80,255.19,0.7125,-1,-1,-1
1023,72,491.53,297.94,67.05,192.00,0.5011,-1,-1,-1
1023,68,378.24,485.66,80.84,229.87,0.5622,-1,-1,-1
1023,67,287.24,503.92,83.76,201.58,0.4443,-1,-1,-1
1023,65,926.94,257.49,64.89,199.68,0.5375,-1,-1,-1
1023,64,843.35,273.59,61.67,194.52,0.5968,-1,-1,-1
1023,60,1574.58,587.61,103.82,239.25,0.5947,-1,-1,-1
1023,54,358.48,922.49,98.92,156.26,0.8094,-1,-1,-1
1023,4,1719.14,455.09,80.71,193.50,0.5301,-1,-1,-1
1023,3,902.76,945.80,66.93,133.82,0.7106,-1,-1,-1
1024,86,584.95,549.63,80.97,239.86,0.4874,-1,-1,-1
1024,85,289.09,302.19,66.47,191.96,0.4817,-1,-1,-1
1024,81,1701.42,180.29,60.34,166.86,0.3542,-1,-1,-1
1024,79,1711.84,675.92,92.01,244.05,0.5928,-1,-1,-1
1024,76,1145.99,589.73,86.65,254.85,0.6897,-1,-1,-1
1024,72,491.89,298.59,66.24,194.95,0.5346,-1,-1,-1
1024,68,378.44,487.43,80.43,229.15,0.5553,-1,-1,-1
1024,67,286.52,504.99,83.61,200.20,0.4657,-1,-1,-1
1024,65,927.86,257.35,63.80,202.59,0.5887,-1,-1,-1
1024,64,842.78,271.73,62.12,192.63,0.6218,-1,-1,-1
1024,60,1574.75,587.59,103.36,239.13,0.5995,-1,-1,-1
1024,54,359.08,924.73,98.99,154.40,0.8090,-1,-1,-1
1024,4,1719.28,454.62,79.29,191.17,0.5641,-1,-1,-1
1024,3,903.43,946.46,66.91,133.52,0.7226,-1,-1,-1
1025,86,584.56,546.45,78.68,242.94,0.4618,-1,-1,-1
1025,85,288.17,303.04,66.90,193.61,0.4816,-1,-1,-1
1025,81,1699.10,181.94,62.63,173.42,0.3617,-1,-1,-1
1025,79,1711.24,678.18,87.94,242.17,0.6031,-1,-1,-1
1025,76,1143.69,588.69,88.99,254.19,0.6880,-1,-1,-1
1025,72,492.62,300.24,66.07,194.99,0.5061,-1,-1,-1
1025,68,377.85,488.31,78.58,232.45,0.5157,-1,-1,-1
1025,67,286.74,506.47,82.10,198.39,0.4786,-1,-1,-1
1025,65,930.77,257.58,60.50,204.41,0.5799,-1,-1,-1
1025,64,842.78,268.00,61.93,196.25,0.6656,-1,-1,-1
1025,60,1574.53,587.51,102.42,239.48,0.5712,-1,-1,-1
1025,54,360.27,926.10,98.16,153.53,0.8112,-1,-1,-1
1025,4,1718.79,454.36,80.86,192.58,0.5434,-1,-1,-1
1025,3,902.97,946.04,65.77,133.72,0.7138,-1,-1,-1
1026,86,585.36,546.59,76.51,242.13,0.4323,-1,-1,-1
1026,85,288.91,304.49,66.56,194.25,0.4597,-1,-1,-1
1026,83,371.60,300.16,69.91,191.78,0.4349,-1,-1,-1
1026,81,1697.81,184.77,65.66,175.95,0.3746,-1,-1,-1
1026,79,1710.51,683.52,84.33,238.59,0.6231,-1,-1,-1
1026,76,1143.32,588.76,87.18,249.99,0.6912,-1,-1,-1
1026,72,492.85,300.25,66.87,195.72,0.5992,-1,-1,-1
1026,68,377.71,491.72,76.93,232.01,0.5375,-1,-1,-1
1026,67,289.16,503.99,79.67,199.99,0.4842,-1,-1,-1
1026,65,932.66,256.85,59.27,203.95,0.5994,-1,-1,-1
1026,64,843.81,267.04,61.20,189.88,0.6342,-1,-1,-1
1026,60,1576.27,589.16,101.49,237.99,0.6184,-1,-1,-1
1026,54,362.00,927.97,96.91,151.13,0.8076,-1,-1,-1
1026,4,1718.87,454.17,80.51,190.64,0.5661,-1,-1,-1
1026,3,902.01,945.75,66.59,134.08,0.7177,-1,-1,-1
1027,86,585.03,546.98,72.13,242.60,0.4391,-1,-1,-1
1027,85,290.09,306.85,65.35,192.90,0.4444,-1,-1,-1
1027,83,370.23,302.19,70.45,193.43,0.5207,-1,-1,-1
1027,81,1697.86,188.19,66.83,174.75,0.3425,-1,-1,-1
1027,79,1705.44,672.51,84.31,243.86,0.5731,-1,-1,-1
1027,76,1142.26,588.59,86.27,252.57,0.7251,-1,-1,-1
1027,72,493.50,302.26,65.99,193.75,0.6042,-1,-1,-1
1027,68,376.60,494.13,73.84,232.29,0.5655,-1,-1,-1
1027,67,292.01,505.30,76.01,199.32,0.5615,-1,-1,-1
1027,65,934.17,256.57,57.79,205.50,0.5791,-1,-1,-1
1027,64,845.42,265.23,59.18,188.15,0.6329,-1,-1,-1
1027,60,1575.13,589.49,103.06,237.81,0.6723,-1,-1,-1
1027,54,364.15,929.88,96.84,148.87,0.8122,-1,-1,-1
1027,4,1719.01,454.80,81.53,190.10,0.5369,-1,-1,-1
1027,3,902.46,945.84,64.35,133.67,0.7179,-1,-1,-1
1028,86,585.94,546.13,70.62,243.73,0.4757,-1,-1,-1
1028,85,289.75,308.62,63.46,192.47,0.4422,-1,-1,-1
1028,83,370.21,306.55,70.52,190.80,0.5329,-1,-1,-1
1028,81,1698.49,191.52,65.90,171.36,0.3504,-1,-1,-1
1028,79,1705.54,658.22,82.29,256.11,0.5204,-1,-1,-1
1028,76,1141.42,587.04,84.76,248.81,0.7228,-1,-1,-1
1028,72,495.96,303.61,63.25,192.02,0.5131,-1,-1,-1
1028,68,375.24,497.14,76.89,229.98,0.5981,-1,-1,-1
1028,67,296.49,509.87,70.60,196.38,0.5644,-1,-1,-1
1028,65,935.87,256.24,58.05,198.03,0.5854,-1,-1,-1
1028,64,846.30,262.56,59.18,188.37,0.6024,-1,-1,-1
1028,60,1574.87,589.28,102.36,238.11,0.6740,-1,-1,-1
1028,54,365.29,931.83,95.97,147.35,0.8205,-1,-1,-1
1028,4,1717.53,457.75,82.66,201.93,0.5748,-1,-1,-1
1028,3,902.35,945.68,64.31,134.32,0.7132,-1,-1,-1
1029,86,586.52,545.42,65.05,244.73,0.4998,-1,-1,-1
1029,85,290.53,311.26,62.19,192.51,0.3668,-1,-1,-1
1029,83,370.58,307.40,68.11,193.22,0.5067,-1,-1,-1
1029,81,1699.31,193.22,65.82,168.89,0.3553,-1,-1,-1
1029,79,1702.66,639.33,83.47,274.20,0.4038,-1,-1,-1
1029,76,1141.29,586.22,81.56,249.01,0.7394,-1,-1,-1
1029,72,493.92,304.45,64.75,191.17,0.5337,-1,-1,-1
1029,68,374.81,499.85,77.44,227.71,0.6166,-1,-1,-1
1029,67,295.22,512.57,70.73,197.24,0.5981,-1,-1,-1
1029,65,936.46,255.53,58.67,202.03,0.6222,-1,-1,-1
1029,64,847.63,261.71,58.44,189.95,0.5971,-1,-1,-1
1029,60,1574.19,589.70,103.13,237.71,0.6888,-1,-1,-1
1029,54,367.66,932.69,94.98,145.90,0.8127,-1,-1,-1
1029,4,1717.85,459.15,83.78,201.29,0.5821,-1,-1,-1
1029,3,901.64,945.36,63.64,134.64,0.6991,-1,-1,-1
1030,87,1842.64,237.84,60.86,189.03,0.3155,-1,-1,-1
1030,86,586.10,544.54,65.94,245.71,0.4708,-1,-1,-1
1030,85,291.98,312.03,62.19,189.33,0.4060,-1,-1,-1
1030,83,368.61,308.41,69.20,194.43,0.5652,-1,-1,-1
1030,81,1700.37,196.30,64.61,161.83,0.3167,-1,-1,-1
1030,79,1701.82,639.21,83.77,273.60,0.4532,-1,-1,-1
1030,76,1140.64,584.05,79.21,249.50,0.7752,-1,-1,-1
1030,72,493.32,302.68,65.36,193.31,0.5338,-1,-1,-1
1030,68,373.35,500.72,71.79,226.80,0.6114,-1,-1,-1
1030,67,294.93,512.00,71.32,202.60,0.6495,-1,-1,-1
1030,65,936.57,254.36,59.23,200.22,0.5627,-1,-1,-1
1030,64,848.27,260.98,57.08,192.88,0.5864,-1,-1,-1
1030,60,1573.99,588.30,101.75,239.69,0.6454,-1,-1,-1
1030,54,368.04,935.83,95.34,142.67,0.8001,-1,-1,-1
1030,4,1717.83,457.91,82.66,201.97,0.5786,-1,-1,-1
1030,3,901.37,945.01,62.08,134.99,0.7173,-1,-1,-1
1031,87,1844.48,241.25,58.29,187.11,0.3029,-1,-1,-1
1031,86,585.61,544.35,63.92,246.75,0.4729,-1,-1,-1
1031,85,293.15,314.49,62.61,190.52,0.4002,-1,-1,-1
1031,83,367.54,309.75,69.78,193.67,0.5661,-1,-1,-1
1031,81,1701.20,198.31,63.71,163.39,0.3373,-1,-1,-1
1031,79,1684.11,637.85,98.57,277.84,0.5302,-1,-1,-1
1031,76,1139.93,578.16,78.29,248.39,0.7785,-1,-1,-1
1031,72,492.96,302.23,65.27,189.79,0.5711,-1,-1,-1
1031,68,373.25,500.38,79.16,229.24,0.6369,-1,-1,-1
1031,67,294.52,513.88,71.05,211.56,0.6803,-1,-1,-1
1031,65,938.47,250.73,57.59,197.08,0.5686,-1,-1,-1
1031,64,848.37,259.33,57.40,194.28,0.5696,-1,-1,-1
1031,60,1572.93,590.68,103.43,236.91,0.6565,-1,-1,-1
1031,54,371.29,937.26,92.66,141.03,0.7950,-1,-1,-1
1031,4,1717.78,458.54,82.95,205.43,0.6012,-1,-1,-1
1031,3,900.01,944.51,61.85,135.49,0.7212,-1,-1,-1
1032,87,1846.37,241.92,59.20,189.31,0.3020,-1,-1,-1
1032,86,585.99,543.68,62.16,247.17,0.4717,-1,-1,-1
1032,85,293.13,316.28,64.91,190.13,0.4092,-1,-1,-1
1032,83,366.62,310.75,69.81,193.34,0.5058,-1,-1,-1
1032,81,1701.53,200.32,62.83,164.72,0.3728,-1,-1,-1
1032,79,1680.24,641.20,98.49,275.97,0.4868,-1,-1,-1
1032,76,1139.40,574.88,77.27,245.55,0.7699,-1,-1,-1
1032,72,493.94,304.77,63.24,187.26,0.4874,-1,-1,-1
1032,68,373.92,500.72,77.82,229.88,0.6621,-1,-1,-1
1032,67,294.79,516.20,71.20,213.08,0.6870,-1,-1,-1
1032,65,939.56,248.63,56.71,194.06,0.6191,-1,-1,-1
1032,64,848.46,256.19,58.19,194.51,0.5792,-1,-1,-1
1032,60,1573.57,590.31,101.58,237.52,0.6397,-1,-1,-1
1032,54,372.96,941.06,91.03,137.31,0.7708,-1,-1,-1
1032,4,1717.96,458.53,82.83,207.80,0.5970,-1,-1,-1
1032,3,899.51,944.02,61.01,135.96,0.7001,-1,-1,-1
1033,86,585.42,542.09,61.39,237.77,0.4308,-1,-1,-1
1033,85,293.32,317.57,65.31,190.68,0.3546,-1,-1,-1
1033,83,365.56,311.55,70.28,192.57,0.5324,-1,-1,-1
1033,79,1676.16,638.55,101.04,279.28,0.5392,-1,-1,-1
1033,76,1139.26,572.17,76.36,241.98,0.7705,-1,-1,-1
1033,72,492.36,306.24,64.70,190.25,0.4650,-1,-1,-1
1033,68,373.01,501.60,77.60,228.70,0.6440,-1,-1,-1
1033,67,294.27,518.16,71.42,213.57,0.6678,-1,-1,-1
1033,65,940.12,247.15,58.50,194.58,0.6346,-1,-1,-1
1033,64,847.97,255.75,59.11,195.37,0.5525,-1,-1,-1
1033,60,1574.75,591.77,98.91,236.57,0.6248,-1,-1,-1
1033,54,373.22,943.93,91.88,133.67,0.7609,-1,-1,-1
1033,4,1718.38,458.33,81.94,206.94,0.5883,-1,-1,-1
1033,3,898.76,944.00,59.85,136.00,0.6958,-1,-1,-1
1034,86,585.05,541.46,59.21,248.88,0.4499,-1,-1,-1
1034,85,294.55,319.23,65.74,189.82,0.3832,-1,-1,-1
1034,83,365.66,312.34,69.32,193.88,0.5748,-1,-1,-1
1034,79,1675.29,637.87,100.12,279.73,0.5382,-1,-1,-1
1034,76,1140.10,568.92,74.67,242.65,0.7687,-1,-1,-1
1034,72,489.49,308.09,66.40,192.74,0.4864,-1,-1,-1
1034,68,372.52,503.31,73.88,226.86,0.6246,-1,-1,-1
1034,67,293.97,521.07,73.15,212.69,0.6706,-1,-1,-1
1034,65,940.06,244.39,57.89,195.47,0.6023,-1,-1,-1
1034,64,847.88,256.19,59.96,194.22,0.5583,-1,-1,-1
1034,60,1573.78,595.27,100.92,231.88,0.5892,-1,-1,-1
1034,54,376.38,947.49,88.42,131.27,0.7544,-1,-1,-1
1034,4,1717.31,457.68,82.45,206.25,0.5856,-1,-1,-1
1034,3,897.16,943.72,60.96,136.28,0.7087,-1,-1,-1
1035,86,585.19,540.52,59.44,250.18,0.4078,-1,-1,-1
1035,85,294.56,320.68,65.53,187.96,0.4264,-1,-1,-1
1035,83,365.90,312.40,68.84,195.36,0.5548,-1,-1,-1
1035,79,1676.46,635.44,92.02,279.80,0.6020,-1,-1,-1
1035,76,1138.42,568.09,75.92,241.62,0.7607,-1,-1,-1
1035,72,488.61,311.73,67.57,193.13,0.4530,-1,-1,-1
1035,68,371.61,504.15,77.35,224.20,0.6206,-1,-1,-1
1035,67,290.89,523.62,80.06,211.35,0.6425,-1,-1,-1
1035,65,939.71,242.75,58.99,197.75,0.6449,-1,-1,-1
1035,64,848.55,255.22,58.93,194.37,0.5653,-1,-1,-1
1035,60,1572.79,594.15,100.54,232.97,0.6063,-1,-1,-1
1035,54,377.75,950.85,88.86,128.72,0.7441,-1,-1,-1
1035,4,1718.49,458.57,80.13,203.23,0.5955,-1,-1,-1
1035,3,896.67,942.88,59.73,137.12,0.7048,-1,-1,-1
1036,86,585.07,541.77,59.82,249.18,0.4092,-1,-1,-1
1036,85,293.46,320.12,67.84,191.85,0.4071,-1,-1,-1
1036,83,364.76,314.51,69.05,183.53,0.3817,-1,-1,-1
1036,79,1676.40,633.77,88.73,281.34,0.6304,-1,-1,-1
1036,76,1137.74,566.03,75.32,246.99,0.7364,-1,-1,-1
1036,72,488.90,309.03,68.54,195.95,0.4476,-1,-1,-1
1036,68,371.34,504.18,77.43,224.31,0.6307,-1,-1,-1
1036,67,292.03,525.86,78.03,208.95,0.5829,-1,-1,-1
1036,65,939.77,241.00,57.86,197.62,0.6589,-1,-1,-1
1036,64,849.71,254.37,57.75,195.53,0.5759,-1,-1,-1
1036,60,1573.52,595.31,99.36,232.20,0.6051,-1,-1,-1
1036,54,380.31,953.81,88.84,126.19,0.7314,-1,-1,-1
1036,4,1718.79,460.63,80.24,202.19,0.5844,-1,-1,-1
1036,3,895.48,941.42,59.73,138.58,0.7198,-1,-1,-1
1037,88,1275.22,179.67,59.05,143.22,0.3301,-1,-1,-1
1037,86,586.93,539.85,56.88,251.73,0.4469,-1,-1,-1
1037,85,292.80,321.19,67.90,188.31,0.4186,-1,-1,-1
1037,83,363.06,319.46,72.44,156.70,0.3061,-1,-1,-1
1037,81,1707.37,203.16,60.97,161.21,0.4038,-1,-1,-1
1037,79,1674.97,631.37,87.39,280.21,0.6189,-1,-1,-1
1037,76,1136.64,563.96,75.78,249.30,0.7501,-1,-1,-1
1037,72,488.77,310.82,70.86,195.83,0.4498,-1,-1,-1
1037,68,371.02,505.21,79.52,222.41,0.6693,-1,-1,-1
1037,67,287.26,527.89,82.46,206.94,0.5516,-1,-1,-1
1037,65,940.15,240.84,57.93,198.11,0.6868,-1,-1,-1
1037,64,849.50,252.79,58.74,196.32,0.5732,-1,-1,-1
1037,60,1572.96,595.29,98.72,231.78,0.6299,-1,-1,-1
1037,54,383.74,956.37,87.84,123.63,0.7572,-1,-1,-1
1037,4,1718.79,460.07,79.69,202.84,0.6304,-1,-1,-1
1037,3,895.60,940.40,57.87,139.60,0.7297,-1,-1,-1
1038,86,586.86,539.56,57.58,251.71,0.4572,-1,-1,-1
1038,85,294.82,321.75,62.71,187.58,0.3781,-1,-1,-1
1038,83,362.20,319.52,74.97,158.49,0.3110,-1,-1,-1
1038,81,1709.81,204.15,59.11,162.49,0.3250,-1,-1,-1
1038,79,1669.71,631.41,93.34,279.59,0.6215,-1,-1,-1
1038,76,1134.32,563.31,79.37,253.63,0.7537,-1,-1,-1
1038,72,488.80,313.57,70.27,195.93,0.4427,-1,-1,-1
1038,68,371.22,505.38,78.63,223.24,0.6653,-1,-1,-1
1038,67,298.28,531.35,67.75,203.40,0.4903,-1,-1,-1
1038,65,940.13,240.00,57.35,199.06,0.6838,-1,-1,-1
1038,64,849.51,251.96,59.72,196.65,0.5633,-1,-1,-1
1038,60,1573.48,595.09,97.85,231.98,0.6315,-1,-1,-1
1038,54,385.07,958.72,90.43,121.28,0.7812,-1,-1,-1
1038,4,1718.98,460.46,79.30,201.59,0.6306,-1,-1,-1
1038,3,893.65,938.63,57.77,141.37,0.7230,-1,-1,-1
1039,87,1854.52,239.67,64.04,194.27,0.3064,-1,-1,-1
1039,86,587.34,539.26,56.71,252.39,0.4542,-1,-1,-1
1039,85,293.86,321.82,64.29,188.49,0.3923,-1,-1,-1
1039,83,360.65,318.76,77.17,157.22,0.3402,-1,-1,-1
1039,81,1712.14,206.07,57.78,161.67,0.3330,-1,-1,-1
1039,79,1663.57,632.26,96.32,278.53,0.6260,-1,-1,-1
1039,76,1129.81,562.67,82.66,254.25,0.7656,-1,-1,-1
1039,72,488.00,314.67,67.79,197.35,0.4416,-1,-1,-1
1039,68,370.90,506.19,77.32,223.24,0.6574,-1,-1,-1
1039,67,301.33,532.38,61.95,202.11,0.5360,-1,-1,-1
1039,65,940.03,238.89,56.99,199.50,0.6589,-1,-1,-1
1039,64,850.29,251.54,58.99,195.34,0.5373,-1,-1,-1
1039,60,1572.74,593.56,98.58,233.22,0.6041,-1,-1,-1
1039,54,389.20,959.17,87.42,120.83,0.7463,-1,-1,-1
1039,4,1718.85,459.97,79.17,204.02,0.6351,-1,-1,-1
1039,3,892.80,939.43,58.78,140.57,0.7282,-1,-1,-1
1040,86,587.98,538.70,55.97,251.97,0.4953,-1,-1,-1
1040,85,291.33,323.62,72.62,188.03,0.3836,-1,-1,-1
1040,83,360.35,320.44,77.73,155.62,0.3176,-1,-1,-1
1040,81,1713.32,206.92,57.46,157.55,0.3708,-1,-1,-1
1040,79,1661.00,633.78,96.17,279.57,0.6279,-1,-1,-1
1040,76,1126.61,562.62,82.68,254.63,0.7765,-1,-1,-1
1040,72,487.71,319.96,66.09,194.72,0.4483,-1,-1,-1
1040,68,371.32,508.07,79.39,225.69,0.6860,-1,-1,-1
1040,67,301.60,535.74,59.77,199.48,0.4553,-1,-1,-1
1040,65,939.31,238.43,57.75,199.36,0.6254,-1,-1,-1
1040,64,851.10,248.91,59.65,192.76,0.5329,-1,-1,-1
1040,60,1572.67,595.75,98.77,230.66,0.6023,-1,-1,-1
1040,54,391.97,961.29,87.59,118.71,0.7245,-1,-1,-1
1040,4,1719.21,459.66,78.50,204.96,0.6537,-1,-1,-1
1040,3,891.24,938.61,59.44,141.39,0.7288,-1,-1,-1
1041,86,588.35,538.89,56.09,253.98,0.4989,-1,-1,-1
1041,85,291.86,324.60,73.51,185.71,0.4100,-1,-1,-1
1041,81,1713.70,209.13,58.34,154.11,0.3557,-1,-1,-1
1041,79,1661.19,636.29,92.34,275.62,0.5460,-1,-1,-1
1041,76,1125.86,561.01,84.32,252.81,0.7934,-1,-1,-1
1041,72,486.54,323.66,65.62,191.27,0.4597,-1,-1,-1
1041,68,371.67,510.47,78.67,227.32,0.6519,-1,-1,-1
1041,67,302.65,534.75,58.46,199.35,0.4483,-1,-1,-1
1041,65,939.57,237.61,57.92,200.43,0.6494,-1,-1,-1
1041,64,850.11,247.08,61.83,190.35,0.5401,-1,-1,-1
1041,60,1572.86,593.58,99.58,232.21,0.6037,-1,-1,-1
1041,54,395.26,963.71,89.49,116.29,0.7475,-1,-1,-1
1041,4,1719.14,459.39,79.12,205.87,0.6579,-1,-1,-1
1041,3,889.02,938.44,57.44,141.56,0.7129,-1,-1,-1
1042,86,588.10,539.00,56.75,251.99,0.4912,-1,-1,-1
1042,85,291.43,325.45,73.45,187.72,0.3872,-1,-1,-1
1042,79,1658.95,638.11,93.07,272.72,0.5478,-1,-1,-1
1042,76,1125.34,559.86,83.34,249.65,0.7839,-1,-1,-1
1042,72,487.18,325.42,63.75,189.58,0.4328,-1,-1,-1
1042,68,371.59,510.22,79.72,230.89,0.6635,-1,-1,-1
1042,67,300.55,536.21,58.71,195.33,0.3848,-1,-1,-1
1042,65,940.32,237.84,57.60,199.92,0.6358,-1,-1,-1
1042,64,850.68,244.32,63.09,187.70,0.5132,-1,-1,-1
1042,60,1572.67,592.10,100.02,232.72,0.5835,-1,-1,-1
1042,54,396.86,964.46,93.31,115.44,0.7534,-1,-1,-1
1042,4,1719.50,460.43,77.28,205.42,0.6193,-1,-1,-1
1042,3,887.29,937.77,57.85,142.23,0.7265,-1,-1,-1
1043,86,588.63,538.29,55.65,252.63,0.5031,-1,-1,-1
1043,85,291.68,325.81,71.39,195.11,0.3638,-1,-1,-1
1043,83,358.76,324.05,75.35,153.54,0.3142,-1,-1,-1
1043,79,1661.73,641.05,88.94,271.49,0.4604,-1,-1,-1
1043,76,1123.50,559.25,83.54,247.38,0.7816,-1,-1,-1
1043,72,484.00,324.56,65.46,190.07,0.4366,-1,-1,-1
1043,68,371.70,511.38,80.28,232.29,0.6772,-1,-1,-1
1043,67,301.34,535.60,59.01,196.77,0.3839,-1,-1,-1
1043,65,941.13,237.42,56.33,199.32,0.6311,-1,-1,-1
1043,64,850.19,241.58,64.25,190.50,0.5035,-1,-1,-1
1043,60,1571.46,593.01,102.11,231.87,0.5410,-1,-1,-1
1043,54,397.07,965.92,95.64,114.08,0.7560,-1,-1,-1
1043,4,1719.74,458.49,77.61,207.93,0.6047,-1,-1,-1
1043,3,885.71,937.61,59.00,142.39,0.7181,-1,-1,-1
1044,86,588.46,538.94,56.79,251.90,0.4965,-1,-1,-1
1044,85,290.37,325.21,69.98,202.54,0.4066,-1,-1,-1
1044,83,353.65,322.58,85.46,203.89,0.3861,-1,-1,-1
1044,79,1657.14,642.39,94.66,273.93,0.5197,-1,-1,-1
1044,76,1122.54,557.38,81.54,247.99,0.7760,-1,-1,-1
1044,72,485.11,324.06,65.41,191.78,0.4429,-1,-1,-1
1044,68,372.80,514.74,78.11,233.85,0.6526,-1,-1,-1
1044,67,279.21,533.00,84.25,201.53,0.3488,-1,-1,-1
1044,65,941.39,236.51,55.78,199.08,0.6268,-1,-1,-1
1044,64,851.26,240.08,64.11,189.82,0.4883,-1,-1,-1
1044,60,1571.14,589.63,104.11,234.05,0.4589,-1,-1,-1
1044,54,398.41,968.11,97.32,111.89,0.7458,-1,-1,-1
1044,4,1719.41,459.12,77.06,207.56,0.6035,-1,-1,-1
1044,3,884.05,937.55,59.08,142.45,0.7015,-1,-1,-1
1045,86,588.75,538.27,55.52,252.82,0.4984,-1,-1,-1
1045,85,290.08,325.66,69.13,201.79,0.4343,-1,-1,-1
1045,83,354.05,323.75,82.00,207.18,0.5331,-1,-1,-1
1045,81,1718.08,214.54,57.33,165.15,0.3110,-1,-1,-1
1045,79,1651.00,642.93,97.35,271.66,0.5482,-1,-1,-1
1045,76,1119.87,554.44,82.76,250.18,0.7756,-1,-1,-1
1045,72,483.48,324.75,65.62,191.25,0.4030,-1,-1,-1
1045,68,373.19,517.68,79.29,232.76,0.6506,-1,-1,-1
1045,67,300.00,538.05,61.68,198.84,0.4011,-1,-1,-1
1045,65,941.26,235.04,55.67,199.74,0.6043,-1,-1,-1
1045,64,851.68,238.75,63.80,192.46,0.5560,-1,-1,-1
1045,60,1570.67,592.64,103.97,231.07,0.4723,-1,-1,-1
1045,54,398.94,968.85,101.81,111.15,0.7483,-1,-1,-1
1045,4,1719.43,461.29,76.86,206.40,0.6023,-1,-1,-1
1045,3,883.99,937.25,60.37,142.75,0.7091,-1,-1,-1
1046,86,588.97,539.12,55.24,251.62,0.4660,-1,-1,-1
1046,85,290.96,327.91,66.39,202.17,0.4209,-1,-1,-1
1046,83,350.28,327.12,82.06,206.21,0.5148,-1,-1,-1
1046,79,1652.07,643.88,94.65,269.83,0.5405,-1,-1,-1
1046,76,1120.22,553.40,80.90,246.67,0.7769,-1,-1,-1
1046,72,482.73,324.24,67.29,191.78,0.4161,-1,-1,-1
1046,68,374.12,520.25,75.71,233.83,0.6333,-1,-1,-1
1046,67,283.78,537.11,78.49,207.03,0.4966,-1,-1,-1
1046,65,941.10,234.37,54.70,200.30,0.5944,-1,-1,-1
1046,64,850.83,238.59,64.73,192.23,0.5465,-1,-1,-1
1046,60,1575.42,593.14,100.37,231.53,0.4323,-1,-1,-1
1046,54,399.67,970.93,103.42,109.07,0.7449,-1,-1,-1
1046,4,1718.46,461.06,77.55,206.34,0.6025,-1,-1,-1
1046,3,882.06,935.99,59.33,144.01,0.6693,-1,-1,-1
1047,86,588.40,538.55,57.06,253.16,0.4657,-1,-1,-1
1047,85,288.74,333.25,66.53,199.61,0.4331,-1,-1,-1
1047,83,349.67,329.48,80.98,206.26,0.5395,-1,-1,-1
1047,79,1655.10,651.84,89.78,260.73,0.6150,-1,-1,-1
1047,76,1119.04,550.94,81.10,249.34,0.7555,-1,-1,-1
1047,72,482.52,326.50,66.51,188.92,0.4612,-1,-1,-1
1047,68,373.47,522.47,77.38,232.39,0.6455,-1,-1,-1
1047,67,277.00,539.70,85.00,210.79,0.5348,-1,-1,-1
1047,65,938.86,233.26,56.28,199.86,0.5748,-1,-1,-1
1047,64,849.67,235.48,68.44,195.02,0.5410,-1,-1,-1
1047,60,1574.13,590.92,100.57,233.51,0.3957,-1,-1,-1
1047,54,400.17,974.23,105.83,105.77,0.7391,-1,-1,-1
1047,4,1717.95,462.73,77.71,204.57,0.6156,-1,-1,-1
1047,3,881.32,936.05,60.03,143.95,0.6671,-1,-1,-1
1048,86,587.96,538.87,58.00,253.33,0.4498,-1,-1,-1
1048,85,288.38,334.77,65.32,199.52,0.3923,-1,-1,-1
1048,83,348.97,330.48,80.30,204.15,0.4533,-1,-1,-1
1048,79,1651.07,652.64,91.58,258.59,0.6467,-1,-1,-1
1048,76,1117.73,547.37,81.49,245.64,0.7448,-1,-1,-1
1048,72,481.64,326.17,66.83,191.24,0.4606,-1,-1,-1
1048,68,372.74,522.10,77.31,232.37,0.6370,-1,-1,-1
1048,67,275.10,541.70,86.13,212.99,0.5872,-1,-1,-1
1048,65,939.10,230.89,55.04,191.68,0.5806,-1,-1,-1
1048,64,850.62,235.13,68.35,194.66,0.5536,-1,-1,-1
1048,60,1575.33,590.41,99.71,233.73,0.3939,-1,-1,-1
1048,54,402.61,977.73,106.53,102.27,0.7362,-1,-1,-1
1048,4,1719.20,461.89,76.40,205.28,0.5860,-1,-1,-1
1048,3,881.40,935.15,59.36,144.85,0.6473,-1,-1,-1
1049,86,587.98,537.80,57.22,253.42,0.4950,-1,-1,-1
1049,85,286.63,334.73,64.38,200.49,0.3942,-1,-1,-1
1049,83,345.91,330.59,83.30,205.41,0.4489,-1,-1,-1
1049,79,1650.67,648.63,90.83,262.02,0.6957,-1,-1,-1
1049,76,1117.95,544.88,77.53,242.44,0.7428,-1,-1,-1
1049,72,479.38,325.96,69.37,193.09,0.5062,-1,-1,-1
1049,68,372.10,523.73,77.02,230.64,0.6465,-1,-1,-1
1049,67,279.14,544.34,81.44,211.40,0.5535,-1,-1,-1
1049,65,938.04,229.25,56.13,191.62,0.6100,-1,-1,-1
1049,64,851.40,235.25,68.09,193.88,0.5660,-1,-1,-1
1049,60,1572.50,593.59,100.30,231.49,0.4397,-1,-1,-1
1049,54,403.56,979.69,107.52,100.31,0.7479,-1,-1,-1
1049,4,1718.67,462.17,77.17,206.15,0.6217,-1,-1,-1
1049,3,879.93,933.89,60.81,146.11,0.6695,-1,-1,-1
1050,86,588.14,538.01,58.59,253.66,0.5113,-1,-1,-1
1050,85,287.80,336.40,63.37,199.18,0.4394,-1,-1,-1
1050,83,346.03,331.84,82.54,201.48,0.4340,-1,-1,-1
1050,81,1724.53,217.59,56.25,167.61,0.3075,-1,-1,-1
1050,79,1649.76,649.00,88.63,260.03,0.6880,-1,-1,-1
1050,76,1115.29,542.30,77.68,236.38,0.7528,-1,-1,-1
1050,72,479.51,327.58,68.32,195.12,0.4489,-1,-1,-1
1050,68,372.44,523.92,78.39,229.51,0.6629,-1,-1,-1
1050,67,279.80,547.85,79.49,211.66,0.6137,-1,-1,-1
1050,65,937.76,227.84,56.30,190.65,0.6085,-1,-1,-1
1050,64,852.95,234.91,66.23,193.72,0.5899,-1,-1,-1
1050,60,1570.48,592.68,103.14,232.00,0.4427,-1,-1,-1
1050,54,407.62,983.14,104.95,96.86,0.7518,-1,-1,-1
1050,4,1718.32,461.07,77.88,206.97,0.6446,-1,-1,-1
1050,3,879.16,933.01,61.33,146.99,0.6684,-1,-1,-1
