1,1,1338.48,417.88,163.01,358.61,0.8093,-1,-1,-1
1,2,584.16,443.38,91.76,264.69,0.7630,-1,-1,-1
1,3,439.99,445.88,112.20,273.42,0.6760,-1,-1,-1
1,4,1455.13,432.63,141.44,332.68,0.6426,-1,-1,-1
1,5,730.90,456.73,35.97,111.40,0.5625,-1,-1,-1
2,1,1341.28,417.60,163.20,359.16,0.8313,-1,-1,-1
2,2,584.83,442.91,91.60,264.18,0.7656,-1,-1,-1
2,3,439.70,445.29,112.65,274.26,0.6901,-1,-1,-1
2,4,1454.85,436.87,141.15,331.71,0.6726,-1,-1,-1
2,5,731.77,457.28,35.62,110.28,0.5322,-1,-1,-1
3,1,1348.10,423.30,166.61,365.85,0.8358,-1,-1,-1
3,2,585.47,443.03,91.49,263.64,0.7561,-1,-1,-1
3,3,439.35,443.75,113.61,276.32,0.6979,-1,-1,-1
3,4,1466.07,441.58,139.10,327.06,0.7325,-1,-1,-1
3,5,732.39,460.20,34.57,106.77,0.5315,-1,-1,-1
4,1,1352.57,421.71,171.38,375.80,0.8240,-1,-1,-1
4,2,585.14,443.80,91.74,264.25,0.7670,-1,-1,-1
4,3,441.17,442.95,113.97,276.68,0.7436,-1,-1,-1
4,4,1470.98,434.60,141.01,333.25,0.7303,-1,-1,-1
4,5,732.74,459.13,35.41,109.27,0.5187,-1,-1,-1
5,1,1353.15,419.43,175.59,385.07,0.8483,-1,-1,-1
5,2,585.42,444.02,91.73,264.05,0.7658,-1,-1,-1
5,3,445.42,443.58,113.30,274.35,0.6899,-1,-1,-1
5,4,1473.13,429.52,141.92,338.49,0.7403,-1,-1,-1
5,5,732.94,459.01,35.42,109.28,0.5181,-1,-1,-1
6,1,1356.80,418.60,176.80,388.33,0.8471,-1,-1,-1
6,2,584.08,443.50,92.69,266.93,0.7617,-1,-1,-1
6,3,450.82,443.80,113.45,274.33,0.6951,-1,-1,-1
6,4,1478.17,426.49,141.51,342.02,0.7237,-1,-1,-1
6,5,732.85,457.56,35.63,110.22,0.5346,-1,-1,-1
7,1,1361.18,419.03,174.18,385.20,0.8559,-1,-1,-1
7,2,583.93,443.00,92.98,268.08,0.7671,-1,-1,-1
7,3,450.49,444.55,113.88,274.32,0.7308,-1,-1,-1
7,4,1482.85,430.32,138.25,339.33,0.7679,-1,-1,-1
7,5,732.83,457.83,35.43,109.91,0.5489,-1,-1,-1
8,1,1370.27,415.30,172.38,386.76,0.8056,-1,-1,-1
8,2,584.37,442.93,92.70,267.36,0.7823,-1,-1,-1
8,3,451.40,444.04,114.31,274.60,0.7468,-1,-1,-1
8,4,1485.72,422.73,139.03,347.94,0.7695,-1,-1,-1
8,5,733.08,457.14,35.31,109.68,0.5422,-1,-1,-1
9,1,1379.71,409.61,171.44,392.09,0.7453,-1,-1,-1
9,2,584.29,442.61,92.79,268.13,0.7793,-1,-1,-1
9,3,455.21,444.10,114.04,274.31,0.7434,-1,-1,-1
9,4,1491.41,422.01,136.03,347.94,0.7485,-1,-1,-1
9,5,732.91,456.98,35.71,110.99,0.5346,-1,-1,-1
10,1,1393.87,413.52,163.90,382.62,0.7915,-1,-1,-1
10,2,584.71,442.77,92.74,268.20,0.7823,-1,-1,-1
10,3,457.22,443.87,114.06,274.35,0.7179,-1,-1,-1
10,4,1493.37,418.09,137.25,355.34,0.6691,-1,-1,-1
10,5,733.04,457.46,35.41,109.78,0.5202,-1,-1,-1
11,1,1404.81,412.62,161.83,385.69,0.7691,-1,-1,-1
11,2,585.35,442.84,92.27,267.04,0.7705,-1,-1,-1
11,3,455.91,442.76,114.74,275.83,0.6894,-1,-1,-1
11,4,1508.63,418.82,132.23,350.57,0.7954,-1,-1,-1
11,5,733.21,458.51,35.81,110.57,0.5668,-1,-1,-1
12,1,1416.61,409.19,159.36,388.27,0.7273,-1,-1,-1
12,2,585.48,442.27,92.22,266.92,0.7667,-1,-1,-1
12,3,453.57,442.22,115.43,276.26,0.6674,-1,-1,-1
12,4,1518.93,418.87,130.03,353.05,0.7732,-1,-1,-1
12,5,732.32,456.76,36.70,112.94,0.6052,-1,-1,-1
13,1,1428.46,411.88,156.08,386.77,0.7015,-1,-1,-1
13,2,585.41,442.02,92.38,267.27,0.7539,-1,-1,-1
13,3,450.43,442.90,116.28,276.31,0.7038,-1,-1,-1
13,4,1526.97,420.23,129.89,357.59,0.7515,-1,-1,-1
13,5,731.09,456.28,38.05,117.02,0.5822,-1,-1,-1
14,1,1440.09,410.25,154.35,387.32,0.5769,-1,-1,-1
14,2,584.88,442.19,92.80,267.99,0.7504,-1,-1,-1
14,3,448.92,442.05,118.14,280.34,0.6394,-1,-1,-1
14,4,1536.26,416.62,135.15,369.98,0.6144,-1,-1,-1
14,5,730.58,456.47,38.60,118.46,0.5512,-1,-1,-1
15,2,583.94,442.44,93.17,269.24,0.7700,-1,-1,-1
15,3,447.37,442.86,118.94,282.04,0.6578,-1,-1,-1
15,4,1549.53,421.88,139.97,373.37,0.5959,-1,-1,-1
15,5,730.12,453.33,40.18,123.59,0.6068,-1,-1,-1
16,2,583.79,443.68,92.60,267.43,0.7683,-1,-1,-1
16,3,445.17,442.65,119.21,283.46,0.6511,-1,-1,-1
16,4,1563.71,421.10,146.55,381.44,0.6740,-1,-1,-1
17,2,583.65,445.36,92.59,267.29,0.7652,-1,-1,-1
17,3,444.72,442.66,119.27,284.54,0.6589,-1,-1,-1
17,4,1574.74,420.97,151.67,385.23,0.7724,-1,-1,-1
18,2,583.66,445.02,92.95,268.36,0.7898,-1,-1,-1
18,3,445.73,442.92,118.77,284.66,0.7161,-1,-1,-1
18,4,1585.49,426.29,153.21,383.21,0.7103,-1,-1,-1
18,1,1479.12,419.30,162.14,391.40,0.6832,-1,-1,-1
19,2,584.56,445.13,93.38,269.26,0.7677,-1,-1,-1
19,3,447.42,444.57,118.17,284.58,0.7092,-1,-1,-1
19,4,1587.45,451.88,149.76,361.83,0.6827,-1,-1,-1
20,2,586.69,445.77,93.49,267.61,0.7783,-1,-1,-1
20,3,450.25,448.59,116.21,279.92,0.7097,-1,-1,-1
20,4,1606.99,457.31,148.24,349.50,0.6328,-1,-1,-1
21,2,588.02,444.50,94.79,269.07,0.7905,-1,-1,-1
21,3,450.97,448.08,115.62,279.26,0.6969,-1,-1,-1
21,4,1617.81,455.49,147.16,348.90,0.6553,-1,-1,-1
21,1,1496.99,414.65,178.16,405.13,0.7286,-1,-1,-1
22,2,588.59,444.10,95.63,269.11,0.7777,-1,-1,-1
22,3,452.66,447.17,115.76,280.35,0.5988,-1,-1,-1
22,4,1627.11,436.67,152.98,364.48,0.7015,-1,-1,-1
22,1,1488.91,412.94,184.33,405.83,0.5296,-1,-1,-1
23,2,588.25,443.85,96.56,269.01,0.7759,-1,-1,-1
23,3,458.50,446.37,115.50,281.47,0.6875,-1,-1,-1
23,4,1623.62,427.17,153.67,374.40,0.6267,-1,-1,-1
24,2,588.42,443.83,97.20,268.54,0.7548,-1,-1,-1
24,3,463.44,445.37,116.17,284.96,0.6836,-1,-1,-1
24,4,1630.16,421.28,151.91,378.24,0.6253,-1,-1,-1
24,1,1494.34,408.15,191.41,412.88,0.7030,-1,-1,-1
25,2,588.66,443.71,97.94,268.71,0.7430,-1,-1,-1
25,3,464.32,444.75,116.97,288.23,0.6333,-1,-1,-1
25,4,1641.28,417.28,151.45,384.62,0.6677,-1,-1,-1
25,1,1497.65,407.18,193.80,412.53,0.6348,-1,-1,-1
26,2,588.60,444.08,98.27,268.68,0.7238,-1,-1,-1
26,3,464.81,442.03,118.42,293.41,0.6586,-1,-1,-1
26,4,1647.00,419.61,146.92,381.90,0.6618,-1,-1,-1
26,1,1511.16,409.14,198.13,410.77,0.5970,-1,-1,-1
27,2,588.82,443.58,98.75,269.90,0.7290,-1,-1,-1
27,3,466.82,443.49,116.83,290.44,0.6226,-1,-1,-1
27,4,1658.22,414.45,144.44,384.11,0.6655,-1,-1,-1
27,1,1520.13,410.89,199.93,410.92,0.5632,-1,-1,-1
28,2,591.19,443.41,98.83,270.62,0.7387,-1,-1,-1
28,3,468.59,442.01,116.99,292.62,0.6030,-1,-1,-1
28,4,1668.77,411.20,142.16,385.16,0.6566,-1,-1,-1
28,1,1522.85,405.43,201.46,422.06,0.5830,-1,-1,-1
29,2,592.94,443.53,98.63,270.62,0.7305,-1,-1,-1
29,3,471.11,442.06,116.13,292.04,0.5853,-1,-1,-1
29,4,1678.44,418.85,140.44,381.51,0.7144,-1,-1,-1
29,1,1531.14,397.02,201.22,431.84,0.7036,-1,-1,-1
29,6,1424.79,436.16,58.34,121.97,0.5400,-1,-1,-1
30,2,594.35,443.48,98.68,271.21,0.7479,-1,-1,-1
30,3,473.34,442.17,115.52,292.10,0.6444,-1,-1,-1
30,4,1686.11,426.37,140.75,374.50,0.6397,-1,-1,-1
30,1,1550.29,392.23,197.43,436.55,0.7467,-1,-1,-1
30,6,1426.94,433.19,59.33,124.53,0.5942,-1,-1,-1
31,2,596.26,443.22,98.60,272.08,0.7511,-1,-1,-1
31,3,475.44,443.21,114.03,288.59,0.6511,-1,-1,-1
31,4,1712.44,418.77,150.32,387.17,0.6599,-1,-1,-1
31,1,1573.70,390.89,193.93,436.87,0.7353,-1,-1,-1
31,6,1432.00,430.28,60.12,127.29,0.5751,-1,-1,-1
32,2,597.96,443.09,98.45,272.75,0.7619,-1,-1,-1
32,3,476.94,444.29,113.70,288.61,0.6380,-1,-1,-1
32,4,1732.52,417.75,154.23,389.54,0.7325,-1,-1,-1
32,1,1589.87,394.02,192.82,440.67,0.7909,-1,-1,-1
32,6,1436.91,430.65,59.06,126.58,0.5304,-1,-1,-1
33,2,599.64,443.90,97.77,271.66,0.7666,-1,-1,-1
33,3,477.18,444.11,114.75,292.79,0.7036,-1,-1,-1
33,4,1744.97,414.35,159.36,396.75,0.6489,-1,-1,-1
33,1,1599.49,394.46,194.64,449.72,0.8077,-1,-1,-1
33,6,1441.11,431.15,58.06,126.24,0.5779,-1,-1,-1
34,2,601.73,443.44,97.18,271.87,0.7622,-1,-1,-1
34,3,476.72,443.95,116.29,298.44,0.7295,-1,-1,-1
34,1,1609.44,394.50,193.33,447.77,0.8033,-1,-1,-1
34,6,1445.59,430.85,57.29,126.58,0.6021,-1,-1,-1
35,2,603.12,443.89,96.44,271.23,0.7727,-1,-1,-1
35,3,476.22,443.87,116.44,300.12,0.7405,-1,-1,-1
35,1,1620.07,393.41,196.34,453.85,0.8494,-1,-1,-1
35,6,1448.27,431.80,55.58,124.96,0.5704,-1,-1,-1
36,2,604.41,444.19,95.67,270.68,0.7727,-1,-1,-1
36,3,475.47,443.95,116.81,302.02,0.7073,-1,-1,-1
36,1,1632.33,394.88,203.04,465.65,0.8186,-1,-1,-1
36,6,1450.75,432.73,54.67,124.79,0.5763,-1,-1,-1
36,4,1763.33,413.83,161.71,405.44,0.5498,-1,-1,-1
37,2,605.96,444.77,94.97,270.10,0.7701,-1,-1,-1
37,3,476.30,444.50,114.76,296.96,0.6661,-1,-1,-1
37,1,1649.34,396.66,210.62,471.29,0.7919,-1,-1,-1
37,6,1454.99,433.12,54.09,125.30,0.5473,-1,-1,-1
37,4,1769.53,418.29,158.46,401.58,0.6041,-1,-1,-1
38,2,606.65,444.23,94.86,271.02,0.7670,-1,-1,-1
38,3,478.01,444.71,112.91,291.39,0.6848,-1,-1,-1
38,1,1652.16,400.75,215.75,473.30,0.8537,-1,-1,-1
38,6,1457.83,432.30,53.65,126.02,0.6036,-1,-1,-1
39,2,607.54,443.41,94.98,272.11,0.7798,-1,-1,-1
39,3,478.23,444.59,113.72,293.41,0.7065,-1,-1,-1
39,1,1654.85,403.21,220.21,472.87,0.8708,-1,-1,-1
39,6,1460.21,431.92,52.96,125.76,0.5842,-1,-1,-1
39,4,1793.27,428.37,144.90,379.75,0.5196,-1,-1,-1
40,2,608.37,443.68,94.73,272.28,0.7745,-1,-1,-1
40,3,478.07,445.58,114.57,294.98,0.6819,-1,-1,-1
40,1,1656.64,404.15,225.66,473.95,0.8623,-1,-1,-1
40,6,1463.29,432.80,51.93,124.11,0.5641,-1,-1,-1
40,4,1799.92,424.60,142.16,386.30,0.5961,-1,-1,-1
41,2,610.59,443.60,94.58,272.66,0.7916,-1,-1,-1
41,3,478.70,446.89,114.47,295.00,0.6836,-1,-1,-1
41,1,1661.33,401.90,234.30,481.83,0.8655,-1,-1,-1
41,6,1465.62,433.99,51.05,121.71,0.5075,-1,-1,-1
41,4,1805.25,405.68,143.62,409.27,0.6854,-1,-1,-1
42,2,611.99,443.01,94.06,272.28,0.7989,-1,-1,-1
42,3,476.48,447.36,116.85,300.95,0.6607,-1,-1,-1
42,1,1663.37,401.39,237.31,480.46,0.8417,-1,-1,-1
42,6,1467.72,434.51,50.78,121.07,0.5558,-1,-1,-1
42,4,1812.24,395.68,140.47,421.65,0.6497,-1,-1,-1
43,2,613.55,443.33,93.51,271.82,0.7886,-1,-1,-1
43,3,471.41,446.09,119.35,306.41,0.6241,-1,-1,-1
43,1,1667.61,403.01,239.78,480.71,0.8501,-1,-1,-1
43,6,1469.85,433.59,51.11,121.76,0.5799,-1,-1,-1
43,4,1820.50,394.09,133.96,425.02,0.5920,-1,-1,-1
44,2,614.36,443.58,93.17,271.42,0.7992,-1,-1,-1
44,3,470.02,446.14,121.77,312.18,0.6486,-1,-1,-1
44,1,1670.91,396.23,242.27,485.10,0.8458,-1,-1,-1
44,6,1472.46,434.94,50.53,120.67,0.5326,-1,-1,-1
45,2,615.54,443.12,93.02,271.54,0.7777,-1,-1,-1
45,3,468.42,444.25,122.80,314.78,0.6357,-1,-1,-1
45,1,1680.27,394.22,240.11,485.12,0.7946,-1,-1,-1
46,2,617.07,442.40,93.39,272.40,0.7591,-1,-1,-1
46,3,467.25,444.81,124.29,318.03,0.6338,-1,-1,-1
46,1,1694.92,392.35,237.46,487.34,0.6319,-1,-1,-1
46,6,1478.20,435.42,48.57,119.51,0.5208,-1,-1,-1
47,2,617.00,441.77,93.47,272.77,0.7759,-1,-1,-1
47,3,465.84,444.46,125.38,320.15,0.6297,-1,-1,-1
47,1,1721.94,387.27,230.95,493.63,0.7059,-1,-1,-1
47,6,1481.66,432.69,47.53,120.72,0.5143,-1,-1,-1
48,2,618.42,441.31,93.46,272.62,0.7453,-1,-1,-1
48,3,467.52,443.97,124.75,319.43,0.6478,-1,-1,-1
48,1,1736.51,386.16,221.86,491.99,0.7899,-1,-1,-1
49,2,619.36,441.28,93.39,272.08,0.7551,-1,-1,-1
49,3,468.85,444.29,123.90,318.48,0.6377,-1,-1,-1
49,1,1751.71,385.21,212.69,492.81,0.8007,-1,-1,-1
50,2,620.28,441.56,94.01,272.25,0.7557,-1,-1,-1
50,3,466.03,443.82,123.66,317.10,0.6202,-1,-1,-1
50,1,1763.81,385.18,204.36,496.54,0.8414,-1,-1,-1
51,2,621.15,441.45,94.63,272.36,0.7625,-1,-1,-1
51,3,460.43,443.47,124.58,315.54,0.6074,-1,-1,-1
51,1,1772.91,383.94,195.49,498.76,0.8291,-1,-1,-1
52,2,621.95,442.31,94.81,271.68,0.7491,-1,-1,-1
52,3,465.06,444.45,124.33,315.26,0.6583,-1,-1,-1
52,1,1782.36,385.22,184.79,495.76,0.8109,-1,-1,-1
53,2,622.33,443.17,94.59,270.52,0.7479,-1,-1,-1
53,3,465.77,445.76,123.90,313.09,0.6521,-1,-1,-1
53,1,1787.66,384.13,177.47,499.87,0.7787,-1,-1,-1
54,2,623.62,442.75,95.12,271.86,0.7377,-1,-1,-1
54,3,467.27,445.89,124.22,314.01,0.6934,-1,-1,-1
54,1,1790.56,388.73,169.38,497.78,0.7337,-1,-1,-1
54,8,1259.35,430.30,40.63,115.22,0.5063,-1,-1,-1
55,2,622.86,442.21,95.09,272.73,0.7448,-1,-1,-1
55,3,468.30,445.30,124.22,315.06,0.7045,-1,-1,-1
55,1,1796.87,411.23,156.23,476.46,0.7186,-1,-1,-1
55,8,1259.34,429.64,40.97,116.22,0.5005,-1,-1,-1
56,2,622.73,441.69,95.03,273.36,0.7329,-1,-1,-1
56,3,469.74,445.44,123.50,314.46,0.7116,-1,-1,-1
56,1,1802.67,429.20,145.15,458.45,0.5919,-1,-1,-1
56,8,1259.31,426.84,41.81,118.74,0.5103,-1,-1,-1
57,2,622.31,442.34,94.50,273.00,0.7314,-1,-1,-1
57,3,469.92,446.70,122.89,313.17,0.6682,-1,-1,-1
57,8,1260.09,430.82,40.28,114.39,0.5175,-1,-1,-1
58,2,624.68,443.38,94.07,271.85,0.7337,-1,-1,-1
58,3,471.60,445.82,122.30,312.60,0.6648,-1,-1,-1
58,8,1260.85,432.55,39.76,112.77,0.5224,-1,-1,-1
59,2,625.56,443.06,93.98,271.98,0.7172,-1,-1,-1
59,3,472.67,444.00,123.09,315.68,0.7116,-1,-1,-1
59,8,1261.48,432.87,39.79,112.33,0.5377,-1,-1,-1
60,2,625.08,443.16,94.52,274.07,0.7132,-1,-1,-1
60,3,473.87,442.18,124.46,318.35,0.7233,-1,-1,-1
60,8,1261.57,434.74,39.51,111.03,0.5482,-1,-1,-1
61,2,624.30,443.61,95.17,276.46,0.7075,-1,-1,-1
61,3,477.24,443.13,124.96,316.85,0.6856,-1,-1,-1
61,8,1260.56,430.09,41.21,115.74,0.5334,-1,-1,-1
61,10,699.19,455.60,68.38,216.76,0.5448,-1,-1,-1
62,2,622.97,444.46,94.56,275.80,0.7224,-1,-1,-1
62,3,482.69,442.89,126.48,318.24,0.7249,-1,-1,-1
62,8,1259.98,430.35,40.99,115.15,0.5512,-1,-1,-1
62,10,698.44,454.23,68.86,218.39,0.6201,-1,-1,-1
63,2,620.53,443.97,95.43,278.99,0.7393,-1,-1,-1
63,3,484.45,441.11,128.21,319.70,0.7251,-1,-1,-1
63,8,1259.92,431.13,40.51,113.81,0.5324,-1,-1,-1
63,10,698.15,457.56,67.73,214.57,0.6620,-1,-1,-1
64,2,618.98,444.20,95.18,278.79,0.7432,-1,-1,-1
64,3,488.34,441.83,128.95,318.91,0.7205,-1,-1,-1
64,8,1259.88,433.27,39.60,111.04,0.5248,-1,-1,-1
64,10,697.03,453.24,69.42,219.97,0.6377,-1,-1,-1
65,2,618.55,446.46,94.43,277.13,0.7429,-1,-1,-1
65,3,495.32,444.41,128.54,316.97,0.7891,-1,-1,-1
65,8,1260.16,437.49,38.39,107.03,0.5287,-1,-1,-1
65,10,695.27,450.44,70.91,225.06,0.6806,-1,-1,-1
66,2,618.88,447.70,93.82,276.22,0.7595,-1,-1,-1
66,3,499.42,446.53,129.65,317.06,0.7284,-1,-1,-1
66,8,1260.13,439.01,38.11,105.65,0.5299,-1,-1,-1
66,10,696.66,452.20,70.45,223.80,0.6783,-1,-1,-1
67,2,618.73,447.44,93.52,275.51,0.7469,-1,-1,-1
67,3,496.76,447.18,132.90,320.76,0.6449,-1,-1,-1
67,8,1260.65,441.03,37.39,103.33,0.5143,-1,-1,-1
67,10,697.95,453.19,70.53,223.89,0.6747,-1,-1,-1
68,2,617.58,446.71,93.81,275.48,0.7347,-1,-1,-1
68,3,496.77,448.56,133.93,318.51,0.6441,-1,-1,-1
68,10,699.81,454.86,69.85,221.32,0.6769,-1,-1,-1
69,2,616.31,446.90,94.13,275.27,0.7571,-1,-1,-1
69,3,497.24,446.94,136.53,320.46,0.6178,-1,-1,-1
69,10,699.25,456.06,69.95,220.96,0.6660,-1,-1,-1
69,8,1260.12,437.95,38.56,106.51,0.5127,-1,-1,-1
70,2,614.48,446.22,94.74,275.18,0.7602,-1,-1,-1
70,3,497.71,444.35,138.22,322.11,0.7277,-1,-1,-1
70,10,699.24,457.36,69.89,220.30,0.6304,-1,-1,-1
70,8,1259.93,437.91,38.70,106.74,0.5124,-1,-1,-1
70,6,1540.17,420.01,50.85,132.74,0.5866,-1,-1,-1
71,2,613.35,445.79,95.49,276.07,0.7686,-1,-1,-1
71,3,499.94,443.39,139.41,323.62,0.7339,-1,-1,-1
71,10,698.39,458.60,69.62,219.86,0.5866,-1,-1,-1
71,8,1259.75,437.30,38.98,107.41,0.5172,-1,-1,-1
71,6,1541.56,420.29,50.12,132.57,0.5760,-1,-1,-1
72,2,613.01,444.81,95.98,277.16,0.7655,-1,-1,-1
72,3,501.14,443.81,139.82,323.45,0.7412,-1,-1,-1
72,10,699.00,458.57,69.99,220.90,0.5837,-1,-1,-1
72,8,1259.27,432.03,40.75,112.67,0.5145,-1,-1,-1
72,6,1542.12,420.47,49.28,132.17,0.5699,-1,-1,-1
73,2,614.34,443.91,96.15,278.03,0.7676,-1,-1,-1
73,3,503.08,444.45,139.85,323.51,0.7758,-1,-1,-1
73,10,700.50,458.53,69.94,220.42,0.5996,-1,-1,-1
73,8,1259.43,431.10,40.95,113.35,0.5074,-1,-1,-1
73,6,1543.81,419.51,48.52,132.69,0.5323,-1,-1,-1
74,2,615.91,442.88,96.29,280.11,0.7757,-1,-1,-1
74,3,505.60,444.19,140.78,326.29,0.7379,-1,-1,-1
74,10,703.44,455.89,70.97,222.04,0.5739,-1,-1,-1
74,8,1259.57,428.92,41.70,115.83,0.5172,-1,-1,-1
75,2,616.26,441.01,96.19,282.45,0.7706,-1,-1,-1
75,3,506.32,442.69,140.58,326.34,0.7339,-1,-1,-1
75,10,704.59,454.99,71.33,221.70,0.6329,-1,-1,-1
75,8,1259.17,428.19,42.04,117.02,0.5276,-1,-1,-1
76,2,617.70,441.36,95.16,282.09,0.7708,-1,-1,-1
76,3,509.58,445.34,137.81,321.82,0.7659,-1,-1,-1
76,10,705.58,452.08,72.93,224.48,0.6644,-1,-1,-1
76,8,1259.33,427.68,42.08,117.32,0.5213,-1,-1,-1
77,2,617.77,441.08,94.69,283.85,0.7672,-1,-1,-1
77,3,512.86,446.53,136.04,320.33,0.7638,-1,-1,-1
77,10,705.66,448.31,74.99,228.20,0.6311,-1,-1,-1
77,8,1259.44,427.51,42.04,117.38,0.5267,-1,-1,-1
78,2,620.93,441.38,92.77,281.91,0.7763,-1,-1,-1
78,3,512.69,445.67,135.68,321.60,0.7205,-1,-1,-1
78,10,707.75,451.37,75.43,225.74,0.6610,-1,-1,-1
79,2,622.76,440.61,91.52,282.35,0.7683,-1,-1,-1
79,3,512.05,446.07,135.29,322.48,0.5523,-1,-1,-1
79,10,711.50,455.64,75.78,221.34,0.6625,-1,-1,-1
80,2,624.35,439.71,90.84,283.80,0.7412,-1,-1,-1
80,3,510.20,445.79,136.25,324.73,0.5070,-1,-1,-1
80,10,715.37,457.57,77.29,219.94,0.7267,-1,-1,-1
81,2,626.15,437.30,91.06,287.73,0.7146,-1,-1,-1
81,10,717.43,458.30,79.39,220.14,0.7116,-1,-1,-1
82,2,627.18,438.61,90.15,288.28,0.6814,-1,-1,-1
82,10,719.22,458.63,81.87,220.44,0.7306,-1,-1,-1
82,8,1262.07,438.74,38.34,106.00,0.5000,-1,-1,-1
82,3,530.32,447.26,133.55,330.84,0.5208,-1,-1,-1
83,2,628.91,440.41,89.30,288.27,0.6484,-1,-1,-1
83,10,720.68,458.32,84.49,222.08,0.7128,-1,-1,-1
83,3,505.91,449.94,123.74,312.26,0.5310,-1,-1,-1
84,2,631.05,441.89,89.21,288.33,0.5866,-1,-1,-1
84,10,722.43,460.00,86.38,221.08,0.7028,-1,-1,-1
84,3,531.46,444.74,125.96,330.46,0.5377,-1,-1,-1
85,2,631.36,443.59,89.01,288.13,0.5711,-1,-1,-1
85,10,724.59,458.77,88.61,223.54,0.7238,-1,-1,-1
86,2,633.52,444.09,89.58,288.49,0.5456,-1,-1,-1
86,10,725.38,457.28,90.26,225.25,0.7347,-1,-1,-1
87,2,634.74,443.80,89.58,288.58,0.5310,-1,-1,-1
87,10,725.77,456.38,91.30,225.40,0.7198,-1,-1,-1
88,2,637.81,446.10,89.52,286.60,0.5827,-1,-1,-1
88,10,726.66,454.35,92.67,227.65,0.6862,-1,-1,-1
89,2,640.61,448.73,89.36,284.54,0.5881,-1,-1,-1
89,10,727.16,452.12,94.09,230.13,0.7351,-1,-1,-1
89,3,504.52,449.91,114.87,308.34,0.5514,-1,-1,-1
90,2,642.16,446.61,89.74,286.19,0.6022,-1,-1,-1
90,10,729.15,451.74,94.31,230.63,0.7265,-1,-1,-1
90,3,506.62,449.31,111.65,305.64,0.5634,-1,-1,-1
91,2,643.86,443.29,91.18,290.68,0.6814,-1,-1,-1
91,10,731.48,453.41,93.50,229.02,0.6912,-1,-1,-1
91,3,507.09,449.48,108.27,299.91,0.6319,-1,-1,-1
92,2,643.66,439.52,92.76,294.92,0.6772,-1,-1,-1
92,10,732.89,453.98,93.18,228.15,0.6874,-1,-1,-1
92,3,506.61,448.60,107.44,300.78,0.6139,-1,-1,-1
93,2,643.34,438.68,93.51,296.05,0.6733,-1,-1,-1
93,10,735.34,456.52,91.99,225.23,0.7076,-1,-1,-1
93,3,507.16,448.23,106.71,301.50,0.6227,-1,-1,-1
94,2,644.08,439.43,93.90,297.30,0.7237,-1,-1,-1
94,10,737.36,454.87,92.47,226.84,0.7048,-1,-1,-1
94,3,509.48,448.75,105.32,301.69,0.5699,-1,-1,-1
95,2,644.83,439.89,94.51,297.94,0.7413,-1,-1,-1
95,10,738.70,452.96,93.20,229.69,0.6683,-1,-1,-1
95,3,508.81,448.49,104.40,301.40,0.5600,-1,-1,-1
95,8,1259.15,435.49,40.56,110.75,0.5238,-1,-1,-1
96,2,644.48,440.88,94.75,297.42,0.7595,-1,-1,-1
96,10,741.88,454.45,92.23,228.66,0.6825,-1,-1,-1
96,3,506.70,447.34,104.20,302.88,0.5007,-1,-1,-1
97,2,645.91,441.35,94.89,296.87,0.7520,-1,-1,-1
97,10,745.00,455.77,91.99,229.15,0.6975,-1,-1,-1
97,3,506.30,446.83,103.71,302.92,0.5032,-1,-1,-1
98,2,647.84,442.29,95.07,296.15,0.7792,-1,-1,-1
98,10,749.02,457.42,91.38,228.57,0.7152,-1,-1,-1
98,3,504.34,446.71,103.74,303.98,0.5049,-1,-1,-1
98,8,1258.52,438.02,40.26,108.55,0.5486,-1,-1,-1
99,2,649.16,442.59,95.42,295.89,0.7606,-1,-1,-1
99,10,750.19,456.67,91.64,229.65,0.7761,-1,-1,-1
99,3,502.05,444.90,104.22,304.52,0.5339,-1,-1,-1
99,12,557.04,442.89,113.02,356.40,0.5669,-1,-1,-1
99,8,1258.45,439.89,39.75,106.59,0.5311,-1,-1,-1
100,2,650.49,442.12,96.29,296.90,0.6840,-1,-1,-1
100,10,751.10,454.53,91.82,231.72,0.7635,-1,-1,-1
100,3,498.46,441.44,104.08,303.80,0.5654,-1,-1,-1
100,12,562.15,444.10,111.89,353.79,0.5904,-1,-1,-1
100,8,1258.29,441.29,39.46,105.40,0.5535,-1,-1,-1
101,2,651.81,442.51,97.17,296.86,0.7108,-1,-1,-1
101,10,752.07,455.60,91.30,232.12,0.7579,-1,-1,-1
101,3,497.84,442.44,104.93,304.81,0.5476,-1,-1,-1
101,12,559.60,442.54,113.02,357.78,0.6094,-1,-1,-1
101,8,1257.94,441.76,39.28,104.89,0.5546,-1,-1,-1
102,2,653.26,441.89,97.00,294.45,0.7176,-1,-1,-1
102,10,753.27,456.58,90.74,231.08,0.7433,-1,-1,-1
102,3,496.62,441.31,104.66,305.09,0.5780,-1,-1,-1
102,12,560.96,443.80,112.67,357.83,0.6214,-1,-1,-1
102,8,1256.20,440.99,39.26,105.88,0.5570,-1,-1,-1
103,2,654.91,440.88,97.92,294.55,0.7067,-1,-1,-1
103,10,753.57,457.06,89.67,228.73,0.7246,-1,-1,-1
103,3,496.96,443.39,103.31,302.21,0.5501,-1,-1,-1
103,12,562.87,444.24,112.36,357.88,0.5751,-1,-1,-1
104,2,657.04,440.51,98.90,295.65,0.7207,-1,-1,-1
104,10,754.38,457.76,89.69,229.45,0.7326,-1,-1,-1
104,12,555.37,440.47,114.27,361.76,0.6641,-1,-1,-1
105,2,658.41,439.97,100.00,297.30,0.7537,-1,-1,-1
105,10,756.57,459.32,89.99,231.73,0.7589,-1,-1,-1
105,12,548.96,437.55,116.22,363.54,0.7286,-1,-1,-1
106,2,659.94,441.22,99.99,295.40,0.7511,-1,-1,-1
106,10,757.75,459.03,90.23,233.69,0.7376,-1,-1,-1
106,12,545.99,437.91,117.87,363.48,0.6724,-1,-1,-1
107,2,662.10,441.23,100.91,295.28,0.7627,-1,-1,-1
107,10,759.22,459.58,90.27,235.26,0.7348,-1,-1,-1
107,12,545.51,438.34,119.49,362.68,0.6664,-1,-1,-1
108,2,662.64,439.29,101.66,296.31,0.7569,-1,-1,-1
108,10,758.70,455.88,92.36,242.03,0.7147,-1,-1,-1
108,12,547.17,437.16,122.02,365.95,0.6895,-1,-1,-1
109,2,663.54,438.53,102.89,298.21,0.7368,-1,-1,-1
109,10,759.67,455.28,92.44,243.52,0.6722,-1,-1,-1
109,12,549.12,436.94,124.09,367.39,0.6967,-1,-1,-1
110,2,662.99,437.90,103.79,301.04,0.7534,-1,-1,-1
110,10,759.78,456.75,91.89,242.56,0.7076,-1,-1,-1
110,12,549.89,437.69,125.76,367.45,0.6860,-1,-1,-1
111,2,663.55,437.86,105.33,305.17,0.7663,-1,-1,-1
111,10,759.60,455.84,91.81,243.17,0.7134,-1,-1,-1
111,12,550.69,440.04,127.48,366.90,0.6626,-1,-1,-1
112,2,665.36,437.88,105.71,306.70,0.7777,-1,-1,-1
112,10,759.35,452.87,92.64,246.81,0.7238,-1,-1,-1
112,12,549.62,437.57,129.53,368.41,0.6822,-1,-1,-1
113,2,666.20,437.85,107.32,311.95,0.7861,-1,-1,-1
113,10,760.74,451.71,92.40,247.81,0.7145,-1,-1,-1
113,12,551.99,436.09,130.67,370.14,0.6970,-1,-1,-1
114,2,666.58,438.91,107.67,314.72,0.7899,-1,-1,-1
114,10,762.70,453.23,91.32,245.72,0.7038,-1,-1,-1
114,12,548.14,434.60,132.95,371.54,0.6817,-1,-1,-1
114,8,1242.70,441.16,38.20,104.11,0.5743,-1,-1,-1
115,2,667.18,438.93,106.92,314.37,0.7876,-1,-1,-1
115,10,765.31,454.43,90.75,244.52,0.6930,-1,-1,-1
115,12,557.49,435.59,131.76,370.79,0.6533,-1,-1,-1
115,8,1241.65,441.02,37.67,102.97,0.5540,-1,-1,-1
116,2,668.76,438.90,105.40,312.43,0.7857,-1,-1,-1
116,10,766.13,451.98,91.48,247.35,0.6743,-1,-1,-1
116,12,558.52,435.30,131.97,372.24,0.6312,-1,-1,-1
116,8,1240.72,441.30,37.47,102.28,0.5973,-1,-1,-1
117,2,669.72,439.91,104.66,311.98,0.7957,-1,-1,-1
117,10,768.28,452.20,90.75,246.69,0.6473,-1,-1,-1
117,12,553.09,434.49,133.27,373.03,0.6800,-1,-1,-1
117,8,1240.85,441.48,36.78,101.01,0.5698,-1,-1,-1
118,2,670.15,440.14,104.12,313.76,0.7995,-1,-1,-1
118,10,767.15,454.35,89.33,244.88,0.6584,-1,-1,-1
118,12,548.09,435.14,135.89,376.93,0.6853,-1,-1,-1
118,8,1240.80,442.27,36.29,99.81,0.5427,-1,-1,-1
119,2,670.41,440.57,104.43,317.94,0.8141,-1,-1,-1
119,10,768.76,452.45,89.77,245.56,0.7127,-1,-1,-1
119,12,539.67,439.32,139.70,379.10,0.7319,-1,-1,-1
119,8,1240.12,442.87,35.83,97.92,0.5295,-1,-1,-1
120,2,672.46,441.31,103.96,319.51,0.8120,-1,-1,-1
120,10,770.98,451.94,90.58,246.91,0.7124,-1,-1,-1
120,12,536.66,442.50,142.34,378.70,0.7667,-1,-1,-1
120,8,1238.37,442.97,36.67,100.04,0.5371,-1,-1,-1
121,2,673.85,441.25,103.36,320.72,0.8157,-1,-1,-1
121,10,772.51,453.42,91.26,245.84,0.6841,-1,-1,-1
121,12,535.04,444.55,145.36,378.72,0.7730,-1,-1,-1
122,2,676.78,440.43,102.74,320.81,0.8005,-1,-1,-1
122,10,778.63,452.73,93.27,248.13,0.5888,-1,-1,-1
122,12,535.24,445.91,148.59,380.36,0.8126,-1,-1,-1
123,2,678.64,439.56,102.41,322.80,0.8127,-1,-1,-1
123,10,780.99,456.70,93.88,244.97,0.7214,-1,-1,-1
123,12,535.67,443.78,152.78,385.98,0.8010,-1,-1,-1
123,8,1236.15,451.46,35.01,95.26,0.5373,-1,-1,-1
124,2,680.03,438.60,102.16,325.17,0.8053,-1,-1,-1
124,10,781.90,457.02,95.57,245.41,0.7236,-1,-1,-1
124,12,535.74,442.72,156.55,391.36,0.6876,-1,-1,-1
124,8,1235.90,454.16,34.44,93.10,0.5575,-1,-1,-1
125,2,680.61,437.79,101.76,327.06,0.8170,-1,-1,-1
125,10,784.99,459.56,96.23,244.06,0.7425,-1,-1,-1
125,12,535.82,442.27,158.63,391.83,0.7677,-1,-1,-1
125,8,1234.24,454.71,34.92,93.89,0.5475,-1,-1,-1
126,2,682.14,437.74,101.27,327.40,0.8111,-1,-1,-1
126,10,784.45,457.78,97.66,246.34,0.7282,-1,-1,-1
126,12,544.57,442.17,157.14,391.46,0.6423,-1,-1,-1
126,8,1231.67,453.40,36.06,96.02,0.5450,-1,-1,-1
127,2,682.72,437.99,101.20,328.22,0.8122,-1,-1,-1
127,10,784.52,456.96,98.59,248.17,0.7183,-1,-1,-1
127,12,546.83,440.84,156.91,392.55,0.6704,-1,-1,-1
127,8,1229.40,452.44,37.29,97.91,0.5223,-1,-1,-1
128,2,684.63,437.72,101.64,329.04,0.8132,-1,-1,-1
128,10,785.38,461.53,97.03,243.27,0.6857,-1,-1,-1
128,12,552.69,440.69,155.75,392.25,0.6721,-1,-1,-1
128,8,1227.64,454.26,38.02,98.28,0.5056,-1,-1,-1
129,2,684.29,437.73,101.87,328.84,0.8329,-1,-1,-1
129,10,787.38,460.01,97.80,244.19,0.6778,-1,-1,-1
129,12,555.22,441.47,154.95,391.22,0.6805,-1,-1,-1
130,2,683.78,437.53,102.29,328.98,0.8316,-1,-1,-1
130,10,788.40,459.44,98.32,244.96,0.7440,-1,-1,-1
130,12,553.13,442.00,155.35,390.28,0.6633,-1,-1,-1
131,2,683.05,437.07,102.88,330.39,0.8231,-1,-1,-1
131,10,790.55,459.05,99.10,246.72,0.7644,-1,-1,-1
131,12,561.95,440.71,153.97,391.16,0.5515,-1,-1,-1
132,2,683.45,436.20,103.06,331.46,0.8129,-1,-1,-1
132,10,792.35,457.25,99.98,248.89,0.7880,-1,-1,-1
132,12,566.59,440.39,152.86,390.35,0.5694,-1,-1,-1
133,2,683.82,435.71,103.05,331.83,0.8010,-1,-1,-1
133,10,793.43,457.94,99.83,248.62,0.7891,-1,-1,-1
133,12,575.14,438.84,150.82,391.44,0.6248,-1,-1,-1
134,2,685.06,434.51,103.39,333.01,0.7910,-1,-1,-1
134,10,795.16,454.86,100.86,251.11,0.7736,-1,-1,-1
134,12,577.24,439.54,149.29,390.68,0.6258,-1,-1,-1
135,2,685.77,433.09,103.59,333.26,0.7845,-1,-1,-1
135,10,793.98,451.90,102.43,254.66,0.7166,-1,-1,-1
135,12,576.58,439.93,148.99,391.39,0.6394,-1,-1,-1
136,2,686.46,433.05,103.55,332.49,0.7736,-1,-1,-1
136,10,793.80,450.98,102.73,256.20,0.7076,-1,-1,-1
136,12,573.92,439.46,150.41,395.62,0.6531,-1,-1,-1
137,2,691.92,433.60,102.72,329.97,0.7812,-1,-1,-1
137,10,794.93,452.42,101.99,255.63,0.7601,-1,-1,-1
137,12,577.64,437.39,152.71,408.49,0.6708,-1,-1,-1
138,2,692.56,433.91,103.36,330.61,0.7634,-1,-1,-1
138,10,797.54,451.22,102.25,258.69,0.7548,-1,-1,-1
138,12,578.53,437.01,153.97,417.74,0.6509,-1,-1,-1
139,2,694.66,433.52,104.07,331.97,0.7558,-1,-1,-1
139,10,801.11,450.04,102.12,261.29,0.7271,-1,-1,-1
139,12,572.65,438.54,154.15,417.74,0.6134,-1,-1,-1
140,2,696.03,433.96,104.90,331.78,0.7594,-1,-1,-1
140,10,802.66,451.62,100.42,262.85,0.6994,-1,-1,-1
140,12,569.75,438.39,154.59,417.70,0.5618,-1,-1,-1
141,2,696.64,433.12,106.58,334.05,0.7575,-1,-1,-1
141,10,807.13,451.61,98.64,262.40,0.6511,-1,-1,-1
141,12,565.79,438.39,155.88,419.05,0.5603,-1,-1,-1
142,2,700.40,433.35,108.03,332.50,0.7614,-1,-1,-1
142,10,809.76,448.29,99.44,267.80,0.6417,-1,-1,-1
142,12,562.70,438.67,155.99,415.44,0.5183,-1,-1,-1
143,2,703.70,435.31,109.58,330.74,0.7707,-1,-1,-1
143,10,811.91,447.57,98.26,268.04,0.6267,-1,-1,-1
143,12,568.32,435.51,158.40,427.25,0.5327,-1,-1,-1
144,2,705.67,436.24,112.55,331.51,0.7510,-1,-1,-1
144,10,815.00,448.35,96.24,265.62,0.5448,-1,-1,-1
144,12,556.08,436.96,162.85,433.39,0.5175,-1,-1,-1
145,2,707.20,437.88,115.23,330.68,0.7511,-1,-1,-1
145,10,818.46,453.26,92.79,258.81,0.5678,-1,-1,-1
145,12,550.25,437.09,166.71,439.50,0.6339,-1,-1,-1
146,2,708.64,438.30,117.84,331.12,0.7430,-1,-1,-1
146,10,821.42,454.33,91.02,256.47,0.6558,-1,-1,-1
146,12,547.04,438.41,169.72,444.17,0.7284,-1,-1,-1
147,2,709.56,437.94,120.40,333.59,0.7977,-1,-1,-1
147,10,823.80,456.90,89.22,253.44,0.6119,-1,-1,-1
147,12,545.07,439.91,172.00,448.05,0.7202,-1,-1,-1
148,2,710.07,437.68,121.85,333.54,0.7744,-1,-1,-1
148,10,825.61,456.93,88.96,254.07,0.6526,-1,-1,-1
148,12,543.44,440.52,174.15,451.70,0.7250,-1,-1,-1
149,2,711.27,437.53,123.59,336.11,0.8076,-1,-1,-1
149,10,828.01,456.45,88.28,253.41,0.6589,-1,-1,-1
149,12,542.49,439.29,175.17,455.25,0.7301,-1,-1,-1
150,2,712.37,436.54,124.65,338.16,0.8110,-1,-1,-1
150,10,829.61,452.86,89.15,257.11,0.6492,-1,-1,-1
150,12,543.34,437.55,176.01,458.38,0.7688,-1,-1,-1
150,13,885.62,440.29,85.52,238.96,0.6119,-1,-1,-1
151,2,714.69,436.56,125.34,339.70,0.8001,-1,-1,-1
151,10,829.99,449.89,90.55,261.59,0.6711,-1,-1,-1
151,12,542.03,438.17,175.39,458.01,0.7591,-1,-1,-1
151,13,888.68,438.53,85.68,239.51,0.6622,-1,-1,-1
152,2,713.39,436.16,124.65,339.76,0.8059,-1,-1,-1
152,10,829.01,446.25,92.99,270.09,0.7111,-1,-1,-1
152,12,543.22,438.28,175.75,458.92,0.7525,-1,-1,-1
153,2,714.58,435.40,125.05,341.30,0.8437,-1,-1,-1
153,10,829.56,445.44,93.02,271.35,0.7249,-1,-1,-1
153,12,536.67,437.70,174.44,458.24,0.7399,-1,-1,-1
154,2,716.33,435.48,124.75,341.08,0.8570,-1,-1,-1
154,10,829.64,448.63,93.28,274.30,0.6949,-1,-1,-1
154,12,532.92,433.69,174.61,461.90,0.7486,-1,-1,-1
154,8,1194.23,451.62,37.35,96.09,0.5308,-1,-1,-1
154,13,889.00,436.25,85.60,240.87,0.5447,-1,-1,-1
155,2,718.69,436.21,124.51,340.64,0.8591,-1,-1,-1
155,10,830.19,448.24,93.80,278.08,0.6800,-1,-1,-1
155,12,529.91,433.56,174.46,462.84,0.7408,-1,-1,-1
155,8,1192.81,451.93,37.51,96.26,0.5442,-1,-1,-1
155,13,890.77,436.15,85.98,243.85,0.6243,-1,-1,-1
156,2,720.49,434.40,124.58,341.91,0.8377,-1,-1,-1
156,10,831.28,445.72,94.64,282.41,0.6884,-1,-1,-1
156,12,527.79,434.11,173.44,462.44,0.7565,-1,-1,-1
156,8,1191.26,450.09,37.58,97.16,0.5351,-1,-1,-1
156,13,891.51,436.59,86.24,247.57,0.5882,-1,-1,-1
157,2,723.22,433.68,124.94,342.18,0.8118,-1,-1,-1
157,10,834.16,444.80,94.10,282.74,0.6966,-1,-1,-1
157,12,526.09,434.47,172.91,462.82,0.7262,-1,-1,-1
158,2,727.37,433.23,125.24,341.57,0.7642,-1,-1,-1
158,10,838.89,444.63,94.27,284.18,0.7171,-1,-1,-1
158,12,527.14,432.54,173.23,464.85,0.7492,-1,-1,-1
159,2,732.66,434.67,124.98,339.59,0.7617,-1,-1,-1
159,10,840.51,444.80,93.90,285.49,0.7386,-1,-1,-1
159,12,524.74,431.67,173.72,464.96,0.7795,-1,-1,-1
159,14,667.44,437.47,81.70,345.04,0.5173,-1,-1,-1
160,2,735.02,431.85,125.43,343.03,0.7588,-1,-1,-1
160,10,842.36,446.63,92.37,282.87,0.7413,-1,-1,-1
160,12,525.30,432.20,172.72,462.92,0.7844,-1,-1,-1
160,14,668.41,437.74,81.80,345.47,0.5323,-1,-1,-1
161,2,737.49,430.40,125.26,344.89,0.7790,-1,-1,-1
161,10,844.89,447.49,91.60,281.86,0.7504,-1,-1,-1
161,12,526.46,433.87,171.38,459.47,0.7808,-1,-1,-1
161,14,668.90,439.78,82.17,346.92,0.6252,-1,-1,-1
162,2,739.70,429.71,125.28,347.71,0.7779,-1,-1,-1
162,10,847.30,448.66,91.47,282.10,0.7437,-1,-1,-1
162,12,527.72,433.15,172.32,460.06,0.7730,-1,-1,-1
162,14,669.34,440.75,82.83,349.83,0.6213,-1,-1,-1
163,2,741.89,431.00,124.40,347.71,0.7899,-1,-1,-1
163,10,850.98,449.47,91.62,282.17,0.7396,-1,-1,-1
163,12,529.52,432.72,173.57,461.78,0.8000,-1,-1,-1
163,14,668.97,440.85,84.63,358.28,0.5952,-1,-1,-1
163,13,916.53,439.41,88.66,257.42,0.5735,-1,-1,-1
164,2,744.46,431.45,124.44,350.33,0.7863,-1,-1,-1
164,10,855.20,449.83,92.86,283.17,0.7081,-1,-1,-1
164,12,530.66,431.70,175.88,465.54,0.7893,-1,-1,-1
164,14,670.29,439.61,85.52,362.33,0.5993,-1,-1,-1
164,13,919.70,439.81,87.74,256.33,0.5582,-1,-1,-1
164,8,1183.87,443.39,37.69,101.58,0.5076,-1,-1,-1
165,2,745.60,430.79,124.31,352.31,0.7890,-1,-1,-1
165,10,861.44,450.61,94.61,282.69,0.6614,-1,-1,-1
165,12,532.57,431.30,177.99,468.28,0.8058,-1,-1,-1
165,14,674.36,441.00,83.70,352.50,0.6939,-1,-1,-1
165,13,920.47,439.10,88.45,259.12,0.5198,-1,-1,-1
166,2,746.86,430.71,124.56,355.59,0.7908,-1,-1,-1
166,10,862.70,452.94,96.28,283.93,0.6399,-1,-1,-1
166,12,533.42,431.44,180.00,470.55,0.7935,-1,-1,-1
166,14,676.54,441.86,84.01,351.44,0.7229,-1,-1,-1
166,13,923.60,436.65,87.06,257.19,0.5078,-1,-1,-1
167,2,747.59,431.06,124.08,356.45,0.7970,-1,-1,-1
167,10,870.30,451.12,99.07,283.63,0.7054,-1,-1,-1
167,12,536.05,432.22,181.80,471.38,0.8015,-1,-1,-1
167,14,677.44,442.04,84.55,351.68,0.7096,-1,-1,-1
167,13,927.65,436.32,84.46,252.17,0.5910,-1,-1,-1
168,2,749.09,432.15,123.51,356.95,0.7932,-1,-1,-1
168,10,873.98,448.23,102.57,285.95,0.7508,-1,-1,-1
168,12,541.94,433.67,183.88,469.26,0.8078,-1,-1,-1
168,14,677.35,442.51,85.38,353.49,0.7276,-1,-1,-1
168,13,932.66,435.04,81.77,246.97,0.5948,-1,-1,-1
169,2,750.08,433.86,122.50,356.20,0.8001,-1,-1,-1
169,10,873.74,447.05,105.02,288.28,0.7801,-1,-1,-1
169,12,547.00,430.30,188.36,471.25,0.8084,-1,-1,-1
169,14,678.05,442.69,86.01,354.76,0.7356,-1,-1,-1
169,13,937.23,434.43,78.82,241.28,0.5910,-1,-1,-1
170,2,752.25,434.82,121.69,356.08,0.7810,-1,-1,-1
170,10,875.14,446.45,106.76,289.97,0.7985,-1,-1,-1
170,12,550.78,429.66,192.78,471.39,0.8299,-1,-1,-1
170,14,678.67,442.53,86.43,356.05,0.7284,-1,-1,-1
170,13,940.60,434.17,76.60,236.55,0.6173,-1,-1,-1
171,2,754.52,435.39,119.31,350.86,0.7896,-1,-1,-1
171,10,875.87,446.55,108.11,291.26,0.7918,-1,-1,-1
171,12,554.45,430.00,197.20,471.15,0.8574,-1,-1,-1
171,14,679.19,442.44,87.47,359.58,0.7301,-1,-1,-1
171,13,942.88,435.35,78.03,243.46,0.6678,-1,-1,-1
172,2,758.71,436.21,118.17,347.63,0.8126,-1,-1,-1
172,10,875.90,447.07,109.07,291.41,0.7947,-1,-1,-1
172,12,555.78,432.35,201.03,470.58,0.8476,-1,-1,-1
172,14,679.57,444.34,86.93,358.10,0.7007,-1,-1,-1
172,13,947.26,435.38,79.11,248.63,0.6841,-1,-1,-1
173,2,761.64,437.19,117.52,345.48,0.8189,-1,-1,-1
173,10,876.61,445.60,110.43,293.36,0.7873,-1,-1,-1
173,12,554.12,432.43,203.84,470.25,0.8566,-1,-1,-1
173,14,682.37,446.18,85.97,352.58,0.6240,-1,-1,-1
173,13,949.46,434.78,80.65,255.23,0.6615,-1,-1,-1
174,2,763.24,438.78,118.50,347.70,0.8228,-1,-1,-1
174,10,878.29,445.00,111.38,293.99,0.7876,-1,-1,-1
174,12,554.88,432.62,206.81,471.68,0.8522,-1,-1,-1
174,13,951.30,435.36,80.78,257.85,0.6312,-1,-1,-1
175,2,765.88,439.66,118.92,349.65,0.8434,-1,-1,-1
175,10,879.06,444.29,112.06,294.57,0.7924,-1,-1,-1
175,12,558.23,433.48,208.37,471.62,0.8355,-1,-1,-1
175,13,954.58,435.24,80.90,259.92,0.6014,-1,-1,-1
176,2,766.22,441.14,119.90,354.22,0.8305,-1,-1,-1
176,10,879.67,443.84,112.33,294.70,0.7983,-1,-1,-1
176,12,561.50,433.09,209.86,474.16,0.7968,-1,-1,-1
176,13,959.62,434.74,80.86,259.42,0.5874,-1,-1,-1
177,2,767.25,441.27,120.06,355.24,0.8228,-1,-1,-1
177,10,881.87,445.42,112.03,293.07,0.7898,-1,-1,-1
177,12,562.08,435.63,209.88,473.10,0.7982,-1,-1,-1
177,13,963.28,434.42,81.63,260.84,0.5190,-1,-1,-1
178,2,769.60,440.86,119.47,356.07,0.8096,-1,-1,-1
178,10,885.82,446.86,110.97,290.88,0.7653,-1,-1,-1
178,12,563.52,434.19,210.73,474.54,0.8392,-1,-1,-1
179,2,771.98,439.86,118.81,355.66,0.7901,-1,-1,-1
179,10,888.53,446.03,110.76,291.95,0.7734,-1,-1,-1
179,12,567.37,433.12,211.03,477.00,0.8621,-1,-1,-1
179,13,969.47,434.95,83.63,263.14,0.5232,-1,-1,-1
180,2,775.95,438.63,119.29,357.29,0.7649,-1,-1,-1
180,10,891.27,445.34,109.95,292.85,0.7770,-1,-1,-1
180,12,571.14,431.07,210.56,479.01,0.8399,-1,-1,-1
181,2,777.38,437.08,119.26,358.30,0.7561,-1,-1,-1
181,10,895.42,444.04,109.35,295.11,0.7278,-1,-1,-1
181,12,574.46,426.26,211.30,484.65,0.8645,-1,-1,-1
181,13,974.36,436.86,84.33,263.33,0.6196,-1,-1,-1
182,2,779.00,435.85,120.23,362.59,0.7532,-1,-1,-1
182,10,901.72,445.23,107.85,296.39,0.7130,-1,-1,-1
182,12,577.37,424.52,210.73,486.30,0.8653,-1,-1,-1
182,13,977.95,435.68,85.76,267.08,0.6124,-1,-1,-1
182,8,1157.63,446.45,37.35,100.15,0.5447,-1,-1,-1
183,2,781.33,434.83,121.07,366.19,0.7695,-1,-1,-1
183,10,907.45,443.66,106.64,297.85,0.7463,-1,-1,-1
183,12,580.27,424.42,209.35,486.54,0.8583,-1,-1,-1
183,13,981.39,436.74,84.65,262.71,0.6249,-1,-1,-1
183,8,1157.45,448.51,36.50,98.22,0.5412,-1,-1,-1
184,2,782.82,434.06,121.32,367.81,0.7829,-1,-1,-1
184,10,913.57,441.95,105.21,299.32,0.7691,-1,-1,-1
184,12,583.73,425.19,207.28,485.40,0.8523,-1,-1,-1
184,13,985.39,439.49,81.40,250.47,0.6323,-1,-1,-1
184,8,1156.29,450.34,37.20,97.95,0.6062,-1,-1,-1
185,2,784.53,434.27,121.41,369.07,0.7814,-1,-1,-1
185,10,916.99,441.52,104.30,302.15,0.7595,-1,-1,-1
185,12,589.20,426.85,204.54,483.53,0.8411,-1,-1,-1
185,13,987.69,440.74,82.08,251.82,0.6331,-1,-1,-1
185,8,1156.45,451.50,37.03,95.82,0.5556,-1,-1,-1
186,2,784.89,434.72,120.64,368.42,0.8028,-1,-1,-1
186,10,919.98,443.90,103.34,304.84,0.7452,-1,-1,-1
186,12,593.73,426.25,202.79,484.04,0.8440,-1,-1,-1
186,13,990.93,442.26,80.49,245.41,0.5728,-1,-1,-1
186,8,1156.08,449.12,38.85,97.70,0.5952,-1,-1,-1
187,2,787.11,435.05,120.00,368.36,0.8032,-1,-1,-1
187,10,922.90,444.77,102.84,307.14,0.7313,-1,-1,-1
187,12,597.95,427.59,200.44,484.05,0.8413,-1,-1,-1
187,13,994.83,442.69,81.68,249.22,0.6250,-1,-1,-1
187,8,1156.97,450.14,39.19,96.22,0.5453,-1,-1,-1
188,2,789.91,434.70,118.80,366.00,0.8122,-1,-1,-1
188,10,926.77,442.79,102.71,309.75,0.6870,-1,-1,-1
188,12,599.55,426.83,201.39,491.94,0.8356,-1,-1,-1
188,13,997.14,444.01,81.45,249.43,0.5058,-1,-1,-1
188,8,1157.25,451.60,39.52,95.91,0.5013,-1,-1,-1
189,2,791.56,433.58,118.58,367.48,0.8100,-1,-1,-1
189,10,932.77,442.08,103.66,311.57,0.7793,-1,-1,-1
189,12,600.47,426.23,202.57,501.24,0.7960,-1,-1,-1
189,13,1002.29,440.08,84.75,260.95,0.5323,-1,-1,-1
190,2,795.16,432.71,119.61,371.20,0.8022,-1,-1,-1
190,10,938.32,442.53,104.07,310.77,0.7576,-1,-1,-1
190,12,604.79,426.19,203.44,509.07,0.7025,-1,-1,-1
190,15,571.99,438.53,57.10,172.10,0.5402,-1,-1,-1
191,2,797.27,432.51,119.36,371.60,0.7813,-1,-1,-1
191,10,944.66,443.14,105.26,311.00,0.7603,-1,-1,-1
191,12,608.11,425.93,203.29,515.24,0.7482,-1,-1,-1
191,15,571.32,445.65,55.95,168.33,0.5801,-1,-1,-1
192,2,798.29,430.17,120.68,377.75,0.7872,-1,-1,-1
192,10,948.27,447.24,104.88,306.67,0.7593,-1,-1,-1
192,12,611.36,426.19,203.68,523.67,0.7261,-1,-1,-1
192,15,571.76,444.20,56.86,170.43,0.5892,-1,-1,-1
193,2,799.41,427.27,120.60,380.30,0.7858,-1,-1,-1
193,10,949.54,444.23,106.85,310.05,0.7560,-1,-1,-1
193,12,614.77,426.72,201.59,527.44,0.7649,-1,-1,-1
193,15,572.47,443.47,57.39,171.45,0.6286,-1,-1,-1
193,13,1017.77,438.31,86.15,262.58,0.5388,-1,-1,-1
194,2,802.56,425.39,121.26,383.16,0.7888,-1,-1,-1
194,10,949.05,443.75,107.17,310.68,0.7482,-1,-1,-1
194,12,619.99,425.81,202.67,536.45,0.7598,-1,-1,-1
194,15,572.59,442.97,58.17,173.19,0.6697,-1,-1,-1
194,13,1019.02,435.29,90.11,272.78,0.6466,-1,-1,-1
195,2,806.44,424.27,121.86,383.34,0.7892,-1,-1,-1
195,10,950.42,446.80,107.73,309.53,0.7594,-1,-1,-1
195,12,624.34,423.47,201.84,540.73,0.7844,-1,-1,-1
195,15,572.37,442.09,58.84,174.32,0.6821,-1,-1,-1
195,13,1022.40,433.89,91.86,276.85,0.6926,-1,-1,-1
196,2,812.02,425.46,122.75,381.48,0.8252,-1,-1,-1
196,10,951.18,448.50,108.23,308.76,0.7276,-1,-1,-1
196,12,630.00,423.97,198.57,539.22,0.8010,-1,-1,-1
196,15,572.81,442.73,59.10,173.92,0.6701,-1,-1,-1
196,13,1026.70,432.74,93.11,279.55,0.6812,-1,-1,-1
197,2,819.13,426.93,124.88,380.05,0.8145,-1,-1,-1
197,10,952.86,447.65,108.80,309.88,0.7515,-1,-1,-1
197,12,630.59,422.47,198.34,548.58,0.8226,-1,-1,-1
197,15,572.99,441.61,59.74,174.38,0.6701,-1,-1,-1
198,2,824.89,430.97,126.46,376.44,0.8300,-1,-1,-1
198,10,956.27,447.55,108.76,311.09,0.7685,-1,-1,-1
198,12,634.92,422.77,193.94,544.60,0.8328,-1,-1,-1
198,15,573.49,441.93,60.17,174.22,0.6822,-1,-1,-1
198,13,1035.65,433.52,93.12,280.18,0.6462,-1,-1,-1
199,2,829.79,432.74,129.29,375.62,0.8462,-1,-1,-1
199,10,961.92,447.89,108.72,312.60,0.7579,-1,-1,-1
199,12,638.89,423.26,191.11,541.63,0.8391,-1,-1,-1
199,15,574.14,443.51,59.81,172.16,0.6885,-1,-1,-1
199,13,1040.16,436.48,92.78,279.24,0.6358,-1,-1,-1
200,2,831.34,434.98,131.84,374.68,0.8426,-1,-1,-1
200,10,967.23,448.55,108.01,312.09,0.7219,-1,-1,-1
200,12,643.03,422.65,189.33,541.29,0.8591,-1,-1,-1
200,15,574.59,445.81,59.67,170.53,0.6769,-1,-1,-1
200,13,1042.56,434.93,93.94,283.15,0.6057,-1,-1,-1
201,2,832.92,436.89,134.04,373.85,0.8389,-1,-1,-1
201,10,972.09,450.80,105.84,310.25,0.7077,-1,-1,-1
201,12,649.78,422.90,187.41,539.61,0.8445,-1,-1,-1
201,15,575.58,444.98,59.72,169.74,0.6632,-1,-1,-1
201,13,1046.34,435.86,94.68,286.51,0.6135,-1,-1,-1
202,2,832.62,437.62,136.19,374.68,0.8450,-1,-1,-1
202,10,977.91,449.92,104.87,312.40,0.7740,-1,-1,-1
202,12,653.62,421.78,187.43,542.02,0.8548,-1,-1,-1
202,15,576.47,446.60,59.70,167.87,0.6782,-1,-1,-1
202,13,1050.74,436.37,93.89,283.36,0.6830,-1,-1,-1
203,2,831.91,437.88,137.85,375.59,0.8434,-1,-1,-1
203,10,982.50,449.71,104.18,313.81,0.7718,-1,-1,-1
203,12,659.79,424.71,187.81,547.30,0.8228,-1,-1,-1
203,15,577.01,444.67,61.07,169.99,0.7086,-1,-1,-1
203,13,1054.49,435.21,93.94,283.10,0.6935,-1,-1,-1
204,2,831.46,437.58,139.19,376.01,0.8423,-1,-1,-1
204,10,986.23,449.48,103.66,315.82,0.7722,-1,-1,-1
204,12,660.01,424.18,189.69,555.55,0.8435,-1,-1,-1
204,15,578.80,448.32,60.41,166.77,0.7258,-1,-1,-1
204,13,1058.33,435.02,93.34,283.04,0.6989,-1,-1,-1
205,2,831.13,435.09,141.01,378.33,0.8316,-1,-1,-1
205,10,990.03,448.17,103.09,317.01,0.7864,-1,-1,-1
205,12,661.79,424.07,191.14,564.97,0.8479,-1,-1,-1
205,15,578.06,447.13,61.57,168.88,0.7469,-1,-1,-1
205,13,1062.08,438.27,91.48,278.56,0.7152,-1,-1,-1
206,2,833.59,435.45,141.48,377.63,0.8325,-1,-1,-1
206,10,994.82,447.81,102.26,317.50,0.7752,-1,-1,-1
206,12,665.12,423.24,190.79,569.69,0.8388,-1,-1,-1
206,15,578.12,447.15,62.36,169.88,0.7255,-1,-1,-1
206,13,1063.97,437.08,91.64,280.90,0.6802,-1,-1,-1
207,2,834.84,435.56,142.03,377.12,0.8277,-1,-1,-1
207,10,1001.83,448.58,100.96,315.16,0.7192,-1,-1,-1
207,12,667.74,420.72,190.33,573.71,0.8416,-1,-1,-1
207,15,581.04,453.10,60.58,163.96,0.7391,-1,-1,-1
207,13,1067.86,435.83,91.18,283.84,0.6520,-1,-1,-1
208,2,835.83,434.93,143.19,379.04,0.8236,-1,-1,-1
208,10,1005.86,450.18,99.25,311.88,0.6928,-1,-1,-1
208,12,671.10,420.33,188.74,574.02,0.8346,-1,-1,-1
208,15,582.49,454.46,60.47,162.92,0.7305,-1,-1,-1
208,13,1068.70,434.27,93.49,297.54,0.5922,-1,-1,-1
209,2,837.23,434.63,143.80,380.23,0.8075,-1,-1,-1
209,10,1021.28,446.73,104.10,315.97,0.5993,-1,-1,-1
209,12,674.85,417.03,188.13,577.69,0.8193,-1,-1,-1
209,15,584.85,456.88,60.26,160.61,0.7433,-1,-1,-1
209,13,1076.36,433.88,89.36,287.84,0.6136,-1,-1,-1
210,2,840.71,429.94,145.59,384.49,0.8139,-1,-1,-1
210,10,1032.99,444.65,109.29,318.51,0.8152,-1,-1,-1
210,12,678.43,415.86,186.91,578.68,0.7953,-1,-1,-1
210,15,587.22,457.37,60.59,159.73,0.7272,-1,-1,-1
211,2,846.74,430.21,146.38,385.82,0.7886,-1,-1,-1
211,10,1039.26,443.74,114.25,319.71,0.8007,-1,-1,-1
211,12,680.75,418.61,185.24,576.40,0.8112,-1,-1,-1
211,15,588.45,453.65,62.69,163.23,0.7423,-1,-1,-1
212,2,852.01,430.51,146.48,386.04,0.7878,-1,-1,-1
212,10,1042.30,444.74,118.87,319.63,0.7905,-1,-1,-1
212,12,682.61,416.45,184.69,578.38,0.8253,-1,-1,-1
212,15,589.76,451.99,63.47,164.21,0.7129,-1,-1,-1
213,2,858.18,430.60,145.92,386.69,0.8084,-1,-1,-1
213,10,1042.18,447.00,122.97,319.04,0.8067,-1,-1,-1
213,12,684.67,414.59,184.43,579.71,0.8220,-1,-1,-1
213,15,590.35,452.33,63.92,164.34,0.7383,-1,-1,-1
213,13,1096.72,434.21,84.60,274.54,0.5038,-1,-1,-1
214,2,865.53,429.66,144.77,385.91,0.8162,-1,-1,-1
214,10,1040.53,447.98,127.00,319.29,0.7728,-1,-1,-1
214,12,686.26,413.71,183.71,580.00,0.8243,-1,-1,-1
214,15,590.68,451.42,64.84,166.21,0.7260,-1,-1,-1
214,13,1101.76,431.97,84.60,277.38,0.5416,-1,-1,-1
215,2,870.78,429.16,143.50,387.09,0.8101,-1,-1,-1
215,10,1037.63,447.12,130.77,321.06,0.8160,-1,-1,-1
215,12,689.18,412.12,183.59,582.08,0.8178,-1,-1,-1
215,15,592.47,453.98,64.08,163.45,0.6824,-1,-1,-1
215,13,1107.08,427.90,86.21,287.06,0.5558,-1,-1,-1
216,2,874.29,427.79,142.28,388.59,0.8191,-1,-1,-1
216,10,1037.56,446.37,134.98,323.39,0.8255,-1,-1,-1
216,12,692.21,414.05,182.38,579.99,0.7933,-1,-1,-1
216,15,594.23,455.59,64.80,165.39,0.6857,-1,-1,-1
217,2,876.50,428.41,141.40,390.85,0.8152,-1,-1,-1
217,10,1037.86,446.48,137.72,323.26,0.7896,-1,-1,-1
217,12,694.06,413.48,182.46,580.09,0.7479,-1,-1,-1
217,15,595.58,457.13,64.90,165.45,0.7145,-1,-1,-1
218,2,879.47,427.50,141.27,395.27,0.8202,-1,-1,-1
218,10,1038.36,442.72,141.40,327.45,0.7870,-1,-1,-1
218,12,698.32,411.37,183.51,582.71,0.7671,-1,-1,-1
218,15,597.61,457.80,64.76,165.18,0.6982,-1,-1,-1
219,2,882.79,426.06,141.55,400.15,0.8411,-1,-1,-1
219,10,1041.19,438.82,143.54,331.06,0.7945,-1,-1,-1
219,12,702.67,411.15,183.91,582.77,0.7602,-1,-1,-1
219,15,596.80,460.31,64.90,165.27,0.6769,-1,-1,-1
219,17,509.26,439.31,42.32,119.77,0.5114,-1,-1,-1
220,2,885.24,425.91,141.80,405.18,0.8422,-1,-1,-1
220,10,1046.12,438.73,143.39,330.86,0.8068,-1,-1,-1
220,12,712.07,410.03,184.93,583.26,0.8118,-1,-1,-1
220,15,597.27,461.38,64.84,164.95,0.7001,-1,-1,-1
220,17,509.06,438.74,42.49,120.19,0.5422,-1,-1,-1
221,2,889.11,425.00,141.47,407.96,0.8386,-1,-1,-1
221,10,1051.13,438.49,142.79,331.09,0.8092,-1,-1,-1
221,12,723.72,410.33,187.73,583.78,0.8604,-1,-1,-1
221,15,597.72,460.97,64.18,163.85,0.7230,-1,-1,-1
221,17,509.06,439.35,42.55,120.36,0.5023,-1,-1,-1
221,13,1140.85,436.98,85.22,293.49,0.5497,-1,-1,-1
222,2,891.75,424.87,140.94,409.32,0.8379,-1,-1,-1
222,10,1058.34,439.35,140.63,330.33,0.8168,-1,-1,-1
222,12,731.20,410.49,191.42,584.02,0.8614,-1,-1,-1
222,15,598.68,461.26,63.50,163.35,0.7403,-1,-1,-1
222,13,1150.48,434.63,84.78,294.85,0.5986,-1,-1,-1
223,2,894.71,426.41,140.44,411.00,0.8240,-1,-1,-1
223,10,1066.14,439.28,138.03,331.04,0.7982,-1,-1,-1
223,12,738.84,407.56,197.84,587.36,0.8502,-1,-1,-1
223,15,598.70,459.17,64.19,166.86,0.6914,-1,-1,-1
224,2,896.01,427.31,139.82,412.80,0.8212,-1,-1,-1
224,10,1078.71,440.60,135.77,333.04,0.7632,-1,-1,-1
224,12,747.88,406.78,204.00,587.08,0.8502,-1,-1,-1
224,15,600.32,459.49,63.04,165.55,0.6905,-1,-1,-1
224,17,508.78,440.20,42.84,120.60,0.5185,-1,-1,-1
225,2,898.23,427.99,139.29,414.35,0.8180,-1,-1,-1
225,10,1085.10,440.04,132.94,335.72,0.7244,-1,-1,-1
225,12,753.79,408.66,210.26,586.75,0.8309,-1,-1,-1
225,15,601.42,460.62,62.96,166.43,0.6750,-1,-1,-1
226,2,901.64,428.52,139.17,415.47,0.8178,-1,-1,-1
226,10,1090.96,437.92,130.96,340.37,0.6919,-1,-1,-1
226,12,758.92,405.29,218.46,590.82,0.8566,-1,-1,-1
226,15,602.11,461.92,62.67,167.13,0.6738,-1,-1,-1
226,13,1165.44,432.57,83.48,302.58,0.5215,-1,-1,-1
226,17,508.74,439.85,43.17,120.98,0.5070,-1,-1,-1
227,2,904.70,428.43,139.36,416.65,0.8113,-1,-1,-1
227,10,1098.67,438.10,128.63,342.35,0.7436,-1,-1,-1
227,12,762.84,404.91,225.37,590.48,0.8732,-1,-1,-1
227,15,603.41,460.03,62.25,168.03,0.6644,-1,-1,-1
227,13,1171.36,429.48,82.74,308.08,0.5511,-1,-1,-1
228,2,906.67,426.25,139.95,418.56,0.7917,-1,-1,-1
228,10,1103.60,438.51,128.04,348.29,0.7538,-1,-1,-1
228,12,765.77,406.81,230.99,588.44,0.8740,-1,-1,-1
228,15,604.29,460.59,61.15,167.05,0.6634,-1,-1,-1
229,2,907.34,426.49,139.99,418.52,0.7790,-1,-1,-1
229,10,1106.89,440.52,125.74,348.45,0.7591,-1,-1,-1
229,12,769.20,407.85,237.00,587.76,0.8633,-1,-1,-1
229,15,604.84,457.47,62.58,173.06,0.6667,-1,-1,-1
229,13,1195.31,421.55,62.04,216.76,0.5812,-1,-1,-1
230,2,909.75,425.97,140.32,417.90,0.7787,-1,-1,-1
230,10,1111.99,441.98,124.59,349.08,0.7168,-1,-1,-1
230,12,771.55,410.65,240.96,584.50,0.8321,-1,-1,-1
230,15,607.42,457.61,62.53,174.61,0.6642,-1,-1,-1
230,13,1201.95,418.54,58.28,194.96,0.5678,-1,-1,-1
231,2,910.14,425.53,139.81,417.61,0.7764,-1,-1,-1
231,10,1123.40,440.67,125.38,350.61,0.7973,-1,-1,-1
231,12,772.86,411.15,245.30,585.22,0.8498,-1,-1,-1
231,15,609.70,461.40,61.11,170.55,0.6846,-1,-1,-1
231,13,1206.68,418.36,57.87,187.08,0.5553,-1,-1,-1
232,2,910.53,425.09,139.44,419.05,0.7990,-1,-1,-1
232,10,1132.96,440.36,126.26,351.49,0.7951,-1,-1,-1
232,12,776.24,410.15,248.60,586.21,0.8219,-1,-1,-1
232,15,610.20,457.03,62.29,174.49,0.6764,-1,-1,-1
232,17,508.27,440.82,43.11,120.70,0.5419,-1,-1,-1
233,2,913.77,424.85,139.06,421.97,0.7580,-1,-1,-1
233,10,1136.77,442.04,127.05,351.57,0.8316,-1,-1,-1
233,12,779.56,411.57,250.39,585.10,0.8234,-1,-1,-1
233,15,611.26,454.74,63.07,176.54,0.6711,-1,-1,-1
233,17,508.13,440.62,42.86,120.56,0.5223,-1,-1,-1
234,2,916.65,424.56,138.59,424.98,0.7377,-1,-1,-1
234,10,1137.87,444.11,128.16,352.98,0.8436,-1,-1,-1
234,12,784.74,415.60,250.64,581.92,0.7897,-1,-1,-1
234,15,613.39,456.08,62.31,173.55,0.6641,-1,-1,-1
234,17,508.11,440.35,42.83,120.77,0.5272,-1,-1,-1
235,2,918.02,423.89,138.94,430.64,0.6978,-1,-1,-1
235,10,1138.56,444.79,129.94,355.66,0.8149,-1,-1,-1
235,12,790.86,417.89,249.91,579.44,0.8166,-1,-1,-1
235,15,614.89,454.78,62.63,175.42,0.6713,-1,-1,-1
235,17,507.90,440.55,42.49,120.48,0.5102,-1,-1,-1
236,2,923.11,423.37,136.50,430.13,0.6907,-1,-1,-1
236,10,1138.95,444.46,131.51,358.00,0.8209,-1,-1,-1
236,12,791.78,413.17,251.95,584.26,0.8125,-1,-1,-1
236,15,617.56,456.47,61.52,173.95,0.6884,-1,-1,-1
236,18,737.29,430.77,155.28,433.93,0.5302,-1,-1,-1
237,2,930.45,423.09,132.50,422.47,0.5452,-1,-1,-1
237,10,1140.40,442.74,133.09,360.75,0.8085,-1,-1,-1
237,12,792.93,415.63,250.89,582.03,0.8147,-1,-1,-1
237,15,618.75,455.20,61.27,175.12,0.6499,-1,-1,-1
237,18,742.28,432.63,153.83,431.24,0.5870,-1,-1,-1
238,2,937.00,422.02,128.10,411.57,0.5794,-1,-1,-1
238,10,1142.10,438.95,134.79,365.01,0.7699,-1,-1,-1
238,12,791.38,411.85,252.40,585.69,0.8136,-1,-1,-1
238,15,619.84,458.05,60.27,175.18,0.6747,-1,-1,-1
239,10,1145.61,437.92,134.80,366.80,0.7496,-1,-1,-1
239,12,791.17,409.03,253.22,589.05,0.8386,-1,-1,-1
239,15,622.42,460.16,59.30,174.20,0.6684,-1,-1,-1
239,18,721.22,438.12,152.97,427.97,0.5458,-1,-1,-1
240,10,1152.08,437.48,134.27,370.50,0.7143,-1,-1,-1
240,12,793.34,410.88,251.87,587.69,0.8480,-1,-1,-1
240,15,624.27,460.57,58.20,172.97,0.5954,-1,-1,-1
240,18,720.18,438.28,154.11,429.92,0.6310,-1,-1,-1
240,2,947.55,424.20,127.91,415.68,0.6240,-1,-1,-1
241,10,1159.93,437.78,132.13,371.25,0.7354,-1,-1,-1
241,12,800.76,414.47,248.99,585.13,0.8196,-1,-1,-1
241,15,627.12,458.20,58.49,174.36,0.5834,-1,-1,-1
241,18,722.93,437.74,154.37,429.57,0.6225,-1,-1,-1
241,19,1247.67,430.21,70.97,325.40,0.5438,-1,-1,-1
241,2,951.76,425.03,126.32,416.90,0.6740,-1,-1,-1
242,10,1169.64,437.43,129.30,368.72,0.6818,-1,-1,-1
242,12,808.77,420.69,244.59,581.57,0.8240,-1,-1,-1
242,15,628.64,459.08,57.72,171.77,0.5867,-1,-1,-1
242,18,736.89,437.59,154.04,433.31,0.6463,-1,-1,-1
242,2,953.88,425.52,124.35,413.65,0.5606,-1,-1,-1
243,10,1177.89,435.92,127.29,368.87,0.6389,-1,-1,-1
243,12,812.26,409.04,246.55,595.32,0.8007,-1,-1,-1
243,15,631.40,460.81,57.24,169.05,0.5670,-1,-1,-1
243,18,735.60,437.35,153.89,433.02,0.6695,-1,-1,-1
244,10,1189.83,434.05,126.42,370.06,0.7684,-1,-1,-1
244,12,818.14,399.71,246.95,607.81,0.7915,-1,-1,-1
244,15,634.25,461.90,58.02,168.89,0.5952,-1,-1,-1
244,18,734.75,436.57,153.94,433.11,0.6903,-1,-1,-1
245,10,1198.74,432.31,126.15,372.01,0.7983,-1,-1,-1
245,12,825.73,400.11,244.70,613.44,0.7382,-1,-1,-1
245,15,635.05,462.79,58.69,168.66,0.5915,-1,-1,-1
245,18,736.25,437.40,154.64,434.37,0.6435,-1,-1,-1
246,10,1203.24,431.50,124.76,371.59,0.7652,-1,-1,-1
246,12,833.84,407.90,241.02,615.61,0.7832,-1,-1,-1
246,15,635.33,461.73,59.37,169.23,0.5923,-1,-1,-1
246,18,738.86,438.84,155.34,434.09,0.5698,-1,-1,-1
247,10,1209.42,430.70,124.10,370.61,0.7320,-1,-1,-1
247,12,842.62,416.61,236.00,615.39,0.7729,-1,-1,-1
247,15,636.01,459.26,61.20,172.22,0.5075,-1,-1,-1
247,18,754.62,437.21,155.19,438.66,0.5569,-1,-1,-1
248,10,1218.50,430.99,125.48,371.30,0.8024,-1,-1,-1
248,12,852.75,419.11,232.47,618.90,0.7379,-1,-1,-1
248,15,637.38,460.59,60.74,171.42,0.5894,-1,-1,-1
248,18,760.83,435.20,154.74,442.07,0.5747,-1,-1,-1
249,10,1227.94,431.05,128.37,371.78,0.6993,-1,-1,-1
249,12,861.25,421.95,228.41,620.89,0.7133,-1,-1,-1
249,15,636.90,455.16,62.72,177.66,0.5774,-1,-1,-1
249,18,770.18,432.37,154.74,445.49,0.7505,-1,-1,-1
250,10,1237.09,431.76,133.03,372.43,0.7418,-1,-1,-1
250,12,881.13,423.06,226.98,617.91,0.7204,-1,-1,-1
250,15,641.71,451.54,64.33,181.98,0.6447,-1,-1,-1
250,18,775.08,429.02,155.26,449.19,0.7529,-1,-1,-1
251,10,1242.34,430.45,139.26,374.35,0.8487,-1,-1,-1
251,12,892.57,414.36,229.76,629.60,0.7894,-1,-1,-1
251,15,647.31,450.14,64.74,182.26,0.6700,-1,-1,-1
251,18,778.20,428.66,154.24,449.92,0.7635,-1,-1,-1
252,10,1245.16,428.06,146.31,377.75,0.8414,-1,-1,-1
252,12,901.81,407.07,230.35,634.95,0.8474,-1,-1,-1
252,15,650.26,448.30,65.45,183.71,0.7185,-1,-1,-1
252,18,780.35,429.13,153.47,450.53,0.7428,-1,-1,-1
253,10,1245.59,427.35,152.52,379.76,0.8539,-1,-1,-1
253,12,908.95,405.05,229.14,636.87,0.8429,-1,-1,-1
253,15,652.04,447.03,65.95,185.26,0.6938,-1,-1,-1
253,18,782.91,431.11,150.90,447.01,0.7412,-1,-1,-1
254,10,1242.41,424.97,158.65,383.96,0.8595,-1,-1,-1
254,12,912.95,407.61,225.91,634.10,0.8355,-1,-1,-1
254,15,654.16,447.61,65.40,184.51,0.7196,-1,-1,-1
254,18,783.35,432.43,149.40,445.48,0.7462,-1,-1,-1
254,20,1836.07,408.91,88.47,371.17,0.5196,-1,-1,-1
255,10,1242.41,426.43,163.76,384.68,0.8621,-1,-1,-1
255,12,913.10,405.75,223.64,637.32,0.8328,-1,-1,-1
255,15,656.43,448.56,65.13,183.98,0.6826,-1,-1,-1
255,18,790.63,431.22,148.18,446.18,0.7032,-1,-1,-1
255,20,1824.32,394.69,92.05,385.13,0.7462,-1,-1,-1
256,10,1243.82,427.43,168.38,385.82,0.8679,-1,-1,-1
256,12,917.87,407.26,220.01,633.94,0.8421,-1,-1,-1
256,15,659.20,449.59,65.47,183.89,0.7103,-1,-1,-1
256,18,796.64,431.92,147.12,448.64,0.7444,-1,-1,-1
256,20,1817.03,393.29,93.04,386.68,0.7645,-1,-1,-1
257,10,1246.06,428.26,172.12,386.04,0.8663,-1,-1,-1
257,12,919.03,407.44,217.21,634.34,0.8272,-1,-1,-1
257,15,660.85,451.41,65.81,183.07,0.7086,-1,-1,-1
257,18,800.15,433.08,147.76,457.03,0.7060,-1,-1,-1
257,20,1816.83,393.12,93.79,387.47,0.7880,-1,-1,-1
258,10,1250.78,427.67,174.35,386.10,0.8651,-1,-1,-1
258,12,921.41,400.98,216.02,640.54,0.8026,-1,-1,-1
258,15,661.44,449.07,68.27,189.08,0.7454,-1,-1,-1
258,18,794.68,433.14,150.74,468.38,0.6284,-1,-1,-1
258,20,1814.81,395.23,93.97,384.50,0.7381,-1,-1,-1
259,10,1255.75,427.34,175.33,386.02,0.8004,-1,-1,-1
259,12,921.42,396.57,214.41,645.79,0.7606,-1,-1,-1
259,15,662.46,449.81,68.63,188.57,0.7307,-1,-1,-1
259,18,798.61,432.44,149.86,472.92,0.6528,-1,-1,-1
259,20,1805.18,398.51,94.95,378.77,0.7976,-1,-1,-1
260,10,1261.71,426.36,175.72,386.93,0.7872,-1,-1,-1
260,12,922.78,395.78,210.79,645.44,0.7713,-1,-1,-1
260,15,664.19,451.37,68.13,186.40,0.7028,-1,-1,-1
260,18,802.20,432.52,148.99,477.10,0.5791,-1,-1,-1
260,20,1788.87,400.90,98.77,375.90,0.7756,-1,-1,-1
261,10,1269.76,426.21,174.27,387.21,0.7394,-1,-1,-1
261,12,925.66,398.23,206.91,643.15,0.7815,-1,-1,-1
261,15,664.76,451.00,68.94,188.27,0.7249,-1,-1,-1
261,18,790.06,439.29,149.24,475.29,0.5593,-1,-1,-1
261,20,1766.63,399.17,106.58,378.75,0.7868,-1,-1,-1
262,10,1284.24,424.79,171.81,390.41,0.7774,-1,-1,-1
262,12,926.79,396.54,204.56,645.27,0.7996,-1,-1,-1
262,15,665.08,450.66,69.41,189.39,0.6880,-1,-1,-1
262,18,803.31,435.76,148.39,479.84,0.6393,-1,-1,-1
262,20,1746.90,408.93,113.43,369.93,0.8118,-1,-1,-1
263,10,1296.78,424.44,168.93,391.58,0.7907,-1,-1,-1
263,12,930.24,396.00,202.02,645.81,0.8203,-1,-1,-1
263,15,666.22,452.12,69.09,187.36,0.6493,-1,-1,-1
263,18,809.11,434.52,146.84,482.04,0.6634,-1,-1,-1
263,20,1733.69,419.78,120.45,358.68,0.8338,-1,-1,-1
264,10,1309.32,421.63,166.63,395.99,0.8137,-1,-1,-1
264,12,935.39,398.04,199.43,643.34,0.8215,-1,-1,-1
264,15,667.97,452.46,69.42,187.04,0.6317,-1,-1,-1
264,18,811.90,433.83,144.42,482.52,0.6325,-1,-1,-1
264,20,1723.46,424.72,129.15,353.72,0.8500,-1,-1,-1
265,10,1319.09,421.63,163.05,398.14,0.8056,-1,-1,-1
265,12,939.23,400.55,197.41,641.41,0.8286,-1,-1,-1
265,15,670.51,452.24,69.81,187.16,0.6308,-1,-1,-1
265,18,814.36,433.30,142.54,483.87,0.5963,-1,-1,-1
265,20,1713.30,427.47,137.29,350.22,0.8360,-1,-1,-1
266,10,1327.49,421.82,161.07,403.17,0.8193,-1,-1,-1
266,12,940.75,402.09,195.07,639.93,0.8176,-1,-1,-1
266,15,674.25,453.50,69.34,185.52,0.5930,-1,-1,-1
266,18,815.86,432.24,140.91,485.57,0.6313,-1,-1,-1
266,20,1701.07,418.93,147.29,356.57,0.8503,-1,-1,-1
267,10,1333.61,419.60,160.30,411.41,0.8201,-1,-1,-1
267,12,942.36,402.33,193.11,639.53,0.8105,-1,-1,-1
267,15,676.15,453.93,69.00,184.01,0.6218,-1,-1,-1
267,18,816.13,429.47,140.06,489.93,0.7041,-1,-1,-1
267,20,1690.72,419.18,150.90,349.91,0.8300,-1,-1,-1
268,10,1344.17,422.25,158.11,410.20,0.8309,-1,-1,-1
268,12,942.71,403.35,190.91,638.85,0.8181,-1,-1,-1
268,15,677.54,454.11,68.69,183.22,0.6810,-1,-1,-1
268,18,818.20,429.63,138.66,489.47,0.5945,-1,-1,-1
268,20,1678.62,417.38,151.33,342.64,0.8203,-1,-1,-1
269,10,1357.11,423.41,159.54,412.90,0.8576,-1,-1,-1
269,12,945.15,403.51,189.75,639.09,0.8197,-1,-1,-1
269,15,678.67,453.61,68.48,183.05,0.6683,-1,-1,-1
269,18,817.80,428.87,138.09,491.72,0.5654,-1,-1,-1
269,20,1666.84,417.86,151.25,338.82,0.8101,-1,-1,-1
270,10,1367.56,423.88,162.02,414.78,0.8497,-1,-1,-1
270,12,945.95,404.25,188.07,638.82,0.8080,-1,-1,-1
270,15,680.16,452.67,68.99,185.47,0.6998,-1,-1,-1
270,18,822.69,427.27,138.40,494.01,0.5995,-1,-1,-1
270,20,1653.01,413.08,150.75,340.98,0.8015,-1,-1,-1
271,10,1375.27,423.61,165.54,415.27,0.8316,-1,-1,-1
271,12,946.70,404.95,185.90,638.58,0.7717,-1,-1,-1
271,15,682.35,449.39,70.31,190.75,0.6160,-1,-1,-1
271,18,825.18,426.42,138.66,495.42,0.6076,-1,-1,-1
271,20,1641.02,414.89,145.97,338.29,0.7669,-1,-1,-1
272,10,1377.95,425.14,169.07,415.84,0.8649,-1,-1,-1
272,12,948.29,404.33,183.42,639.02,0.8078,-1,-1,-1
272,15,684.74,446.79,71.63,195.84,0.6513,-1,-1,-1
272,18,827.18,426.48,138.09,495.06,0.6614,-1,-1,-1
272,20,1625.00,416.05,140.42,335.61,0.7026,-1,-1,-1
273,10,1378.61,426.83,173.25,418.96,0.8805,-1,-1,-1
273,12,951.62,403.55,181.24,639.78,0.8123,-1,-1,-1
273,15,685.87,444.38,72.60,200.06,0.6531,-1,-1,-1
273,18,828.60,424.75,137.87,496.11,0.6601,-1,-1,-1
273,20,1615.48,426.00,131.86,326.18,0.7103,-1,-1,-1
274,10,1379.40,425.99,178.64,425.69,0.8754,-1,-1,-1
274,12,953.28,403.33,178.87,640.15,0.8158,-1,-1,-1
274,15,687.65,447.94,70.36,194.27,0.5838,-1,-1,-1
274,18,830.41,424.53,137.40,495.65,0.6800,-1,-1,-1
274,20,1608.43,435.24,124.74,315.27,0.7957,-1,-1,-1
275,10,1381.13,424.79,182.35,429.54,0.8780,-1,-1,-1
275,12,955.00,404.29,176.32,639.55,0.7983,-1,-1,-1
275,15,692.28,448.72,70.65,194.09,0.5685,-1,-1,-1
275,18,831.21,423.00,137.29,496.36,0.7002,-1,-1,-1
275,20,1593.55,438.46,124.38,312.50,0.7846,-1,-1,-1
276,10,1383.03,425.10,183.83,430.15,0.8333,-1,-1,-1
276,12,957.54,402.23,174.80,641.44,0.8142,-1,-1,-1
276,15,696.10,449.04,69.92,192.98,0.5449,-1,-1,-1
276,18,829.34,423.26,136.63,495.87,0.7021,-1,-1,-1
276,20,1579.28,438.79,127.16,313.89,0.8035,-1,-1,-1
277,10,1384.85,425.37,184.81,430.39,0.8147,-1,-1,-1
277,12,961.87,403.18,172.94,640.91,0.8281,-1,-1,-1
277,18,826.71,423.35,136.15,496.00,0.6845,-1,-1,-1
277,20,1565.32,425.43,135.41,327.65,0.8513,-1,-1,-1
278,10,1396.16,425.69,186.26,428.07,0.8073,-1,-1,-1
278,12,964.14,402.02,172.15,642.65,0.8239,-1,-1,-1
278,18,827.71,423.09,135.59,496.07,0.7099,-1,-1,-1
278,20,1559.31,448.20,130.96,302.72,0.8507,-1,-1,-1
279,10,1419.38,429.50,179.56,422.00,0.5474,-1,-1,-1
279,12,967.42,401.30,171.24,644.19,0.8244,-1,-1,-1
279,18,827.34,421.32,135.81,498.11,0.7356,-1,-1,-1
279,20,1550.38,430.30,141.38,319.18,0.8376,-1,-1,-1
280,10,1431.68,428.95,175.68,422.38,0.7809,-1,-1,-1
280,12,971.43,401.16,170.51,643.71,0.8128,-1,-1,-1
280,18,826.26,419.88,136.25,499.53,0.7231,-1,-1,-1
280,20,1556.79,444.19,135.42,301.61,0.7798,-1,-1,-1
280,15,714.20,451.75,70.73,193.34,0.5381,-1,-1,-1
281,10,1437.22,428.64,170.48,421.82,0.7883,-1,-1,-1
281,12,974.97,399.17,170.49,645.09,0.8157,-1,-1,-1
281,18,829.15,419.86,137.06,499.47,0.7255,-1,-1,-1
281,20,1549.17,424.56,144.19,323.37,0.6383,-1,-1,-1
281,15,717.60,455.01,70.82,191.36,0.6095,-1,-1,-1
282,10,1446.00,432.97,164.64,418.34,0.7364,-1,-1,-1
282,12,978.13,399.87,170.21,644.10,0.7954,-1,-1,-1
282,18,832.24,419.38,138.39,498.31,0.7456,-1,-1,-1
282,20,1540.38,420.85,142.24,322.31,0.5455,-1,-1,-1
282,15,719.48,458.36,70.67,186.89,0.5087,-1,-1,-1
283,10,1458.22,432.18,163.53,420.90,0.7704,-1,-1,-1
283,12,981.85,399.49,170.12,644.38,0.7813,-1,-1,-1
283,18,836.75,420.27,141.15,497.59,0.7567,-1,-1,-1
283,15,720.97,458.82,71.25,185.65,0.6083,-1,-1,-1
284,10,1469.30,429.54,162.62,422.67,0.7981,-1,-1,-1
284,12,985.52,400.68,168.36,642.37,0.7639,-1,-1,-1
284,18,840.39,420.61,145.06,498.42,0.7645,-1,-1,-1
284,15,721.72,458.02,72.51,186.70,0.6897,-1,-1,-1
285,10,1478.68,433.89,159.30,418.52,0.7758,-1,-1,-1
285,12,987.71,403.28,166.48,639.72,0.7923,-1,-1,-1
285,18,843.21,425.63,148.51,496.75,0.7774,-1,-1,-1
285,15,721.33,456.41,74.14,188.25,0.7342,-1,-1,-1
286,10,1491.92,434.47,158.92,417.74,0.8168,-1,-1,-1
286,12,990.10,405.58,164.83,637.70,0.7906,-1,-1,-1
286,18,844.18,425.38,152.93,498.39,0.7843,-1,-1,-1
286,15,721.84,454.82,76.01,189.85,0.7743,-1,-1,-1
287,10,1505.26,431.51,162.64,421.02,0.8299,-1,-1,-1
287,12,991.45,406.43,163.88,637.06,0.7841,-1,-1,-1
287,18,846.08,422.43,157.01,499.98,0.8053,-1,-1,-1
287,15,722.87,454.97,76.63,189.14,0.7627,-1,-1,-1
288,10,1518.74,430.03,169.09,425.97,0.8567,-1,-1,-1
288,12,992.87,406.64,163.02,637.42,0.7845,-1,-1,-1
288,18,846.57,421.47,160.45,500.52,0.8140,-1,-1,-1
288,15,723.51,449.48,78.64,193.62,0.7396,-1,-1,-1
289,10,1528.36,435.38,173.87,423.23,0.8817,-1,-1,-1
289,12,994.76,407.84,161.68,635.88,0.7846,-1,-1,-1
289,18,848.26,422.93,162.20,497.91,0.8089,-1,-1,-1
289,15,726.00,447.30,79.71,196.34,0.6597,-1,-1,-1
290,10,1532.15,436.19,181.97,427.82,0.8746,-1,-1,-1
290,12,997.29,405.94,161.09,637.87,0.8122,-1,-1,-1
290,18,849.11,419.16,165.07,501.81,0.8087,-1,-1,-1
290,15,729.93,448.24,79.42,195.53,0.6345,-1,-1,-1
291,10,1532.90,434.79,190.83,433.23,0.8359,-1,-1,-1
291,12,999.88,404.06,160.73,639.07,0.7856,-1,-1,-1
291,18,846.31,420.52,167.31,501.07,0.8189,-1,-1,-1
291,15,733.43,452.66,78.21,192.46,0.6253,-1,-1,-1
291,20,1426.29,424.67,133.46,293.59,0.6329,-1,-1,-1
292,10,1530.38,435.44,198.36,436.86,0.8560,-1,-1,-1
292,12,1000.78,403.77,160.22,638.77,0.7559,-1,-1,-1
292,18,845.86,422.02,168.66,498.45,0.8121,-1,-1,-1
292,15,737.95,452.46,77.36,193.16,0.6021,-1,-1,-1
293,10,1529.04,436.62,205.96,441.08,0.8686,-1,-1,-1
293,12,1004.07,404.37,159.57,637.97,0.8020,-1,-1,-1
293,18,846.50,418.69,171.03,502.30,0.8220,-1,-1,-1
293,15,740.42,450.30,77.58,196.34,0.6662,-1,-1,-1
293,20,1403.21,428.72,128.28,281.05,0.7028,-1,-1,-1
294,10,1528.24,435.88,213.14,444.84,0.8660,-1,-1,-1
294,12,1005.56,403.10,159.60,640.27,0.8147,-1,-1,-1
294,18,847.16,415.59,172.92,505.60,0.8318,-1,-1,-1
294,15,741.93,451.56,75.76,195.02,0.6552,-1,-1,-1
294,20,1399.62,429.15,129.37,280.48,0.7576,-1,-1,-1
295,10,1525.85,432.18,219.44,447.86,0.8549,-1,-1,-1
295,12,1006.21,402.99,158.83,640.48,0.8107,-1,-1,-1
295,18,848.28,413.45,173.96,507.29,0.8263,-1,-1,-1
295,15,744.50,451.72,75.74,196.16,0.6376,-1,-1,-1
295,20,1398.40,428.84,132.42,280.89,0.7587,-1,-1,-1
296,10,1527.90,430.14,223.31,450.17,0.8341,-1,-1,-1
296,12,1007.49,403.62,158.31,639.31,0.8181,-1,-1,-1
296,18,850.00,412.75,174.43,508.38,0.8370,-1,-1,-1
296,15,749.50,450.00,76.02,196.72,0.6583,-1,-1,-1
296,20,1397.37,427.67,133.98,282.05,0.7694,-1,-1,-1
297,10,1534.60,429.98,223.71,449.92,0.7895,-1,-1,-1
297,12,1009.62,404.62,157.64,637.65,0.8149,-1,-1,-1
297,18,851.77,409.89,175.00,511.42,0.8351,-1,-1,-1
297,15,754.69,448.47,76.27,199.16,0.7291,-1,-1,-1
297,20,1398.21,431.88,132.40,278.25,0.7833,-1,-1,-1
298,10,1542.45,430.81,222.25,447.37,0.7482,-1,-1,-1
298,12,1010.60,405.61,157.41,636.20,0.8085,-1,-1,-1
298,18,853.16,410.08,174.83,512.53,0.8060,-1,-1,-1
298,15,755.51,447.61,76.14,199.93,0.7156,-1,-1,-1
298,20,1394.94,438.07,128.04,270.43,0.7831,-1,-1,-1
299,10,1551.69,425.85,224.55,454.13,0.7704,-1,-1,-1
299,12,1012.00,405.23,157.65,635.36,0.8110,-1,-1,-1
299,18,859.19,413.53,173.08,512.69,0.7731,-1,-1,-1
299,15,759.81,450.50,75.33,199.05,0.7053,-1,-1,-1
299,20,1389.88,446.92,121.76,260.67,0.7392,-1,-1,-1
300,10,1560.96,423.34,222.02,457.03,0.6959,-1,-1,-1
300,12,1014.17,405.34,157.44,632.21,0.8217,-1,-1,-1
300,18,864.52,417.49,170.58,513.48,0.7726,-1,-1,-1
300,15,762.92,450.87,74.85,198.95,0.7139,-1,-1,-1
300,20,1374.69,430.12,125.83,276.87,0.7877,-1,-1,-1
301,10,1585.09,422.09,217.82,457.36,0.7294,-1,-1,-1
301,12,1012.98,405.01,157.19,629.66,0.8169,-1,-1,-1
301,18,868.87,418.74,169.29,520.45,0.7650,-1,-1,-1
301,15,766.24,449.98,74.39,199.77,0.7476,-1,-1,-1
301,20,1367.80,442.40,116.55,264.10,0.8124,-1,-1,-1
302,10,1601.68,417.11,214.69,463.31,0.7632,-1,-1,-1
302,12,1012.20,405.91,157.07,625.40,0.8146,-1,-1,-1
302,18,872.30,419.15,167.83,527.17,0.7534,-1,-1,-1
302,15,769.88,454.15,73.27,196.69,0.7885,-1,-1,-1
302,20,1360.17,450.75,110.50,256.39,0.8322,-1,-1,-1
303,10,1614.89,411.14,213.52,475.63,0.7716,-1,-1,-1
303,12,1014.26,405.13,156.87,622.31,0.8100,-1,-1,-1
303,18,868.68,420.53,166.62,528.52,0.7567,-1,-1,-1
303,15,771.16,454.17,73.50,197.68,0.7770,-1,-1,-1
303,20,1346.66,430.48,115.66,275.65,0.7919,-1,-1,-1
303,23,-7.73,655.49,132.42,202.88,0.6844,-1,-1,-1
304,10,1629.92,410.08,212.25,486.15,0.7762,-1,-1,-1
304,12,1017.64,404.29,158.24,622.50,0.8100,-1,-1,-1
304,18,865.26,420.26,166.56,530.84,0.7953,-1,-1,-1
304,15,774.20,454.01,74.05,198.66,0.7692,-1,-1,-1
304,20,1335.93,423.66,116.45,282.21,0.7747,-1,-1,-1
304,23,-30.93,579.37,180.55,278.82,0.7201,-1,-1,-1
305,10,1640.49,412.70,208.66,491.63,0.7422,-1,-1,-1
305,12,1022.37,404.27,160.32,620.53,0.7974,-1,-1,-1
305,18,866.92,420.77,165.18,531.06,0.7790,-1,-1,-1
305,15,775.18,451.46,75.69,203.04,0.7745,-1,-1,-1
305,20,1329.72,424.27,114.94,281.37,0.7662,-1,-1,-1
305,23,-51.14,511.99,221.02,346.32,0.6235,-1,-1,-1
306,10,1653.56,415.65,206.98,495.11,0.8635,-1,-1,-1
306,12,1028.93,404.79,163.04,616.88,0.8195,-1,-1,-1
306,18,868.51,420.36,164.12,531.99,0.7988,-1,-1,-1
306,15,776.27,448.52,76.90,206.67,0.7658,-1,-1,-1
306,20,1323.46,434.29,111.38,269.26,0.8031,-1,-1,-1
306,23,-61.06,470.38,243.79,389.33,0.7374,-1,-1,-1
307,10,1672.89,414.00,210.27,501.30,0.8523,-1,-1,-1
307,12,1033.41,402.86,166.98,617.03,0.8297,-1,-1,-1
307,18,868.47,419.93,163.31,532.36,0.8147,-1,-1,-1
307,15,778.65,450.81,75.59,203.69,0.7219,-1,-1,-1
307,20,1319.45,445.30,108.57,256.00,0.8039,-1,-1,-1
307,23,-73.11,419.49,269.39,441.40,0.7493,-1,-1,-1
307,24,1184.65,442.53,40.70,106.05,0.5622,-1,-1,-1
308,10,1685.70,416.71,212.72,500.37,0.8351,-1,-1,-1
308,12,1036.73,401.78,171.27,616.00,0.8433,-1,-1,-1
308,18,869.65,420.29,162.26,532.07,0.8196,-1,-1,-1
308,15,780.62,449.83,75.27,203.92,0.7512,-1,-1,-1
308,20,1311.14,436.63,113.98,263.65,0.8114,-1,-1,-1
308,23,-76.12,394.43,276.49,466.57,0.7872,-1,-1,-1
308,25,1611.46,403.47,120.32,403.18,0.6368,-1,-1,-1
309,10,1688.84,417.41,216.41,503.11,0.8586,-1,-1,-1
309,12,1039.34,399.97,176.25,616.08,0.8482,-1,-1,-1
309,18,869.66,421.07,161.12,530.65,0.8313,-1,-1,-1
309,15,785.25,447.67,75.42,206.89,0.7213,-1,-1,-1
309,20,1304.39,433.14,117.81,267.47,0.8018,-1,-1,-1
309,23,-75.07,381.78,274.97,479.39,0.8111,-1,-1,-1
309,25,1616.43,405.64,120.26,401.86,0.5926,-1,-1,-1
310,10,1688.34,417.79,221.83,509.44,0.8810,-1,-1,-1
310,12,1041.30,399.87,181.06,615.07,0.8572,-1,-1,-1
310,18,870.49,421.65,160.04,530.04,0.8078,-1,-1,-1
310,15,789.02,445.54,75.15,209.47,0.7222,-1,-1,-1
310,20,1298.09,430.26,120.60,269.65,0.7629,-1,-1,-1
310,23,-71.34,377.37,267.90,483.64,0.8050,-1,-1,-1
310,25,1624.88,408.78,120.32,400.17,0.5079,-1,-1,-1
311,10,1686.11,418.91,226.48,514.26,0.8750,-1,-1,-1
311,12,1040.43,401.57,185.36,613.05,0.8585,-1,-1,-1
311,18,870.55,421.04,159.55,530.57,0.8185,-1,-1,-1
311,15,792.96,444.71,74.56,210.98,0.7320,-1,-1,-1
311,20,1292.42,431.36,119.42,265.12,0.7591,-1,-1,-1
311,23,-67.71,375.06,258.07,483.63,0.8183,-1,-1,-1
311,24,1191.26,446.51,38.90,101.01,0.5117,-1,-1,-1
312,10,1685.22,419.71,229.30,515.91,0.8619,-1,-1,-1
312,12,1040.20,403.07,188.91,611.45,0.8613,-1,-1,-1
312,18,869.97,420.53,159.48,531.48,0.8328,-1,-1,-1
312,15,796.38,446.82,73.42,209.43,0.7321,-1,-1,-1
312,20,1281.72,430.32,117.81,261.52,0.7647,-1,-1,-1
312,23,-61.83,374.11,249.71,485.40,0.8304,-1,-1,-1
312,25,1633.79,411.71,122.89,404.07,0.5090,-1,-1,-1
313,10,1686.35,421.35,230.67,516.29,0.8693,-1,-1,-1
313,12,1038.99,402.80,192.71,611.80,0.8614,-1,-1,-1
313,18,869.41,419.90,159.54,532.42,0.8133,-1,-1,-1
313,15,800.21,445.71,74.28,211.21,0.7278,-1,-1,-1
313,20,1272.40,431.68,115.44,257.83,0.7861,-1,-1,-1
313,23,-51.85,375.35,241.52,484.88,0.8574,-1,-1,-1
314,10,1689.70,419.85,231.63,518.68,0.8702,-1,-1,-1
314,12,1038.07,402.50,195.66,611.50,0.8651,-1,-1,-1
314,18,869.11,419.30,159.76,533.27,0.8200,-1,-1,-1
314,15,802.68,445.51,74.65,211.69,0.7230,-1,-1,-1
314,20,1265.54,428.46,113.87,259.98,0.8066,-1,-1,-1
314,23,-36.73,378.05,233.06,480.51,0.8540,-1,-1,-1
314,24,1192.75,439.70,43.05,111.49,0.5536,-1,-1,-1
315,10,1724.25,421.41,222.91,517.99,0.7127,-1,-1,-1
315,12,1039.11,400.45,198.55,614.29,0.8600,-1,-1,-1
315,18,868.85,417.80,160.36,534.66,0.8149,-1,-1,-1
315,15,805.79,443.95,75.59,213.79,0.7223,-1,-1,-1
315,20,1259.79,427.18,110.87,260.08,0.7805,-1,-1,-1
315,23,-14.41,382.68,228.38,477.77,0.8670,-1,-1,-1
315,24,1192.84,435.72,44.45,115.56,0.5376,-1,-1,-1
316,10,1743.60,418.23,214.69,519.43,0.7920,-1,-1,-1
316,12,1040.78,401.16,199.25,612.55,0.8604,-1,-1,-1
316,18,867.62,416.32,160.81,536.05,0.8044,-1,-1,-1
316,15,807.27,444.07,76.31,214.85,0.6920,-1,-1,-1
316,20,1255.02,427.71,107.62,261.03,0.7537,-1,-1,-1
316,23,7.57,390.46,225.69,471.46,0.8803,-1,-1,-1
316,24,1194.86,435.55,44.63,115.77,0.6062,-1,-1,-1
316,25,1670.95,414.30,148.45,470.00,0.6290,-1,-1,-1
317,10,1757.45,416.53,205.55,519.06,0.7080,-1,-1,-1
317,12,1041.67,400.24,200.55,613.74,0.8568,-1,-1,-1
317,18,867.90,417.11,161.02,534.76,0.8188,-1,-1,-1
317,15,805.52,443.72,76.08,216.56,0.6833,-1,-1,-1
317,20,1249.83,423.54,105.42,263.38,0.7733,-1,-1,-1
317,23,23.32,392.45,227.61,469.82,0.8819,-1,-1,-1
317,24,1196.08,436.52,44.27,114.84,0.5818,-1,-1,-1
317,25,1673.25,411.06,153.84,474.12,0.5928,-1,-1,-1
318,10,1757.18,419.91,200.70,524.37,0.6348,-1,-1,-1
318,12,1043.22,400.03,201.11,613.31,0.8527,-1,-1,-1
318,18,869.13,417.04,161.45,534.99,0.8160,-1,-1,-1
318,15,805.96,443.65,75.51,216.77,0.6695,-1,-1,-1
318,20,1246.02,427.21,101.59,259.16,0.7974,-1,-1,-1
318,23,34.46,393.63,232.05,469.55,0.9010,-1,-1,-1
318,24,1198.93,436.95,43.84,113.28,0.5601,-1,-1,-1
319,10,1770.20,416.95,192.10,525.74,0.6739,-1,-1,-1
319,12,1044.40,400.28,201.23,612.13,0.8538,-1,-1,-1
319,18,868.81,416.40,162.13,535.64,0.8182,-1,-1,-1
319,15,811.16,444.32,74.58,215.17,0.6716,-1,-1,-1
319,20,1239.91,427.46,100.85,259.23,0.7733,-1,-1,-1
319,23,39.92,393.64,237.18,470.03,0.8975,-1,-1,-1
319,24,1201.49,438.43,43.11,110.85,0.5848,-1,-1,-1
320,10,1784.11,417.56,181.73,524.11,0.7309,-1,-1,-1
320,12,1046.08,401.14,200.88,610.94,0.8578,-1,-1,-1
320,18,868.96,416.45,162.69,535.03,0.8259,-1,-1,-1
320,15,814.94,444.96,74.25,214.52,0.6271,-1,-1,-1
320,20,1234.20,433.54,99.83,254.26,0.7425,-1,-1,-1
320,23,44.59,396.07,240.64,466.55,0.8933,-1,-1,-1
320,25,1704.80,401.27,150.25,462.50,0.5097,-1,-1,-1
321,10,1798.07,425.30,169.18,516.51,0.7349,-1,-1,-1
321,12,1047.35,400.79,200.79,611.25,0.8622,-1,-1,-1
321,18,869.26,417.01,162.74,534.46,0.8209,-1,-1,-1
321,15,817.12,447.23,72.95,211.89,0.6440,-1,-1,-1
321,20,1233.75,434.84,99.54,252.27,0.7710,-1,-1,-1
321,23,46.49,397.32,244.49,464.38,0.8874,-1,-1,-1
321,25,1716.66,402.18,145.37,446.52,0.5447,-1,-1,-1
322,10,1809.71,427.36,158.29,513.77,0.6971,-1,-1,-1
322,12,1048.30,403.10,200.00,609.59,0.8587,-1,-1,-1
322,18,868.99,416.75,162.85,534.75,0.8248,-1,-1,-1
322,15,819.37,448.42,72.54,210.97,0.6701,-1,-1,-1
322,20,1233.51,440.75,97.79,245.22,0.7587,-1,-1,-1
322,23,50.75,399.21,245.94,456.47,0.8864,-1,-1,-1
322,25,1728.51,397.55,145.27,447.73,0.5505,-1,-1,-1
322,26,1437.95,434.79,43.89,114.62,0.5468,-1,-1,-1
323,10,1821.16,454.09,141.93,488.29,0.6176,-1,-1,-1
323,12,1049.32,402.53,199.50,609.68,0.8646,-1,-1,-1
323,18,870.76,415.87,163.31,535.63,0.8173,-1,-1,-1
323,15,821.90,451.70,71.70,207.52,0.6409,-1,-1,-1
323,20,1231.73,441.22,97.51,243.58,0.7668,-1,-1,-1
323,23,52.82,401.95,248.45,450.68,0.8896,-1,-1,-1
323,25,1737.41,395.04,145.04,448.02,0.6868,-1,-1,-1
324,10,1823.45,440.45,137.86,502.48,0.5789,-1,-1,-1
324,12,1051.01,400.49,199.28,611.79,0.8562,-1,-1,-1
324,18,872.35,415.94,163.41,535.64,0.8081,-1,-1,-1
324,15,823.36,455.63,70.69,203.14,0.6238,-1,-1,-1
324,20,1225.39,439.11,98.82,245.76,0.7489,-1,-1,-1
324,23,55.68,403.64,250.12,444.97,0.8971,-1,-1,-1
324,25,1747.27,394.09,145.34,450.63,0.6027,-1,-1,-1
324,26,1444.60,440.42,41.83,108.45,0.5523,-1,-1,-1
325,10,1825.69,412.99,136.53,529.01,0.5327,-1,-1,-1
325,12,1052.56,398.81,198.95,613.48,0.8535,-1,-1,-1
325,18,873.66,415.51,163.42,536.01,0.8057,-1,-1,-1
325,20,1220.62,442.85,97.64,241.56,0.6803,-1,-1,-1
325,23,59.15,403.44,252.96,444.00,0.9014,-1,-1,-1
325,25,1759.90,393.05,150.18,463.88,0.5504,-1,-1,-1
325,26,1448.80,440.07,42.03,108.10,0.5733,-1,-1,-1
326,12,1053.90,398.48,198.37,614.13,0.8586,-1,-1,-1
326,18,874.84,415.64,163.28,536.06,0.7933,-1,-1,-1
326,20,1215.31,451.85,93.37,229.60,0.5428,-1,-1,-1
326,23,66.54,403.70,252.77,440.75,0.8902,-1,-1,-1
326,25,1763.91,394.43,158.08,490.74,0.6152,-1,-1,-1
326,26,1451.18,441.53,41.93,106.90,0.5908,-1,-1,-1
327,12,1054.38,396.50,198.36,616.71,0.8637,-1,-1,-1
327,18,876.92,416.62,162.43,534.99,0.7847,-1,-1,-1
327,23,78.73,402.14,250.51,438.43,0.8740,-1,-1,-1
327,25,1764.01,393.33,166.28,522.89,0.7191,-1,-1,-1
327,26,1453.58,441.86,42.34,106.44,0.5938,-1,-1,-1
328,12,1055.09,396.00,198.06,617.61,0.8601,-1,-1,-1
328,18,877.59,415.96,162.19,535.91,0.7551,-1,-1,-1
328,23,90.37,394.22,248.28,439.26,0.8826,-1,-1,-1
328,25,1763.26,390.12,170.39,543.06,0.7892,-1,-1,-1
328,26,1455.59,442.64,42.07,105.24,0.6210,-1,-1,-1
329,12,1055.76,398.15,197.09,616.02,0.8602,-1,-1,-1
329,18,875.93,417.46,162.40,535.89,0.7763,-1,-1,-1
329,23,104.24,392.15,241.59,435.10,0.8312,-1,-1,-1
329,25,1763.06,394.22,169.32,544.62,0.8197,-1,-1,-1
329,26,1457.62,442.03,41.52,104.08,0.5395,-1,-1,-1
330,12,1055.73,396.88,197.03,617.57,0.8641,-1,-1,-1
330,18,873.83,419.03,162.91,534.19,0.8044,-1,-1,-1
330,23,120.48,396.97,231.35,427.27,0.8069,-1,-1,-1
330,25,1764.09,396.53,166.39,538.99,0.7416,-1,-1,-1
331,12,1056.56,395.82,197.02,618.58,0.8650,-1,-1,-1
331,18,873.45,419.99,163.49,532.94,0.8023,-1,-1,-1
331,23,137.54,394.23,224.32,428.92,0.7993,-1,-1,-1
331,25,1771.05,393.36,151.86,488.34,0.7398,-1,-1,-1
331,26,1462.36,440.89,41.50,104.96,0.5808,-1,-1,-1
332,12,1057.54,396.38,196.81,618.81,0.8638,-1,-1,-1
332,18,875.62,420.26,164.44,532.50,0.8234,-1,-1,-1
332,23,158.75,392.71,216.47,430.43,0.7744,-1,-1,-1
332,25,1773.71,394.35,146.41,467.98,0.7844,-1,-1,-1
332,26,1465.77,440.06,41.96,106.50,0.5811,-1,-1,-1
333,12,1058.95,397.00,196.50,618.14,0.8717,-1,-1,-1
333,18,876.62,419.79,165.67,532.99,0.8293,-1,-1,-1
333,23,177.82,390.65,209.70,432.52,0.7502,-1,-1,-1
333,25,1773.95,394.44,145.41,462.54,0.7827,-1,-1,-1
333,26,1469.67,440.13,41.17,105.00,0.5665,-1,-1,-1
334,12,1059.58,396.69,196.29,618.54,0.8760,-1,-1,-1
334,18,877.40,420.14,166.61,532.57,0.8306,-1,-1,-1
334,23,195.52,399.07,200.09,423.50,0.7156,-1,-1,-1
334,25,1776.58,392.96,144.95,461.65,0.6609,-1,-1,-1
335,12,1059.78,396.76,195.57,617.63,0.8785,-1,-1,-1
335,18,877.65,419.58,167.74,532.98,0.8365,-1,-1,-1
335,23,198.90,414.82,193.24,407.18,0.7263,-1,-1,-1
335,25,1780.76,403.47,141.82,452.57,0.6193,-1,-1,-1
335,28,6.41,458.09,128.49,327.18,0.6938,-1,-1,-1
335,26,1472.95,438.60,41.56,106.76,0.5401,-1,-1,-1
336,12,1059.51,396.69,195.28,617.55,0.8792,-1,-1,-1
336,18,877.13,420.48,168.10,532.12,0.8423,-1,-1,-1
336,23,207.79,414.98,192.35,404.57,0.6272,-1,-1,-1
336,25,1788.78,429.85,133.91,428.08,0.5101,-1,-1,-1
336,28,5.77,446.44,134.27,341.36,0.8054,-1,-1,-1
336,26,1474.03,438.00,41.18,106.84,0.5231,-1,-1,-1
337,12,1060.50,397.09,195.28,617.57,0.8804,-1,-1,-1
337,18,877.03,419.72,168.82,532.91,0.8339,-1,-1,-1
337,23,225.17,424.67,189.99,397.89,0.7155,-1,-1,-1
337,28,7.00,442.28,136.00,344.68,0.8231,-1,-1,-1
337,26,1475.11,436.60,41.86,109.16,0.5354,-1,-1,-1
338,12,1061.46,397.24,195.29,617.23,0.8736,-1,-1,-1
338,18,877.89,418.73,169.90,534.32,0.8205,-1,-1,-1
338,23,240.40,435.65,188.16,387.31,0.7957,-1,-1,-1
338,28,7.93,446.39,134.59,339.57,0.8322,-1,-1,-1
338,26,1478.38,436.12,41.98,109.64,0.5945,-1,-1,-1
339,12,1061.62,396.70,195.11,617.52,0.8826,-1,-1,-1
339,18,877.21,418.43,170.27,534.86,0.8224,-1,-1,-1
339,23,245.01,415.63,198.92,406.99,0.8189,-1,-1,-1
339,28,8.01,445.43,135.42,339.87,0.8344,-1,-1,-1
339,26,1481.55,436.89,41.79,108.96,0.5214,-1,-1,-1
340,12,1062.68,398.16,194.59,615.74,0.8842,-1,-1,-1
340,18,877.25,418.25,170.18,534.93,0.8207,-1,-1,-1
340,23,247.04,409.06,204.47,413.90,0.8486,-1,-1,-1
340,28,6.53,442.79,137.37,343.29,0.8388,-1,-1,-1
341,12,1064.06,401.49,193.64,612.40,0.8853,-1,-1,-1
341,18,877.73,418.02,169.98,534.78,0.8211,-1,-1,-1
341,23,252.83,423.27,199.69,398.99,0.8178,-1,-1,-1
341,28,5.62,437.67,139.75,347.63,0.8458,-1,-1,-1
342,12,1066.23,400.77,194.06,612.79,0.8777,-1,-1,-1
342,18,882.34,421.56,169.21,531.06,0.8177,-1,-1,-1
342,23,255.63,430.51,198.31,390.66,0.8159,-1,-1,-1
342,28,6.48,439.55,139.68,345.29,0.8342,-1,-1,-1
343,12,1065.84,400.96,193.95,612.58,0.8819,-1,-1,-1
343,18,884.41,422.85,168.79,529.76,0.8164,-1,-1,-1
343,23,255.91,431.58,199.28,388.56,0.8163,-1,-1,-1
343,28,4.54,434.87,143.44,353.43,0.7921,-1,-1,-1
344,12,1066.44,400.12,194.32,613.60,0.8784,-1,-1,-1
344,18,886.33,424.04,168.30,528.43,0.8186,-1,-1,-1
344,23,253.71,419.35,205.34,399.05,0.8107,-1,-1,-1
344,28,7.83,435.14,142.81,352.00,0.7776,-1,-1,-1
345,12,1068.00,400.86,194.42,612.37,0.8807,-1,-1,-1
345,18,887.76,424.30,167.73,527.76,0.8060,-1,-1,-1
345,23,252.89,411.34,208.87,405.98,0.8543,-1,-1,-1
345,28,10.48,433.68,143.42,354.18,0.8136,-1,-1,-1
346,12,1067.97,400.56,194.80,613.07,0.8778,-1,-1,-1
346,18,889.89,424.32,167.66,527.30,0.8131,-1,-1,-1
346,23,256.56,404.77,210.04,411.04,0.8381,-1,-1,-1
346,28,23.82,435.60,140.44,350.67,0.8019,-1,-1,-1
347,12,1069.31,402.25,194.80,611.72,0.8741,-1,-1,-1
347,18,891.84,424.39,167.67,526.92,0.8082,-1,-1,-1
347,23,262.86,402.86,209.08,413.65,0.8133,-1,-1,-1
347,28,39.73,437.96,136.98,345.45,0.8050,-1,-1,-1
348,12,1069.60,400.38,195.82,613.41,0.8733,-1,-1,-1
348,18,892.70,423.67,166.92,527.29,0.8009,-1,-1,-1
348,23,274.61,405.73,203.67,409.27,0.7898,-1,-1,-1
348,28,48.47,435.61,137.18,347.44,0.6841,-1,-1,-1
349,12,1070.11,401.72,196.05,612.29,0.8727,-1,-1,-1
349,18,894.86,422.65,166.47,528.51,0.8063,-1,-1,-1
349,23,281.07,401.89,197.69,405.49,0.8059,-1,-1,-1
349,28,49.54,434.14,138.99,349.05,0.5192,-1,-1,-1
350,12,1069.40,400.41,196.83,613.35,0.8741,-1,-1,-1
350,18,897.03,421.86,166.42,529.34,0.8087,-1,-1,-1
350,23,291.01,398.54,192.70,406.16,0.8006,-1,-1,-1
350,28,68.54,435.65,138.58,347.75,0.7810,-1,-1,-1
351,12,1068.34,399.95,197.16,613.90,0.8754,-1,-1,-1
351,18,898.09,421.79,166.09,528.97,0.8005,-1,-1,-1
351,23,306.40,392.29,186.21,407.69,0.7794,-1,-1,-1
351,28,82.38,437.16,141.56,346.15,0.8100,-1,-1,-1
352,12,1068.34,400.46,197.51,613.58,0.8788,-1,-1,-1
352,18,899.26,422.34,165.54,527.85,0.7984,-1,-1,-1
352,23,323.16,394.53,177.36,403.47,0.7256,-1,-1,-1
352,28,92.52,436.29,146.21,345.93,0.8394,-1,-1,-1
352,29,4.38,504.33,52.00,351.14,0.5708,-1,-1,-1
353,12,1067.43,400.28,197.94,613.99,0.8772,-1,-1,-1
353,18,899.37,421.61,165.11,527.66,0.8015,-1,-1,-1
353,23,340.33,408.55,165.99,390.20,0.5818,-1,-1,-1
353,28,102.42,435.17,151.96,347.33,0.8505,-1,-1,-1
353,29,9.25,506.48,52.21,349.73,0.6886,-1,-1,-1
354,12,1067.13,399.47,198.53,614.91,0.8736,-1,-1,-1
354,18,900.95,421.83,165.08,527.61,0.7946,-1,-1,-1
354,23,346.67,402.09,164.98,397.76,0.5872,-1,-1,-1
354,28,108.93,435.46,156.99,346.94,0.8236,-1,-1,-1
354,29,13.76,500.67,53.57,353.37,0.6864,-1,-1,-1
355,12,1066.81,400.21,198.28,613.92,0.8756,-1,-1,-1
355,18,901.92,421.88,164.82,526.54,0.7722,-1,-1,-1
355,23,345.93,395.21,166.04,402.03,0.5678,-1,-1,-1
355,28,112.61,438.02,159.34,340.46,0.8582,-1,-1,-1
355,29,23.35,474.93,59.23,378.05,0.7159,-1,-1,-1
356,12,1066.49,401.13,198.21,613.62,0.8681,-1,-1,-1
356,18,902.32,421.94,163.88,524.79,0.7563,-1,-1,-1
356,23,352.72,399.71,164.67,397.84,0.6160,-1,-1,-1
356,28,118.72,438.64,160.54,334.99,0.8341,-1,-1,-1
356,29,38.36,455.04,66.30,397.58,0.8013,-1,-1,-1
356,20,1049.74,435.71,79.39,212.58,0.5826,-1,-1,-1
357,12,1067.96,400.02,199.15,614.88,0.8534,-1,-1,-1
357,18,902.51,421.78,162.84,523.21,0.7651,-1,-1,-1
357,23,366.69,403.28,166.33,395.92,0.6806,-1,-1,-1
357,28,125.47,437.70,161.22,331.51,0.8121,-1,-1,-1
357,29,50.63,448.70,73.87,407.54,0.8446,-1,-1,-1
358,12,1068.83,400.28,199.55,614.59,0.8522,-1,-1,-1
358,18,902.44,419.87,162.64,524.11,0.7857,-1,-1,-1
358,23,388.83,401.42,166.97,395.77,0.6522,-1,-1,-1
358,28,132.27,437.52,161.27,330.04,0.8110,-1,-1,-1
358,29,60.47,448.06,81.81,408.00,0.8562,-1,-1,-1
358,20,1046.31,435.58,74.46,209.25,0.5519,-1,-1,-1
359,12,1069.46,399.53,200.24,615.13,0.8521,-1,-1,-1
359,18,903.92,419.58,161.84,523.89,0.7900,-1,-1,-1
359,23,401.64,405.19,167.80,393.27,0.8124,-1,-1,-1
359,28,136.58,435.85,161.90,331.34,0.8211,-1,-1,-1
359,29,61.51,443.56,90.67,411.43,0.8451,-1,-1,-1
360,12,1070.18,400.54,200.71,614.29,0.8503,-1,-1,-1
360,18,906.70,419.89,161.31,523.00,0.7899,-1,-1,-1
360,23,410.11,409.21,168.44,388.96,0.8068,-1,-1,-1
360,28,143.40,436.06,159.70,328.00,0.7774,-1,-1,-1
360,29,61.33,442.95,99.43,411.30,0.8747,-1,-1,-1
361,12,1070.86,401.78,201.16,612.95,0.8538,-1,-1,-1
361,18,908.12,419.35,160.42,520.57,0.7993,-1,-1,-1
361,23,413.06,406.69,172.59,391.36,0.8433,-1,-1,-1
361,28,155.45,435.51,156.74,327.88,0.7516,-1,-1,-1
361,29,59.58,441.13,108.66,412.11,0.8764,-1,-1,-1
362,12,1071.68,402.18,201.83,612.70,0.8602,-1,-1,-1
362,18,909.51,417.46,160.32,519.94,0.8060,-1,-1,-1
362,23,412.84,406.63,175.82,391.99,0.8476,-1,-1,-1
362,28,161.52,438.58,152.57,325.51,0.6718,-1,-1,-1
362,29,59.11,441.85,118.40,412.53,0.8542,-1,-1,-1
363,12,1071.57,401.85,202.56,612.85,0.8536,-1,-1,-1
363,18,913.27,418.87,159.82,517.57,0.8019,-1,-1,-1
363,23,411.08,409.89,177.63,388.37,0.8394,-1,-1,-1
363,28,167.00,438.25,149.48,326.80,0.7533,-1,-1,-1
363,29,55.48,443.23,126.92,410.21,0.8442,-1,-1,-1
364,12,1071.88,401.59,203.44,613.14,0.8541,-1,-1,-1
364,18,914.63,414.60,160.54,520.15,0.8269,-1,-1,-1
364,23,410.64,413.89,178.69,384.51,0.8503,-1,-1,-1
364,28,176.23,441.27,143.45,323.13,0.7325,-1,-1,-1
364,29,50.71,439.53,135.75,411.22,0.8533,-1,-1,-1
365,12,1071.61,402.49,203.68,611.81,0.8522,-1,-1,-1
365,18,916.24,413.12,160.75,521.13,0.8190,-1,-1,-1
365,23,408.71,413.16,181.30,384.80,0.8574,-1,-1,-1
365,28,183.85,438.77,140.67,325.84,0.7411,-1,-1,-1
365,29,48.55,439.54,144.36,412.09,0.8605,-1,-1,-1
366,12,1070.73,400.57,204.87,614.17,0.8472,-1,-1,-1
366,18,918.41,412.14,161.06,522.61,0.8291,-1,-1,-1
366,23,409.01,411.93,182.35,382.47,0.8220,-1,-1,-1
366,28,191.20,436.45,137.99,327.84,0.7747,-1,-1,-1
366,29,46.51,440.27,151.27,409.48,0.8590,-1,-1,-1
367,12,1071.62,400.99,205.53,613.96,0.8218,-1,-1,-1
367,18,920.42,410.73,161.16,524.46,0.8253,-1,-1,-1
367,23,407.24,406.98,184.59,385.07,0.8418,-1,-1,-1
367,28,203.21,436.46,135.05,327.52,0.7566,-1,-1,-1
367,29,54.62,440.10,153.15,400.33,0.7861,-1,-1,-1
368,12,1073.48,399.48,207.39,615.53,0.7877,-1,-1,-1
368,18,922.26,409.72,160.85,525.30,0.8198,-1,-1,-1
368,23,405.59,398.75,187.36,390.49,0.8463,-1,-1,-1
368,28,218.39,437.69,133.63,326.77,0.7359,-1,-1,-1
368,29,64.64,436.27,153.27,394.57,0.7830,-1,-1,-1
369,12,1075.53,400.13,208.74,614.96,0.7462,-1,-1,-1
369,18,924.43,413.46,158.93,519.95,0.8220,-1,-1,-1
369,23,407.14,396.53,187.58,392.14,0.8536,-1,-1,-1
369,28,232.61,435.28,135.02,329.03,0.8104,-1,-1,-1
369,29,80.23,432.94,152.12,393.25,0.7696,-1,-1,-1
370,12,1074.38,398.08,210.37,616.88,0.7952,-1,-1,-1
370,18,927.89,415.52,158.75,519.80,0.8016,-1,-1,-1
370,23,411.95,404.25,183.66,385.43,0.8351,-1,-1,-1
370,28,245.66,432.82,137.50,330.69,0.8301,-1,-1,-1
370,29,97.62,433.95,147.77,388.61,0.8105,-1,-1,-1
371,12,1071.91,397.96,210.40,616.69,0.7178,-1,-1,-1
371,18,931.04,415.60,158.63,520.57,0.7965,-1,-1,-1
371,23,419.47,402.17,182.33,386.79,0.8320,-1,-1,-1
371,28,253.83,432.25,140.19,330.63,0.8392,-1,-1,-1
371,29,116.38,438.11,143.08,382.22,0.7981,-1,-1,-1
372,12,1072.77,397.46,210.95,616.73,0.8190,-1,-1,-1
372,18,933.65,415.61,158.28,520.66,0.7960,-1,-1,-1
372,23,431.54,418.13,169.99,363.89,0.7975,-1,-1,-1
372,28,257.55,434.33,141.99,327.45,0.8179,-1,-1,-1
372,29,126.60,437.44,141.19,382.31,0.7601,-1,-1,-1
373,12,1073.87,397.21,211.89,617.20,0.8387,-1,-1,-1
373,18,936.10,416.21,158.01,521.00,0.7950,-1,-1,-1
373,23,444.12,406.07,170.06,370.69,0.8000,-1,-1,-1
373,28,263.96,435.36,141.56,321.52,0.8034,-1,-1,-1
373,29,144.26,434.92,142.18,383.55,0.8089,-1,-1,-1
373,30,-0.22,491.86,46.68,316.24,0.6281,-1,-1,-1
374,12,1074.37,397.79,212.28,616.53,0.8098,-1,-1,-1
374,18,940.01,416.76,157.04,519.87,0.7884,-1,-1,-1
374,23,456.45,402.33,166.92,370.33,0.7724,-1,-1,-1
374,28,274.43,440.47,137.23,307.23,0.7789,-1,-1,-1
374,29,156.23,431.75,143.35,385.48,0.7264,-1,-1,-1
374,30,1.73,491.56,46.87,316.94,0.7026,-1,-1,-1
375,12,1074.79,399.33,212.34,614.48,0.7954,-1,-1,-1
375,18,940.52,414.18,157.03,521.20,0.7756,-1,-1,-1
375,23,470.04,406.71,162.26,364.35,0.7128,-1,-1,-1
375,28,283.30,449.34,133.82,297.68,0.7425,-1,-1,-1
375,29,170.83,432.88,146.02,383.54,0.8168,-1,-1,-1
375,30,5.21,487.33,48.31,324.45,0.6592,-1,-1,-1
376,12,1075.50,399.65,212.96,613.57,0.8087,-1,-1,-1
376,18,941.44,416.74,156.24,521.19,0.7739,-1,-1,-1
376,23,478.40,404.52,160.23,364.03,0.6939,-1,-1,-1
376,28,282.35,439.81,138.79,307.53,0.7423,-1,-1,-1
376,29,178.03,435.99,149.56,379.98,0.7681,-1,-1,-1
376,30,10.41,481.54,50.14,330.78,0.7803,-1,-1,-1
377,12,1076.34,400.49,214.23,613.78,0.8123,-1,-1,-1
377,18,944.32,417.34,155.94,521.16,0.7970,-1,-1,-1
377,23,482.13,400.70,160.13,367.35,0.7358,-1,-1,-1
377,28,286.82,441.53,138.58,306.04,0.7057,-1,-1,-1
377,29,182.84,439.01,154.50,377.27,0.7974,-1,-1,-1
377,30,20.90,451.68,56.55,358.47,0.7789,-1,-1,-1
378,12,1075.57,399.32,215.51,615.49,0.7752,-1,-1,-1
378,18,946.01,413.33,156.51,522.76,0.7802,-1,-1,-1
378,23,487.64,396.47,161.31,373.11,0.7880,-1,-1,-1
378,28,291.02,440.77,139.12,309.12,0.6757,-1,-1,-1
378,29,184.44,440.03,159.66,376.34,0.8198,-1,-1,-1
378,30,33.99,436.65,63.13,373.21,0.8289,-1,-1,-1
379,12,1074.08,397.29,216.50,617.02,0.8307,-1,-1,-1
379,18,946.24,411.31,156.85,523.79,0.8144,-1,-1,-1
379,23,498.40,396.74,161.75,373.70,0.7933,-1,-1,-1
379,28,300.68,439.56,136.49,309.34,0.6841,-1,-1,-1
379,29,183.98,441.32,164.37,374.87,0.8247,-1,-1,-1
379,30,36.85,431.05,68.31,377.25,0.8210,-1,-1,-1
380,12,1073.53,395.63,217.31,618.50,0.8255,-1,-1,-1
380,18,947.46,407.67,157.85,526.41,0.8113,-1,-1,-1
380,23,506.51,398.68,161.55,371.97,0.6394,-1,-1,-1
380,28,307.63,444.57,131.65,306.47,0.6351,-1,-1,-1
380,29,186.11,443.04,168.52,371.68,0.8376,-1,-1,-1
380,30,43.27,428.58,74.71,378.59,0.7753,-1,-1,-1
381,12,1072.00,393.97,217.68,620.39,0.7992,-1,-1,-1
381,18,951.88,411.27,157.34,526.19,0.7699,-1,-1,-1
381,23,512.16,405.66,157.24,365.41,0.5864,-1,-1,-1
381,28,309.73,442.35,129.67,309.68,0.7057,-1,-1,-1
381,29,184.51,444.18,172.25,367.27,0.8610,-1,-1,-1
381,30,47.01,434.41,80.55,372.27,0.7523,-1,-1,-1
382,12,1074.57,396.83,217.27,617.83,0.8144,-1,-1,-1
382,18,953.57,414.48,156.28,521.18,0.7518,-1,-1,-1
382,23,525.30,405.69,154.76,364.26,0.6057,-1,-1,-1
382,28,319.44,442.21,125.64,307.42,0.6878,-1,-1,-1
382,29,185.27,442.90,176.24,367.36,0.8295,-1,-1,-1
382,30,47.25,436.14,87.30,369.71,0.8045,-1,-1,-1
383,12,1074.88,397.30,217.49,617.58,0.8288,-1,-1,-1
383,18,954.46,416.37,156.40,521.73,0.6962,-1,-1,-1
383,23,528.84,411.46,152.76,358.50,0.6916,-1,-1,-1
383,28,332.72,443.91,121.15,301.85,0.5557,-1,-1,-1
383,29,193.70,442.33,177.53,367.08,0.7935,-1,-1,-1
383,30,48.67,436.38,95.18,368.79,0.8582,-1,-1,-1
384,12,1075.04,397.11,217.82,617.86,0.8328,-1,-1,-1
384,18,954.51,416.54,156.24,522.77,0.7106,-1,-1,-1
384,23,531.62,408.64,154.12,361.21,0.7506,-1,-1,-1
384,28,349.94,453.13,114.52,290.97,0.6045,-1,-1,-1
384,29,199.07,437.28,179.84,371.81,0.7938,-1,-1,-1
384,30,48.69,433.31,104.40,372.73,0.8756,-1,-1,-1
385,12,1074.82,397.12,217.91,617.88,0.7877,-1,-1,-1
385,18,955.39,416.54,155.82,523.72,0.7201,-1,-1,-1
385,23,535.56,408.27,154.30,361.73,0.7874,-1,-1,-1
385,28,355.21,443.61,116.00,299.78,0.7056,-1,-1,-1
385,29,208.27,434.15,177.68,369.83,0.8060,-1,-1,-1
385,30,49.61,434.60,112.98,371.69,0.8629,-1,-1,-1
386,12,1075.07,397.36,218.01,617.34,0.7060,-1,-1,-1
386,18,957.23,415.02,155.87,526.41,0.7416,-1,-1,-1
386,23,539.91,406.46,154.75,363.07,0.8329,-1,-1,-1
386,28,365.18,439.81,117.88,304.74,0.7071,-1,-1,-1
386,29,219.56,435.07,172.84,366.02,0.7921,-1,-1,-1
386,30,46.17,433.12,121.87,374.42,0.8359,-1,-1,-1
386,31,730.41,470.60,49.89,129.93,0.5290,-1,-1,-1
387,12,1074.84,397.59,218.08,616.79,0.7757,-1,-1,-1
387,18,957.33,416.35,154.66,524.49,0.7225,-1,-1,-1
387,23,542.02,407.12,153.45,360.72,0.8455,-1,-1,-1
387,28,376.35,438.67,121.67,307.52,0.8056,-1,-1,-1
387,29,233.06,431.50,168.35,367.38,0.5758,-1,-1,-1
387,30,43.20,432.85,128.84,373.33,0.8367,-1,-1,-1
387,31,730.65,471.07,49.66,129.41,0.5301,-1,-1,-1
388,12,1072.55,397.18,221.95,617.86,0.7372,-1,-1,-1
388,18,957.02,417.45,153.31,523.13,0.7216,-1,-1,-1
388,23,544.50,405.90,152.06,358.76,0.8252,-1,-1,-1
388,28,383.47,439.81,125.40,307.95,0.7892,-1,-1,-1
388,29,247.55,433.09,160.41,363.76,0.6753,-1,-1,-1
388,30,44.32,432.02,134.15,372.22,0.8071,-1,-1,-1
389,12,1086.25,397.39,230.47,617.56,0.7262,-1,-1,-1
389,18,957.19,418.03,151.66,522.36,0.7017,-1,-1,-1
389,23,547.18,407.92,150.20,355.54,0.8064,-1,-1,-1
389,28,386.17,441.15,128.66,304.43,0.8016,-1,-1,-1
389,29,257.57,429.49,156.68,368.56,0.6786,-1,-1,-1
389,30,47.10,425.25,139.33,374.85,0.7874,-1,-1,-1
389,31,730.07,472.48,49.59,129.31,0.5033,-1,-1,-1
390,12,1090.59,397.20,238.17,618.38,0.7742,-1,-1,-1
390,18,958.40,418.07,150.25,523.27,0.6751,-1,-1,-1
390,23,551.45,409.42,147.97,352.40,0.8007,-1,-1,-1
390,28,389.46,441.01,132.35,303.20,0.8139,-1,-1,-1
390,29,264.29,433.52,151.22,364.54,0.5260,-1,-1,-1
390,30,53.08,426.83,141.41,371.17,0.7948,-1,-1,-1
391,12,1088.53,397.08,245.57,618.45,0.7778,-1,-1,-1
391,18,961.75,416.89,148.96,527.62,0.6590,-1,-1,-1
391,23,555.25,411.54,146.33,351.80,0.8018,-1,-1,-1
391,28,393.73,441.15,134.21,300.18,0.7847,-1,-1,-1
391,29,278.35,436.99,145.62,361.78,0.5330,-1,-1,-1
391,30,56.54,428.03,143.50,369.69,0.7605,-1,-1,-1
392,12,1083.92,397.82,251.69,618.20,0.7845,-1,-1,-1
392,18,966.82,412.93,146.50,527.99,0.6500,-1,-1,-1
392,23,559.69,409.02,146.00,356.24,0.7869,-1,-1,-1
392,28,399.87,439.72,135.26,299.09,0.7245,-1,-1,-1
392,29,294.66,437.50,143.67,361.80,0.6567,-1,-1,-1
392,30,63.23,431.67,143.12,364.22,0.7637,-1,-1,-1
393,12,1079.17,398.24,257.64,618.26,0.8134,-1,-1,-1
393,18,963.94,416.87,144.79,525.43,0.6501,-1,-1,-1
393,23,567.26,413.18,139.17,344.19,0.7914,-1,-1,-1
393,28,405.20,439.69,134.99,296.95,0.7274,-1,-1,-1
393,29,309.70,440.16,143.56,359.45,0.7908,-1,-1,-1
393,30,78.02,429.53,142.66,365.69,0.6330,-1,-1,-1
393,32,923.52,437.20,57.92,162.67,0.6499,-1,-1,-1
393,31,728.22,467.71,51.63,134.51,0.5302,-1,-1,-1
394,12,1067.22,398.19,258.23,617.50,0.6771,-1,-1,-1
394,18,969.19,413.68,142.13,525.71,0.6298,-1,-1,-1
394,23,572.36,412.49,135.57,341.02,0.7606,-1,-1,-1
394,28,412.85,442.71,133.04,292.75,0.7292,-1,-1,-1
394,29,316.23,443.16,143.77,357.26,0.7241,-1,-1,-1
394,30,78.21,428.80,145.18,366.82,0.7570,-1,-1,-1
394,32,921.11,438.23,58.55,164.58,0.6389,-1,-1,-1
394,31,727.95,473.97,49.93,129.25,0.5980,-1,-1,-1
395,12,1061.50,397.16,259.03,618.36,0.7000,-1,-1,-1
395,18,972.75,413.12,139.00,524.61,0.6579,-1,-1,-1
395,23,577.88,413.55,131.67,336.44,0.7668,-1,-1,-1
395,28,418.50,441.24,132.37,293.91,0.7396,-1,-1,-1
395,29,319.57,443.96,145.22,357.02,0.7475,-1,-1,-1
395,30,80.80,430.22,146.74,365.90,0.7789,-1,-1,-1
395,32,918.41,439.51,58.02,163.34,0.5962,-1,-1,-1
395,31,725.88,471.38,51.88,134.05,0.6130,-1,-1,-1
396,12,1071.51,398.44,263.01,618.01,0.7612,-1,-1,-1
396,18,973.59,413.56,136.50,523.73,0.6218,-1,-1,-1
396,23,585.51,423.12,125.18,322.21,0.7561,-1,-1,-1
396,28,426.83,443.32,128.25,289.15,0.6563,-1,-1,-1
396,29,323.63,442.95,147.98,356.40,0.7601,-1,-1,-1
396,30,100.24,441.38,140.87,353.84,0.5854,-1,-1,-1
396,32,915.50,442.03,59.17,167.12,0.6768,-1,-1,-1
396,31,723.08,466.28,55.26,142.63,0.5792,-1,-1,-1
397,12,1060.35,398.55,261.34,618.65,0.7906,-1,-1,-1
397,18,974.72,413.66,134.44,524.18,0.6774,-1,-1,-1
397,23,590.00,419.57,125.01,324.91,0.7488,-1,-1,-1
397,28,439.34,466.04,115.30,264.17,0.5730,-1,-1,-1
397,29,322.58,434.49,153.22,364.09,0.7633,-1,-1,-1
397,30,118.17,436.45,140.65,359.83,0.6219,-1,-1,-1
397,32,913.48,442.88,59.03,167.12,0.6400,-1,-1,-1
397,31,721.22,464.45,56.35,145.01,0.5765,-1,-1,-1
398,12,1057.33,399.06,259.44,619.08,0.8380,-1,-1,-1
398,18,970.15,415.28,134.09,524.58,0.6354,-1,-1,-1
398,23,596.74,423.21,122.73,319.55,0.7559,-1,-1,-1
398,28,436.59,443.89,122.57,287.16,0.7328,-1,-1,-1
398,29,325.71,436.52,154.40,360.19,0.8204,-1,-1,-1
398,30,129.35,436.26,139.44,359.98,0.7496,-1,-1,-1
398,31,720.11,461.84,57.27,147.54,0.5430,-1,-1,-1
399,12,1057.50,400.27,257.12,617.93,0.8375,-1,-1,-1
399,18,968.30,415.43,134.07,525.05,0.6614,-1,-1,-1
399,23,605.99,427.64,120.77,312.64,0.7882,-1,-1,-1
399,28,446.59,442.16,119.41,289.33,0.6275,-1,-1,-1
399,29,326.66,437.74,155.73,358.95,0.8309,-1,-1,-1
399,30,141.58,433.53,142.31,361.53,0.7641,-1,-1,-1
399,31,719.37,463.35,56.55,145.96,0.5361,-1,-1,-1
399,32,911.39,437.88,61.06,173.56,0.5827,-1,-1,-1
400,12,1058.54,400.37,255.32,618.40,0.8528,-1,-1,-1
400,18,967.16,414.20,134.16,526.60,0.6565,-1,-1,-1
400,23,611.47,423.86,123.37,316.23,0.7794,-1,-1,-1
400,28,454.13,439.77,116.17,290.14,0.7307,-1,-1,-1
400,29,325.66,435.75,158.08,360.08,0.8428,-1,-1,-1
400,30,152.41,433.08,145.62,360.90,0.7803,-1,-1,-1
400,32,909.26,438.27,59.99,171.19,0.5659,-1,-1,-1
401,12,1059.74,399.82,253.72,619.29,0.8464,-1,-1,-1
401,18,972.67,411.52,132.13,527.09,0.6369,-1,-1,-1
401,23,619.05,423.96,125.78,315.72,0.7721,-1,-1,-1
401,28,464.29,443.53,112.01,287.61,0.7209,-1,-1,-1
401,29,329.24,436.61,157.69,356.69,0.8149,-1,-1,-1
401,30,154.48,433.15,148.43,360.94,0.8140,-1,-1,-1
401,32,908.96,438.17,58.92,167.56,0.5768,-1,-1,-1
402,12,1060.96,399.44,251.75,619.93,0.8370,-1,-1,-1
402,18,975.49,410.79,130.17,527.23,0.6261,-1,-1,-1
402,23,626.00,417.14,130.81,322.66,0.8021,-1,-1,-1
402,28,473.65,449.22,107.42,280.00,0.7226,-1,-1,-1
402,29,337.31,442.50,154.07,348.66,0.8264,-1,-1,-1
402,30,156.31,435.43,149.55,357.56,0.8097,-1,-1,-1
402,32,907.60,438.36,60.45,169.82,0.5297,-1,-1,-1
403,12,1063.40,399.65,249.22,619.57,0.8374,-1,-1,-1
403,18,970.05,415.17,130.18,524.85,0.6182,-1,-1,-1
403,23,630.35,411.13,136.22,330.20,0.8362,-1,-1,-1
403,28,482.68,445.93,107.89,283.17,0.6044,-1,-1,-1
403,29,346.70,448.76,148.05,335.70,0.7465,-1,-1,-1
403,30,159.66,438.78,151.93,354.19,0.8039,-1,-1,-1
404,12,1065.50,399.80,247.28,620.32,0.8293,-1,-1,-1
404,18,967.15,416.87,130.66,524.72,0.6687,-1,-1,-1
404,23,635.49,407.96,140.53,334.64,0.8022,-1,-1,-1
404,28,493.38,441.11,110.73,286.50,0.6404,-1,-1,-1
404,29,353.03,443.82,148.44,339.65,0.7213,-1,-1,-1
404,30,164.88,438.62,153.75,351.56,0.8273,-1,-1,-1
404,32,897.21,447.26,57.50,162.87,0.5255,-1,-1,-1
405,12,1063.56,400.34,243.30,619.15,0.8328,-1,-1,-1
405,18,966.01,416.59,131.23,525.26,0.6856,-1,-1,-1
405,23,640.48,414.29,141.13,329.34,0.7875,-1,-1,-1
405,28,501.77,444.23,111.28,283.45,0.6790,-1,-1,-1
405,29,364.51,438.07,144.96,340.08,0.7012,-1,-1,-1
405,30,166.26,437.07,155.51,351.11,0.8182,-1,-1,-1
406,12,1061.71,399.31,240.53,620.60,0.8325,-1,-1,-1
406,18,964.31,416.06,131.94,525.74,0.6971,-1,-1,-1
406,23,645.14,420.76,140.95,322.56,0.7930,-1,-1,-1
406,28,506.16,447.74,111.07,279.54,0.6744,-1,-1,-1
406,29,377.04,434.83,139.71,337.90,0.7057,-1,-1,-1
406,30,167.34,436.08,157.20,352.36,0.8076,-1,-1,-1
407,12,1059.79,397.11,237.49,622.15,0.8346,-1,-1,-1
407,18,962.05,417.65,132.25,523.78,0.7252,-1,-1,-1
407,23,645.54,416.58,144.44,327.07,0.8541,-1,-1,-1
407,28,506.51,446.37,115.28,283.94,0.7084,-1,-1,-1
407,29,389.36,434.55,134.39,335.83,0.6730,-1,-1,-1
407,30,174.32,433.64,158.37,355.12,0.8026,-1,-1,-1
408,12,1057.79,397.63,234.28,622.37,0.8385,-1,-1,-1
408,18,962.12,417.36,132.79,523.78,0.7100,-1,-1,-1
408,23,648.21,418.70,145.03,325.75,0.8466,-1,-1,-1
408,28,510.42,440.74,119.45,289.23,0.7524,-1,-1,-1
408,29,393.09,433.71,131.78,336.17,0.6180,-1,-1,-1
408,30,183.50,433.42,156.09,352.05,0.7955,-1,-1,-1
409,12,1057.97,398.88,230.31,620.49,0.8396,-1,-1,-1
409,18,962.48,417.05,133.46,523.53,0.7043,-1,-1,-1
409,23,649.25,418.08,146.24,326.35,0.8314,-1,-1,-1
409,28,509.94,436.85,123.23,293.30,0.7531,-1,-1,-1
409,29,394.21,437.17,129.68,331.85,0.6158,-1,-1,-1
409,30,196.18,435.81,148.79,339.07,0.7232,-1,-1,-1
409,32,877.98,444.11,59.70,166.98,0.6134,-1,-1,-1
410,12,1056.14,398.21,226.70,620.95,0.8459,-1,-1,-1
410,18,962.27,418.90,133.35,521.11,0.7095,-1,-1,-1
410,23,649.22,412.80,149.18,331.76,0.8197,-1,-1,-1
410,28,517.22,438.91,120.63,285.11,0.7308,-1,-1,-1
410,29,410.68,438.60,128.04,331.10,0.5810,-1,-1,-1
410,30,211.12,435.46,144.89,336.62,0.6605,-1,-1,-1
410,32,876.14,445.12,59.64,166.18,0.5701,-1,-1,-1
411,12,1054.03,398.24,222.69,620.77,0.8467,-1,-1,-1
411,18,961.79,420.87,133.46,518.59,0.7181,-1,-1,-1
411,23,650.13,416.62,147.53,325.98,0.8265,-1,-1,-1
411,28,522.59,440.52,119.38,282.80,0.6931,-1,-1,-1
411,29,425.33,436.59,129.14,330.91,0.6693,-1,-1,-1
411,30,228.42,428.36,142.38,341.33,0.5464,-1,-1,-1
411,32,875.08,442.24,60.76,169.08,0.5405,-1,-1,-1
412,12,1054.51,399.74,218.67,618.72,0.8433,-1,-1,-1
412,18,963.17,421.68,133.57,518.24,0.6861,-1,-1,-1
412,23,647.86,406.99,152.15,335.94,0.8270,-1,-1,-1
412,28,527.37,437.90,118.98,283.42,0.7386,-1,-1,-1
412,29,428.73,436.17,131.76,331.16,0.6617,-1,-1,-1
412,30,243.47,426.89,138.71,342.53,0.7140,-1,-1,-1
412,32,873.42,441.61,59.94,167.68,0.5160,-1,-1,-1
413,12,1055.92,401.35,215.19,617.25,0.8518,-1,-1,-1
413,18,962.30,421.68,134.33,518.25,0.7356,-1,-1,-1
413,23,649.39,408.38,151.12,333.12,0.8040,-1,-1,-1
413,28,539.93,436.58,116.57,283.13,0.6168,-1,-1,-1
413,29,442.43,435.10,134.12,331.23,0.7118,-1,-1,-1
413,30,253.34,426.16,136.50,344.31,0.7255,-1,-1,-1
414,12,1054.94,404.07,212.27,614.92,0.8609,-1,-1,-1
414,18,963.16,421.58,134.19,516.86,0.6944,-1,-1,-1
414,23,654.32,419.92,145.76,320.84,0.8022,-1,-1,-1
414,28,548.81,437.46,114.04,282.31,0.6543,-1,-1,-1
414,29,448.39,436.94,135.76,329.00,0.7424,-1,-1,-1
414,30,260.32,424.63,135.24,346.91,0.6973,-1,-1,-1
414,32,868.87,440.57,59.20,167.80,0.5951,-1,-1,-1
415,12,1055.04,407.56,209.55,611.70,0.8578,-1,-1,-1
415,18,963.21,419.95,134.27,518.53,0.7134,-1,-1,-1
415,23,657.68,424.57,143.62,316.41,0.8065,-1,-1,-1
415,28,551.82,434.36,113.39,286.58,0.6031,-1,-1,-1
415,29,448.59,438.57,137.82,327.48,0.7651,-1,-1,-1
415,30,271.21,431.00,131.80,340.57,0.6670,-1,-1,-1
415,32,867.79,441.16,57.89,166.91,0.7087,-1,-1,-1
416,12,1055.32,410.91,207.58,608.71,0.8636,-1,-1,-1
416,18,963.06,419.31,134.08,519.22,0.7053,-1,-1,-1
416,23,664.59,430.58,139.12,308.09,0.7948,-1,-1,-1
416,28,558.86,433.84,110.76,286.48,0.7329,-1,-1,-1
416,29,447.44,440.94,139.37,325.43,0.8113,-1,-1,-1
416,30,280.86,435.59,128.32,334.78,0.7308,-1,-1,-1
416,32,866.62,440.64,57.00,166.15,0.6147,-1,-1,-1
417,12,1056.49,409.53,207.32,610.82,0.8532,-1,-1,-1
417,18,965.69,417.39,133.17,518.38,0.6690,-1,-1,-1
417,23,669.65,424.72,138.41,310.37,0.8033,-1,-1,-1
417,28,563.59,435.60,109.06,283.85,0.6753,-1,-1,-1
417,29,448.58,449.76,138.50,316.95,0.7914,-1,-1,-1
417,30,289.60,438.04,127.66,330.67,0.5965,-1,-1,-1
417,32,865.24,439.30,56.55,166.81,0.6314,-1,-1,-1
418,12,1055.66,405.87,207.88,614.61,0.8571,-1,-1,-1
418,18,965.50,418.04,132.78,519.51,0.6730,-1,-1,-1
418,23,673.07,413.75,139.82,318.37,0.7850,-1,-1,-1
418,28,575.34,436.12,107.11,282.41,0.7152,-1,-1,-1
418,29,446.67,446.42,140.87,319.42,0.8079,-1,-1,-1
418,30,296.05,436.03,130.40,332.54,0.6845,-1,-1,-1
418,32,864.27,439.78,55.17,165.02,0.5207,-1,-1,-1
419,12,1055.61,407.62,207.32,612.83,0.8490,-1,-1,-1
419,18,967.12,419.52,131.55,517.11,0.6840,-1,-1,-1
419,23,678.27,407.17,140.14,324.00,0.8005,-1,-1,-1
419,28,581.81,436.98,104.83,280.36,0.7164,-1,-1,-1
419,29,448.25,439.42,144.48,324.58,0.8021,-1,-1,-1
419,30,302.57,438.20,132.79,330.66,0.7582,-1,-1,-1
419,32,861.80,440.78,53.84,163.90,0.5460,-1,-1,-1
420,12,1056.55,409.18,207.85,611.57,0.8393,-1,-1,-1
420,18,966.82,415.49,131.78,521.75,0.5912,-1,-1,-1
420,23,684.44,407.30,137.53,323.09,0.7801,-1,-1,-1
420,28,583.87,436.93,103.73,278.19,0.7143,-1,-1,-1
420,29,451.28,435.79,145.88,327.34,0.7692,-1,-1,-1
420,30,306.71,442.12,134.31,326.82,0.7818,-1,-1,-1
421,12,1054.68,409.20,208.71,611.60,0.8238,-1,-1,-1
421,18,965.45,412.24,131.87,525.43,0.5960,-1,-1,-1
421,23,688.08,418.56,130.79,311.91,0.7099,-1,-1,-1
421,28,591.49,438.99,104.44,277.19,0.7297,-1,-1,-1
421,29,450.59,434.35,146.03,326.89,0.7421,-1,-1,-1
421,30,306.59,439.63,138.25,328.86,0.7781,-1,-1,-1
422,12,1050.27,407.10,210.15,614.33,0.8181,-1,-1,-1
422,18,965.39,412.59,131.14,525.12,0.5194,-1,-1,-1
422,23,694.65,431.63,122.94,296.15,0.6475,-1,-1,-1
422,28,599.99,440.51,105.30,276.27,0.7147,-1,-1,-1
422,29,455.35,435.13,143.80,325.66,0.6973,-1,-1,-1
422,30,312.67,439.61,142.72,327.65,0.8232,-1,-1,-1
423,12,1049.28,404.04,212.13,618.20,0.8158,-1,-1,-1
423,23,700.17,436.03,119.74,291.88,0.6213,-1,-1,-1
423,28,609.91,443.10,106.13,272.94,0.7249,-1,-1,-1
423,29,462.27,437.23,139.28,320.29,0.7150,-1,-1,-1
423,30,311.72,436.96,147.57,329.47,0.7820,-1,-1,-1
423,33,1157.61,411.94,163.54,494.07,0.6562,-1,-1,-1
423,32,855.24,438.96,53.07,161.99,0.5986,-1,-1,-1
424,12,1049.12,399.91,214.35,624.36,0.7840,-1,-1,-1
424,23,703.32,431.26,120.50,298.05,0.6344,-1,-1,-1
424,28,618.89,443.25,108.53,272.25,0.7741,-1,-1,-1
424,29,468.37,437.23,137.58,320.53,0.7190,-1,-1,-1
424,30,314.95,436.89,149.30,327.78,0.7752,-1,-1,-1
424,33,1155.70,412.31,165.21,498.58,0.5138,-1,-1,-1
424,32,851.01,438.78,53.52,163.43,0.5306,-1,-1,-1
425,12,1044.93,397.80,215.89,633.01,0.7193,-1,-1,-1
425,23,709.25,421.81,122.69,305.06,0.7297,-1,-1,-1
425,28,621.76,448.88,108.61,266.71,0.7356,-1,-1,-1
425,29,476.92,438.76,134.37,318.92,0.6390,-1,-1,-1
425,30,320.00,437.98,149.80,325.67,0.7789,-1,-1,-1
425,33,1158.64,412.64,168.44,509.03,0.6051,-1,-1,-1
425,32,848.95,439.84,51.81,159.53,0.5430,-1,-1,-1
425,18,973.47,477.16,114.92,456.42,0.5232,-1,-1,-1
426,12,1043.18,397.43,215.81,638.29,0.7136,-1,-1,-1
426,23,710.94,413.46,124.71,312.39,0.7550,-1,-1,-1
426,28,622.56,449.02,111.32,267.88,0.7206,-1,-1,-1
426,29,497.48,438.37,129.17,315.91,0.6455,-1,-1,-1
426,30,324.42,434.45,151.34,329.47,0.7909,-1,-1,-1
426,33,1159.89,411.59,170.58,516.45,0.5898,-1,-1,-1
426,32,846.43,439.05,51.17,159.15,0.5964,-1,-1,-1
426,18,974.30,488.18,112.51,443.44,0.5296,-1,-1,-1
427,12,1041.46,399.96,212.56,638.40,0.6815,-1,-1,-1
427,23,714.10,411.09,124.26,315.24,0.7452,-1,-1,-1
427,28,620.99,450.06,113.07,267.60,0.7150,-1,-1,-1
427,29,504.32,438.63,125.57,315.01,0.6316,-1,-1,-1
427,30,331.20,433.85,149.66,326.18,0.7857,-1,-1,-1
428,12,1041.67,405.57,203.24,622.61,0.6651,-1,-1,-1
428,23,720.45,417.56,121.74,309.90,0.7234,-1,-1,-1
428,28,618.32,447.69,115.17,268.28,0.6943,-1,-1,-1
428,29,500.57,437.80,125.56,317.25,0.6649,-1,-1,-1
428,30,342.51,436.46,144.42,317.99,0.7381,-1,-1,-1
428,34,1709.14,330.76,193.66,619.73,0.6095,-1,-1,-1
428,32,841.47,442.18,50.33,156.42,0.5171,-1,-1,-1
428,18,972.48,446.19,121.56,480.49,0.5751,-1,-1,-1
429,12,1042.88,402.87,198.61,619.43,0.6599,-1,-1,-1
429,23,727.23,430.97,116.78,296.35,0.7136,-1,-1,-1
429,28,621.42,442.57,116.52,271.61,0.7093,-1,-1,-1
429,29,502.24,438.51,125.88,316.34,0.6045,-1,-1,-1
429,30,355.73,438.01,139.91,314.25,0.7167,-1,-1,-1
429,18,973.30,453.19,120.81,478.18,0.5119,-1,-1,-1
430,12,1045.74,403.21,196.57,623.82,0.6894,-1,-1,-1
430,23,730.88,431.78,116.91,295.42,0.6789,-1,-1,-1
430,28,630.31,441.93,114.94,271.17,0.6002,-1,-1,-1
430,29,515.34,438.13,127.77,317.27,0.5809,-1,-1,-1
430,30,364.46,437.86,135.24,310.25,0.7391,-1,-1,-1
430,18,973.61,445.41,122.07,484.50,0.5744,-1,-1,-1
431,12,1049.10,404.30,195.03,629.73,0.6785,-1,-1,-1
431,23,730.58,430.35,118.22,297.19,0.6862,-1,-1,-1
431,28,636.13,441.92,111.38,266.33,0.5390,-1,-1,-1
431,29,535.28,441.20,126.65,313.72,0.6325,-1,-1,-1
431,30,372.18,438.10,131.26,306.96,0.7315,-1,-1,-1
431,18,974.67,438.94,123.11,489.51,0.5674,-1,-1,-1
431,34,1618.68,306.35,227.50,708.50,0.7127,-1,-1,-1
431,32,836.83,441.03,48.62,153.82,0.5894,-1,-1,-1
432,12,1056.51,407.01,193.11,630.57,0.7298,-1,-1,-1
432,23,730.42,424.70,120.40,301.82,0.6500,-1,-1,-1
432,29,547.60,441.41,127.58,313.92,0.6603,-1,-1,-1
432,30,377.66,439.71,129.54,308.05,0.7039,-1,-1,-1
432,18,976.21,442.13,122.59,487.57,0.5618,-1,-1,-1
432,34,1587.83,300.98,240.95,721.89,0.8262,-1,-1,-1
432,32,835.52,442.30,47.68,151.42,0.6309,-1,-1,-1
432,33,1187.20,411.18,130.04,388.49,0.5699,-1,-1,-1
433,12,1062.99,408.96,186.88,616.74,0.7190,-1,-1,-1
433,23,734.01,427.20,119.09,297.98,0.6890,-1,-1,-1
433,29,551.71,442.60,129.34,313.83,0.6804,-1,-1,-1
433,30,386.27,440.95,126.98,306.22,0.6749,-1,-1,-1
433,18,978.71,428.43,126.08,500.93,0.5648,-1,-1,-1
433,34,1556.94,302.59,253.71,721.57,0.7812,-1,-1,-1
433,32,833.79,439.49,48.53,154.72,0.6025,-1,-1,-1
433,33,1193.42,413.22,129.94,382.68,0.6475,-1,-1,-1
434,23,736.06,420.04,121.37,305.54,0.6974,-1,-1,-1
434,29,554.54,445.22,129.54,311.25,0.7808,-1,-1,-1
434,30,394.24,440.93,125.04,305.87,0.6781,-1,-1,-1
434,18,982.75,423.26,130.16,514.89,0.6454,-1,-1,-1
434,34,1518.64,302.38,266.96,717.15,0.7402,-1,-1,-1
435,23,740.25,422.36,119.07,302.01,0.6921,-1,-1,-1
435,29,555.98,445.01,131.13,311.41,0.7973,-1,-1,-1
435,30,404.04,437.96,124.66,309.80,0.7632,-1,-1,-1
435,18,988.56,418.31,127.40,497.90,0.7034,-1,-1,-1
435,28,669.28,432.90,109.29,271.99,0.5281,-1,-1,-1
435,12,1094.55,406.22,138.25,438.97,0.6218,-1,-1,-1
435,33,1203.77,405.36,109.13,314.07,0.6141,-1,-1,-1
436,23,746.03,424.40,115.85,297.16,0.6587,-1,-1,-1
436,29,554.84,442.28,133.74,313.99,0.7819,-1,-1,-1
436,30,409.93,437.24,123.80,310.80,0.7577,-1,-1,-1
436,18,1005.31,418.06,111.93,423.21,0.6308,-1,-1,-1
436,12,1102.54,410.69,134.38,415.51,0.6527,-1,-1,-1
436,33,1193.59,407.50,129.11,371.34,0.5846,-1,-1,-1
436,34,1405.76,310.81,275.96,703.76,0.8391,-1,-1,-1
437,23,749.30,416.84,116.01,302.71,0.5656,-1,-1,-1
437,29,554.67,440.56,136.04,316.61,0.7817,-1,-1,-1
437,30,414.20,438.54,123.72,311.76,0.7785,-1,-1,-1
437,18,1010.88,419.19,110.04,404.80,0.6794,-1,-1,-1
437,12,1103.74,404.31,140.02,428.44,0.6934,-1,-1,-1
437,33,1206.01,403.94,117.54,329.89,0.5317,-1,-1,-1
437,34,1317.74,319.97,289.94,697.95,0.8074,-1,-1,-1
438,23,756.74,415.06,113.66,303.76,0.5399,-1,-1,-1
438,29,555.92,441.75,135.74,312.50,0.7833,-1,-1,-1
438,30,418.36,434.45,124.95,316.02,0.8063,-1,-1,-1
438,18,1012.51,421.69,112.83,406.64,0.6851,-1,-1,-1
438,12,1104.74,396.49,146.34,445.58,0.8134,-1,-1,-1
438,34,1262.22,329.05,298.50,695.16,0.7261,-1,-1,-1
438,28,695.18,429.76,108.80,279.36,0.5464,-1,-1,-1
439,23,763.60,430.09,106.20,287.79,0.5399,-1,-1,-1
439,29,556.63,439.94,137.40,314.11,0.7897,-1,-1,-1
439,30,424.66,438.42,122.88,309.52,0.7597,-1,-1,-1
439,18,1010.66,421.18,118.84,420.69,0.7031,-1,-1,-1
439,12,1107.47,419.59,142.68,430.47,0.5200,-1,-1,-1
439,34,1205.54,335.89,306.36,695.91,0.7738,-1,-1,-1
440,23,767.25,439.12,101.30,277.64,0.5876,-1,-1,-1
440,29,557.08,440.84,138.05,313.39,0.7787,-1,-1,-1
440,30,429.89,438.42,121.92,306.28,0.7012,-1,-1,-1
440,18,1009.64,422.86,125.36,436.00,0.7794,-1,-1,-1
440,34,1145.68,351.47,306.93,680.57,0.7385,-1,-1,-1
440,28,702.67,436.91,103.93,273.55,0.5185,-1,-1,-1
441,23,770.22,436.15,99.54,276.55,0.5722,-1,-1,-1
441,29,557.23,441.07,138.51,312.68,0.7495,-1,-1,-1
441,30,435.38,438.83,120.06,302.76,0.6945,-1,-1,-1
441,34,1083.33,359.44,308.08,670.70,0.7502,-1,-1,-1
441,28,710.24,445.08,101.21,266.02,0.5608,-1,-1,-1
442,23,772.80,430.85,99.38,279.32,0.5486,-1,-1,-1
442,29,561.75,439.80,137.48,310.52,0.7671,-1,-1,-1
442,30,438.31,437.54,120.44,307.55,0.6985,-1,-1,-1
442,34,1030.08,366.33,306.25,656.59,0.7934,-1,-1,-1
442,28,717.35,448.07,102.42,263.74,0.5509,-1,-1,-1
442,36,1312.86,431.44,138.49,324.98,0.7323,-1,-1,-1
443,23,776.26,428.47,98.40,281.91,0.6363,-1,-1,-1
443,29,565.78,438.43,137.06,310.93,0.7965,-1,-1,-1
443,30,444.75,440.01,117.38,303.01,0.7198,-1,-1,-1
443,34,980.14,366.03,307.24,650.95,0.8090,-1,-1,-1
443,28,717.53,444.75,104.90,266.60,0.5487,-1,-1,-1
443,36,1315.60,431.80,139.26,326.38,0.6962,-1,-1,-1
443,33,1221.12,426.00,140.10,401.92,0.6263,-1,-1,-1
444,23,781.24,430.83,96.56,279.70,0.5137,-1,-1,-1
444,29,573.03,437.24,134.31,308.55,0.7457,-1,-1,-1
444,30,453.14,436.58,115.87,304.24,0.7627,-1,-1,-1
444,34,930.81,364.79,308.36,648.56,0.8144,-1,-1,-1
444,28,721.69,443.92,108.16,267.06,0.5969,-1,-1,-1
444,36,1316.45,432.60,140.68,329.48,0.6649,-1,-1,-1
444,33,1225.38,429.44,140.88,412.79,0.5230,-1,-1,-1
445,23,783.06,436.47,95.08,275.84,0.5027,-1,-1,-1
445,29,578.83,437.84,131.47,306.79,0.7545,-1,-1,-1
445,30,461.95,434.63,113.36,301.07,0.7620,-1,-1,-1
445,34,887.00,355.44,313.61,654.86,0.7808,-1,-1,-1
445,36,1321.90,432.92,140.00,328.58,0.7329,-1,-1,-1
445,33,1182.15,416.67,166.94,477.16,0.5939,-1,-1,-1
446,23,786.68,429.93,96.10,281.68,0.5665,-1,-1,-1
446,29,589.39,438.85,126.71,303.67,0.6878,-1,-1,-1
446,30,467.86,434.76,110.59,294.57,0.7215,-1,-1,-1
446,34,848.89,346.86,313.67,652.62,0.7818,-1,-1,-1
446,36,1326.60,432.38,139.42,329.02,0.7050,-1,-1,-1
446,33,1145.98,423.69,200.37,580.57,0.7608,-1,-1,-1
447,29,595.69,433.80,125.41,308.12,0.6748,-1,-1,-1
447,30,472.25,431.32,110.57,295.51,0.6842,-1,-1,-1
447,34,808.59,337.50,315.41,652.14,0.7791,-1,-1,-1
447,36,1331.32,431.25,138.56,329.54,0.6710,-1,-1,-1
447,33,1128.98,417.78,214.78,632.56,0.7876,-1,-1,-1
448,29,596.92,434.57,124.09,308.71,0.6110,-1,-1,-1
448,30,481.25,434.17,106.39,285.12,0.5837,-1,-1,-1
448,34,775.00,334.12,313.95,644.39,0.7764,-1,-1,-1
448,36,1334.41,423.34,141.06,339.13,0.7803,-1,-1,-1
448,33,1126.82,419.73,218.25,650.31,0.7741,-1,-1,-1
448,18,1047.64,421.04,145.48,513.11,0.5333,-1,-1,-1
449,29,612.56,434.78,120.54,307.95,0.5933,-1,-1,-1
449,30,485.28,436.84,105.71,282.85,0.7027,-1,-1,-1
449,34,737.91,332.90,315.81,644.62,0.7325,-1,-1,-1
449,36,1337.61,421.22,139.98,340.70,0.7499,-1,-1,-1
449,33,1128.10,424.31,215.70,651.05,0.7308,-1,-1,-1
449,18,1039.44,420.48,150.88,529.61,0.8014,-1,-1,-1
450,29,621.31,434.83,115.73,303.39,0.6590,-1,-1,-1
450,30,486.85,435.85,106.58,285.17,0.6994,-1,-1,-1
450,34,704.24,336.15,312.56,633.88,0.7554,-1,-1,-1
450,36,1342.36,420.42,138.68,340.87,0.7539,-1,-1,-1
450,33,1137.30,421.09,217.16,653.62,0.8143,-1,-1,-1
450,18,1037.76,415.82,155.50,544.36,0.7720,-1,-1,-1
451,29,629.67,438.02,111.31,300.38,0.6660,-1,-1,-1
451,30,494.31,434.38,109.57,289.21,0.6379,-1,-1,-1
451,34,668.53,340.13,315.96,637.21,0.7167,-1,-1,-1
451,36,1345.22,417.95,139.53,345.47,0.7263,-1,-1,-1
451,33,1145.73,419.05,223.83,657.16,0.8218,-1,-1,-1
451,18,1038.31,412.91,157.66,551.05,0.7848,-1,-1,-1
452,30,497.94,433.70,111.89,289.95,0.7212,-1,-1,-1
452,34,638.01,347.49,315.03,634.49,0.7140,-1,-1,-1
452,36,1352.05,417.12,139.21,347.02,0.7839,-1,-1,-1
452,33,1132.85,416.53,234.56,659.57,0.7161,-1,-1,-1
452,18,1041.76,413.65,157.93,550.80,0.7996,-1,-1,-1
453,30,502.89,436.26,111.87,286.59,0.7166,-1,-1,-1
453,34,593.03,358.70,333.08,667.38,0.5391,-1,-1,-1
453,36,1358.61,417.23,137.86,346.65,0.8186,-1,-1,-1
453,33,1161.88,416.11,238.95,654.85,0.8064,-1,-1,-1
453,18,1045.32,414.37,156.33,547.78,0.7940,-1,-1,-1
454,30,504.97,437.61,110.34,284.50,0.7768,-1,-1,-1
454,34,556.44,368.82,332.05,656.67,0.6761,-1,-1,-1
454,36,1363.44,417.23,137.86,349.27,0.8185,-1,-1,-1
454,33,1170.02,410.65,248.60,664.54,0.7958,-1,-1,-1
454,18,1048.84,415.34,155.32,543.27,0.7732,-1,-1,-1
455,30,509.77,449.27,102.65,268.42,0.6617,-1,-1,-1
455,34,521.19,384.85,324.79,630.84,0.6355,-1,-1,-1
455,36,1368.08,418.03,137.30,349.55,0.8235,-1,-1,-1
455,33,1172.28,417.31,253.46,663.00,0.7103,-1,-1,-1
455,18,1057.52,417.67,157.59,544.18,0.7694,-1,-1,-1
455,23,810.97,420.77,94.91,288.15,0.6186,-1,-1,-1
456,34,479.91,392.12,336.43,646.06,0.7102,-1,-1,-1
456,36,1372.34,419.15,138.12,353.19,0.8206,-1,-1,-1
456,33,1174.53,421.97,258.32,660.55,0.7526,-1,-1,-1
456,18,1061.69,419.81,158.52,542.77,0.7770,-1,-1,-1
456,23,810.16,419.97,94.86,289.55,0.5994,-1,-1,-1
457,34,432.36,395.85,340.44,645.05,0.6782,-1,-1,-1
457,36,1376.36,420.00,139.35,357.22,0.8461,-1,-1,-1
457,33,1167.65,415.04,263.25,666.39,0.8215,-1,-1,-1
457,18,1065.04,420.58,159.25,543.03,0.8057,-1,-1,-1
457,23,808.16,413.79,97.08,295.34,0.6822,-1,-1,-1
458,34,393.19,394.42,354.73,665.80,0.7577,-1,-1,-1
458,36,1383.32,421.27,139.56,359.21,0.8286,-1,-1,-1
458,33,1169.61,415.02,266.93,665.37,0.8403,-1,-1,-1
458,18,1069.76,419.58,158.57,540.86,0.8052,-1,-1,-1
458,23,809.57,415.35,96.54,292.81,0.6733,-1,-1,-1
459,34,355.28,390.62,364.95,679.71,0.8429,-1,-1,-1
459,36,1392.93,423.14,141.14,361.34,0.8361,-1,-1,-1
459,33,1174.47,414.90,271.89,665.28,0.8347,-1,-1,-1
459,18,1074.97,418.75,159.15,544.50,0.7695,-1,-1,-1
459,23,814.60,419.12,92.87,285.69,0.5964,-1,-1,-1
460,34,321.16,388.68,368.22,677.70,0.6813,-1,-1,-1
460,36,1403.87,423.72,143.81,363.43,0.8448,-1,-1,-1
460,33,1175.05,412.85,275.42,665.37,0.8424,-1,-1,-1
460,18,1082.58,418.86,158.78,546.62,0.7160,-1,-1,-1
460,23,819.80,422.15,90.72,279.87,0.5387,-1,-1,-1
460,29,677.99,440.38,113.04,295.04,0.6883,-1,-1,-1
461,34,286.61,375.68,380.94,698.11,0.8020,-1,-1,-1
461,36,1410.18,425.07,146.41,364.91,0.8553,-1,-1,-1
461,33,1174.77,411.14,279.64,668.37,0.8619,-1,-1,-1
461,18,1093.61,421.73,159.34,551.90,0.7144,-1,-1,-1
461,23,820.84,416.76,93.09,284.47,0.5822,-1,-1,-1
461,29,670.83,439.73,119.27,297.29,0.7445,-1,-1,-1
462,34,256.13,370.79,384.80,704.21,0.7669,-1,-1,-1
462,36,1413.05,425.72,148.84,366.22,0.8152,-1,-1,-1
462,33,1172.51,405.73,284.53,672.79,0.8665,-1,-1,-1
462,18,1097.96,420.19,160.31,555.13,0.7319,-1,-1,-1
462,23,817.28,413.34,95.64,288.98,0.6093,-1,-1,-1
462,29,672.69,439.94,120.93,297.20,0.6930,-1,-1,-1
462,30,556.61,434.88,103.01,275.87,0.5542,-1,-1,-1
463,34,242.03,364.40,386.66,710.23,0.7795,-1,-1,-1
463,36,1415.66,429.71,151.25,366.95,0.8299,-1,-1,-1
463,33,1172.13,403.32,287.57,674.93,0.8028,-1,-1,-1
463,18,1101.57,417.14,160.49,556.88,0.7728,-1,-1,-1
463,23,816.68,411.62,97.86,290.59,0.5966,-1,-1,-1
463,29,674.97,439.44,120.01,296.09,0.6768,-1,-1,-1
463,30,562.35,432.93,102.05,276.76,0.7023,-1,-1,-1
464,34,220.13,359.79,388.32,713.62,0.8127,-1,-1,-1
464,36,1419.42,427.02,154.18,372.46,0.8498,-1,-1,-1
464,33,1174.12,401.80,288.75,675.14,0.7970,-1,-1,-1
464,18,1105.32,413.29,162.46,563.10,0.7788,-1,-1,-1
464,23,817.40,411.79,100.07,291.58,0.6319,-1,-1,-1
464,29,680.73,438.87,117.76,292.70,0.6808,-1,-1,-1
464,30,568.57,432.29,100.37,275.39,0.6955,-1,-1,-1
464,32,774.95,445.71,44.87,140.17,0.5096,-1,-1,-1
465,34,199.87,361.34,387.18,709.12,0.7816,-1,-1,-1
465,36,1422.92,424.06,156.04,377.85,0.8425,-1,-1,-1
465,33,1182.00,401.81,288.21,676.62,0.8342,-1,-1,-1
465,18,1107.87,415.93,161.36,560.24,0.7699,-1,-1,-1
465,23,822.12,412.34,100.31,291.19,0.6263,-1,-1,-1
465,29,684.85,439.02,116.65,291.75,0.6241,-1,-1,-1
465,30,568.28,430.87,101.11,276.37,0.6809,-1,-1,-1
466,34,165.28,365.86,387.24,706.12,0.7489,-1,-1,-1
466,36,1428.20,421.11,156.23,382.33,0.8450,-1,-1,-1
466,33,1189.55,402.35,286.05,675.58,0.8168,-1,-1,-1
466,18,1110.54,419.86,160.54,554.16,0.7764,-1,-1,-1
466,23,825.60,409.62,101.79,294.85,0.6718,-1,-1,-1
466,29,701.40,438.63,115.12,291.30,0.6405,-1,-1,-1
466,30,567.20,430.04,102.47,277.78,0.6879,-1,-1,-1
467,34,138.97,369.85,387.02,702.42,0.8542,-1,-1,-1
467,36,1438.01,420.31,154.62,384.70,0.8018,-1,-1,-1
467,33,1205.56,404.19,279.83,666.97,0.7362,-1,-1,-1
467,18,1114.69,425.51,160.55,548.72,0.7268,-1,-1,-1
467,23,827.67,407.81,101.93,297.04,0.6768,-1,-1,-1
467,29,712.01,439.97,112.40,290.60,0.6692,-1,-1,-1
467,30,569.91,428.50,102.85,279.42,0.6872,-1,-1,-1
468,34,117.68,372.73,386.10,701.02,0.8187,-1,-1,-1
468,36,1448.27,415.64,153.65,388.38,0.8166,-1,-1,-1
468,33,1224.61,405.33,271.35,654.36,0.6435,-1,-1,-1
468,18,1118.69,423.52,165.23,560.66,0.7789,-1,-1,-1
468,23,829.30,406.86,101.50,297.75,0.6697,-1,-1,-1
468,29,709.38,439.33,111.77,291.77,0.6049,-1,-1,-1
468,30,572.97,432.31,99.99,272.39,0.7035,-1,-1,-1
469,34,84.55,380.34,380.37,688.70,0.7296,-1,-1,-1
469,36,1457.18,413.63,151.23,390.44,0.7872,-1,-1,-1
469,33,1237.65,403.12,272.61,665.10,0.7934,-1,-1,-1
469,18,1119.38,422.28,168.88,572.73,0.7743,-1,-1,-1
469,23,830.88,406.95,100.64,298.09,0.6870,-1,-1,-1
469,29,709.47,437.33,112.07,293.87,0.6250,-1,-1,-1
469,30,576.31,435.54,98.39,268.54,0.7115,-1,-1,-1
470,34,58.56,389.64,376.84,678.41,0.7838,-1,-1,-1
470,36,1466.49,411.76,148.38,390.84,0.8234,-1,-1,-1
470,33,1252.90,405.70,269.70,666.91,0.6423,-1,-1,-1
470,18,1126.15,421.91,172.36,582.29,0.7598,-1,-1,-1
470,23,830.38,407.85,100.01,298.56,0.7190,-1,-1,-1
470,29,716.38,437.21,112.84,292.30,0.6064,-1,-1,-1
470,30,579.14,438.73,97.46,267.13,0.7093,-1,-1,-1
471,34,36.02,396.14,377.88,672.73,0.8302,-1,-1,-1
471,36,1474.62,409.93,145.92,392.45,0.8152,-1,-1,-1
471,33,1262.60,401.54,265.54,672.58,0.5582,-1,-1,-1
471,18,1129.94,421.73,173.28,586.71,0.7716,-1,-1,-1
471,23,834.14,412.83,97.28,292.58,0.7530,-1,-1,-1
471,29,732.42,433.10,114.86,297.99,0.5846,-1,-1,-1
471,30,581.90,445.92,95.66,262.31,0.6993,-1,-1,-1
472,34,10.92,402.17,375.10,664.25,0.7824,-1,-1,-1
472,36,1481.35,408.98,144.32,395.10,0.8316,-1,-1,-1
472,33,1264.02,398.84,260.65,674.01,0.6538,-1,-1,-1
472,18,1135.54,418.41,175.50,592.31,0.8034,-1,-1,-1
472,23,835.24,412.81,96.35,292.02,0.7328,-1,-1,-1
472,29,741.06,432.50,115.53,298.64,0.6446,-1,-1,-1
472,30,585.15,446.12,95.69,262.06,0.7330,-1,-1,-1
473,34,-0.63,403.96,375.99,663.01,0.6331,-1,-1,-1
473,36,1488.98,409.82,141.31,392.74,0.8031,-1,-1,-1
473,33,1283.95,399.09,253.61,669.49,0.6615,-1,-1,-1
473,18,1137.44,421.52,174.03,589.44,0.7926,-1,-1,-1
473,23,837.89,416.07,94.92,289.10,0.6985,-1,-1,-1
473,29,744.80,435.10,114.68,295.29,0.6691,-1,-1,-1
473,30,587.74,442.03,97.24,266.28,0.7316,-1,-1,-1
474,34,-18.18,402.31,376.53,669.34,0.5951,-1,-1,-1
474,36,1495.83,410.57,139.67,391.69,0.7797,-1,-1,-1
474,33,1300.08,399.56,248.05,666.48,0.7212,-1,-1,-1
474,18,1140.82,421.97,173.05,589.04,0.8007,-1,-1,-1
474,23,835.69,414.55,94.20,289.97,0.6222,-1,-1,-1
474,29,745.02,437.87,113.91,291.63,0.6527,-1,-1,-1
474,30,590.34,440.38,97.81,267.69,0.7393,-1,-1,-1
475,34,-26.42,400.07,375.02,673.57,0.7482,-1,-1,-1
475,36,1503.90,410.07,139.57,392.89,0.7777,-1,-1,-1
475,33,1306.31,400.73,244.41,666.30,0.7507,-1,-1,-1
475,18,1144.75,422.07,172.65,589.37,0.8164,-1,-1,-1
475,23,844.22,415.75,93.52,287.83,0.5109,-1,-1,-1
475,29,745.38,436.88,114.73,293.20,0.6513,-1,-1,-1
475,30,593.38,442.01,97.26,265.62,0.7416,-1,-1,-1
476,34,-61.90,396.73,362.44,678.05,0.6779,-1,-1,-1
476,36,1515.79,411.29,141.03,393.23,0.7602,-1,-1,-1
476,33,1312.62,397.58,244.27,673.57,0.6737,-1,-1,-1
476,18,1147.28,421.55,172.33,589.91,0.8137,-1,-1,-1
476,23,842.47,416.74,92.09,287.42,0.5587,-1,-1,-1
476,29,745.37,436.76,115.20,293.86,0.7015,-1,-1,-1
476,30,597.66,444.59,96.50,261.78,0.7923,-1,-1,-1
477,34,-48.95,392.00,357.44,680.90,0.7838,-1,-1,-1
477,36,1527.02,410.91,146.17,399.01,0.8324,-1,-1,-1
477,18,1150.80,421.22,172.52,590.49,0.8250,-1,-1,-1
477,23,841.00,416.98,89.85,285.41,0.5532,-1,-1,-1
477,29,746.12,437.58,114.99,293.31,0.7029,-1,-1,-1
477,30,602.01,444.81,96.54,260.94,0.7704,-1,-1,-1
478,36,1538.61,408.21,150.98,401.78,0.8257,-1,-1,-1
478,18,1155.95,421.08,172.13,590.54,0.8187,-1,-1,-1
478,29,746.44,437.47,115.07,294.55,0.6313,-1,-1,-1
478,30,610.22,445.52,95.21,258.63,0.6860,-1,-1,-1
478,33,1322.45,398.59,236.53,661.75,0.6572,-1,-1,-1
479,36,1548.61,409.42,156.50,404.67,0.8492,-1,-1,-1
479,18,1160.34,420.23,171.85,590.94,0.8015,-1,-1,-1
479,29,751.65,438.53,113.62,293.65,0.6149,-1,-1,-1
479,30,611.58,444.43,96.16,258.86,0.6575,-1,-1,-1
479,33,1332.67,398.58,237.12,669.75,0.7606,-1,-1,-1
479,34,-54.71,384.83,349.57,686.20,0.7246,-1,-1,-1
479,23,842.26,414.29,87.76,285.81,0.5193,-1,-1,-1
480,36,1555.14,412.75,161.95,408.61,0.8576,-1,-1,-1
480,18,1165.31,420.51,170.94,589.92,0.8058,-1,-1,-1
480,29,757.55,437.38,111.55,292.05,0.6541,-1,-1,-1
480,30,616.41,439.21,96.39,262.04,0.6056,-1,-1,-1
480,33,1342.51,401.97,237.04,670.35,0.8130,-1,-1,-1
480,23,843.47,412.80,86.27,287.02,0.5701,-1,-1,-1
481,36,1560.87,417.70,165.47,407.28,0.8476,-1,-1,-1
481,18,1169.87,419.48,170.46,590.40,0.8081,-1,-1,-1
481,29,766.60,439.35,107.96,286.07,0.6126,-1,-1,-1
481,30,623.39,436.01,96.50,263.60,0.6025,-1,-1,-1
481,33,1350.42,399.42,240.59,676.92,0.8316,-1,-1,-1
481,23,844.72,412.99,84.22,286.38,0.5480,-1,-1,-1
481,41,900.75,439.73,105.67,244.13,0.6320,-1,-1,-1
481,34,-58.14,408.55,325.36,663.87,0.7644,-1,-1,-1
482,36,1565.07,418.57,169.99,409.65,0.8333,-1,-1,-1
482,18,1173.51,419.09,170.42,592.86,0.7925,-1,-1,-1
482,29,773.54,438.60,105.63,283.97,0.5799,-1,-1,-1
482,30,627.79,434.53,96.18,265.41,0.5771,-1,-1,-1
482,33,1359.13,397.07,243.42,680.32,0.8511,-1,-1,-1
482,23,846.42,413.09,82.00,284.45,0.5302,-1,-1,-1
482,41,903.45,442.69,104.08,240.49,0.6764,-1,-1,-1
482,34,-49.34,454.85,292.42,617.42,0.7683,-1,-1,-1
483,36,1567.40,418.45,173.42,413.08,0.8255,-1,-1,-1
483,18,1179.04,418.57,169.64,593.26,0.7927,-1,-1,-1
483,29,781.08,436.98,104.25,287.72,0.6331,-1,-1,-1
483,30,630.06,433.47,96.05,264.40,0.6164,-1,-1,-1
483,33,1366.43,394.92,246.11,681.83,0.8280,-1,-1,-1
483,23,848.52,414.98,80.52,284.19,0.5265,-1,-1,-1
483,41,905.45,445.19,102.77,237.81,0.6632,-1,-1,-1
483,34,-41.98,501.46,261.41,569.72,0.7445,-1,-1,-1
484,36,1570.61,416.40,176.92,418.84,0.8215,-1,-1,-1
484,18,1184.39,417.65,169.23,594.76,0.7879,-1,-1,-1
484,29,785.14,437.67,102.27,289.58,0.6599,-1,-1,-1
484,30,634.68,434.81,95.97,262.04,0.6555,-1,-1,-1
484,33,1370.99,394.09,249.48,683.55,0.8716,-1,-1,-1
484,23,853.43,428.15,75.85,271.24,0.5164,-1,-1,-1
484,41,907.04,445.48,102.71,238.40,0.6515,-1,-1,-1
485,36,1575.59,411.76,179.70,425.98,0.8339,-1,-1,-1
485,18,1190.71,419.59,168.42,593.51,0.7822,-1,-1,-1
485,29,792.31,438.54,99.86,286.65,0.6580,-1,-1,-1
485,30,638.32,434.62,97.79,262.03,0.6877,-1,-1,-1
485,33,1373.66,395.50,251.77,681.50,0.8565,-1,-1,-1
485,41,907.94,441.92,103.34,240.74,0.6780,-1,-1,-1
486,36,1581.28,412.18,179.78,427.52,0.8356,-1,-1,-1
486,18,1196.35,419.95,167.84,592.83,0.7762,-1,-1,-1
486,29,799.31,438.54,99.84,285.99,0.5762,-1,-1,-1
486,30,641.72,434.37,100.20,262.46,0.7144,-1,-1,-1
486,33,1374.51,396.68,254.36,679.76,0.8408,-1,-1,-1
486,41,907.38,441.18,102.91,240.69,0.6939,-1,-1,-1
486,43,1339.27,416.19,102.60,547.04,0.6090,-1,-1,-1
487,36,1585.73,415.32,177.57,425.08,0.7892,-1,-1,-1
487,18,1204.28,419.17,169.44,593.84,0.7764,-1,-1,-1
487,30,644.63,435.16,102.54,261.48,0.6702,-1,-1,-1
487,33,1374.21,396.53,256.84,679.47,0.8438,-1,-1,-1
487,41,910.76,441.39,102.26,240.86,0.6623,-1,-1,-1
487,43,1346.54,413.10,99.42,529.62,0.5807,-1,-1,-1
488,36,1592.90,417.97,175.10,422.17,0.7659,-1,-1,-1
488,18,1208.23,419.54,170.62,593.00,0.7843,-1,-1,-1
488,30,646.33,435.24,104.63,261.18,0.6726,-1,-1,-1
488,33,1375.53,399.62,258.95,676.53,0.8192,-1,-1,-1
488,41,914.70,447.36,99.00,234.66,0.5535,-1,-1,-1
488,43,1353.88,417.28,95.79,508.47,0.5103,-1,-1,-1
488,29,813.15,433.83,104.30,291.53,0.5849,-1,-1,-1
489,36,1598.27,414.43,175.18,428.10,0.7451,-1,-1,-1
489,18,1211.81,415.10,172.72,595.30,0.8260,-1,-1,-1
489,30,649.84,435.89,106.04,260.16,0.6958,-1,-1,-1
489,33,1375.70,395.12,262.49,678.36,0.7879,-1,-1,-1
489,41,916.46,441.06,100.50,240.49,0.6098,-1,-1,-1
489,43,1360.46,422.24,90.67,476.80,0.5548,-1,-1,-1
489,29,817.45,431.99,107.76,292.98,0.5714,-1,-1,-1
490,36,1603.58,412.52,173.83,431.78,0.7320,-1,-1,-1
490,18,1212.41,416.70,174.07,594.82,0.8008,-1,-1,-1
490,30,650.87,435.32,108.30,262.09,0.7903,-1,-1,-1
490,33,1372.20,396.74,261.67,675.79,0.7455,-1,-1,-1
490,41,922.69,439.65,98.88,240.80,0.6163,-1,-1,-1
490,43,1366.01,420.58,90.80,472.14,0.6114,-1,-1,-1
490,29,819.17,435.08,109.68,289.79,0.5798,-1,-1,-1
490,47,333.51,459.59,95.16,220.86,0.5011,-1,-1,-1
491,36,1603.09,409.98,169.71,432.55,0.7350,-1,-1,-1
491,18,1212.63,417.46,175.31,594.72,0.8076,-1,-1,-1
491,30,652.82,434.96,110.07,263.89,0.7890,-1,-1,-1
491,33,1369.40,399.33,259.18,670.78,0.6712,-1,-1,-1
491,41,931.00,437.07,96.94,241.72,0.5934,-1,-1,-1
491,43,1372.84,419.07,91.52,469.87,0.5504,-1,-1,-1
491,29,820.41,436.22,111.99,288.65,0.5244,-1,-1,-1
492,36,1608.91,410.08,166.14,436.84,0.7096,-1,-1,-1
492,18,1214.23,414.38,177.71,596.35,0.8155,-1,-1,-1
492,30,653.61,433.40,112.43,266.97,0.7641,-1,-1,-1
492,41,940.14,436.79,95.15,241.83,0.6237,-1,-1,-1
492,43,1380.99,413.71,92.67,466.65,0.5253,-1,-1,-1
492,29,822.02,441.82,113.16,283.32,0.6688,-1,-1,-1
492,47,321.63,479.80,87.66,202.84,0.5228,-1,-1,-1
493,36,1616.42,410.22,161.48,435.02,0.6395,-1,-1,-1
493,18,1215.88,416.47,179.15,594.01,0.8292,-1,-1,-1
493,30,655.90,439.25,111.43,262.52,0.7730,-1,-1,-1
493,41,947.10,439.05,92.99,240.28,0.7060,-1,-1,-1
493,43,1384.96,410.88,97.72,485.20,0.5386,-1,-1,-1
493,29,823.28,444.97,114.60,279.46,0.6876,-1,-1,-1
494,36,1626.37,410.34,151.20,410.59,0.6716,-1,-1,-1
494,18,1218.65,419.72,181.00,590.71,0.8280,-1,-1,-1
494,30,658.11,441.35,111.42,260.66,0.7826,-1,-1,-1
494,41,950.49,440.84,91.51,239.17,0.6561,-1,-1,-1
494,43,1387.55,408.25,104.75,514.99,0.6169,-1,-1,-1
494,29,823.42,445.62,117.41,279.63,0.7109,-1,-1,-1
495,36,1634.22,406.97,162.72,442.01,0.6932,-1,-1,-1
495,18,1221.41,421.04,184.04,590.19,0.8143,-1,-1,-1
495,30,657.51,438.49,112.96,263.35,0.7627,-1,-1,-1
495,41,957.86,441.49,91.63,239.55,0.6628,-1,-1,-1
495,43,1386.24,406.81,111.43,543.51,0.5717,-1,-1,-1
495,29,826.02,443.73,119.53,281.17,0.6824,-1,-1,-1
496,18,1223.38,420.37,187.86,591.36,0.8325,-1,-1,-1
496,30,658.23,437.95,113.32,263.92,0.7865,-1,-1,-1
496,41,963.77,442.55,92.83,239.20,0.7291,-1,-1,-1
496,43,1389.46,410.59,115.51,558.13,0.6477,-1,-1,-1
496,29,827.62,441.80,121.90,284.41,0.7016,-1,-1,-1
496,33,1393.71,376.53,268.72,693.13,0.5690,-1,-1,-1
497,18,1225.03,420.48,191.12,590.73,0.8528,-1,-1,-1
497,30,660.57,434.98,113.82,267.15,0.7760,-1,-1,-1
497,41,969.93,442.23,94.84,239.83,0.7283,-1,-1,-1
497,43,1402.12,415.79,105.61,495.86,0.6544,-1,-1,-1
497,29,831.17,442.52,122.39,285.29,0.7342,-1,-1,-1
497,33,1403.65,377.12,272.32,695.58,0.6532,-1,-1,-1
497,36,1638.83,406.47,169.55,466.08,0.8000,-1,-1,-1
498,18,1227.02,418.30,194.59,593.00,0.8473,-1,-1,-1
498,30,663.55,432.91,113.20,269.32,0.7722,-1,-1,-1
498,41,975.21,440.50,97.24,241.70,0.7380,-1,-1,-1
498,43,1403.87,413.27,112.52,519.14,0.6514,-1,-1,-1
498,29,836.67,443.61,120.92,283.41,0.6808,-1,-1,-1
498,33,1413.31,376.70,272.34,694.94,0.6500,-1,-1,-1
498,36,1646.20,409.46,168.65,466.54,0.7419,-1,-1,-1
499,18,1229.34,415.76,197.01,596.23,0.8361,-1,-1,-1
499,30,666.96,435.25,110.46,266.00,0.7668,-1,-1,-1
499,41,979.57,440.59,99.60,242.32,0.6975,-1,-1,-1
499,43,1406.32,407.95,117.61,531.30,0.6556,-1,-1,-1
499,29,844.41,443.25,119.41,284.75,0.6998,-1,-1,-1
499,33,1422.48,377.76,271.59,694.09,0.6668,-1,-1,-1
499,36,1662.73,407.61,173.38,469.52,0.8519,-1,-1,-1
499,47,251.69,484.18,95.15,216.77,0.5501,-1,-1,-1
500,18,1234.11,416.54,197.76,596.04,0.7887,-1,-1,-1
500,30,669.25,433.87,109.44,267.08,0.7471,-1,-1,-1
500,41,980.30,442.81,100.75,240.34,0.6806,-1,-1,-1
500,43,1405.92,408.98,123.66,544.43,0.6763,-1,-1,-1
500,29,848.16,440.02,118.48,286.76,0.6592,-1,-1,-1
500,33,1439.90,377.97,269.86,693.14,0.5812,-1,-1,-1
500,36,1674.97,411.33,178.22,472.44,0.8425,-1,-1,-1
500,47,240.09,482.57,97.52,221.82,0.6089,-1,-1,-1
501,18,1241.42,414.97,198.44,598.36,0.7918,-1,-1,-1
501,30,673.91,433.70,107.33,266.40,0.6852,-1,-1,-1
501,41,980.14,450.94,99.47,232.04,0.7068,-1,-1,-1
501,43,1408.01,411.64,125.96,543.57,0.6842,-1,-1,-1
501,29,851.69,438.31,117.32,287.62,0.6992,-1,-1,-1
501,33,1473.95,375.16,237.84,611.92,0.6101,-1,-1,-1
501,36,1690.13,415.89,182.32,471.32,0.8533,-1,-1,-1
501,47,230.51,481.70,98.74,222.26,0.6273,-1,-1,-1
502,18,1251.46,415.03,198.21,599.56,0.7968,-1,-1,-1
502,30,681.02,435.35,103.89,263.69,0.6774,-1,-1,-1
502,41,980.31,451.13,100.72,231.77,0.7335,-1,-1,-1
502,43,1405.57,407.46,131.64,554.66,0.7131,-1,-1,-1
502,29,855.67,439.66,115.76,286.54,0.6557,-1,-1,-1
502,33,1482.01,376.34,253.13,662.28,0.6182,-1,-1,-1
502,36,1699.02,415.81,186.18,473.65,0.8443,-1,-1,-1
502,47,224.41,483.57,99.35,219.69,0.6017,-1,-1,-1
503,18,1266.77,411.60,197.20,605.32,0.7671,-1,-1,-1
503,30,683.44,434.64,102.93,265.11,0.6960,-1,-1,-1
503,41,983.25,448.24,102.25,234.60,0.7195,-1,-1,-1
503,43,1403.38,410.04,135.54,555.73,0.6208,-1,-1,-1
503,29,862.05,440.13,114.54,285.74,0.6732,-1,-1,-1
503,33,1489.58,374.35,255.65,681.58,0.7258,-1,-1,-1
503,36,1704.39,413.75,190.98,480.43,0.8553,-1,-1,-1
503,47,211.96,481.64,105.56,230.52,0.5348,-1,-1,-1
504,18,1279.04,412.05,194.64,607.05,0.8042,-1,-1,-1
504,30,686.25,435.28,101.51,265.12,0.6867,-1,-1,-1
504,41,987.58,448.01,101.51,234.84,0.6596,-1,-1,-1
504,43,1405.79,410.58,138.64,556.17,0.6971,-1,-1,-1
504,29,869.18,440.44,113.46,284.75,0.5696,-1,-1,-1
504,33,1498.95,372.96,254.76,690.56,0.7005,-1,-1,-1
504,36,1708.96,411.67,197.50,492.02,0.8657,-1,-1,-1
504,47,197.28,481.86,108.71,235.36,0.6457,-1,-1,-1
505,18,1287.78,410.75,193.60,613.36,0.8282,-1,-1,-1
505,30,688.76,436.67,100.39,264.50,0.7825,-1,-1,-1
505,41,994.53,453.88,97.58,229.28,0.6442,-1,-1,-1
505,43,1413.70,420.95,138.73,547.83,0.6621,-1,-1,-1
505,29,882.41,442.83,112.69,281.20,0.5831,-1,-1,-1
505,33,1507.69,373.02,254.04,698.18,0.7682,-1,-1,-1
505,36,1714.09,408.77,201.19,500.07,0.8850,-1,-1,-1
505,47,184.29,482.24,109.38,236.34,0.6028,-1,-1,-1
506,18,1294.17,411.39,193.53,623.04,0.7937,-1,-1,-1
506,30,693.89,435.40,100.12,266.43,0.7433,-1,-1,-1
506,41,1002.89,459.14,93.37,223.51,0.6264,-1,-1,-1
506,43,1432.56,423.03,134.35,534.59,0.7062,-1,-1,-1
506,29,897.26,449.05,110.80,273.71,0.6529,-1,-1,-1
506,33,1512.87,372.21,251.65,701.43,0.7571,-1,-1,-1
506,36,1718.96,404.09,203.27,506.62,0.8853,-1,-1,-1
506,47,170.74,483.86,109.18,234.65,0.6548,-1,-1,-1
506,23,865.09,413.09,78.12,289.28,0.5857,-1,-1,-1
507,18,1299.21,412.16,193.03,632.11,0.8118,-1,-1,-1
507,30,699.80,435.45,99.87,266.21,0.7236,-1,-1,-1
507,41,1009.46,452.81,94.11,228.92,0.5338,-1,-1,-1
507,43,1440.44,419.08,134.74,541.68,0.6955,-1,-1,-1
507,29,904.65,450.78,110.87,270.96,0.6701,-1,-1,-1
507,33,1518.14,374.46,248.79,701.25,0.7413,-1,-1,-1
507,36,1726.46,400.53,203.22,512.29,0.8764,-1,-1,-1
507,47,154.60,482.37,113.18,242.77,0.6778,-1,-1,-1
507,23,865.97,413.23,76.31,289.46,0.6050,-1,-1,-1
508,18,1311.28,414.91,194.10,637.84,0.7756,-1,-1,-1
508,30,708.94,435.73,98.43,264.55,0.6847,-1,-1,-1
508,41,1016.14,450.13,92.44,230.22,0.5329,-1,-1,-1
508,43,1448.29,413.86,132.48,537.78,0.6743,-1,-1,-1
508,29,911.27,452.33,112.96,269.24,0.7100,-1,-1,-1
508,33,1522.43,373.98,246.65,699.51,0.7468,-1,-1,-1
508,36,1732.43,398.30,201.07,514.27,0.8458,-1,-1,-1
508,47,141.94,483.28,114.93,244.93,0.6708,-1,-1,-1
508,23,866.74,412.72,74.61,286.99,0.6063,-1,-1,-1
509,18,1325.50,413.69,197.29,643.98,0.8279,-1,-1,-1
509,30,714.76,438.01,97.71,262.24,0.6718,-1,-1,-1
509,43,1454.11,407.89,135.84,558.46,0.5879,-1,-1,-1
509,29,912.69,448.98,117.39,274.36,0.7371,-1,-1,-1
509,33,1524.13,373.97,243.35,695.26,0.7009,-1,-1,-1
509,36,1738.28,396.55,197.67,513.88,0.7910,-1,-1,-1
509,47,129.76,479.32,115.81,245.74,0.6710,-1,-1,-1
509,23,869.66,419.63,71.69,280.51,0.5880,-1,-1,-1
510,18,1335.13,413.36,200.48,645.13,0.8407,-1,-1,-1
510,30,719.87,436.30,99.95,263.84,0.7043,-1,-1,-1
510,43,1460.52,405.41,137.04,570.28,0.7085,-1,-1,-1
510,29,911.29,446.81,120.74,277.97,0.7510,-1,-1,-1
510,33,1541.97,375.85,244.34,698.00,0.6134,-1,-1,-1
510,36,1750.15,393.84,189.39,503.43,0.8243,-1,-1,-1
510,47,113.74,477.44,117.94,248.05,0.6633,-1,-1,-1
510,23,871.74,414.16,71.75,284.33,0.5884,-1,-1,-1
511,18,1340.35,414.66,204.48,645.61,0.8386,-1,-1,-1
511,30,722.41,438.30,100.80,261.60,0.7250,-1,-1,-1
511,43,1468.41,405.29,133.19,559.23,0.6678,-1,-1,-1
511,29,913.93,446.54,124.32,278.89,0.7626,-1,-1,-1
511,33,1551.97,371.22,249.14,703.97,0.7176,-1,-1,-1
511,36,1759.23,393.99,182.54,497.02,0.8075,-1,-1,-1
511,47,101.36,477.08,120.33,251.67,0.5584,-1,-1,-1
511,41,1031.50,457.93,86.74,218.02,0.5460,-1,-1,-1
512,18,1340.87,417.71,208.04,644.74,0.8451,-1,-1,-1
512,30,724.13,437.21,102.03,261.99,0.7390,-1,-1,-1
512,43,1472.95,407.69,128.49,542.15,0.6393,-1,-1,-1
512,29,913.56,444.45,127.98,281.30,0.7578,-1,-1,-1
512,33,1547.44,373.74,244.47,694.72,0.5767,-1,-1,-1
512,36,1765.22,393.93,178.05,497.62,0.8067,-1,-1,-1
512,41,1037.19,454.69,88.32,222.47,0.6049,-1,-1,-1
512,23,875.09,412.06,72.15,284.26,0.5612,-1,-1,-1
513,18,1340.87,418.58,212.75,647.41,0.8471,-1,-1,-1
513,30,726.36,436.49,103.88,262.94,0.7424,-1,-1,-1
513,43,1475.80,412.05,129.57,550.98,0.6536,-1,-1,-1
513,29,913.19,443.99,130.76,281.84,0.7505,-1,-1,-1
513,36,1774.19,390.99,175.10,507.58,0.7982,-1,-1,-1
513,41,1041.61,447.46,91.35,230.00,0.6050,-1,-1,-1
513,23,876.90,412.25,72.72,284.57,0.5143,-1,-1,-1
513,47,73.42,476.76,124.79,257.01,0.6036,-1,-1,-1
514,18,1340.18,418.74,216.73,648.50,0.8435,-1,-1,-1
514,30,727.89,439.03,103.43,259.01,0.7477,-1,-1,-1
514,43,1482.05,415.44,126.21,538.59,0.5940,-1,-1,-1
514,29,913.28,444.35,132.63,280.80,0.7014,-1,-1,-1
514,36,1780.34,390.54,170.34,511.91,0.8036,-1,-1,-1
514,41,1046.24,445.54,93.17,231.62,0.6223,-1,-1,-1
514,23,879.09,412.72,73.24,284.74,0.5091,-1,-1,-1
514,47,58.46,476.80,127.11,257.94,0.6568,-1,-1,-1
514,33,1564.21,371.94,215.53,606.87,0.5672,-1,-1,-1
515,18,1339.88,418.11,220.58,650.12,0.8440,-1,-1,-1
515,30,730.10,439.17,103.57,257.36,0.7253,-1,-1,-1
515,43,1490.02,415.43,123.62,524.98,0.5201,-1,-1,-1
515,29,913.83,443.49,134.85,280.86,0.7431,-1,-1,-1
515,36,1787.90,389.00,165.16,517.18,0.7929,-1,-1,-1
515,41,1050.94,449.18,93.29,228.16,0.6780,-1,-1,-1
515,23,878.06,418.01,72.29,279.78,0.5766,-1,-1,-1
515,47,45.46,477.66,129.43,259.00,0.6998,-1,-1,-1
515,33,1566.99,372.27,237.89,668.71,0.5283,-1,-1,-1
516,18,1340.09,421.50,223.59,648.52,0.8307,-1,-1,-1
516,30,732.90,436.35,104.54,259.26,0.7483,-1,-1,-1
516,29,914.57,439.42,137.21,282.72,0.7598,-1,-1,-1
516,36,1792.40,387.79,160.83,525.00,0.7578,-1,-1,-1
516,41,1052.61,449.87,92.99,226.07,0.5775,-1,-1,-1
516,23,879.85,418.20,73.70,282.26,0.5690,-1,-1,-1
516,47,30.99,478.76,131.64,259.51,0.7054,-1,-1,-1
516,33,1576.16,374.29,245.32,678.47,0.6064,-1,-1,-1
517,18,1340.79,423.74,226.69,646.77,0.8205,-1,-1,-1
517,30,736.42,438.86,103.42,255.81,0.7290,-1,-1,-1
517,29,915.22,437.88,138.68,284.20,0.7689,-1,-1,-1
517,36,1801.72,390.73,151.51,517.08,0.6981,-1,-1,-1
517,41,1053.79,450.03,93.83,226.19,0.5534,-1,-1,-1
517,23,883.04,422.80,74.50,280.62,0.5797,-1,-1,-1
517,47,23.78,489.91,128.48,248.47,0.5800,-1,-1,-1
518,18,1343.18,419.82,231.02,649.76,0.8205,-1,-1,-1
518,30,738.82,433.84,104.42,259.70,0.7799,-1,-1,-1
518,29,916.25,435.62,140.27,286.95,0.7866,-1,-1,-1
518,36,1809.83,393.33,143.62,513.93,0.6629,-1,-1,-1
518,41,1055.40,457.39,92.59,219.73,0.5708,-1,-1,-1
518,23,881.60,418.47,76.22,285.90,0.6177,-1,-1,-1
518,47,10.91,483.82,133.75,255.66,0.6834,-1,-1,-1
519,18,1344.48,420.49,233.45,648.29,0.7951,-1,-1,-1
519,30,741.86,432.67,104.12,260.05,0.7721,-1,-1,-1
519,29,919.15,439.19,138.03,281.53,0.6556,-1,-1,-1
519,36,1820.35,393.71,132.21,497.29,0.5247,-1,-1,-1
519,41,1054.22,451.53,95.74,226.08,0.5336,-1,-1,-1
519,23,882.71,428.40,73.59,273.17,0.5925,-1,-1,-1
519,47,4.69,488.87,132.92,251.09,0.6142,-1,-1,-1
519,33,1602.05,380.60,255.91,686.89,0.6568,-1,-1,-1
520,18,1345.11,418.76,235.84,649.80,0.7827,-1,-1,-1
520,30,745.33,430.82,103.12,260.32,0.7279,-1,-1,-1
520,29,927.78,443.93,135.22,276.11,0.6576,-1,-1,-1
520,36,1832.64,395.74,121.20,483.33,0.5434,-1,-1,-1
520,41,1054.48,454.66,95.06,222.74,0.5671,-1,-1,-1
520,23,884.24,433.52,72.49,266.31,0.6392,-1,-1,-1
520,47,0.94,482.98,138.70,260.21,0.5351,-1,-1,-1
520,51,679.75,448.43,44.98,124.35,0.5479,-1,-1,-1
520,33,1586.28,380.57,255.91,689.99,0.5518,-1,-1,-1
521,18,1345.42,416.05,237.34,651.73,0.8273,-1,-1,-1
521,30,750.09,430.90,101.37,259.65,0.7424,-1,-1,-1
521,29,934.10,444.75,134.08,275.06,0.6325,-1,-1,-1
521,41,1052.50,443.54,99.50,234.16,0.6208,-1,-1,-1
521,23,885.05,432.84,73.53,267.37,0.6335,-1,-1,-1
521,51,679.32,450.63,44.34,122.72,0.5131,-1,-1,-1
521,33,1604.63,381.20,263.14,685.77,0.6124,-1,-1,-1
522,18,1349.85,413.28,239.03,653.75,0.8022,-1,-1,-1
522,30,756.85,432.53,97.90,256.11,0.7153,-1,-1,-1
522,29,941.83,442.19,133.50,277.26,0.6701,-1,-1,-1
522,41,1053.54,443.29,99.39,234.51,0.6234,-1,-1,-1
522,23,885.05,432.17,75.12,268.95,0.6422,-1,-1,-1
522,51,677.62,449.29,44.87,124.26,0.5587,-1,-1,-1
522,33,1634.25,378.73,241.55,605.68,0.6272,-1,-1,-1
523,18,1354.79,412.38,240.00,655.10,0.7309,-1,-1,-1
523,30,759.97,432.89,97.11,256.45,0.7168,-1,-1,-1
523,29,944.27,442.33,132.04,278.29,0.6811,-1,-1,-1
523,41,1056.30,452.76,95.91,225.14,0.6440,-1,-1,-1
523,23,885.99,423.15,79.28,279.67,0.6479,-1,-1,-1
523,51,675.65,448.56,45.45,125.84,0.5927,-1,-1,-1
523,33,1617.91,379.47,271.07,663.49,0.6031,-1,-1,-1
523,43,1549.17,411.48,132.38,545.20,0.5178,-1,-1,-1
524,18,1362.00,411.48,239.52,655.43,0.7126,-1,-1,-1
524,30,763.38,431.37,97.05,258.46,0.7391,-1,-1,-1
524,29,952.61,443.09,128.41,276.62,0.6237,-1,-1,-1
524,41,1059.39,455.94,94.45,221.57,0.6078,-1,-1,-1
524,23,886.36,419.73,81.79,283.24,0.6635,-1,-1,-1
524,51,674.74,448.78,45.17,124.91,0.6099,-1,-1,-1
524,33,1613.64,375.80,284.37,683.77,0.7973,-1,-1,-1
525,18,1372.92,411.28,237.92,656.75,0.7219,-1,-1,-1
525,30,764.82,430.45,97.03,259.45,0.7484,-1,-1,-1
525,29,957.68,444.05,124.93,275.70,0.6575,-1,-1,-1
525,41,1062.50,459.64,93.68,218.55,0.6283,-1,-1,-1
525,23,889.72,413.59,84.73,291.03,0.6531,-1,-1,-1
525,51,674.43,451.47,43.95,121.52,0.6313,-1,-1,-1
525,33,1612.50,371.32,293.15,697.13,0.6822,-1,-1,-1
525,43,1552.32,408.82,143.57,581.97,0.5920,-1,-1,-1
526,18,1388.10,410.67,233.60,654.25,0.6749,-1,-1,-1
526,30,767.61,434.28,95.78,255.17,0.7174,-1,-1,-1
526,29,965.66,444.93,120.93,277.11,0.6581,-1,-1,-1
526,41,1066.40,462.00,92.85,215.28,0.6342,-1,-1,-1
526,23,894.81,411.83,85.57,294.28,0.6753,-1,-1,-1
526,51,672.80,451.34,43.99,120.95,0.5834,-1,-1,-1
526,33,1611.42,363.87,299.51,707.32,0.8162,-1,-1,-1
526,43,1555.43,409.12,147.08,587.53,0.5765,-1,-1,-1
527,18,1404.92,413.06,229.76,653.90,0.7507,-1,-1,-1
527,30,774.36,435.77,96.52,253.65,0.6895,-1,-1,-1
527,29,974.56,448.05,115.89,274.61,0.7052,-1,-1,-1
527,41,1071.02,460.13,93.46,215.77,0.6215,-1,-1,-1
527,23,897.80,408.62,86.28,297.58,0.7362,-1,-1,-1
527,51,671.59,454.34,43.20,117.73,0.5882,-1,-1,-1
527,33,1611.32,366.31,301.03,706.05,0.6965,-1,-1,-1
527,43,1564.94,409.16,148.34,589.86,0.6799,-1,-1,-1
528,18,1415.58,412.16,225.00,653.73,0.6916,-1,-1,-1
528,30,784.99,437.07,95.15,250.77,0.5981,-1,-1,-1
528,29,980.78,446.14,114.39,278.26,0.7121,-1,-1,-1
528,41,1073.37,454.75,94.43,220.38,0.6411,-1,-1,-1
528,23,901.33,410.98,85.06,295.52,0.7279,-1,-1,-1
528,51,671.23,456.12,42.53,114.93,0.6127,-1,-1,-1
528,33,1614.95,383.27,296.80,689.58,0.7342,-1,-1,-1
528,43,1575.21,410.42,150.41,590.29,0.7151,-1,-1,-1
529,18,1424.70,412.70,221.30,654.74,0.7813,-1,-1,-1
529,30,792.23,436.22,98.70,251.89,0.6294,-1,-1,-1
529,29,988.86,443.56,112.87,279.08,0.7067,-1,-1,-1
529,41,1076.83,451.74,93.07,222.29,0.5326,-1,-1,-1
529,23,907.10,407.14,84.70,299.21,0.7331,-1,-1,-1
529,51,670.21,454.37,44.01,116.83,0.5692,-1,-1,-1
529,33,1664.28,384.31,258.45,604.62,0.5806,-1,-1,-1
529,43,1583.35,412.08,152.33,591.63,0.7308,-1,-1,-1
530,18,1431.60,413.93,217.53,654.57,0.7930,-1,-1,-1
530,30,797.29,435.24,99.93,251.99,0.6852,-1,-1,-1
530,29,995.26,440.68,111.54,279.23,0.7164,-1,-1,-1
530,41,1081.42,448.87,91.94,225.50,0.5649,-1,-1,-1
530,23,910.92,404.71,84.06,301.72,0.7550,-1,-1,-1
530,51,667.94,454.88,44.24,115.80,0.5688,-1,-1,-1
530,33,1684.52,371.27,246.92,584.92,0.5903,-1,-1,-1
530,43,1586.00,412.20,154.45,595.53,0.6780,-1,-1,-1
531,18,1439.04,413.47,215.10,653.93,0.8098,-1,-1,-1
531,30,794.89,434.47,101.79,252.84,0.7534,-1,-1,-1
531,29,1002.13,442.63,109.58,276.03,0.7753,-1,-1,-1
531,41,1084.15,450.58,90.10,225.41,0.5846,-1,-1,-1
531,23,913.93,403.00,83.51,303.87,0.7637,-1,-1,-1
531,51,666.20,454.72,44.02,114.18,0.5485,-1,-1,-1
531,33,1691.90,366.50,240.45,575.08,0.5021,-1,-1,-1
531,43,1590.18,413.63,155.74,598.57,0.7199,-1,-1,-1
532,18,1447.17,412.50,214.47,654.58,0.7968,-1,-1,-1
532,30,796.00,435.21,103.08,252.26,0.7539,-1,-1,-1
532,29,1007.41,443.48,109.36,275.22,0.8030,-1,-1,-1
532,41,1085.04,451.93,86.96,224.36,0.5167,-1,-1,-1
532,23,918.13,401.86,82.69,303.57,0.7301,-1,-1,-1
532,51,664.49,452.70,44.82,116.64,0.5465,-1,-1,-1
532,33,1655.75,366.05,275.24,662.28,0.7801,-1,-1,-1
532,43,1593.48,410.82,160.00,611.81,0.7540,-1,-1,-1
533,18,1453.56,411.56,214.52,654.86,0.8244,-1,-1,-1
533,30,798.42,435.49,103.76,251.84,0.7409,-1,-1,-1
533,29,1008.69,444.97,109.42,272.99,0.7601,-1,-1,-1
533,41,1088.14,447.25,87.28,230.78,0.5587,-1,-1,-1
533,23,921.09,403.11,82.36,302.04,0.7076,-1,-1,-1
533,51,662.40,452.30,44.80,117.67,0.5588,-1,-1,-1
533,33,1651.17,366.35,284.91,694.37,0.8252,-1,-1,-1
533,43,1601.59,408.19,164.35,622.51,0.7712,-1,-1,-1
534,18,1456.14,411.00,214.72,655.50,0.8335,-1,-1,-1
534,30,804.59,435.99,104.64,251.40,0.7641,-1,-1,-1
534,29,1014.64,448.77,110.42,270.08,0.7155,-1,-1,-1
534,41,1087.62,447.58,85.54,230.42,0.5673,-1,-1,-1
534,23,922.52,406.21,82.54,300.25,0.7235,-1,-1,-1
534,51,660.20,451.11,44.80,118.42,0.6098,-1,-1,-1
534,33,1682.18,368.31,261.50,651.76,0.6663,-1,-1,-1
534,43,1609.25,411.12,166.37,617.72,0.7506,-1,-1,-1
535,18,1456.71,411.91,214.40,654.87,0.8322,-1,-1,-1
535,30,806.10,437.83,105.52,249.46,0.7656,-1,-1,-1
535,29,1016.29,444.93,115.03,276.82,0.6861,-1,-1,-1
535,23,926.37,421.54,80.46,285.50,0.7378,-1,-1,-1
535,51,658.77,450.05,44.89,119.43,0.6462,-1,-1,-1
535,33,1684.00,371.85,267.81,685.42,0.6249,-1,-1,-1
535,43,1614.34,409.78,167.25,615.31,0.7676,-1,-1,-1
536,18,1458.69,413.04,214.61,654.28,0.8186,-1,-1,-1
536,30,807.10,436.98,106.49,249.35,0.7335,-1,-1,-1
536,29,1017.94,448.43,115.97,272.72,0.7138,-1,-1,-1
536,23,925.37,426.82,81.43,280.42,0.7407,-1,-1,-1
536,51,657.79,449.71,44.47,119.03,0.5695,-1,-1,-1
536,33,1697.24,369.07,264.27,701.22,0.8056,-1,-1,-1
536,43,1616.44,408.66,169.67,619.98,0.7377,-1,-1,-1
537,18,1464.54,414.21,215.78,652.41,0.7854,-1,-1,-1
537,30,808.30,436.54,107.46,249.95,0.7348,-1,-1,-1
537,29,1019.07,453.04,116.79,268.01,0.6610,-1,-1,-1
537,23,926.82,433.64,81.47,272.20,0.7106,-1,-1,-1
537,51,657.25,449.73,44.26,119.11,0.6080,-1,-1,-1
537,33,1710.68,369.88,255.80,705.98,0.8078,-1,-1,-1
537,43,1620.55,407.56,172.55,626.26,0.5622,-1,-1,-1
538,18,1466.09,413.80,217.35,653.02,0.7970,-1,-1,-1
538,30,809.24,435.29,108.82,250.99,0.7536,-1,-1,-1
538,29,1019.10,451.03,119.35,270.20,0.7037,-1,-1,-1
538,23,926.96,428.24,85.36,279.20,0.7378,-1,-1,-1
538,51,656.46,450.82,43.87,118.48,0.5810,-1,-1,-1
538,33,1720.59,370.31,246.65,708.10,0.8156,-1,-1,-1
538,43,1626.90,408.71,173.88,623.75,0.6291,-1,-1,-1
539,18,1468.31,413.25,219.16,653.91,0.7980,-1,-1,-1
539,30,810.79,434.36,110.28,253.30,0.7495,-1,-1,-1
539,29,1017.55,443.64,123.65,277.67,0.7102,-1,-1,-1
539,23,927.78,425.21,87.85,282.76,0.7460,-1,-1,-1
539,51,655.54,451.71,43.43,117.79,0.5734,-1,-1,-1
539,33,1731.75,378.91,234.54,700.76,0.7907,-1,-1,-1
539,43,1634.02,408.72,174.89,618.04,0.6961,-1,-1,-1
540,18,1470.99,414.10,220.41,653.99,0.7923,-1,-1,-1
540,30,813.99,433.62,110.11,252.98,0.7279,-1,-1,-1
540,29,1017.00,440.49,126.13,281.50,0.6798,-1,-1,-1
540,23,928.99,424.79,89.96,283.53,0.7698,-1,-1,-1
540,51,653.40,452.93,42.41,116.42,0.6163,-1,-1,-1
540,33,1743.74,404.22,217.42,673.80,0.7930,-1,-1,-1
540,43,1641.07,408.54,174.93,612.23,0.7275,-1,-1,-1
541,18,1475.86,412.49,223.67,658.35,0.7713,-1,-1,-1
541,30,816.03,432.60,110.64,254.10,0.7385,-1,-1,-1
541,29,1020.21,437.46,127.12,285.16,0.6585,-1,-1,-1
541,23,933.69,420.98,94.13,287.37,0.7208,-1,-1,-1
541,51,652.74,453.72,41.83,116.17,0.5564,-1,-1,-1
541,33,1748.75,393.24,212.92,686.46,0.7728,-1,-1,-1
541,43,1647.09,407.22,176.63,613.43,0.7708,-1,-1,-1
542,18,1487.42,411.42,228.25,659.61,0.7628,-1,-1,-1
542,30,819.26,433.74,109.97,253.12,0.7248,-1,-1,-1
542,29,1023.66,434.16,126.87,288.03,0.6439,-1,-1,-1
542,23,934.05,416.00,98.50,293.10,0.7281,-1,-1,-1
542,51,652.98,454.48,41.09,115.28,0.5637,-1,-1,-1
542,33,1756.46,388.36,205.85,692.08,0.7392,-1,-1,-1
542,43,1651.26,405.93,178.56,615.54,0.6296,-1,-1,-1
542,52,712.79,449.49,27.93,95.86,0.5136,-1,-1,-1
542,41,1109.38,453.54,79.04,221.79,0.5022,-1,-1,-1
543,18,1493.59,411.07,230.23,658.24,0.6021,-1,-1,-1
543,30,822.56,432.65,109.35,253.58,0.6637,-1,-1,-1
543,29,1033.00,436.06,123.08,285.09,0.5750,-1,-1,-1
543,23,933.26,421.74,98.41,285.80,0.7433,-1,-1,-1
543,51,653.67,455.42,40.65,114.78,0.5968,-1,-1,-1
543,33,1764.81,388.45,197.35,692.87,0.6776,-1,-1,-1
543,43,1655.50,404.49,179.91,614.62,0.5379,-1,-1,-1
543,52,712.64,449.18,28.07,96.27,0.5185,-1,-1,-1
544,18,1528.11,411.15,240.13,658.10,0.5409,-1,-1,-1
544,30,828.64,433.36,107.29,252.14,0.6829,-1,-1,-1
544,29,1039.42,436.25,120.24,283.85,0.5858,-1,-1,-1
544,23,934.74,431.26,97.87,275.43,0.7076,-1,-1,-1
544,51,653.83,455.21,40.53,114.87,0.6255,-1,-1,-1
544,33,1787.48,385.30,166.89,610.03,0.6721,-1,-1,-1
544,52,712.76,448.65,27.99,95.88,0.5113,-1,-1,-1
545,18,1539.27,410.41,244.25,656.64,0.5707,-1,-1,-1
545,30,837.27,435.21,103.65,247.52,0.6678,-1,-1,-1
545,23,937.41,432.62,100.27,274.38,0.6997,-1,-1,-1
545,51,654.95,453.33,40.97,115.75,0.5942,-1,-1,-1
545,33,1809.71,448.48,136.78,519.11,0.5115,-1,-1,-1
545,52,713.09,448.03,28.36,96.74,0.5503,-1,-1,-1
545,43,1659.27,406.57,182.88,621.04,0.5733,-1,-1,-1
546,18,1529.00,409.87,240.67,656.40,0.5447,-1,-1,-1
546,30,848.46,433.98,100.57,246.71,0.7014,-1,-1,-1
546,23,940.06,433.25,101.57,272.45,0.7098,-1,-1,-1
546,51,654.81,453.24,40.63,115.12,0.5905,-1,-1,-1
546,33,1800.93,472.14,145.54,572.63,0.5891,-1,-1,-1
546,52,713.81,447.99,28.59,97.32,0.5189,-1,-1,-1
546,43,1661.88,406.28,184.75,625.59,0.5453,-1,-1,-1
546,29,1057.60,436.13,115.05,280.86,0.5182,-1,-1,-1
547,18,1530.78,408.33,236.62,655.46,0.6398,-1,-1,-1
547,30,855.16,435.50,96.94,244.46,0.6615,-1,-1,-1
547,23,942.08,429.36,104.25,276.87,0.6844,-1,-1,-1
547,51,654.18,454.30,39.95,113.10,0.6225,-1,-1,-1
547,33,1801.67,490.36,142.15,577.82,0.6469,-1,-1,-1
547,52,713.93,448.26,28.49,96.82,0.5016,-1,-1,-1
547,43,1668.69,410.94,180.59,607.77,0.6545,-1,-1,-1
548,18,1531.48,408.45,233.88,659.92,0.7210,-1,-1,-1
548,30,859.68,435.14,93.91,242.80,0.6323,-1,-1,-1
548,23,943.36,427.76,105.74,277.83,0.6609,-1,-1,-1
548,51,652.93,454.09,39.44,112.39,0.6777,-1,-1,-1
548,33,1802.60,463.38,145.06,614.82,0.5214,-1,-1,-1
548,43,1674.03,411.81,180.28,602.25,0.7370,-1,-1,-1
549,18,1535.52,408.48,229.40,656.54,0.7540,-1,-1,-1
549,30,864.50,436.85,92.12,243.33,0.6219,-1,-1,-1
549,23,946.69,426.02,106.03,278.21,0.6543,-1,-1,-1
549,51,652.29,454.50,38.83,110.56,0.6687,-1,-1,-1
549,43,1680.02,413.25,180.47,600.57,0.7193,-1,-1,-1
549,52,714.99,448.36,28.52,96.73,0.5574,-1,-1,-1
550,18,1538.31,409.11,226.01,655.82,0.7731,-1,-1,-1
550,30,869.25,437.65,91.02,243.65,0.6219,-1,-1,-1
550,23,953.17,419.99,107.27,282.70,0.6229,-1,-1,-1
550,51,652.27,455.03,38.24,109.13,0.6711,-1,-1,-1
550,43,1687.79,408.09,184.00,609.65,0.7342,-1,-1,-1
550,52,716.29,449.98,28.55,95.79,0.5144,-1,-1,-1
551,18,1543.34,409.76,224.61,658.72,0.7703,-1,-1,-1
551,30,871.88,435.77,90.65,246.61,0.6446,-1,-1,-1
551,23,957.75,414.91,107.46,286.25,0.6150,-1,-1,-1
551,51,652.00,455.64,37.90,108.02,0.6459,-1,-1,-1
551,43,1694.34,405.17,185.00,610.28,0.7085,-1,-1,-1
551,52,716.18,449.88,28.87,95.81,0.5347,-1,-1,-1
551,29,1071.95,438.09,116.25,278.90,0.5119,-1,-1,-1
552,18,1549.19,409.89,225.39,665.23,0.8020,-1,-1,-1
552,30,877.04,433.40,90.32,250.04,0.6798,-1,-1,-1
552,23,963.19,416.23,104.02,282.45,0.6092,-1,-1,-1
552,51,651.76,455.52,38.58,109.02,0.6135,-1,-1,-1
552,43,1699.54,404.49,185.22,609.38,0.7359,-1,-1,-1
552,52,716.68,449.74,29.25,96.09,0.5943,-1,-1,-1
552,53,580.39,452.77,33.45,84.51,0.5238,-1,-1,-1
552,29,1080.08,437.03,117.97,282.84,0.5009,-1,-1,-1
553,18,1554.48,409.38,224.79,666.57,0.7906,-1,-1,-1
553,30,882.67,433.11,89.76,249.95,0.7234,-1,-1,-1
553,23,973.29,418.78,99.47,276.83,0.6988,-1,-1,-1
553,51,651.01,455.25,39.23,109.82,0.5778,-1,-1,-1
553,43,1706.24,403.63,187.89,614.52,0.6789,-1,-1,-1
553,52,717.72,449.09,29.68,96.07,0.5777,-1,-1,-1
553,53,580.18,452.62,33.64,84.98,0.5205,-1,-1,-1
554,18,1582.43,409.61,231.17,662.37,0.5402,-1,-1,-1
554,30,886.11,431.91,90.16,251.27,0.7365,-1,-1,-1
554,23,977.84,414.99,100.08,284.70,0.6596,-1,-1,-1
554,52,717.31,448.44,29.85,95.60,0.5863,-1,-1,-1
554,53,579.90,449.51,34.74,87.90,0.5267,-1,-1,-1
554,29,1082.01,435.64,119.46,285.12,0.5785,-1,-1,-1
555,18,1576.94,408.86,233.26,661.93,0.6169,-1,-1,-1
555,30,887.19,431.92,90.14,251.45,0.7327,-1,-1,-1
555,23,983.19,412.05,98.99,287.62,0.6794,-1,-1,-1
555,52,716.04,446.63,30.83,98.05,0.5749,-1,-1,-1
555,53,579.93,447.05,35.62,90.35,0.5427,-1,-1,-1
555,29,1081.93,434.41,120.87,286.67,0.5958,-1,-1,-1
556,18,1578.33,407.20,236.54,660.87,0.5703,-1,-1,-1
556,30,888.13,432.91,89.79,251.15,0.7682,-1,-1,-1
556,23,990.94,411.26,97.56,288.16,0.7244,-1,-1,-1
556,52,715.81,446.29,31.48,99.57,0.5956,-1,-1,-1
556,53,580.15,445.89,35.91,91.38,0.5004,-1,-1,-1
556,29,1087.00,435.59,120.13,285.08,0.7182,-1,-1,-1
556,51,646.20,456.95,38.87,107.51,0.5157,-1,-1,-1
557,18,1572.60,407.24,238.73,661.81,0.6842,-1,-1,-1
557,30,890.92,434.74,89.28,249.47,0.7572,-1,-1,-1
557,23,994.11,420.70,93.54,275.87,0.6697,-1,-1,-1
557,52,715.17,445.98,32.19,101.23,0.6254,-1,-1,-1
557,53,580.06,446.08,35.92,91.65,0.5239,-1,-1,-1
557,29,1089.02,437.20,119.08,283.14,0.7477,-1,-1,-1
557,51,645.11,457.59,38.91,106.80,0.5426,-1,-1,-1
558,18,1581.49,405.29,246.40,667.81,0.8042,-1,-1,-1
558,30,891.83,435.79,88.77,248.28,0.7479,-1,-1,-1
558,23,994.77,430.75,91.64,265.56,0.7064,-1,-1,-1
558,52,714.32,445.35,32.86,102.27,0.6491,-1,-1,-1
558,53,581.89,450.25,34.73,88.94,0.5485,-1,-1,-1
558,29,1091.52,437.30,118.28,281.99,0.8019,-1,-1,-1
558,51,644.24,459.33,38.60,105.25,0.5470,-1,-1,-1
559,18,1583.58,405.32,250.46,665.87,0.8006,-1,-1,-1
559,30,892.36,436.83,88.72,247.31,0.7447,-1,-1,-1
559,23,997.46,430.97,92.88,265.91,0.6417,-1,-1,-1
559,52,714.09,444.93,33.12,102.10,0.6463,-1,-1,-1
559,53,582.85,452.38,33.91,87.15,0.5584,-1,-1,-1
559,29,1093.24,435.01,118.91,283.20,0.8025,-1,-1,-1
559,51,644.53,461.35,37.71,102.15,0.5366,-1,-1,-1
559,54,546.02,443.15,34.98,93.98,0.5180,-1,-1,-1
560,18,1585.78,404.28,257.37,670.46,0.8598,-1,-1,-1
560,30,892.61,435.82,89.10,247.15,0.7593,-1,-1,-1
560,23,1001.76,424.93,95.73,271.70,0.6791,-1,-1,-1
560,52,714.28,444.99,33.30,101.85,0.6332,-1,-1,-1
560,53,583.43,453.57,33.35,86.04,0.5232,-1,-1,-1
560,29,1096.31,435.61,117.91,281.92,0.7140,-1,-1,-1
560,51,643.46,460.89,37.32,101.27,0.5576,-1,-1,-1
560,54,546.83,445.62,34.11,91.75,0.5057,-1,-1,-1
561,18,1580.27,403.12,259.03,669.77,0.7235,-1,-1,-1
561,30,899.91,435.57,88.66,246.59,0.6552,-1,-1,-1
561,23,1006.48,423.61,97.72,273.01,0.6978,-1,-1,-1
561,52,713.92,445.77,33.65,101.70,0.6255,-1,-1,-1
561,29,1099.34,436.85,115.73,278.53,0.6595,-1,-1,-1
561,51,641.71,458.74,37.69,102.98,0.5440,-1,-1,-1
561,54,547.07,442.72,35.01,94.45,0.5230,-1,-1,-1
562,18,1587.75,404.87,263.39,669.57,0.8116,-1,-1,-1
562,30,906.50,435.06,87.85,246.01,0.6979,-1,-1,-1
562,23,1006.92,419.64,100.27,276.65,0.6644,-1,-1,-1
562,52,715.19,448.26,33.04,99.05,0.5754,-1,-1,-1
562,29,1104.45,438.29,115.23,277.65,0.7008,-1,-1,-1
562,51,641.69,458.50,37.36,102.74,0.5041,-1,-1,-1
563,18,1596.96,405.13,269.05,669.80,0.8046,-1,-1,-1
563,30,909.29,434.21,88.23,248.66,0.7010,-1,-1,-1
563,23,1007.56,419.28,102.22,277.08,0.6618,-1,-1,-1
563,52,716.14,448.99,33.31,98.65,0.5300,-1,-1,-1
563,29,1108.76,439.60,113.79,275.06,0.6919,-1,-1,-1
563,51,640.72,457.95,37.09,102.89,0.5257,-1,-1,-1
564,18,1606.28,402.70,274.49,669.45,0.8681,-1,-1,-1
564,30,912.30,431.66,88.16,250.22,0.6331,-1,-1,-1
564,23,1010.48,425.43,101.36,269.90,0.6407,-1,-1,-1
564,52,716.77,448.98,33.43,98.38,0.5201,-1,-1,-1
564,29,1112.05,435.69,114.47,277.34,0.7000,-1,-1,-1
565,18,1605.63,400.43,276.94,668.37,0.7043,-1,-1,-1
565,30,917.04,433.15,85.94,245.86,0.6347,-1,-1,-1
565,23,1010.90,429.69,101.93,265.09,0.6365,-1,-1,-1
565,52,717.45,449.12,33.34,97.42,0.5560,-1,-1,-1
565,29,1115.70,433.23,114.61,279.00,0.6433,-1,-1,-1
565,43,1754.74,391.80,192.63,669.55,0.6218,-1,-1,-1
565,51,640.72,456.42,37.47,104.54,0.5472,-1,-1,-1
566,18,1614.52,399.24,279.95,670.57,0.7352,-1,-1,-1
566,30,926.89,432.06,85.07,242.68,0.5389,-1,-1,-1
566,23,1013.88,435.11,102.48,261.21,0.6645,-1,-1,-1
566,52,718.10,449.50,33.41,97.04,0.5434,-1,-1,-1
566,29,1120.60,433.08,114.55,281.25,0.5412,-1,-1,-1
566,43,1764.55,391.45,181.63,665.77,0.6383,-1,-1,-1
566,51,640.33,454.66,37.96,106.70,0.5223,-1,-1,-1
567,18,1625.87,399.79,279.35,669.21,0.8360,-1,-1,-1
567,30,931.77,430.33,84.90,242.46,0.5113,-1,-1,-1
567,23,1016.93,440.51,103.48,257.11,0.6879,-1,-1,-1
567,52,718.67,449.22,33.78,97.70,0.5409,-1,-1,-1
567,29,1121.78,431.51,114.87,283.40,0.6356,-1,-1,-1
567,43,1774.53,396.33,168.98,646.89,0.6306,-1,-1,-1
568,18,1638.28,400.34,277.12,668.88,0.8227,-1,-1,-1
568,30,938.27,431.51,83.68,241.37,0.5359,-1,-1,-1
568,23,1017.97,432.32,110.33,267.03,0.6905,-1,-1,-1
568,52,719.48,448.58,34.56,99.10,0.5148,-1,-1,-1
568,29,1126.72,430.62,113.86,282.38,0.6102,-1,-1,-1
568,43,1779.30,401.25,163.74,653.58,0.6098,-1,-1,-1
569,18,1640.61,400.55,273.90,671.73,0.8118,-1,-1,-1
569,30,942.19,434.71,81.21,234.27,0.6689,-1,-1,-1
569,23,1019.23,432.83,113.17,267.34,0.7158,-1,-1,-1
569,52,719.52,448.45,35.02,99.82,0.5254,-1,-1,-1
569,29,1130.52,431.33,113.14,281.22,0.5296,-1,-1,-1
569,53,585.86,455.65,33.16,85.89,0.5302,-1,-1,-1
569,51,639.75,455.18,36.88,104.82,0.5251,-1,-1,-1
570,18,1646.43,402.00,269.70,670.26,0.7783,-1,-1,-1
570,30,944.56,434.74,81.34,234.20,0.7109,-1,-1,-1
570,23,1018.75,433.11,115.46,267.35,0.7111,-1,-1,-1
570,52,719.14,447.05,35.97,102.06,0.5572,-1,-1,-1
570,29,1136.80,433.33,113.40,280.15,0.6418,-1,-1,-1
570,53,586.15,455.79,32.93,85.79,0.5241,-1,-1,-1
570,51,638.26,455.17,36.26,104.51,0.5122,-1,-1,-1
571,18,1657.08,401.60,268.56,671.41,0.8660,-1,-1,-1
571,30,946.18,435.07,82.71,239.34,0.6899,-1,-1,-1
571,23,1018.62,428.32,118.22,270.88,0.7014,-1,-1,-1
571,52,719.04,445.96,36.53,102.76,0.6076,-1,-1,-1
571,29,1148.82,432.35,115.62,281.42,0.5983,-1,-1,-1
571,53,586.35,455.87,32.82,85.99,0.5260,-1,-1,-1
572,18,1662.35,401.97,266.47,670.89,0.8702,-1,-1,-1
572,30,947.88,435.73,82.65,239.83,0.6853,-1,-1,-1
572,23,1018.87,430.79,118.19,268.07,0.6873,-1,-1,-1
572,52,718.91,444.88,37.41,104.45,0.6255,-1,-1,-1
572,29,1153.06,433.08,117.71,281.75,0.7602,-1,-1,-1
572,51,636.38,456.50,35.35,102.85,0.5211,-1,-1,-1
573,18,1666.68,402.42,263.75,668.93,0.8860,-1,-1,-1
573,30,948.25,434.82,84.51,242.44,0.6388,-1,-1,-1
573,23,1020.13,430.51,117.89,265.99,0.6439,-1,-1,-1
573,52,719.35,445.13,37.78,104.79,0.5686,-1,-1,-1
573,29,1159.10,435.87,118.75,279.22,0.7012,-1,-1,-1
573,51,634.93,456.66,34.72,102.61,0.5580,-1,-1,-1
574,18,1667.42,399.71,263.75,673.95,0.9004,-1,-1,-1
574,30,958.14,434.87,88.29,247.66,0.6141,-1,-1,-1
574,23,1027.56,432.49,115.80,263.57,0.5430,-1,-1,-1
574,52,719.24,445.04,38.21,105.22,0.5536,-1,-1,-1
574,29,1161.16,437.46,120.52,278.02,0.7346,-1,-1,-1
574,51,634.49,457.02,33.97,101.67,0.5468,-1,-1,-1
575,18,1668.07,398.23,262.78,676.20,0.9046,-1,-1,-1
575,30,963.09,434.54,90.35,248.29,0.5751,-1,-1,-1
575,23,1030.88,427.75,116.27,268.53,0.5015,-1,-1,-1
575,52,719.11,445.33,38.28,104.78,0.5796,-1,-1,-1
575,29,1163.45,438.79,121.74,276.85,0.7003,-1,-1,-1
575,51,633.89,456.27,33.80,102.27,0.5661,-1,-1,-1
576,18,1668.22,397.40,261.54,677.13,0.8990,-1,-1,-1
576,30,965.84,434.18,92.51,248.31,0.6239,-1,-1,-1
576,23,1033.83,426.91,114.78,269.16,0.6160,-1,-1,-1
576,52,719.75,445.94,38.31,104.70,0.6061,-1,-1,-1
576,29,1165.02,438.11,123.34,277.49,0.7313,-1,-1,-1
576,51,633.77,456.08,33.76,102.08,0.5207,-1,-1,-1
577,18,1668.50,398.40,259.99,676.69,0.9090,-1,-1,-1
577,30,966.92,434.05,93.95,247.22,0.6654,-1,-1,-1
577,23,1037.98,424.46,113.01,270.69,0.6266,-1,-1,-1
577,52,720.08,446.88,38.21,104.32,0.5852,-1,-1,-1
577,29,1164.30,436.89,125.13,278.65,0.7444,-1,-1,-1
577,51,632.76,453.55,34.64,105.30,0.5256,-1,-1,-1
578,18,1668.23,399.09,258.84,676.62,0.9062,-1,-1,-1
578,30,965.21,438.61,91.25,237.50,0.7225,-1,-1,-1
578,23,1041.50,426.67,109.32,266.90,0.6184,-1,-1,-1
578,52,720.21,445.87,38.23,104.21,0.6297,-1,-1,-1
578,29,1163.12,434.51,126.35,280.38,0.7290,-1,-1,-1
578,51,632.00,450.08,35.36,108.39,0.6221,-1,-1,-1
579,18,1668.41,400.36,257.64,676.06,0.8991,-1,-1,-1
579,30,964.58,439.45,91.12,234.40,0.7530,-1,-1,-1
579,23,1045.92,431.64,105.68,262.87,0.6589,-1,-1,-1
579,52,720.61,446.78,38.25,104.20,0.5932,-1,-1,-1
579,29,1162.92,434.91,126.34,279.18,0.6914,-1,-1,-1
579,51,631.21,448.45,35.59,110.06,0.5782,-1,-1,-1
580,18,1668.78,401.92,256.34,674.99,0.9084,-1,-1,-1
580,30,964.13,437.46,92.86,236.75,0.7574,-1,-1,-1
580,23,1047.53,436.83,102.50,257.77,0.6679,-1,-1,-1
580,52,720.76,446.95,38.41,104.75,0.5719,-1,-1,-1
580,29,1162.94,440.13,125.48,275.06,0.7501,-1,-1,-1
580,51,631.11,449.33,35.49,109.18,0.5583,-1,-1,-1
581,18,1669.08,402.45,255.46,674.83,0.9082,-1,-1,-1
581,30,963.91,435.66,94.05,237.52,0.7612,-1,-1,-1
581,23,1051.49,438.78,101.27,256.18,0.6864,-1,-1,-1
581,52,721.08,447.18,38.25,104.24,0.5028,-1,-1,-1
581,29,1163.72,440.45,126.71,275.94,0.6988,-1,-1,-1
581,51,631.58,452.65,34.64,105.61,0.5508,-1,-1,-1
582,18,1669.25,402.11,255.06,676.05,0.9087,-1,-1,-1
582,30,964.89,435.76,95.62,236.84,0.7487,-1,-1,-1
582,23,1058.43,438.16,101.16,260.55,0.6228,-1,-1,-1
582,29,1176.76,439.65,124.67,275.47,0.6911,-1,-1,-1
582,51,631.35,453.02,34.40,105.11,0.5112,-1,-1,-1
583,18,1669.67,399.49,255.10,679.01,0.9097,-1,-1,-1
583,30,968.62,436.05,96.36,235.82,0.7284,-1,-1,-1
583,23,1066.07,434.54,99.77,263.60,0.6306,-1,-1,-1
583,29,1185.23,439.77,122.18,274.30,0.7224,-1,-1,-1
583,52,721.58,446.28,38.23,103.86,0.5281,-1,-1,-1
584,18,1670.56,395.75,254.95,681.99,0.9116,-1,-1,-1
584,30,971.11,436.77,97.31,235.95,0.7421,-1,-1,-1
584,23,1073.13,435.50,96.80,261.68,0.6622,-1,-1,-1
584,29,1192.13,440.64,118.93,271.90,0.7219,-1,-1,-1
584,52,721.88,447.10,38.27,104.21,0.5301,-1,-1,-1
585,18,1671.86,394.60,253.97,682.79,0.8981,-1,-1,-1
585,30,973.11,436.58,97.85,235.62,0.7611,-1,-1,-1
585,23,1078.39,438.94,93.35,257.20,0.6347,-1,-1,-1
585,29,1197.09,441.11,115.57,267.38,0.7487,-1,-1,-1
585,52,722.66,447.14,37.96,103.44,0.5278,-1,-1,-1
586,18,1674.38,393.24,252.54,683.07,0.8962,-1,-1,-1
586,30,977.85,440.52,97.00,233.23,0.7689,-1,-1,-1
586,23,1079.79,436.64,92.44,260.45,0.6900,-1,-1,-1
586,29,1204.25,438.23,116.01,272.16,0.7543,-1,-1,-1
586,52,723.35,445.30,38.01,103.66,0.5444,-1,-1,-1
587,18,1676.73,390.09,251.57,685.51,0.8696,-1,-1,-1
587,30,982.08,443.48,94.89,227.96,0.7384,-1,-1,-1
587,23,1080.96,429.97,92.86,267.35,0.7207,-1,-1,-1
587,29,1208.07,434.54,115.98,276.21,0.6133,-1,-1,-1
587,52,723.81,444.43,38.26,104.65,0.5521,-1,-1,-1
588,18,1681.31,387.65,249.77,687.83,0.8556,-1,-1,-1
588,30,986.90,445.50,92.80,223.85,0.7007,-1,-1,-1
588,23,1084.28,423.57,93.57,273.47,0.7357,-1,-1,-1
588,29,1208.94,434.53,115.45,277.67,0.7923,-1,-1,-1
588,52,724.44,442.97,38.32,106.29,0.5565,-1,-1,-1
588,51,626.34,453.42,34.25,104.04,0.5081,-1,-1,-1
589,18,1687.69,390.28,245.27,683.63,0.7506,-1,-1,-1
589,30,992.64,446.12,91.47,222.89,0.7049,-1,-1,-1
589,23,1089.11,420.57,94.17,276.31,0.7102,-1,-1,-1
589,29,1211.66,434.62,113.47,275.91,0.7782,-1,-1,-1
589,52,724.28,443.30,38.20,106.22,0.5503,-1,-1,-1
589,51,625.35,452.11,34.81,105.54,0.5817,-1,-1,-1
590,18,1698.26,410.24,235.16,663.64,0.7422,-1,-1,-1
590,30,999.97,446.99,89.56,221.40,0.7378,-1,-1,-1
590,23,1090.78,426.68,92.02,270.52,0.6569,-1,-1,-1
590,29,1214.61,433.88,112.76,277.03,0.7844,-1,-1,-1
590,52,724.93,442.79,38.03,106.77,0.5678,-1,-1,-1
590,51,624.38,450.99,35.04,106.37,0.5152,-1,-1,-1
591,18,1718.16,461.56,214.46,612.84,0.5609,-1,-1,-1
591,30,1005.57,444.75,88.97,222.69,0.7133,-1,-1,-1
591,23,1090.48,418.71,94.44,278.04,0.6515,-1,-1,-1
591,29,1219.04,434.37,111.96,276.75,0.7447,-1,-1,-1
591,52,725.41,442.60,37.65,107.12,0.5753,-1,-1,-1
591,51,623.42,449.70,35.26,107.89,0.5367,-1,-1,-1
592,18,1736.27,490.23,199.94,582.66,0.6787,-1,-1,-1
592,30,1008.06,443.92,87.72,222.10,0.7368,-1,-1,-1
592,23,1094.56,416.84,96.18,279.76,0.6756,-1,-1,-1
592,29,1225.26,436.85,111.04,274.44,0.7289,-1,-1,-1
592,52,725.81,443.16,37.05,106.98,0.5668,-1,-1,-1
592,51,623.51,449.06,35.48,108.90,0.5156,-1,-1,-1
592,55,663.04,452.16,32.48,107.58,0.5616,-1,-1,-1
593,30,1010.04,439.84,88.48,226.27,0.6586,-1,-1,-1
593,23,1094.07,413.46,97.51,282.97,0.6912,-1,-1,-1
593,29,1230.93,439.26,110.84,273.68,0.7524,-1,-1,-1
593,52,726.32,443.43,36.80,107.38,0.5411,-1,-1,-1
593,55,662.39,451.90,32.55,107.72,0.5482,-1,-1,-1
594,30,1014.96,436.71,88.24,229.01,0.6276,-1,-1,-1
594,23,1093.84,412.60,98.59,285.32,0.7000,-1,-1,-1
594,29,1235.78,441.88,110.15,270.84,0.7830,-1,-1,-1
594,52,726.53,444.62,36.67,106.72,0.5131,-1,-1,-1
594,55,661.53,451.54,32.92,108.69,0.5311,-1,-1,-1
594,51,623.28,448.68,35.31,107.90,0.5039,-1,-1,-1
595,30,1017.68,436.24,87.04,228.83,0.6711,-1,-1,-1
595,23,1095.78,413.70,98.14,283.21,0.7179,-1,-1,-1
595,29,1240.03,439.21,111.14,273.30,0.8186,-1,-1,-1
595,52,727.15,444.12,36.23,106.68,0.5406,-1,-1,-1
595,51,623.41,449.25,35.20,106.69,0.5529,-1,-1,-1
596,30,1020.81,440.14,84.79,224.73,0.7104,-1,-1,-1
596,23,1097.49,418.96,97.03,278.95,0.7370,-1,-1,-1
596,29,1243.03,437.46,112.04,275.36,0.8099,-1,-1,-1
596,52,727.03,445.17,35.99,105.54,0.5618,-1,-1,-1
596,51,624.10,450.19,34.84,104.75,0.5696,-1,-1,-1
597,30,1022.80,441.79,83.79,223.90,0.7388,-1,-1,-1
597,23,1098.66,422.10,96.14,275.95,0.7587,-1,-1,-1
597,29,1245.03,437.65,112.27,275.71,0.8036,-1,-1,-1
597,52,726.78,445.12,36.49,106.46,0.6071,-1,-1,-1
597,51,624.28,451.79,34.35,103.11,0.5131,-1,-1,-1
597,56,1193.36,457.23,71.57,225.00,0.5307,-1,-1,-1
598,30,1024.39,441.74,83.71,224.44,0.7390,-1,-1,-1
598,23,1100.81,427.41,94.58,270.26,0.7210,-1,-1,-1
598,29,1247.71,437.70,112.02,275.59,0.8137,-1,-1,-1
598,52,726.68,445.42,37.00,107.39,0.5877,-1,-1,-1
598,56,1194.05,451.44,73.57,231.19,0.5214,-1,-1,-1
599,30,1028.04,442.25,84.22,224.70,0.7388,-1,-1,-1
599,23,1103.61,430.58,93.36,265.61,0.6999,-1,-1,-1
599,29,1250.51,437.27,111.52,275.82,0.7813,-1,-1,-1
599,52,726.95,445.91,36.76,106.52,0.5701,-1,-1,-1
599,56,1191.73,441.27,76.87,241.37,0.5721,-1,-1,-1
600,30,1030.34,441.88,84.49,223.95,0.7547,-1,-1,-1
600,23,1107.52,431.07,92.64,263.56,0.7021,-1,-1,-1
600,29,1253.42,437.21,110.77,275.83,0.8175,-1,-1,-1
600,52,726.51,444.68,37.22,108.08,0.5857,-1,-1,-1
600,56,1196.84,445.42,73.10,229.71,0.6017,-1,-1,-1
600,51,624.62,454.67,33.67,101.31,0.5053,-1,-1,-1
