1,1,118.00,157.54,79.99,171.14,0.8484,-1,-1,-1
1,2,16.01,148.76,74.71,190.85,0.8159,-1,-1,-1
2,1,118.40,155.04,81.52,174.37,0.8474,-1,-1,-1
2,2,16.78,145.53,76.07,194.44,0.8564,-1,-1,-1
3,1,116.82,153.84,82.21,177.00,0.7125,-1,-1,-1
3,2,18.76,138.31,79.12,202.68,0.8289,-1,-1,-1
4,1,125.77,154.02,83.13,179.11,0.8467,-1,-1,-1
4,2,23.56,141.75,78.31,201.12,0.8197,-1,-1,-1
5,1,134.17,156.33,83.75,180.29,0.8143,-1,-1,-1
5,2,29.99,139.99,80.23,206.94,0.8698,-1,-1,-1
6,1,140.62,155.31,85.43,183.78,0.8338,-1,-1,-1
6,2,33.03,140.40,81.05,209.23,0.8531,-1,-1,-1
6,4,223.00,197.95,20.70,66.94,0.6154,-1,-1,-1
6,5,268.54,198.17,23.83,66.29,0.5848,-1,-1,-1
7,1,144.79,153.06,86.98,187.04,0.8595,-1,-1,-1
7,2,36.67,140.15,81.18,210.28,0.8357,-1,-1,-1
7,4,227.15,198.34,20.53,66.09,0.6563,-1,-1,-1
7,5,274.39,199.07,22.95,63.65,0.6744,-1,-1,-1
8,1,151.32,152.68,88.49,190.28,0.8705,-1,-1,-1
8,2,40.27,139.95,82.10,213.32,0.8246,-1,-1,-1
8,4,235.04,199.88,20.48,65.54,0.6827,-1,-1,-1
8,5,281.14,200.48,23.45,64.78,0.5862,-1,-1,-1
9,1,155.79,151.84,89.62,193.06,0.8672,-1,-1,-1
9,2,44.94,139.97,82.12,214.12,0.8304,-1,-1,-1
9,4,242.34,202.97,19.95,63.19,0.5636,-1,-1,-1
9,5,288.02,199.93,23.83,65.70,0.7195,-1,-1,-1
9,7,269.53,198.77,20.84,66.24,0.6477,-1,-1,-1
10,1,162.12,148.92,91.32,197.37,0.8699,-1,-1,-1
10,2,48.73,136.35,84.36,219.70,0.8570,-1,-1,-1
10,4,251.10,198.76,21.35,67.09,0.6476,-1,-1,-1
10,5,295.93,201.20,23.67,64.99,0.6351,-1,-1,-1
11,1,168.39,147.51,92.57,200.78,0.8611,-1,-1,-1
11,2,53.92,135.44,85.27,222.05,0.8677,-1,-1,-1
11,5,304.27,201.28,23.44,64.67,0.6469,-1,-1,-1
11,8,144.52,195.72,24.24,69.86,0.5637,-1,-1,-1
12,1,178.39,147.40,94.25,204.83,0.8704,-1,-1,-1
12,2,60.54,131.65,88.12,230.75,0.8809,-1,-1,-1
12,5,314.45,204.53,22.90,63.20,0.5016,-1,-1,-1
12,8,153.83,197.76,24.08,69.06,0.5749,-1,-1,-1
12,7,270.79,199.51,21.68,68.52,0.6251,-1,-1,-1
13,1,183.68,147.09,96.18,208.83,0.8587,-1,-1,-1
13,2,66.74,138.56,86.58,226.46,0.8563,-1,-1,-1
13,8,160.97,196.98,24.78,70.60,0.5691,-1,-1,-1
13,7,275.21,200.10,21.77,68.48,0.5106,-1,-1,-1
14,1,194.15,145.51,97.28,211.99,0.8290,-1,-1,-1
14,2,76.11,131.23,89.30,235.87,0.8715,-1,-1,-1
14,8,171.27,196.26,25.17,71.22,0.5988,-1,-1,-1
15,1,205.44,145.08,98.69,215.80,0.8599,-1,-1,-1
15,2,83.38,135.79,88.67,234.53,0.8602,-1,-1,-1
15,8,182.52,197.49,25.24,70.96,0.6604,-1,-1,-1
15,5,326.72,201.10,24.21,67.07,0.5191,-1,-1,-1
16,1,212.16,144.45,99.36,217.00,0.8458,-1,-1,-1
16,2,82.72,127.49,92.39,243.50,0.8776,-1,-1,-1
16,8,188.56,194.64,25.71,71.60,0.6426,-1,-1,-1
16,12,350.99,200.60,27.92,67.09,0.5434,-1,-1,-1
16,13,300.80,199.04,22.47,66.82,0.6868,-1,-1,-1
16,5,330.97,196.93,25.16,70.02,0.5508,-1,-1,-1
17,1,216.99,141.07,102.29,222.22,0.7738,-1,-1,-1
17,2,85.53,124.80,93.77,247.42,0.8982,-1,-1,-1
17,8,192.24,193.33,25.94,71.76,0.6422,-1,-1,-1
17,13,305.35,196.55,23.27,69.16,0.5980,-1,-1,-1
18,1,219.96,138.45,105.69,228.58,0.8572,-1,-1,-1
18,2,86.08,124.11,95.63,252.01,0.9013,-1,-1,-1
18,8,196.16,194.31,25.63,70.51,0.5464,-1,-1,-1
18,13,310.21,195.16,23.83,71.00,0.7058,-1,-1,-1
19,1,221.67,134.34,108.56,233.97,0.8666,-1,-1,-1
19,2,84.47,120.05,97.50,256.85,0.9064,-1,-1,-1
19,8,197.82,193.18,25.78,70.25,0.5145,-1,-1,-1
19,13,312.27,192.83,24.03,71.43,0.6221,-1,-1,-1
20,1,219.53,129.98,111.49,239.87,0.8877,-1,-1,-1
20,2,80.13,114.88,99.94,263.65,0.9029,-1,-1,-1
20,8,196.58,189.08,26.60,72.07,0.5803,-1,-1,-1
21,1,218.12,127.03,114.65,246.36,0.8791,-1,-1,-1
21,2,75.79,109.15,103.10,272.48,0.8988,-1,-1,-1
21,8,195.45,186.87,27.27,73.81,0.6602,-1,-1,-1
21,15,41.25,186.40,28.10,69.58,0.5713,-1,-1,-1
22,1,217.28,123.56,117.53,252.58,0.8829,-1,-1,-1
22,2,71.43,104.63,105.73,279.57,0.8850,-1,-1,-1
23,1,216.38,122.76,120.56,259.73,0.8812,-1,-1,-1
23,2,68.99,103.72,108.66,287.99,0.8965,-1,-1,-1
23,8,199.14,189.33,27.03,73.46,0.5789,-1,-1,-1
24,1,218.50,121.19,122.26,265.10,0.7988,-1,-1,-1
24,2,67.03,103.19,111.06,294.18,0.8602,-1,-1,-1
25,1,223.28,120.22,124.59,273.79,0.8810,-1,-1,-1
25,2,63.95,102.29,114.34,302.50,0.8911,-1,-1,-1
26,1,224.29,117.02,126.06,280.75,0.8712,-1,-1,-1
26,2,60.52,100.30,116.99,309.02,0.8826,-1,-1,-1
27,1,228.20,113.75,127.40,287.72,0.8809,-1,-1,-1
27,2,57.70,96.53,119.63,315.49,0.8972,-1,-1,-1
28,1,231.82,111.33,128.36,294.25,0.8851,-1,-1,-1
28,2,55.64,94.27,122.38,322.53,0.9022,-1,-1,-1
29,1,231.26,106.57,131.03,302.05,0.8659,-1,-1,-1
29,2,52.52,88.07,127.13,335.23,0.8817,-1,-1,-1
30,1,231.44,103.58,133.24,309.39,0.8839,-1,-1,-1
30,2,49.62,84.42,130.66,344.27,0.8888,-1,-1,-1
31,1,236.58,99.33,135.70,319.26,0.8790,-1,-1,-1
31,2,46.17,80.72,134.41,352.69,0.8946,-1,-1,-1
32,1,243.14,96.63,138.25,329.98,0.8769,-1,-1,-1
32,2,45.07,77.76,138.34,362.84,0.8790,-1,-1,-1
33,1,250.52,91.27,140.33,338.20,0.8614,-1,-1,-1
33,2,48.75,71.94,141.63,372.89,0.8887,-1,-1,-1
33,5,418.37,189.01,26.91,75.10,0.6739,-1,-1,-1
33,13,361.60,186.70,25.56,75.22,0.6280,-1,-1,-1
34,1,260.10,88.78,143.58,349.57,0.8579,-1,-1,-1
34,2,54.76,69.99,144.28,380.95,0.8851,-1,-1,-1
34,5,424.84,187.84,27.70,77.92,0.6605,-1,-1,-1
34,13,368.29,186.76,26.48,76.45,0.6828,-1,-1,-1
35,1,267.42,87.53,147.57,359.43,0.8551,-1,-1,-1
35,2,60.01,69.38,146.15,387.57,0.9042,-1,-1,-1
35,5,433.41,189.44,27.93,78.31,0.6581,-1,-1,-1
35,13,375.90,188.53,26.81,76.88,0.7054,-1,-1,-1
35,19,3.05,118.51,29.58,103.68,0.6117,-1,-1,-1
36,1,273.95,82.25,152.57,369.00,0.8937,-1,-1,-1
36,2,66.41,63.73,149.79,398.50,0.8947,-1,-1,-1
36,5,444.82,189.55,27.97,78.22,0.6636,-1,-1,-1
36,13,385.35,189.01,26.76,76.33,0.5824,-1,-1,-1
37,1,277.04,78.54,157.34,377.98,0.8908,-1,-1,-1
37,2,69.33,61.03,152.14,405.80,0.9014,-1,-1,-1
37,5,451.53,189.96,27.92,78.55,0.6192,-1,-1,-1
37,13,391.53,189.25,26.95,76.30,0.6547,-1,-1,-1
38,1,283.75,76.18,162.77,387.65,0.8878,-1,-1,-1
38,2,69.81,58.58,155.42,415.23,0.8759,-1,-1,-1
38,5,457.25,189.70,28.55,80.22,0.7279,-1,-1,-1
38,4,430.87,189.84,25.52,78.61,0.5459,-1,-1,-1
39,1,288.94,71.39,167.86,397.22,0.8902,-1,-1,-1
39,2,69.67,54.25,158.65,424.09,0.8789,-1,-1,-1
39,5,462.39,188.12,29.51,81.58,0.6727,-1,-1,-1
39,4,435.78,187.81,25.60,78.36,0.5778,-1,-1,-1
39,13,403.78,194.41,25.46,71.42,0.5582,-1,-1,-1
40,1,291.81,66.73,174.52,410.16,0.8876,-1,-1,-1
40,2,69.41,52.20,160.71,428.93,0.8847,-1,-1,-1
40,5,466.57,188.20,30.15,82.98,0.7032,-1,-1,-1
40,4,440.26,186.43,26.73,81.24,0.5362,-1,-1,-1
40,22,183.61,63.10,58.53,199.53,0.6957,-1,-1,-1
41,1,295.90,63.23,178.94,417.38,0.8832,-1,-1,-1
41,2,67.50,48.88,162.74,433.16,0.8903,-1,-1,-1
41,5,473.42,188.62,23.63,59.51,0.6164,-1,-1,-1
41,4,442.42,187.61,26.54,80.32,0.5486,-1,-1,-1
41,22,182.95,63.09,58.34,198.91,0.7385,-1,-1,-1
42,1,294.05,57.50,183.69,424.56,0.8999,-1,-1,-1
42,2,58.71,43.16,165.83,439.08,0.8915,-1,-1,-1
42,5,474.60,187.73,19.50,43.43,0.5377,-1,-1,-1
42,22,178.24,57.12,60.66,206.93,0.6336,-1,-1,-1
43,1,293.26,53.52,187.64,428.93,0.9045,-1,-1,-1
43,2,52.78,37.35,168.60,444.75,0.8963,-1,-1,-1
43,22,174.77,51.92,60.79,207.63,0.6478,-1,-1,-1
44,1,292.47,50.30,191.22,432.13,0.9040,-1,-1,-1
44,2,48.41,31.82,171.28,449.80,0.8976,-1,-1,-1
44,22,173.20,48.56,61.86,211.67,0.6433,-1,-1,-1
45,1,294.26,46.74,194.69,435.13,0.8964,-1,-1,-1
45,2,45.68,27.83,173.11,452.76,0.8951,-1,-1,-1
45,22,174.05,46.89,62.82,215.20,0.6476,-1,-1,-1
46,1,292.46,42.97,199.19,438.94,0.9094,-1,-1,-1
46,2,41.25,21.29,176.59,459.48,0.8836,-1,-1,-1
46,22,173.47,44.86,63.66,218.25,0.6942,-1,-1,-1
47,1,294.12,38.52,203.27,443.27,0.9064,-1,-1,-1
47,2,37.42,15.80,179.42,464.71,0.8725,-1,-1,-1
47,22,172.85,41.51,63.56,218.25,0.6582,-1,-1,-1
48,1,296.93,31.46,207.79,449.69,0.8999,-1,-1,-1
48,2,35.18,11.78,182.35,469.16,0.8636,-1,-1,-1
48,22,174.71,38.50,64.71,222.43,0.6428,-1,-1,-1
49,1,297.31,28.55,211.32,452.74,0.8895,-1,-1,-1
49,2,34.59,9.10,184.47,469.82,0.8603,-1,-1,-1
49,22,175.42,36.30,65.82,226.25,0.6405,-1,-1,-1
50,1,296.12,23.51,215.31,457.11,0.8995,-1,-1,-1
50,2,29.65,3.75,188.44,475.51,0.8585,-1,-1,-1
50,22,173.58,34.26,68.04,234.42,0.6500,-1,-1,-1
50,19,-1.57,90.41,32.98,117.43,0.5213,-1,-1,-1
51,1,296.09,19.65,219.21,460.83,0.9086,-1,-1,-1
51,2,27.96,0.92,190.26,476.98,0.8588,-1,-1,-1
51,22,174.23,32.84,69.27,238.16,0.7362,-1,-1,-1
52,1,298.44,16.03,222.41,463.95,0.9019,-1,-1,-1
52,2,24.05,-0.61,192.41,478.92,0.8464,-1,-1,-1
52,22,173.80,30.16,70.11,240.66,0.5960,-1,-1,-1
53,1,299.54,13.59,226.05,466.32,0.9044,-1,-1,-1
53,2,21.58,-1.25,194.96,480.76,0.8605,-1,-1,-1
53,22,173.54,28.08,70.32,241.24,0.6318,-1,-1,-1
54,1,300.77,11.64,229.47,468.80,0.9116,-1,-1,-1
54,2,20.88,-0.86,196.01,479.13,0.8424,-1,-1,-1
54,22,173.52,27.56,70.68,242.14,0.5766,-1,-1,-1
55,1,304.75,8.16,233.05,470.80,0.8858,-1,-1,-1
55,2,19.33,-0.56,198.05,479.79,0.8571,-1,-1,-1
55,22,174.67,25.85,71.35,244.32,0.5491,-1,-1,-1
56,1,304.09,5.49,237.05,473.36,0.8457,-1,-1,-1
56,2,19.48,-0.89,199.86,479.96,0.8620,-1,-1,-1
56,22,175.42,24.39,72.08,247.02,0.5890,-1,-1,-1
57,1,309.39,2.57,241.10,476.98,0.9115,-1,-1,-1
57,2,17.60,-0.30,201.20,478.12,0.8578,-1,-1,-1
57,22,172.84,22.78,79.53,275.78,0.6122,-1,-1,-1
57,19,-4.18,83.38,43.98,162.98,0.5690,-1,-1,-1
58,1,312.02,1.44,244.19,478.71,0.8997,-1,-1,-1
58,2,16.30,-0.00,202.81,477.57,0.8594,-1,-1,-1
59,1,315.51,0.40,247.47,479.53,0.9035,-1,-1,-1
59,2,15.07,0.23,204.67,477.29,0.8447,-1,-1,-1
59,22,169.43,20.90,90.49,320.47,0.7051,-1,-1,-1
60,1,318.34,-0.81,250.69,479.34,0.9006,-1,-1,-1
60,2,14.08,-0.03,206.79,477.73,0.8185,-1,-1,-1
60,22,163.15,19.97,103.28,377.16,0.5711,-1,-1,-1
61,1,321.87,-1.23,254.41,480.30,0.8971,-1,-1,-1
61,2,11.49,0.43,208.30,476.76,0.8556,-1,-1,-1
61,22,162.29,19.17,105.35,395.78,0.6077,-1,-1,-1
62,1,326.53,-1.22,256.14,477.26,0.8307,-1,-1,-1
62,2,9.64,0.56,209.88,476.59,0.8611,-1,-1,-1
62,22,163.51,17.66,106.31,410.89,0.7277,-1,-1,-1
63,1,327.04,-1.09,260.22,479.79,0.8857,-1,-1,-1
63,2,8.06,0.86,211.37,476.47,0.7896,-1,-1,-1
63,22,164.32,16.15,105.81,419.36,0.7196,-1,-1,-1
64,1,329.32,-1.06,263.24,480.75,0.8757,-1,-1,-1
64,2,7.96,1.45,213.05,476.68,0.8099,-1,-1,-1
64,22,165.88,15.67,103.42,417.86,0.5741,-1,-1,-1
65,1,329.53,-0.97,265.81,481.02,0.8766,-1,-1,-1
65,2,9.76,1.25,214.88,475.66,0.7657,-1,-1,-1
65,22,172.75,14.90,92.74,375.90,0.5247,-1,-1,-1
65,24,501.46,192.74,26.44,76.66,0.6443,-1,-1,-1
66,1,327.40,-0.71,268.44,480.88,0.8839,-1,-1,-1
66,2,8.32,1.15,215.80,474.08,0.8418,-1,-1,-1
66,22,177.12,13.78,85.86,346.26,0.6341,-1,-1,-1
66,24,502.08,192.20,26.47,76.76,0.6824,-1,-1,-1
67,1,326.40,-0.71,271.46,480.78,0.8852,-1,-1,-1
67,2,5.62,1.04,217.58,476.08,0.8087,-1,-1,-1
67,22,173.48,12.34,95.62,392.77,0.7479,-1,-1,-1
67,24,502.66,192.48,26.33,76.49,0.6490,-1,-1,-1
67,19,-26.33,76.01,85.43,371.13,0.5338,-1,-1,-1
68,1,327.66,-0.32,273.58,480.47,0.8942,-1,-1,-1
68,2,4.17,2.17,218.08,475.38,0.7487,-1,-1,-1
68,22,171.41,11.57,100.38,420.07,0.6779,-1,-1,-1
68,24,504.01,192.69,26.30,76.76,0.6037,-1,-1,-1
69,1,327.58,-0.03,275.28,480.20,0.8915,-1,-1,-1
69,2,3.36,2.56,218.86,475.59,0.7380,-1,-1,-1
69,22,171.24,10.51,101.49,431.97,0.6036,-1,-1,-1
69,24,504.26,193.31,25.80,75.79,0.6365,-1,-1,-1
70,1,326.77,0.03,276.93,480.12,0.8924,-1,-1,-1
70,2,1.79,1.63,220.13,477.74,0.8235,-1,-1,-1
70,22,174.45,9.65,99.47,429.95,0.8348,-1,-1,-1
70,24,504.89,193.18,25.67,75.88,0.6172,-1,-1,-1
70,25,294.54,176.77,28.29,85.37,0.5253,-1,-1,-1
71,1,325.38,-0.26,278.45,480.40,0.8761,-1,-1,-1
71,2,0.99,1.33,220.69,478.57,0.8286,-1,-1,-1
71,22,176.75,8.64,98.03,429.47,0.8365,-1,-1,-1
71,24,505.32,193.29,25.22,75.02,0.5617,-1,-1,-1
71,25,293.47,176.70,28.11,84.80,0.5884,-1,-1,-1
72,1,324.24,-0.02,279.87,480.15,0.8827,-1,-1,-1
72,2,0.78,1.16,221.08,478.93,0.8600,-1,-1,-1
72,22,178.48,8.01,96.86,429.49,0.8375,-1,-1,-1
72,24,505.48,192.97,25.31,75.85,0.5834,-1,-1,-1
72,25,292.27,176.72,28.29,85.03,0.6204,-1,-1,-1
73,1,322.57,0.05,281.53,480.06,0.8920,-1,-1,-1
73,2,0.72,1.17,221.31,478.98,0.8543,-1,-1,-1
73,22,180.56,9.60,95.61,427.25,0.8394,-1,-1,-1
73,24,504.77,192.40,25.62,77.39,0.5062,-1,-1,-1
73,25,291.48,177.11,27.77,83.07,0.6042,-1,-1,-1
73,26,586.26,196.24,23.14,51.79,0.5500,-1,-1,-1
74,1,320.29,-0.15,282.93,480.25,0.8500,-1,-1,-1
74,2,0.93,1.18,221.24,478.27,0.8477,-1,-1,-1
74,22,182.07,9.26,94.91,426.63,0.8486,-1,-1,-1
74,24,504.40,193.00,25.08,76.29,0.5653,-1,-1,-1
74,25,291.31,177.10,27.64,82.30,0.5464,-1,-1,-1
75,1,315.23,0.14,283.95,479.94,0.8711,-1,-1,-1
75,2,1.05,0.90,221.41,478.44,0.8279,-1,-1,-1
75,22,183.90,9.55,94.15,425.45,0.8458,-1,-1,-1
75,25,291.53,177.30,27.70,81.90,0.6049,-1,-1,-1
76,1,312.90,-0.10,284.91,479.24,0.8883,-1,-1,-1
76,2,1.14,0.76,221.44,478.38,0.8184,-1,-1,-1
76,22,184.91,9.89,93.64,424.97,0.8553,-1,-1,-1
76,25,291.46,177.06,27.69,81.40,0.6551,-1,-1,-1
77,1,310.10,-0.17,285.36,478.17,0.8744,-1,-1,-1
77,2,1.66,0.73,221.15,477.42,0.8269,-1,-1,-1
77,22,185.71,9.79,93.05,423.95,0.8452,-1,-1,-1
77,25,291.69,176.83,27.91,81.19,0.6553,-1,-1,-1
78,1,308.22,-0.18,286.09,477.30,0.8931,-1,-1,-1
78,2,1.57,0.95,221.75,478.42,0.8335,-1,-1,-1
78,22,186.37,9.30,92.41,423.74,0.8443,-1,-1,-1
79,1,306.42,-0.17,287.20,479.13,0.8717,-1,-1,-1
79,2,1.79,0.73,221.84,478.35,0.8325,-1,-1,-1
79,22,186.02,9.87,91.71,423.68,0.8373,-1,-1,-1
80,1,307.53,-0.16,286.14,479.82,0.8759,-1,-1,-1
80,2,1.76,1.05,222.20,478.67,0.8516,-1,-1,-1
80,22,186.04,10.74,91.19,424.15,0.8294,-1,-1,-1
81,1,308.04,-0.14,285.32,480.06,0.8798,-1,-1,-1
81,2,2.49,1.16,222.61,478.54,0.8432,-1,-1,-1
81,22,186.43,11.06,89.91,420.81,0.7937,-1,-1,-1
82,1,309.99,-0.13,283.73,480.14,0.8624,-1,-1,-1
82,2,3.95,1.25,222.88,477.20,0.8403,-1,-1,-1
82,22,186.64,11.89,89.21,419.98,0.7392,-1,-1,-1
83,1,308.42,-0.11,281.74,477.24,0.8782,-1,-1,-1
83,2,2.33,1.37,223.26,477.60,0.8173,-1,-1,-1
83,22,185.70,13.02,89.23,422.75,0.8172,-1,-1,-1
84,1,305.27,-0.10,281.84,478.72,0.9028,-1,-1,-1
84,2,1.54,1.47,223.05,476.73,0.7691,-1,-1,-1
84,22,183.17,12.37,89.57,425.91,0.7983,-1,-1,-1
85,1,306.61,-0.04,281.52,478.48,0.8923,-1,-1,-1
85,2,3.35,1.57,223.32,475.43,0.7584,-1,-1,-1
85,22,180.81,14.21,88.79,424.39,0.7471,-1,-1,-1
86,1,307.13,-0.00,280.61,476.98,0.8679,-1,-1,-1
86,2,3.07,1.68,224.10,476.02,0.7405,-1,-1,-1
86,22,177.60,16.41,88.27,423.53,0.7507,-1,-1,-1
87,1,307.78,0.02,281.19,478.89,0.8880,-1,-1,-1
87,2,3.77,1.75,224.66,475.37,0.7021,-1,-1,-1
87,22,174.69,17.07,86.38,414.59,0.6689,-1,-1,-1
87,24,503.27,193.12,24.72,75.83,0.6588,-1,-1,-1
88,1,306.86,0.57,281.26,479.07,0.8988,-1,-1,-1
88,2,1.90,1.76,224.95,475.69,0.8129,-1,-1,-1
88,22,173.09,20.64,85.49,411.88,0.7451,-1,-1,-1
88,24,504.17,193.10,24.77,76.90,0.5258,-1,-1,-1
89,1,308.58,0.50,280.89,479.42,0.8955,-1,-1,-1
89,2,0.97,1.74,225.36,476.38,0.8042,-1,-1,-1
89,22,171.92,22.67,84.44,406.74,0.7138,-1,-1,-1
89,24,504.70,192.84,24.40,77.04,0.5054,-1,-1,-1
90,1,308.05,0.60,280.76,479.42,0.8977,-1,-1,-1
90,2,-0.42,1.57,225.47,477.14,0.7954,-1,-1,-1
90,22,170.67,23.58,84.21,403.70,0.7513,-1,-1,-1
91,1,308.33,0.82,280.64,479.22,0.8943,-1,-1,-1
91,2,-0.99,1.44,225.30,477.34,0.7909,-1,-1,-1
91,22,170.08,23.99,84.60,402.74,0.7204,-1,-1,-1
92,1,306.81,0.63,280.83,479.03,0.9045,-1,-1,-1
92,2,2.48,1.46,225.69,476.32,0.7655,-1,-1,-1
92,22,170.53,24.48,85.08,400.53,0.6925,-1,-1,-1
93,1,305.78,0.45,280.59,478.87,0.8917,-1,-1,-1
93,2,0.45,1.43,225.03,475.31,0.8433,-1,-1,-1
93,22,173.28,24.10,88.02,406.56,0.7883,-1,-1,-1
94,1,305.32,0.14,280.71,479.60,0.9028,-1,-1,-1
94,2,-0.18,1.50,224.82,475.11,0.8469,-1,-1,-1
94,22,174.63,24.06,90.08,408.74,0.7889,-1,-1,-1
95,1,305.82,0.03,279.58,478.16,0.9010,-1,-1,-1
95,2,-0.39,1.49,224.63,475.08,0.8603,-1,-1,-1
95,22,175.85,22.59,91.91,411.64,0.7886,-1,-1,-1
96,1,305.18,-0.01,279.82,479.36,0.8999,-1,-1,-1
96,2,-0.38,1.60,224.22,474.54,0.8357,-1,-1,-1
96,22,176.64,22.11,92.71,411.34,0.7914,-1,-1,-1
96,28,265.86,192.14,16.23,56.62,0.5346,-1,-1,-1
96,29,301.29,177.99,23.62,80.83,0.5020,-1,-1,-1
97,1,305.99,0.01,278.67,477.75,0.9031,-1,-1,-1
97,2,-0.00,1.50,223.37,472.87,0.8640,-1,-1,-1
97,22,177.61,21.08,93.28,412.15,0.8179,-1,-1,-1
97,28,263.11,191.99,16.71,58.27,0.5794,-1,-1,-1
97,29,301.52,178.77,23.61,80.85,0.5721,-1,-1,-1
98,1,306.77,-0.02,278.44,477.96,0.9064,-1,-1,-1
98,2,0.12,1.33,223.28,472.85,0.8745,-1,-1,-1
98,22,180.56,20.45,93.14,412.51,0.8351,-1,-1,-1
98,29,301.48,178.22,24.04,82.45,0.5933,-1,-1,-1
98,24,505.50,192.56,23.74,76.60,0.5041,-1,-1,-1
99,1,307.32,-0.02,278.14,478.04,0.9089,-1,-1,-1
99,2,-0.05,1.14,223.65,473.94,0.8855,-1,-1,-1
99,22,183.40,20.76,92.72,411.75,0.8484,-1,-1,-1
99,29,301.34,177.87,23.66,81.05,0.5364,-1,-1,-1
100,1,307.77,-0.02,277.52,477.64,0.9027,-1,-1,-1
100,2,-0.49,1.04,223.84,474.93,0.8820,-1,-1,-1
100,22,185.61,18.99,92.72,413.14,0.8407,-1,-1,-1
100,29,301.73,178.28,23.48,80.06,0.5874,-1,-1,-1
100,25,278.88,178.21,27.38,80.50,0.5712,-1,-1,-1
100,24,505.32,192.54,23.28,75.90,0.5333,-1,-1,-1
101,1,308.07,-0.02,277.97,479.17,0.9086,-1,-1,-1
101,2,-0.47,0.93,223.70,475.09,0.8767,-1,-1,-1
101,22,188.61,17.59,92.74,413.58,0.8511,-1,-1,-1
102,1,309.27,0.02,276.97,478.40,0.9022,-1,-1,-1
102,2,-0.52,0.86,223.67,475.46,0.8734,-1,-1,-1
102,22,190.16,16.34,92.85,413.29,0.8479,-1,-1,-1
103,1,310.38,-0.00,276.99,479.46,0.9122,-1,-1,-1
103,2,-0.65,0.97,223.79,476.20,0.8702,-1,-1,-1
103,22,191.24,16.87,93.10,414.35,0.8402,-1,-1,-1
104,1,312.24,-0.01,276.94,479.85,0.9108,-1,-1,-1
104,2,-0.54,0.87,223.88,476.67,0.8893,-1,-1,-1
104,22,191.25,17.39,92.87,414.76,0.8419,-1,-1,-1
105,1,312.96,-0.01,276.83,480.00,0.9087,-1,-1,-1
105,2,-0.36,0.66,223.81,476.69,0.8627,-1,-1,-1
105,22,191.13,17.11,91.93,411.80,0.8375,-1,-1,-1
106,1,313.92,-0.01,276.55,479.45,0.9044,-1,-1,-1
106,2,-0.28,0.48,224.10,477.49,0.8800,-1,-1,-1
106,22,190.33,16.68,91.79,414.05,0.8269,-1,-1,-1
106,29,300.86,178.69,24.05,82.08,0.6317,-1,-1,-1
106,25,278.23,178.79,27.18,81.36,0.5835,-1,-1,-1
107,1,314.87,0.22,276.59,478.87,0.8953,-1,-1,-1
107,2,0.11,0.31,224.39,478.01,0.8803,-1,-1,-1
107,22,190.22,16.70,91.37,414.61,0.8186,-1,-1,-1
107,29,301.05,178.56,24.11,82.16,0.5889,-1,-1,-1
107,25,278.97,179.31,26.51,79.89,0.5654,-1,-1,-1
108,1,315.71,0.08,276.76,477.68,0.8996,-1,-1,-1
108,2,0.45,0.15,224.41,477.76,0.8742,-1,-1,-1
108,22,189.84,16.28,91.01,415.26,0.8234,-1,-1,-1
108,29,301.24,178.73,23.97,81.54,0.6020,-1,-1,-1
108,25,279.05,180.59,25.79,78.10,0.5106,-1,-1,-1
109,1,316.63,0.02,276.70,475.97,0.8313,-1,-1,-1
109,2,0.02,0.02,224.74,478.56,0.8857,-1,-1,-1
109,22,189.04,16.65,90.58,414.23,0.8310,-1,-1,-1
109,29,301.11,178.44,24.12,82.17,0.5538,-1,-1,-1
109,25,279.12,180.56,25.82,78.12,0.5028,-1,-1,-1
110,1,317.20,0.00,278.48,477.31,0.7599,-1,-1,-1
110,2,-0.38,0.07,224.57,478.48,0.9072,-1,-1,-1
110,22,188.71,16.80,90.61,413.93,0.8395,-1,-1,-1
111,1,316.91,-0.00,279.53,476.98,0.7984,-1,-1,-1
111,2,-0.80,0.07,224.61,479.01,0.8961,-1,-1,-1
111,22,188.90,17.10,90.89,414.20,0.8444,-1,-1,-1
112,1,324.09,-0.01,279.83,478.70,0.7949,-1,-1,-1
112,2,-0.86,0.09,224.55,479.27,0.9072,-1,-1,-1
112,22,189.54,16.97,91.62,415.46,0.8493,-1,-1,-1
113,1,317.32,0.12,280.58,479.19,0.8647,-1,-1,-1
113,2,-0.80,0.08,224.29,479.04,0.9028,-1,-1,-1
113,22,189.13,17.71,92.05,416.45,0.8531,-1,-1,-1
114,1,314.14,0.04,281.44,479.32,0.8970,-1,-1,-1
114,2,-0.86,0.01,223.96,478.74,0.8955,-1,-1,-1
114,22,189.07,18.97,91.91,414.32,0.8538,-1,-1,-1
115,1,311.79,0.01,281.05,478.02,0.8815,-1,-1,-1
115,2,-0.84,0.03,223.91,478.99,0.8898,-1,-1,-1
115,22,189.45,19.87,92.32,415.04,0.8666,-1,-1,-1
116,1,308.80,0.00,282.11,479.10,0.8949,-1,-1,-1
116,2,-0.93,-0.01,223.58,478.71,0.8794,-1,-1,-1
116,22,191.08,20.42,92.48,415.56,0.8595,-1,-1,-1
117,1,306.72,-0.00,282.16,479.06,0.8835,-1,-1,-1
117,2,-0.43,0.13,223.36,478.28,0.8703,-1,-1,-1
117,22,192.81,20.39,92.92,416.54,0.8547,-1,-1,-1
118,1,303.65,-0.00,281.47,478.42,0.8898,-1,-1,-1
118,2,0.14,0.30,223.61,478.60,0.8679,-1,-1,-1
118,22,193.54,20.20,93.16,417.56,0.8588,-1,-1,-1
119,1,301.91,-0.00,281.81,479.46,0.9113,-1,-1,-1
119,2,1.40,0.42,224.36,479.23,0.8854,-1,-1,-1
119,22,196.11,19.96,92.48,414.78,0.8164,-1,-1,-1
119,24,501.01,193.26,25.56,78.24,0.6998,-1,-1,-1
120,1,301.07,-0.00,281.89,479.85,0.9103,-1,-1,-1
120,2,2.69,0.54,225.12,479.36,0.8727,-1,-1,-1
120,22,198.35,20.86,91.50,412.18,0.8094,-1,-1,-1
120,24,500.30,193.18,26.55,78.80,0.7203,-1,-1,-1
121,1,301.78,0.37,281.67,479.63,0.8873,-1,-1,-1
121,2,4.34,0.49,226.28,479.53,0.8772,-1,-1,-1
121,22,198.59,21.14,91.65,414.44,0.8196,-1,-1,-1
121,24,499.95,192.91,27.34,79.40,0.6617,-1,-1,-1
122,1,305.27,0.30,281.02,478.30,0.8887,-1,-1,-1
122,2,6.16,0.30,227.68,479.76,0.8574,-1,-1,-1
122,22,198.71,21.79,91.23,416.62,0.8232,-1,-1,-1
122,24,499.95,193.71,27.43,78.43,0.6640,-1,-1,-1
123,1,303.23,0.72,281.41,478.79,0.8961,-1,-1,-1
123,2,7.56,0.93,228.95,479.14,0.8722,-1,-1,-1
123,22,199.23,21.46,90.33,415.25,0.8338,-1,-1,-1
123,24,500.27,194.04,27.77,78.02,0.6804,-1,-1,-1
124,1,303.25,0.38,281.36,479.14,0.9043,-1,-1,-1
124,2,8.49,0.92,230.34,478.49,0.8645,-1,-1,-1
124,22,200.07,22.24,88.64,410.31,0.8398,-1,-1,-1
124,24,500.45,194.21,27.98,77.84,0.6531,-1,-1,-1
124,31,0.28,75.85,38.72,401.80,0.5479,-1,-1,-1
125,1,303.21,0.56,280.87,478.97,0.9025,-1,-1,-1
125,2,8.86,0.85,231.95,478.18,0.8533,-1,-1,-1
125,22,200.48,22.65,87.34,407.00,0.8189,-1,-1,-1
125,24,500.80,193.87,28.01,77.71,0.6406,-1,-1,-1
125,31,1.49,76.51,38.90,402.95,0.5959,-1,-1,-1
126,1,303.17,0.56,280.45,479.09,0.8998,-1,-1,-1
126,2,10.75,0.76,230.14,469.25,0.7892,-1,-1,-1
126,22,200.91,22.65,86.52,406.23,0.7895,-1,-1,-1
126,24,500.94,194.02,28.00,77.79,0.6269,-1,-1,-1
127,1,304.24,0.45,280.14,479.28,0.8968,-1,-1,-1
127,2,9.28,0.91,233.54,473.07,0.8428,-1,-1,-1
127,22,201.88,22.76,85.71,406.02,0.8087,-1,-1,-1
127,24,501.82,193.40,27.84,77.73,0.5878,-1,-1,-1
128,1,304.58,0.54,279.71,479.02,0.9036,-1,-1,-1
128,2,9.47,0.78,235.49,473.10,0.8329,-1,-1,-1
128,22,202.31,22.75,85.20,406.43,0.7369,-1,-1,-1
128,24,502.30,193.86,27.43,76.95,0.6020,-1,-1,-1
128,31,4.16,77.41,39.27,402.68,0.5861,-1,-1,-1
129,1,304.98,0.34,279.13,478.77,0.8964,-1,-1,-1
129,2,8.84,0.83,237.35,473.53,0.8553,-1,-1,-1
129,22,202.46,22.94,84.76,407.02,0.7420,-1,-1,-1
129,24,502.49,193.98,27.33,77.01,0.5890,-1,-1,-1
129,31,4.41,79.43,39.54,400.67,0.6338,-1,-1,-1
130,1,305.02,0.31,278.92,478.86,0.9090,-1,-1,-1
130,2,7.93,0.82,238.09,472.87,0.8327,-1,-1,-1
130,22,202.65,23.66,84.21,406.89,0.7662,-1,-1,-1
130,24,503.35,193.72,27.21,76.94,0.6022,-1,-1,-1
130,31,4.72,80.30,40.02,399.79,0.6942,-1,-1,-1
131,1,304.79,0.44,278.57,478.78,0.8997,-1,-1,-1
131,2,11.13,0.89,237.14,471.06,0.8096,-1,-1,-1
131,22,202.72,23.39,83.56,405.19,0.7974,-1,-1,-1
131,24,502.59,193.64,27.43,77.44,0.6511,-1,-1,-1
132,1,304.43,0.21,278.22,479.09,0.8961,-1,-1,-1
132,2,11.02,0.70,237.10,471.28,0.7880,-1,-1,-1
132,22,201.67,23.07,83.47,405.49,0.8254,-1,-1,-1
132,24,502.34,192.98,27.50,77.68,0.6410,-1,-1,-1
132,29,297.05,177.70,24.62,81.23,0.5026,-1,-1,-1
133,1,304.55,0.06,276.84,477.27,0.8985,-1,-1,-1
133,2,9.16,0.60,238.15,473.82,0.8360,-1,-1,-1
133,22,201.00,22.81,83.56,406.30,0.8321,-1,-1,-1
133,24,502.19,192.91,27.74,78.25,0.5934,-1,-1,-1
133,29,296.60,177.83,25.61,80.96,0.5434,-1,-1,-1
134,1,303.40,0.20,275.92,476.59,0.9034,-1,-1,-1
134,2,8.12,0.70,238.82,476.28,0.8550,-1,-1,-1
134,22,200.24,22.81,83.93,409.69,0.8371,-1,-1,-1
134,24,501.66,192.71,28.10,79.03,0.6285,-1,-1,-1
134,29,296.66,178.22,26.24,80.45,0.5868,-1,-1,-1
135,1,302.99,0.07,276.40,478.77,0.8891,-1,-1,-1
135,2,6.28,0.80,238.91,477.43,0.8785,-1,-1,-1
135,22,200.48,22.82,83.96,411.52,0.8360,-1,-1,-1
135,24,501.01,192.83,28.05,78.90,0.6259,-1,-1,-1
135,29,296.39,177.71,27.03,81.30,0.5319,-1,-1,-1
136,1,302.53,0.08,276.13,479.53,0.8891,-1,-1,-1
136,2,3.71,0.89,238.19,477.47,0.8581,-1,-1,-1
136,22,199.90,23.51,83.75,410.69,0.8288,-1,-1,-1
136,24,500.67,192.62,28.25,79.32,0.6364,-1,-1,-1
137,1,302.58,0.02,275.68,479.88,0.8920,-1,-1,-1
137,2,1.62,0.83,237.20,478.05,0.8566,-1,-1,-1
137,22,197.99,23.16,84.09,409.74,0.8276,-1,-1,-1
137,24,500.80,193.04,28.15,78.91,0.6001,-1,-1,-1
137,29,297.40,177.95,26.88,80.87,0.5052,-1,-1,-1
138,1,302.45,-0.00,275.38,479.96,0.9059,-1,-1,-1
138,2,-0.56,0.55,236.24,479.17,0.8711,-1,-1,-1
138,22,195.82,23.34,85.14,411.39,0.8408,-1,-1,-1
138,24,501.45,192.93,28.12,78.90,0.5734,-1,-1,-1
138,29,296.13,178.31,27.86,80.91,0.6002,-1,-1,-1
139,1,303.21,-0.01,275.17,480.03,0.9105,-1,-1,-1
139,2,-1.84,0.44,235.14,479.59,0.8713,-1,-1,-1
139,22,194.50,22.76,85.81,410.63,0.8469,-1,-1,-1
139,24,501.79,193.39,27.87,78.25,0.5509,-1,-1,-1
139,29,294.98,178.21,28.84,81.10,0.6246,-1,-1,-1
140,1,304.48,0.41,274.75,479.34,0.9103,-1,-1,-1
140,2,-3.52,0.58,233.63,479.31,0.8797,-1,-1,-1
140,22,193.53,22.47,86.67,410.49,0.8525,-1,-1,-1
140,24,502.41,192.95,27.93,78.43,0.5436,-1,-1,-1
140,29,294.32,177.44,29.44,81.85,0.6005,-1,-1,-1
141,1,305.54,0.15,273.39,476.19,0.8997,-1,-1,-1
141,2,-4.70,0.71,231.94,478.87,0.8872,-1,-1,-1
141,22,192.24,21.45,87.89,411.75,0.8562,-1,-1,-1
141,24,502.15,192.90,27.84,78.31,0.5853,-1,-1,-1
142,1,305.25,0.26,274.73,478.15,0.9093,-1,-1,-1
142,2,-5.59,0.88,230.49,479.05,0.8836,-1,-1,-1
142,22,191.38,20.88,89.00,413.06,0.8585,-1,-1,-1
142,24,502.22,192.46,27.90,78.77,0.5656,-1,-1,-1
143,1,306.18,0.09,275.61,479.25,0.9058,-1,-1,-1
143,2,-5.91,0.96,229.16,479.10,0.8861,-1,-1,-1
143,22,190.16,20.42,90.15,413.88,0.8618,-1,-1,-1
143,24,502.67,192.11,27.49,78.50,0.5970,-1,-1,-1
143,29,293.34,178.06,29.80,81.52,0.5429,-1,-1,-1
144,1,307.20,0.03,276.48,479.77,0.9140,-1,-1,-1
144,2,-5.63,1.02,227.84,478.71,0.8927,-1,-1,-1
144,22,189.34,20.46,91.02,413.59,0.8556,-1,-1,-1
144,24,502.80,191.55,27.17,78.69,0.5340,-1,-1,-1
144,29,293.39,178.17,29.52,80.57,0.5565,-1,-1,-1
145,1,310.03,0.00,277.56,479.96,0.9005,-1,-1,-1
145,2,-5.56,1.06,226.51,478.35,0.9011,-1,-1,-1
145,22,187.92,20.24,92.05,413.24,0.8542,-1,-1,-1
145,24,503.69,191.95,26.59,78.10,0.5526,-1,-1,-1
145,29,293.66,178.37,29.29,80.05,0.5813,-1,-1,-1
146,1,311.57,-0.01,278.29,479.84,0.8601,-1,-1,-1
146,2,-5.10,1.21,225.23,477.76,0.8963,-1,-1,-1
146,22,187.22,20.25,92.93,412.69,0.8512,-1,-1,-1
146,29,294.35,178.22,29.00,80.19,0.6026,-1,-1,-1
147,1,321.49,-0.01,277.77,478.10,0.8399,-1,-1,-1
147,2,-4.24,1.35,224.08,477.06,0.8911,-1,-1,-1
147,22,186.88,20.36,93.65,412.62,0.8538,-1,-1,-1
148,1,322.86,-0.01,278.76,477.08,0.8729,-1,-1,-1
148,2,-3.04,1.13,223.71,477.78,0.8647,-1,-1,-1
148,22,187.56,20.34,94.03,412.51,0.8583,-1,-1,-1
149,1,323.58,-0.01,280.50,477.26,0.8849,-1,-1,-1
149,2,-0.64,0.72,224.00,478.93,0.8584,-1,-1,-1
149,22,188.92,20.64,93.92,411.62,0.8564,-1,-1,-1
150,1,323.51,-0.01,282.89,478.57,0.8775,-1,-1,-1
150,2,1.05,0.85,223.93,478.85,0.8666,-1,-1,-1
150,22,189.77,21.32,94.09,412.56,0.8526,-1,-1,-1
151,1,322.80,-0.01,284.41,479.27,0.8437,-1,-1,-1
151,2,3.01,0.79,224.02,478.92,0.8561,-1,-1,-1
151,22,190.91,21.76,94.01,413.89,0.8591,-1,-1,-1
152,1,320.36,-0.01,284.73,479.07,0.7839,-1,-1,-1
152,2,6.24,0.63,224.07,479.31,0.8586,-1,-1,-1
152,22,191.63,21.87,93.54,413.49,0.8665,-1,-1,-1
153,1,316.69,-0.00,284.48,477.33,0.8181,-1,-1,-1
153,2,8.89,0.64,223.25,476.96,0.8399,-1,-1,-1
153,22,191.91,21.68,93.00,412.56,0.8636,-1,-1,-1
154,1,310.78,0.41,285.53,478.63,0.8766,-1,-1,-1
154,2,8.88,0.62,223.22,475.66,0.8284,-1,-1,-1
154,22,191.90,21.57,92.99,413.57,0.8523,-1,-1,-1
154,24,502.62,188.76,26.89,79.47,0.6720,-1,-1,-1
155,1,306.71,0.45,285.77,479.24,0.8916,-1,-1,-1
155,2,9.33,0.63,223.76,476.31,0.8269,-1,-1,-1
155,22,191.63,21.85,92.87,414.27,0.8441,-1,-1,-1
155,24,501.72,191.42,26.46,77.46,0.6320,-1,-1,-1
156,1,303.77,0.17,285.52,479.77,0.9024,-1,-1,-1
156,2,8.77,0.68,224.64,477.42,0.8638,-1,-1,-1
156,22,191.28,21.80,92.57,414.11,0.8660,-1,-1,-1
156,24,500.75,193.84,26.19,75.60,0.5653,-1,-1,-1
157,1,295.93,0.06,283.31,479.96,0.9151,-1,-1,-1
157,2,8.77,0.50,224.23,475.95,0.8367,-1,-1,-1
157,22,190.25,21.19,92.51,415.39,0.8651,-1,-1,-1
157,24,499.63,194.34,26.81,76.36,0.5832,-1,-1,-1
158,1,286.38,0.02,278.39,480.03,0.9172,-1,-1,-1
158,2,7.17,0.27,224.85,477.26,0.8401,-1,-1,-1
158,22,189.66,19.99,92.72,417.92,0.8586,-1,-1,-1
158,24,499.30,195.54,26.95,75.55,0.5185,-1,-1,-1
159,1,277.41,0.00,272.69,480.05,0.9095,-1,-1,-1
159,2,5.56,0.25,225.36,477.93,0.8463,-1,-1,-1
159,22,189.98,19.16,92.71,418.20,0.8466,-1,-1,-1
159,24,497.52,187.98,29.94,83.98,0.7013,-1,-1,-1
160,1,273.20,0.39,263.88,476.18,0.9183,-1,-1,-1
160,2,2.88,0.75,225.73,478.08,0.8645,-1,-1,-1
160,22,189.47,18.90,92.79,419.33,0.8495,-1,-1,-1
160,24,497.00,185.81,30.89,86.27,0.7204,-1,-1,-1
161,1,269.17,0.14,259.56,478.60,0.9106,-1,-1,-1
161,2,1.69,0.78,226.28,478.85,0.8620,-1,-1,-1
161,22,188.64,18.33,92.88,420.32,0.8480,-1,-1,-1
161,24,496.51,185.77,31.10,86.42,0.6946,-1,-1,-1
162,1,268.61,0.44,253.83,475.88,0.9057,-1,-1,-1
162,2,1.44,0.60,226.47,478.56,0.8341,-1,-1,-1
162,22,188.53,16.39,93.31,421.58,0.8529,-1,-1,-1
162,24,496.72,184.53,31.67,87.86,0.7159,-1,-1,-1
163,1,269.05,0.44,249.76,475.35,0.9063,-1,-1,-1
163,2,1.47,0.48,225.58,476.02,0.8299,-1,-1,-1
163,22,187.70,15.60,94.01,425.03,0.8500,-1,-1,-1
163,24,497.21,183.79,32.10,88.50,0.7191,-1,-1,-1
164,1,270.71,0.64,245.81,474.64,0.9039,-1,-1,-1
164,2,0.38,0.62,225.19,475.30,0.8047,-1,-1,-1
164,22,186.65,14.17,94.49,427.59,0.8366,-1,-1,-1
164,24,496.24,182.82,32.52,89.65,0.7221,-1,-1,-1
165,1,273.76,0.23,243.61,478.06,0.9196,-1,-1,-1
165,2,-0.46,0.52,225.03,475.29,0.8194,-1,-1,-1
165,22,186.44,13.64,94.53,428.29,0.8456,-1,-1,-1
165,24,496.37,182.85,32.62,89.67,0.7144,-1,-1,-1
166,1,276.65,0.08,240.65,479.35,0.9216,-1,-1,-1
166,2,-1.12,0.23,225.18,476.19,0.8165,-1,-1,-1
166,22,185.65,12.40,94.96,430.33,0.8412,-1,-1,-1
166,24,496.46,182.57,32.73,89.84,0.7192,-1,-1,-1
167,1,278.23,0.02,237.67,479.84,0.9166,-1,-1,-1
167,2,-1.21,0.39,223.86,473.88,0.7956,-1,-1,-1
167,22,184.61,11.07,95.26,432.05,0.8182,-1,-1,-1
167,24,496.61,183.13,32.70,89.31,0.7212,-1,-1,-1
168,1,279.14,-0.00,234.88,480.02,0.9129,-1,-1,-1
168,2,-1.48,0.41,223.70,474.19,0.8193,-1,-1,-1
168,22,183.68,10.56,95.33,432.56,0.8436,-1,-1,-1
168,24,496.56,182.76,32.93,89.58,0.7227,-1,-1,-1
169,1,278.34,0.75,231.33,475.97,0.9026,-1,-1,-1
169,2,-1.50,0.35,223.39,474.15,0.7547,-1,-1,-1
169,22,183.29,10.34,95.60,433.58,0.8432,-1,-1,-1
169,24,496.65,183.39,32.93,89.40,0.7323,-1,-1,-1
170,1,276.40,0.84,229.69,474.54,0.8991,-1,-1,-1
170,2,-1.26,0.29,222.39,472.48,0.7600,-1,-1,-1
170,22,182.90,9.91,96.03,435.43,0.8438,-1,-1,-1
170,24,496.60,182.85,33.17,89.91,0.7139,-1,-1,-1
171,1,275.46,0.76,228.87,474.57,0.9022,-1,-1,-1
171,2,-1.61,0.10,222.42,473.31,0.7945,-1,-1,-1
171,22,182.46,9.69,96.45,437.13,0.8462,-1,-1,-1
172,1,276.07,0.81,228.19,475.18,0.8971,-1,-1,-1
172,2,-1.97,0.19,222.78,475.00,0.8448,-1,-1,-1
172,22,182.37,9.70,96.64,437.98,0.8467,-1,-1,-1
173,1,276.82,0.76,227.49,476.23,0.8991,-1,-1,-1
173,2,-2.10,0.14,222.93,476.31,0.8155,-1,-1,-1
173,22,182.12,9.77,96.68,437.50,0.8485,-1,-1,-1
174,1,277.14,0.87,226.62,476.76,0.9030,-1,-1,-1
174,2,-2.01,0.12,222.50,476.21,0.8274,-1,-1,-1
174,22,181.73,9.94,96.79,437.34,0.8488,-1,-1,-1
175,1,276.71,0.90,226.01,477.21,0.8518,-1,-1,-1
175,2,-1.99,0.08,222.36,476.80,0.8592,-1,-1,-1
175,22,180.98,10.49,97.84,441.18,0.8492,-1,-1,-1
176,1,277.68,0.32,225.52,478.51,0.8983,-1,-1,-1
176,2,-1.77,0.02,222.07,476.89,0.8271,-1,-1,-1
176,22,181.29,10.97,97.84,440.24,0.8400,-1,-1,-1
177,1,278.51,0.51,223.80,476.43,0.8925,-1,-1,-1
177,2,-1.34,-0.01,221.13,475.35,0.7940,-1,-1,-1
177,22,181.14,11.39,97.74,439.58,0.8551,-1,-1,-1
178,1,279.02,0.17,223.86,477.66,0.9043,-1,-1,-1
178,2,-1.61,0.06,221.42,476.78,0.8280,-1,-1,-1
178,22,181.11,11.17,97.63,437.97,0.8604,-1,-1,-1
178,24,496.53,183.39,33.26,89.48,0.7167,-1,-1,-1
179,1,273.62,0.45,224.63,477.24,0.8599,-1,-1,-1
179,2,-1.35,0.09,220.87,476.17,0.8366,-1,-1,-1
179,22,181.00,11.21,98.02,439.62,0.8657,-1,-1,-1
179,24,496.57,183.32,33.35,89.56,0.7313,-1,-1,-1
180,1,277.53,0.15,224.49,478.58,0.9031,-1,-1,-1
180,2,-1.41,0.14,221.02,477.13,0.8417,-1,-1,-1
180,22,180.90,11.30,97.92,438.63,0.8560,-1,-1,-1
180,24,496.41,183.29,33.32,89.48,0.7044,-1,-1,-1
181,1,278.68,0.04,224.43,479.51,0.9067,-1,-1,-1
181,2,-1.29,0.08,220.67,476.90,0.8206,-1,-1,-1
181,22,181.44,11.56,97.68,437.87,0.8607,-1,-1,-1
181,24,496.39,183.44,33.22,89.35,0.7025,-1,-1,-1
182,1,280.74,0.42,223.01,476.77,0.9032,-1,-1,-1
182,2,-0.94,0.19,219.72,475.17,0.8315,-1,-1,-1
182,22,181.34,11.28,97.35,436.35,0.8435,-1,-1,-1
182,24,496.44,183.63,32.97,88.78,0.7112,-1,-1,-1
183,1,281.84,0.51,222.60,476.19,0.9035,-1,-1,-1
183,2,-0.72,0.36,219.85,475.73,0.8451,-1,-1,-1
183,22,181.50,11.53,97.22,436.12,0.8514,-1,-1,-1
183,24,496.46,184.29,32.54,88.06,0.7189,-1,-1,-1
184,1,283.70,0.75,222.16,475.54,0.9052,-1,-1,-1
184,2,-0.46,0.45,219.48,475.12,0.8220,-1,-1,-1
184,22,181.29,11.57,97.12,435.56,0.8483,-1,-1,-1
184,24,496.61,184.21,32.32,88.34,0.7044,-1,-1,-1
184,35,524.38,187.72,24.26,69.42,0.5913,-1,-1,-1
185,1,286.29,0.79,221.62,474.96,0.8970,-1,-1,-1
185,2,-0.45,0.40,219.45,475.27,0.8311,-1,-1,-1
185,22,181.01,11.56,97.11,435.30,0.8490,-1,-1,-1
185,24,497.12,184.40,31.83,87.78,0.7017,-1,-1,-1
186,1,290.13,1.05,220.74,474.49,0.9137,-1,-1,-1
186,2,-0.54,0.39,219.69,476.06,0.8593,-1,-1,-1
186,22,181.12,11.49,97.19,435.66,0.8525,-1,-1,-1
186,24,497.46,185.18,31.11,86.51,0.6988,-1,-1,-1
186,35,522.30,187.79,24.02,68.87,0.5184,-1,-1,-1
187,1,291.88,1.08,220.26,474.57,0.9097,-1,-1,-1
187,2,-0.40,0.32,219.54,475.91,0.8708,-1,-1,-1
187,22,181.57,11.47,97.09,435.72,0.8491,-1,-1,-1
187,24,497.98,185.56,30.53,85.67,0.6706,-1,-1,-1
187,35,521.97,190.97,22.87,65.74,0.5338,-1,-1,-1
188,1,293.18,1.04,219.54,474.24,0.9124,-1,-1,-1
188,2,-0.35,0.38,219.45,475.89,0.8590,-1,-1,-1
188,22,181.32,11.39,97.09,435.60,0.8515,-1,-1,-1
188,24,498.45,185.38,30.42,86.11,0.6809,-1,-1,-1
189,1,293.99,0.96,218.80,473.90,0.9132,-1,-1,-1
189,2,-0.24,0.32,219.26,475.58,0.8383,-1,-1,-1
189,22,181.20,11.08,97.09,435.77,0.8536,-1,-1,-1
189,24,498.55,184.79,30.43,86.72,0.6820,-1,-1,-1
189,35,521.82,189.64,23.92,69.38,0.5306,-1,-1,-1
190,1,294.28,0.87,218.45,474.33,0.9129,-1,-1,-1
190,2,-0.22,0.32,219.12,475.41,0.8498,-1,-1,-1
190,22,181.40,11.06,96.87,435.01,0.8423,-1,-1,-1
190,24,498.63,185.33,30.10,86.07,0.6711,-1,-1,-1
190,35,521.41,189.07,24.15,70.77,0.5004,-1,-1,-1
191,1,294.48,0.93,217.96,474.45,0.9146,-1,-1,-1
191,2,-0.25,0.40,219.12,475.58,0.8552,-1,-1,-1
191,22,181.37,10.93,96.94,435.52,0.8468,-1,-1,-1
191,24,498.53,184.97,30.29,86.91,0.6865,-1,-1,-1
192,1,294.29,0.96,217.56,474.36,0.9103,-1,-1,-1
192,2,-0.26,0.40,219.04,475.56,0.8473,-1,-1,-1
192,22,181.16,11.03,97.02,435.64,0.8523,-1,-1,-1
192,24,498.55,184.65,30.22,86.95,0.6716,-1,-1,-1
193,1,293.88,0.81,217.36,474.45,0.9086,-1,-1,-1
193,2,-0.17,0.38,218.61,474.73,0.8335,-1,-1,-1
193,22,181.26,11.11,97.09,436.10,0.8511,-1,-1,-1
193,24,498.55,184.73,30.21,87.28,0.6919,-1,-1,-1
194,1,291.88,0.58,217.86,475.27,0.8972,-1,-1,-1
194,2,-0.44,0.37,218.76,475.44,0.8347,-1,-1,-1
194,22,180.76,11.02,97.25,436.58,0.8552,-1,-1,-1
194,24,498.69,184.66,30.17,87.55,0.6949,-1,-1,-1
195,1,289.14,0.48,218.62,475.82,0.8812,-1,-1,-1
195,2,-0.48,0.50,218.65,475.56,0.8490,-1,-1,-1
195,22,180.36,10.99,97.30,436.77,0.8556,-1,-1,-1
195,24,498.30,184.34,30.20,88.17,0.6763,-1,-1,-1
196,1,286.89,0.48,219.47,476.11,0.8901,-1,-1,-1
196,2,-0.31,0.45,218.09,474.61,0.7973,-1,-1,-1
196,22,179.82,10.96,97.46,436.85,0.8553,-1,-1,-1
196,24,498.72,183.86,30.26,88.83,0.6643,-1,-1,-1
197,1,285.53,0.49,220.50,476.50,0.8978,-1,-1,-1
197,2,-0.14,0.45,217.90,474.35,0.8443,-1,-1,-1
197,22,179.13,10.54,97.73,437.34,0.8517,-1,-1,-1
197,24,498.75,184.28,29.98,88.17,0.6447,-1,-1,-1
198,1,284.70,0.62,221.09,476.14,0.9113,-1,-1,-1
198,2,-0.36,0.50,217.82,474.53,0.8636,-1,-1,-1
198,22,178.10,10.45,97.99,438.15,0.8590,-1,-1,-1
198,24,499.13,184.59,29.90,87.85,0.6915,-1,-1,-1
199,1,283.42,0.66,222.04,476.48,0.9094,-1,-1,-1
199,2,-0.22,1.21,217.41,473.74,0.8072,-1,-1,-1
199,22,176.75,11.06,98.01,437.92,0.8502,-1,-1,-1
199,24,498.89,184.65,29.71,86.89,0.6871,-1,-1,-1
200,1,281.84,0.72,222.76,475.98,0.9050,-1,-1,-1
200,2,0.25,3.90,216.07,470.61,0.7861,-1,-1,-1
200,22,174.76,11.69,97.84,437.80,0.8485,-1,-1,-1
200,24,498.70,185.03,29.88,87.13,0.7191,-1,-1,-1
201,1,279.10,0.25,224.85,478.64,0.9075,-1,-1,-1
201,2,0.22,3.52,216.15,470.76,0.7750,-1,-1,-1
201,22,171.43,12.53,98.09,438.43,0.8344,-1,-1,-1
201,24,498.00,185.16,29.96,87.33,0.7009,-1,-1,-1
202,1,277.38,0.07,226.07,479.65,0.9087,-1,-1,-1
202,2,0.58,6.02,215.66,469.35,0.7269,-1,-1,-1
202,22,167.15,14.44,97.99,436.66,0.8103,-1,-1,-1
202,24,497.51,185.30,29.92,87.25,0.6884,-1,-1,-1
203,1,276.49,0.00,226.48,479.07,0.8960,-1,-1,-1
203,2,1.02,11.87,213.39,463.88,0.6432,-1,-1,-1
203,22,161.69,16.19,98.26,433.80,0.7759,-1,-1,-1
203,24,496.94,184.97,30.09,87.86,0.7030,-1,-1,-1
203,35,524.67,188.12,26.52,76.94,0.5196,-1,-1,-1
204,1,276.33,0.53,225.84,476.09,0.8902,-1,-1,-1
204,2,0.01,5.32,214.97,467.68,0.6962,-1,-1,-1
204,22,159.24,18.17,96.81,424.46,0.8094,-1,-1,-1
204,24,495.67,185.88,29.87,87.30,0.7610,-1,-1,-1
204,35,522.71,189.03,27.27,76.94,0.5677,-1,-1,-1
205,1,276.13,0.86,226.01,474.46,0.8818,-1,-1,-1
205,2,-0.44,2.55,215.43,469.08,0.6692,-1,-1,-1
205,22,156.27,20.23,95.25,416.17,0.8102,-1,-1,-1
205,24,495.71,186.33,29.49,86.40,0.7396,-1,-1,-1
205,35,522.78,188.24,28.01,78.15,0.5854,-1,-1,-1
206,1,274.74,0.80,226.89,474.07,0.8896,-1,-1,-1
206,2,-1.31,2.10,215.65,470.45,0.6222,-1,-1,-1
206,22,154.41,22.55,93.85,409.07,0.7806,-1,-1,-1
206,24,495.36,186.49,29.28,85.71,0.7051,-1,-1,-1
207,1,274.77,0.91,227.59,474.03,0.8838,-1,-1,-1
207,2,-1.45,2.08,215.03,469.86,0.5666,-1,-1,-1
207,22,155.42,24.53,91.77,399.49,0.7154,-1,-1,-1
207,24,494.98,186.19,29.30,86.01,0.7399,-1,-1,-1
207,35,521.12,186.17,28.94,79.72,0.5179,-1,-1,-1
208,1,271.47,0.72,229.35,474.62,0.8869,-1,-1,-1
208,2,-2.15,0.88,215.71,472.58,0.7748,-1,-1,-1
208,22,162.25,28.63,87.53,381.42,0.7922,-1,-1,-1
208,24,494.06,186.53,29.56,86.72,0.7037,-1,-1,-1
209,1,269.08,0.80,231.13,475.09,0.8913,-1,-1,-1
209,2,-2.91,0.46,215.57,473.83,0.7688,-1,-1,-1
209,22,166.53,32.53,84.36,368.78,0.7931,-1,-1,-1
209,24,494.08,186.19,29.51,86.74,0.7292,-1,-1,-1
210,1,265.31,0.79,233.19,476.00,0.8626,-1,-1,-1
210,2,-4.26,0.76,214.69,474.34,0.8731,-1,-1,-1
210,22,170.72,41.54,81.34,356.02,0.8382,-1,-1,-1
210,24,493.09,185.83,29.91,87.76,0.7283,-1,-1,-1
211,1,267.71,1.09,233.70,476.36,0.8113,-1,-1,-1
211,2,-5.54,1.14,213.78,475.31,0.8799,-1,-1,-1
211,22,173.08,46.90,80.24,349.20,0.8474,-1,-1,-1
211,24,492.29,184.33,30.46,89.10,0.7399,-1,-1,-1
212,1,267.12,1.11,234.38,476.45,0.8355,-1,-1,-1
212,2,-6.12,0.85,211.47,473.40,0.8260,-1,-1,-1
212,22,175.25,52.97,80.45,344.30,0.8593,-1,-1,-1
212,24,491.23,185.36,30.52,89.43,0.7197,-1,-1,-1
213,1,261.65,1.22,236.12,476.84,0.8697,-1,-1,-1
213,2,-8.64,1.89,209.36,473.67,0.7969,-1,-1,-1
213,22,177.17,54.54,82.22,342.49,0.8614,-1,-1,-1
213,24,490.00,184.94,30.42,89.48,0.6653,-1,-1,-1
214,1,259.17,0.96,236.97,476.80,0.8787,-1,-1,-1
214,2,-10.83,1.03,207.82,476.10,0.8096,-1,-1,-1
214,22,173.19,56.66,87.08,348.35,0.8709,-1,-1,-1
214,24,489.03,184.79,30.37,89.90,0.7140,-1,-1,-1
214,35,516.53,185.34,29.54,83.04,0.5564,-1,-1,-1
215,1,258.30,0.77,236.96,475.79,0.8978,-1,-1,-1
215,2,-10.90,0.45,205.55,476.39,0.7638,-1,-1,-1
215,22,174.79,57.48,89.21,344.91,0.8818,-1,-1,-1
215,24,487.20,184.94,30.55,89.64,0.7066,-1,-1,-1
215,35,515.29,184.76,29.21,83.50,0.5473,-1,-1,-1
216,1,256.91,0.45,237.29,476.09,0.8769,-1,-1,-1
216,2,-10.97,0.34,202.52,475.00,0.7176,-1,-1,-1
216,22,178.17,59.51,90.67,340.90,0.8860,-1,-1,-1
216,24,486.76,184.55,30.43,89.97,0.7329,-1,-1,-1
217,1,268.44,0.90,234.99,477.92,0.8183,-1,-1,-1
217,2,-10.71,0.22,200.86,476.54,0.8026,-1,-1,-1
217,22,180.68,61.93,92.36,338.44,0.8841,-1,-1,-1
217,24,485.83,183.08,30.90,91.22,0.7294,-1,-1,-1
217,35,517.96,184.93,26.92,80.71,0.5048,-1,-1,-1
218,1,262.86,1.00,234.46,478.67,0.7992,-1,-1,-1
218,2,-9.49,0.28,199.44,477.83,0.7906,-1,-1,-1
218,22,183.41,67.59,92.96,332.39,0.8689,-1,-1,-1
218,24,482.97,182.09,31.70,93.82,0.7213,-1,-1,-1
219,1,271.71,0.41,230.88,479.45,0.8272,-1,-1,-1
219,2,-7.79,0.31,197.51,476.82,0.8156,-1,-1,-1
219,22,188.13,73.42,93.14,326.46,0.8703,-1,-1,-1
219,24,481.30,180.92,31.78,94.32,0.7533,-1,-1,-1
220,1,276.11,6.60,224.14,472.33,0.7502,-1,-1,-1
220,2,-5.70,0.26,196.38,476.49,0.8105,-1,-1,-1
220,22,192.12,79.09,92.32,318.57,0.8613,-1,-1,-1
220,24,479.77,180.34,32.10,95.60,0.7701,-1,-1,-1
220,35,510.66,184.35,27.92,84.11,0.5773,-1,-1,-1
221,1,271.46,17.30,219.36,461.93,0.8683,-1,-1,-1
221,2,-2.87,0.71,195.89,475.96,0.7595,-1,-1,-1
221,22,196.20,86.25,90.10,305.22,0.8713,-1,-1,-1
221,24,480.43,181.11,31.17,94.48,0.7413,-1,-1,-1
221,35,508.11,184.28,28.25,84.54,0.6150,-1,-1,-1
222,1,277.50,25.32,215.17,454.01,0.9130,-1,-1,-1
222,2,-0.27,1.83,196.58,477.07,0.5482,-1,-1,-1
222,22,202.44,90.51,88.09,292.99,0.8688,-1,-1,-1
222,24,482.53,182.25,29.98,92.71,0.6505,-1,-1,-1
222,35,507.21,183.00,28.94,86.02,0.6739,-1,-1,-1
223,1,284.49,31.10,212.09,448.73,0.8906,-1,-1,-1
223,2,4.90,1.11,196.92,473.85,0.7694,-1,-1,-1
223,22,208.27,93.34,84.77,277.33,0.8623,-1,-1,-1
224,1,288.25,34.79,209.96,445.22,0.9124,-1,-1,-1
224,2,7.20,1.00,198.98,474.54,0.6642,-1,-1,-1
224,22,212.45,95.73,83.67,270.64,0.8636,-1,-1,-1
224,37,537.76,203.12,22.56,50.65,0.5157,-1,-1,-1
224,24,484.60,182.48,29.95,94.95,0.5208,-1,-1,-1
225,1,290.22,38.48,207.40,440.87,0.9179,-1,-1,-1
225,2,8.37,0.33,201.83,476.85,0.8392,-1,-1,-1
225,22,216.89,101.08,82.64,265.16,0.8740,-1,-1,-1
225,37,537.95,201.51,23.45,52.71,0.5121,-1,-1,-1
225,24,485.16,183.67,29.79,94.75,0.6243,-1,-1,-1
226,1,290.62,42.77,204.43,437.04,0.9127,-1,-1,-1
226,2,10.71,1.55,203.53,474.90,0.8229,-1,-1,-1
226,22,221.53,106.91,81.36,259.69,0.8761,-1,-1,-1
226,37,538.71,201.71,23.81,53.56,0.5074,-1,-1,-1
226,24,484.32,181.40,30.51,97.28,0.6673,-1,-1,-1
227,1,291.56,48.46,200.09,431.52,0.9026,-1,-1,-1
227,2,10.75,1.31,205.98,475.45,0.8159,-1,-1,-1
227,22,225.88,111.15,79.35,250.54,0.8699,-1,-1,-1
227,37,539.10,201.12,23.98,54.12,0.5437,-1,-1,-1
227,24,482.58,180.63,31.36,99.42,0.7179,-1,-1,-1
228,1,292.57,54.02,194.92,425.33,0.9124,-1,-1,-1
228,2,11.30,1.36,208.48,475.69,0.9135,-1,-1,-1
228,22,232.61,112.50,78.19,245.01,0.8428,-1,-1,-1
228,37,540.42,201.43,24.22,54.97,0.5633,-1,-1,-1
228,24,482.42,180.41,32.29,101.85,0.7388,-1,-1,-1
229,1,292.52,60.34,189.00,419.46,0.9038,-1,-1,-1
229,2,9.62,1.49,210.17,475.86,0.9023,-1,-1,-1
229,22,240.60,111.81,75.71,233.52,0.8608,-1,-1,-1
229,37,541.84,200.21,25.24,57.53,0.5926,-1,-1,-1
229,24,483.71,182.58,32.16,101.54,0.6981,-1,-1,-1
230,1,293.89,65.58,183.19,413.96,0.8855,-1,-1,-1
230,2,7.22,1.47,211.90,477.13,0.8908,-1,-1,-1
230,22,244.40,111.70,75.10,228.66,0.8486,-1,-1,-1
230,37,543.21,199.58,25.60,58.96,0.6460,-1,-1,-1
230,24,484.95,182.85,32.46,102.65,0.6962,-1,-1,-1
230,38,457.15,168.90,27.58,122.39,0.6901,-1,-1,-1
231,1,293.74,67.33,179.25,412.53,0.8866,-1,-1,-1
231,2,6.72,3.79,211.21,472.66,0.7200,-1,-1,-1
231,22,248.80,111.68,75.30,226.95,0.8647,-1,-1,-1
231,37,548.36,199.37,25.58,59.40,0.6640,-1,-1,-1
231,24,486.84,183.31,32.29,103.13,0.7233,-1,-1,-1
231,38,457.83,166.13,28.48,125.51,0.7728,-1,-1,-1
232,1,302.23,67.34,174.79,411.94,0.8691,-1,-1,-1
232,2,5.78,5.12,212.23,472.76,0.8021,-1,-1,-1
232,22,254.09,113.82,75.34,225.52,0.8517,-1,-1,-1
232,37,552.08,199.40,26.09,60.47,0.5282,-1,-1,-1
232,24,489.85,183.24,31.36,102.27,0.6563,-1,-1,-1
232,38,461.26,163.21,29.77,129.65,0.7573,-1,-1,-1
232,39,573.64,155.69,69.91,190.57,0.6592,-1,-1,-1
233,1,310.05,66.41,171.06,413.11,0.8699,-1,-1,-1
233,2,5.20,3.52,212.50,471.19,0.5810,-1,-1,-1
233,22,259.85,118.13,74.62,222.10,0.8270,-1,-1,-1
233,37,556.01,198.90,26.42,61.44,0.6117,-1,-1,-1
233,38,468.51,160.44,30.81,133.00,0.6889,-1,-1,-1
233,40,518.79,184.69,24.92,92.44,0.5433,-1,-1,-1
234,1,317.45,69.96,169.24,409.90,0.8999,-1,-1,-1
234,2,5.32,2.28,213.30,470.68,0.6604,-1,-1,-1
234,22,266.54,121.30,73.10,216.76,0.8079,-1,-1,-1
234,37,562.58,201.45,25.16,59.16,0.5038,-1,-1,-1
234,38,477.88,159.84,31.14,133.10,0.5218,-1,-1,-1
235,1,329.84,74.15,167.62,405.76,0.8958,-1,-1,-1
235,2,7.00,1.30,215.68,475.22,0.8443,-1,-1,-1
235,22,272.51,122.41,72.21,212.55,0.8104,-1,-1,-1
236,1,341.03,78.69,166.15,401.31,0.8977,-1,-1,-1
236,2,9.31,0.93,217.01,476.58,0.8866,-1,-1,-1
236,22,279.59,119.85,70.45,206.37,0.7916,-1,-1,-1
236,37,573.22,193.05,28.83,67.92,0.5551,-1,-1,-1
237,1,357.20,86.16,163.19,393.56,0.9058,-1,-1,-1
237,2,13.76,4.99,217.34,473.63,0.8752,-1,-1,-1
237,22,287.71,119.78,69.85,203.27,0.8394,-1,-1,-1
237,42,609.74,195.69,30.57,275.74,0.6431,-1,-1,-1
237,43,8.20,118.97,39.12,159.01,0.5859,-1,-1,-1
237,37,581.22,192.54,29.17,69.12,0.5668,-1,-1,-1
238,1,369.86,87.04,162.83,392.88,0.9026,-1,-1,-1
238,2,17.03,6.57,218.89,473.05,0.8706,-1,-1,-1
238,22,293.42,120.51,69.90,201.38,0.8212,-1,-1,-1
238,42,609.47,203.48,30.42,274.40,0.5991,-1,-1,-1
238,37,587.95,194.13,29.06,68.71,0.5369,-1,-1,-1
239,1,384.79,89.05,161.32,390.63,0.8984,-1,-1,-1
239,2,17.92,11.72,219.80,468.00,0.8337,-1,-1,-1
239,22,302.56,123.81,68.39,198.10,0.7860,-1,-1,-1
239,45,365.78,175.79,20.06,86.74,0.5241,-1,-1,-1
240,1,398.05,87.60,156.63,377.83,0.8860,-1,-1,-1
240,2,26.41,14.32,220.75,464.79,0.7606,-1,-1,-1
240,22,306.77,125.11,67.22,194.07,0.7561,-1,-1,-1
240,46,253.72,159.61,33.10,116.09,0.7075,-1,-1,-1
240,43,10.20,164.24,25.33,99.51,0.5318,-1,-1,-1
240,37,596.75,190.44,30.47,71.84,0.5210,-1,-1,-1
241,1,408.68,85.48,155.42,375.32,0.8927,-1,-1,-1
241,2,23.14,14.98,223.80,461.74,0.7141,-1,-1,-1
241,22,312.91,124.45,67.68,192.78,0.7989,-1,-1,-1
242,1,412.93,87.12,154.86,375.67,0.8769,-1,-1,-1
242,2,39.50,11.49,226.28,467.38,0.8343,-1,-1,-1
242,22,307.29,123.23,69.75,191.44,0.8221,-1,-1,-1
242,47,393.84,180.24,22.77,80.84,0.5069,-1,-1,-1
242,42,598.26,168.93,35.23,310.74,0.7150,-1,-1,-1
243,1,413.86,88.94,154.79,378.02,0.8920,-1,-1,-1
243,2,47.98,8.62,227.10,469.68,0.8378,-1,-1,-1
243,22,309.49,122.55,69.68,188.82,0.8472,-1,-1,-1
243,47,393.26,180.75,22.89,80.99,0.5727,-1,-1,-1
243,39,529.34,20.43,157.03,458.54,0.7338,-1,-1,-1
244,1,419.27,90.57,153.29,377.54,0.8873,-1,-1,-1
244,2,62.25,7.53,224.80,469.05,0.7835,-1,-1,-1
244,22,314.61,121.37,69.10,188.25,0.7005,-1,-1,-1
244,47,394.19,179.31,23.46,82.84,0.5854,-1,-1,-1
244,48,16.27,168.04,45.91,85.97,0.7447,-1,-1,-1
244,39,520.61,5.38,157.15,479.48,0.8332,-1,-1,-1
245,1,421.40,89.12,152.86,381.74,0.8594,-1,-1,-1
245,2,68.59,8.99,218.47,456.04,0.8552,-1,-1,-1
245,22,314.03,121.43,69.98,190.30,0.7877,-1,-1,-1
245,47,393.13,179.39,23.51,82.71,0.6204,-1,-1,-1
245,39,513.38,-2.54,154.97,488.20,0.7258,-1,-1,-1
246,1,422.25,87.79,149.40,381.19,0.8571,-1,-1,-1
246,2,70.89,9.07,221.06,463.68,0.9022,-1,-1,-1
246,22,311.74,121.32,70.23,189.50,0.8129,-1,-1,-1
246,47,390.48,176.05,24.57,85.93,0.5734,-1,-1,-1
246,39,512.46,-5.45,151.18,491.23,0.7496,-1,-1,-1
246,43,5.44,163.03,24.14,90.79,0.7542,-1,-1,-1
247,1,426.33,86.49,142.22,369.31,0.8353,-1,-1,-1
247,2,74.64,9.72,220.34,465.25,0.9034,-1,-1,-1
247,22,310.22,122.10,70.24,189.06,0.8134,-1,-1,-1
247,47,387.93,175.93,24.51,85.41,0.6345,-1,-1,-1
247,39,502.76,-5.79,149.84,490.71,0.8081,-1,-1,-1
247,50,407.15,171.15,38.40,107.31,0.7496,-1,-1,-1
247,51,28.84,195.49,19.96,38.22,0.5784,-1,-1,-1
247,43,-0.63,164.78,23.02,89.14,0.6918,-1,-1,-1
248,1,432.93,87.71,137.11,357.54,0.8476,-1,-1,-1
248,2,79.01,9.14,219.72,468.05,0.8323,-1,-1,-1
248,22,309.39,122.65,70.48,189.02,0.8410,-1,-1,-1
248,47,385.83,174.66,25.14,86.93,0.6754,-1,-1,-1
248,39,506.82,-5.47,146.71,490.92,0.8615,-1,-1,-1
248,50,405.90,171.79,38.46,107.72,0.7694,-1,-1,-1
248,51,26.99,194.90,20.22,38.76,0.6141,-1,-1,-1
249,1,439.22,87.22,135.86,358.06,0.7634,-1,-1,-1
249,2,86.12,7.83,218.56,470.45,0.8886,-1,-1,-1
249,22,312.66,122.22,69.98,186.83,0.8361,-1,-1,-1
249,47,386.80,173.89,25.70,87.97,0.6865,-1,-1,-1
249,39,499.46,-5.19,146.12,489.17,0.8527,-1,-1,-1
249,50,407.57,170.55,39.23,110.25,0.7719,-1,-1,-1
249,51,27.46,195.23,19.91,38.32,0.5671,-1,-1,-1
249,52,288.01,169.42,27.79,92.56,0.6555,-1,-1,-1
250,1,450.10,87.72,135.97,362.42,0.6550,-1,-1,-1
250,2,96.49,7.89,216.24,470.54,0.9175,-1,-1,-1
250,22,318.58,122.93,68.85,182.95,0.8530,-1,-1,-1
250,47,389.88,174.35,26.65,90.36,0.6790,-1,-1,-1
250,39,498.42,-4.81,145.55,489.30,0.8216,-1,-1,-1
250,50,410.77,171.48,39.95,112.80,0.7797,-1,-1,-1
250,51,30.70,196.59,20.31,39.25,0.5369,-1,-1,-1
250,52,293.13,172.09,27.46,91.84,0.5936,-1,-1,-1
251,2,106.60,9.38,213.52,470.18,0.9128,-1,-1,-1
251,22,323.16,123.73,68.30,181.79,0.8604,-1,-1,-1
251,47,393.02,174.61,26.97,91.41,0.6133,-1,-1,-1
251,39,501.44,-4.60,144.05,488.98,0.8438,-1,-1,-1
251,50,412.64,170.82,40.79,115.71,0.7772,-1,-1,-1
251,51,32.70,197.00,20.67,40.29,0.5071,-1,-1,-1
252,2,116.13,14.53,209.40,465.44,0.8903,-1,-1,-1
252,22,326.70,127.18,67.78,180.96,0.8593,-1,-1,-1
252,47,395.91,176.20,27.25,92.36,0.5378,-1,-1,-1
252,39,506.70,-2.28,140.35,482.52,0.8710,-1,-1,-1
252,50,413.97,173.34,41.02,117.15,0.7352,-1,-1,-1
252,53,72.51,179.21,41.75,90.26,0.6008,-1,-1,-1
253,2,127.59,23.83,203.58,456.19,0.8998,-1,-1,-1
253,22,332.39,129.76,67.92,181.37,0.8574,-1,-1,-1
253,47,399.24,174.65,27.90,94.78,0.5319,-1,-1,-1
253,39,511.25,0.31,136.82,476.94,0.8819,-1,-1,-1
253,50,417.26,174.08,41.68,119.88,0.6896,-1,-1,-1
253,53,69.79,179.92,43.14,92.99,0.7021,-1,-1,-1
253,54,462.24,143.72,56.49,177.75,0.7376,-1,-1,-1
254,2,137.61,27.64,199.96,452.10,0.8914,-1,-1,-1
254,22,336.70,132.79,66.96,179.83,0.8497,-1,-1,-1
254,39,515.15,0.68,134.78,478.41,0.8783,-1,-1,-1
254,50,419.19,172.43,42.43,122.97,0.6798,-1,-1,-1
254,53,68.68,180.00,43.38,93.41,0.6662,-1,-1,-1
254,54,460.08,141.96,57.45,180.85,0.7379,-1,-1,-1
255,2,138.84,35.06,198.32,444.87,0.8651,-1,-1,-1
255,22,339.85,136.13,65.87,178.51,0.8388,-1,-1,-1
255,39,516.73,0.98,133.04,479.88,0.8989,-1,-1,-1
255,50,417.81,172.14,43.02,125.80,0.6404,-1,-1,-1
255,53,59.69,180.46,44.67,96.57,0.6410,-1,-1,-1
255,54,450.27,142.01,59.54,186.09,0.8488,-1,-1,-1
256,2,156.12,36.13,196.57,443.40,0.8960,-1,-1,-1
256,22,342.09,135.36,64.69,177.09,0.7647,-1,-1,-1
256,39,517.03,-0.79,131.69,481.41,0.9070,-1,-1,-1
256,50,414.39,169.51,43.73,129.64,0.5564,-1,-1,-1
256,53,43.77,178.86,46.30,99.96,0.6230,-1,-1,-1
256,54,441.13,141.50,61.77,190.14,0.8100,-1,-1,-1
256,24,497.33,168.48,42.42,134.15,0.5908,-1,-1,-1
257,2,164.01,36.75,194.90,441.84,0.8837,-1,-1,-1
257,22,342.16,134.03,63.16,176.01,0.7822,-1,-1,-1
257,39,517.00,-1.57,130.53,482.62,0.9039,-1,-1,-1
257,53,27.50,178.88,48.02,101.66,0.6379,-1,-1,-1
257,54,436.27,139.63,64.39,195.39,0.8734,-1,-1,-1
257,56,66.11,132.13,75.83,175.04,0.7949,-1,-1,-1
257,24,493.71,167.67,45.74,140.59,0.6823,-1,-1,-1
258,2,159.62,31.31,197.37,446.44,0.8612,-1,-1,-1
258,22,341.25,133.79,63.05,177.95,0.7985,-1,-1,-1
258,39,502.13,-1.54,133.26,483.18,0.8379,-1,-1,-1
258,54,421.41,134.14,68.09,205.00,0.8205,-1,-1,-1
258,56,48.58,132.28,77.91,178.88,0.8589,-1,-1,-1
258,24,488.45,165.08,48.59,146.64,0.6868,-1,-1,-1
259,2,156.25,29.89,198.35,448.31,0.8737,-1,-1,-1
259,22,340.87,135.84,61.60,177.00,0.7992,-1,-1,-1
259,39,491.71,-1.77,136.70,483.49,0.8553,-1,-1,-1
259,54,403.99,129.71,70.57,212.12,0.8711,-1,-1,-1
259,56,29.67,129.89,80.97,183.89,0.8813,-1,-1,-1
259,24,485.32,163.60,50.95,149.45,0.6150,-1,-1,-1
260,2,148.76,28.61,199.20,450.78,0.9072,-1,-1,-1
260,22,336.29,139.72,60.05,174.48,0.7811,-1,-1,-1
260,39,496.74,-0.92,136.99,482.55,0.8915,-1,-1,-1
260,54,391.81,127.54,73.81,222.35,0.7486,-1,-1,-1
260,56,11.65,127.72,84.87,191.08,0.8999,-1,-1,-1
260,24,476.71,149.23,57.08,168.42,0.6934,-1,-1,-1
261,2,138.30,27.58,199.19,452.26,0.8995,-1,-1,-1
261,22,328.00,144.21,59.19,172.25,0.8075,-1,-1,-1
261,39,495.06,-0.33,138.10,481.21,0.9111,-1,-1,-1
261,54,374.42,128.01,78.27,231.14,0.8355,-1,-1,-1
261,56,-3.05,124.89,86.45,195.45,0.8625,-1,-1,-1
261,24,466.60,146.85,57.86,176.13,0.6191,-1,-1,-1
262,2,123.69,24.01,200.08,455.61,0.8415,-1,-1,-1
262,22,320.53,146.33,58.08,169.48,0.6457,-1,-1,-1
262,39,483.13,0.25,141.74,479.17,0.8910,-1,-1,-1
262,54,352.42,127.61,83.29,239.43,0.8337,-1,-1,-1
263,2,111.36,15.98,202.83,463.94,0.8953,-1,-1,-1
263,39,471.27,-0.07,147.15,479.49,0.9250,-1,-1,-1
263,54,331.57,122.76,89.14,253.50,0.8725,-1,-1,-1
264,2,102.65,12.15,203.19,467.01,0.8477,-1,-1,-1
264,39,463.41,-0.30,152.68,480.39,0.9050,-1,-1,-1
264,54,322.38,118.48,93.52,262.84,0.8487,-1,-1,-1
265,2,86.41,9.10,206.01,470.37,0.8510,-1,-1,-1
265,39,456.94,-0.13,157.71,479.07,0.9102,-1,-1,-1
265,54,290.07,110.81,96.64,276.48,0.7723,-1,-1,-1
266,2,82.97,8.79,206.76,470.74,0.8523,-1,-1,-1
266,39,450.84,-0.05,162.94,478.07,0.8698,-1,-1,-1
266,54,271.12,102.51,97.02,286.43,0.7699,-1,-1,-1
266,57,370.89,156.98,47.99,159.11,0.7845,-1,-1,-1
266,22,329.41,147.74,52.89,158.58,0.7443,-1,-1,-1
267,2,71.46,7.07,209.31,471.76,0.8257,-1,-1,-1
267,39,446.44,0.13,168.07,477.78,0.9143,-1,-1,-1
267,54,252.01,92.59,98.12,293.92,0.7856,-1,-1,-1
267,57,367.47,149.27,49.69,163.87,0.7855,-1,-1,-1
267,22,318.99,142.75,52.56,158.15,0.8247,-1,-1,-1
268,2,56.56,2.56,214.89,477.04,0.7727,-1,-1,-1
268,39,443.76,0.05,172.61,477.38,0.9181,-1,-1,-1
268,54,237.85,81.53,99.76,301.37,0.5002,-1,-1,-1
268,57,363.89,142.25,50.88,166.32,0.7798,-1,-1,-1
268,22,312.02,136.89,53.29,160.09,0.8494,-1,-1,-1
269,2,52.20,0.32,220.48,479.56,0.8081,-1,-1,-1
269,39,440.43,0.27,176.75,475.82,0.9117,-1,-1,-1
269,57,353.79,136.03,52.44,170.45,0.7764,-1,-1,-1
269,22,308.90,132.14,52.96,158.97,0.8000,-1,-1,-1
270,2,50.41,-0.04,223.99,479.90,0.8814,-1,-1,-1
270,39,432.40,0.28,182.61,476.73,0.9088,-1,-1,-1
270,57,341.78,119.39,54.20,175.81,0.7991,-1,-1,-1
270,22,306.14,117.44,51.85,159.60,0.7387,-1,-1,-1
271,2,47.19,-0.22,226.27,477.15,0.8834,-1,-1,-1
271,39,425.93,0.25,188.78,478.92,0.9133,-1,-1,-1
271,57,331.73,94.20,56.07,181.20,0.7889,-1,-1,-1
271,22,306.72,94.18,50.49,161.11,0.5844,-1,-1,-1
271,58,586.45,110.97,58.28,264.89,0.5437,-1,-1,-1
272,2,46.16,-0.14,218.76,453.88,0.7821,-1,-1,-1
272,39,420.74,-0.02,194.31,480.00,0.9158,-1,-1,-1
272,57,320.40,59.25,59.17,189.75,0.8086,-1,-1,-1
273,2,39.91,0.20,219.17,448.37,0.6985,-1,-1,-1
273,39,417.81,-0.11,199.01,480.32,0.9118,-1,-1,-1
273,57,313.19,42.23,61.06,194.80,0.7510,-1,-1,-1
274,2,51.40,-0.29,223.81,468.05,0.7080,-1,-1,-1
274,39,415.92,0.07,201.63,476.07,0.9034,-1,-1,-1
274,57,307.94,45.20,62.90,199.19,0.7752,-1,-1,-1
274,59,254.09,76.86,59.76,143.37,0.7571,-1,-1,-1
275,2,36.94,-0.29,225.85,473.59,0.8454,-1,-1,-1
275,39,412.36,0.05,205.35,475.82,0.8676,-1,-1,-1
275,57,298.91,58.98,64.34,203.33,0.7900,-1,-1,-1
275,59,255.42,95.26,58.11,140.31,0.6510,-1,-1,-1
275,58,584.99,10.17,69.42,322.28,0.5052,-1,-1,-1
276,2,33.89,0.02,222.80,469.63,0.8090,-1,-1,-1
276,39,414.00,0.15,208.80,477.61,0.9043,-1,-1,-1
276,57,294.09,83.60,65.60,205.68,0.8094,-1,-1,-1
277,2,38.23,-0.24,211.59,447.66,0.8311,-1,-1,-1
277,39,414.14,0.13,211.86,479.22,0.9186,-1,-1,-1
277,57,285.57,100.26,67.24,210.13,0.7238,-1,-1,-1
278,2,23.38,-0.31,219.42,467.51,0.8500,-1,-1,-1
278,39,407.24,0.05,212.86,479.89,0.9041,-1,-1,-1
278,57,273.50,107.25,69.68,217.21,0.7791,-1,-1,-1
279,2,10.03,14.18,214.75,459.29,0.8796,-1,-1,-1
279,39,390.97,-0.06,213.37,479.73,0.8974,-1,-1,-1
279,57,259.02,120.46,71.83,223.14,0.7787,-1,-1,-1
279,61,321.30,145.24,45.13,144.03,0.6580,-1,-1,-1
279,58,576.84,50.64,67.64,316.41,0.8095,-1,-1,-1
280,2,-6.25,18.84,211.11,457.35,0.8899,-1,-1,-1
280,39,371.43,-0.12,213.85,478.79,0.8895,-1,-1,-1
280,57,239.21,124.10,73.54,228.16,0.7875,-1,-1,-1
280,61,306.78,148.47,45.88,145.91,0.8051,-1,-1,-1
280,63,175.13,144.51,66.19,200.50,0.8066,-1,-1,-1
280,58,570.90,57.08,67.89,314.70,0.8290,-1,-1,-1
281,2,-25.12,8.88,210.13,470.15,0.9054,-1,-1,-1
281,39,348.29,0.19,215.98,479.44,0.9069,-1,-1,-1
281,57,206.49,112.07,77.30,239.85,0.7881,-1,-1,-1
281,63,151.23,135.32,66.41,200.70,0.8363,-1,-1,-1
281,58,557.26,57.41,68.18,309.10,0.8293,-1,-1,-1
281,59,265.01,138.40,59.38,144.92,0.8328,-1,-1,-1
282,2,-36.90,10.39,200.45,467.97,0.8910,-1,-1,-1
282,39,339.64,0.38,218.19,479.60,0.9030,-1,-1,-1
282,57,174.26,108.17,81.32,252.22,0.8023,-1,-1,-1
282,63,128.78,134.18,62.70,191.66,0.6079,-1,-1,-1
282,59,256.43,145.21,57.95,144.48,0.8065,-1,-1,-1
283,2,-37.31,17.84,189.65,460.13,0.8595,-1,-1,-1
283,39,348.52,0.07,219.91,480.03,0.8830,-1,-1,-1
283,57,154.34,112.10,85.49,263.25,0.8316,-1,-1,-1
283,63,109.89,158.44,51.86,158.99,0.6085,-1,-1,-1
283,59,254.67,156.32,56.36,144.74,0.7235,-1,-1,-1
283,66,306.52,122.36,70.07,278.78,0.6678,-1,-1,-1
283,61,291.30,92.24,58.83,186.60,0.5575,-1,-1,-1
284,2,-33.25,17.77,184.07,461.19,0.8169,-1,-1,-1
284,39,369.85,0.41,220.44,479.73,0.8913,-1,-1,-1
284,57,147.69,112.29,88.74,271.51,0.8489,-1,-1,-1
284,63,110.29,164.71,49.03,151.19,0.7253,-1,-1,-1
284,59,263.16,161.54,55.06,144.79,0.7296,-1,-1,-1
284,66,319.48,127.79,72.36,287.09,0.7438,-1,-1,-1
284,61,292.20,83.61,69.01,219.59,0.5066,-1,-1,-1
285,2,-27.86,18.05,179.45,461.58,0.8868,-1,-1,-1
285,39,398.53,0.51,220.88,479.63,0.9175,-1,-1,-1
285,57,150.22,107.52,90.68,277.77,0.8549,-1,-1,-1
285,63,114.53,163.01,49.80,154.24,0.6721,-1,-1,-1
285,59,276.31,162.30,52.90,142.96,0.7029,-1,-1,-1
285,66,337.30,95.09,81.61,323.23,0.8513,-1,-1,-1
285,61,296.93,73.37,81.21,261.77,0.7349,-1,-1,-1
286,2,-21.07,25.79,173.38,454.36,0.9024,-1,-1,-1
286,39,421.45,0.59,218.43,479.09,0.9100,-1,-1,-1
286,57,155.06,105.63,92.65,283.98,0.8644,-1,-1,-1
286,63,119.88,165.21,50.09,156.93,0.6712,-1,-1,-1
286,66,356.72,79.11,89.91,354.20,0.8755,-1,-1,-1
286,61,304.58,68.25,86.77,282.04,0.6261,-1,-1,-1
287,2,-15.15,34.07,168.08,446.24,0.8947,-1,-1,-1
287,39,441.65,0.18,213.71,479.35,0.8892,-1,-1,-1
287,57,161.35,104.22,95.10,289.88,0.8161,-1,-1,-1
287,63,125.81,164.38,50.79,161.80,0.6259,-1,-1,-1
287,66,376.03,66.47,97.73,380.75,0.8855,-1,-1,-1
287,61,315.67,66.54,90.25,295.70,0.7646,-1,-1,-1
288,2,-10.92,38.51,164.88,441.82,0.8996,-1,-1,-1
288,39,462.11,0.02,206.49,479.61,0.8587,-1,-1,-1
288,57,164.85,100.43,98.24,300.66,0.8313,-1,-1,-1
288,63,131.64,162.28,51.02,163.77,0.6094,-1,-1,-1
288,66,397.75,55.52,105.77,404.27,0.8844,-1,-1,-1
288,61,327.76,61.47,93.01,306.62,0.8195,-1,-1,-1
288,59,272.00,170.51,47.74,133.93,0.5886,-1,-1,-1
289,2,-4.40,47.95,161.29,432.16,0.9024,-1,-1,-1
289,39,492.96,3.94,192.74,474.40,0.8151,-1,-1,-1
289,57,173.71,100.40,101.97,313.23,0.8151,-1,-1,-1
289,63,143.18,160.28,53.61,170.78,0.6040,-1,-1,-1
289,66,420.60,48.69,113.21,423.81,0.8817,-1,-1,-1
289,61,343.24,57.15,95.65,317.70,0.7690,-1,-1,-1
289,59,259.20,163.23,56.98,164.01,0.6808,-1,-1,-1
289,58,516.52,74.23,76.25,360.14,0.5403,-1,-1,-1
290,2,3.14,56.70,159.57,423.29,0.8948,-1,-1,-1
290,57,184.82,98.94,105.55,325.29,0.8002,-1,-1,-1
290,63,151.07,158.10,54.32,175.13,0.6925,-1,-1,-1
290,66,446.55,37.85,121.30,443.14,0.8745,-1,-1,-1
290,61,360.22,50.28,100.47,336.93,0.8410,-1,-1,-1
290,59,271.91,162.98,58.57,174.27,0.5818,-1,-1,-1
291,2,8.42,57.86,160.95,422.29,0.8691,-1,-1,-1
291,57,197.66,93.70,109.93,340.97,0.8386,-1,-1,-1
291,63,159.91,154.16,54.74,178.03,0.7067,-1,-1,-1
291,66,470.94,25.56,128.56,455.44,0.8856,-1,-1,-1
291,61,380.69,41.89,105.37,352.71,0.8330,-1,-1,-1
291,59,291.89,163.50,58.60,176.94,0.6888,-1,-1,-1
291,69,571.03,57.84,78.07,390.30,0.6427,-1,-1,-1
292,2,15.28,56.42,163.04,423.35,0.8850,-1,-1,-1
292,57,210.53,89.61,115.29,358.94,0.8385,-1,-1,-1
292,63,168.19,155.90,54.59,177.01,0.7101,-1,-1,-1
292,66,488.63,12.65,135.39,470.16,0.8920,-1,-1,-1
292,61,398.67,35.41,110.86,370.69,0.8805,-1,-1,-1
292,59,312.53,166.92,58.54,176.62,0.7875,-1,-1,-1
293,2,17.99,49.96,166.97,430.07,0.9074,-1,-1,-1
293,57,220.47,80.82,118.53,371.62,0.8477,-1,-1,-1
293,63,170.49,152.32,56.51,181.35,0.5395,-1,-1,-1
293,66,499.12,0.30,140.26,483.43,0.8871,-1,-1,-1
293,61,412.68,25.90,118.73,396.34,0.8619,-1,-1,-1
293,59,328.26,169.06,58.90,175.89,0.8566,-1,-1,-1
294,2,25.76,48.06,168.68,432.05,0.8777,-1,-1,-1
294,57,229.51,71.85,123.60,389.79,0.8386,-1,-1,-1
294,66,511.73,-3.21,139.97,485.94,0.8183,-1,-1,-1
294,61,427.19,17.12,126.20,419.39,0.8433,-1,-1,-1
294,59,345.41,168.50,59.80,176.73,0.8115,-1,-1,-1
295,2,38.18,47.92,169.60,432.04,0.7477,-1,-1,-1
295,57,236.75,61.83,128.86,408.95,0.8833,-1,-1,-1
295,66,529.80,39.67,126.36,443.44,0.8526,-1,-1,-1
295,61,441.97,8.40,133.31,440.11,0.8817,-1,-1,-1
295,59,364.17,167.24,59.25,174.75,0.7780,-1,-1,-1
296,2,30.37,53.25,172.24,425.69,0.8221,-1,-1,-1
296,57,242.99,53.21,132.52,423.40,0.8884,-1,-1,-1
296,61,454.55,0.68,140.37,459.20,0.8690,-1,-1,-1
296,59,379.72,165.89,59.73,177.12,0.8128,-1,-1,-1
296,70,219.61,194.51,38.16,114.64,0.7645,-1,-1,-1
296,69,556.88,62.92,83.26,416.30,0.7014,-1,-1,-1
297,2,28.44,55.07,176.36,423.31,0.8672,-1,-1,-1
297,57,244.58,40.26,136.89,439.11,0.8809,-1,-1,-1
297,61,466.89,-3.05,145.75,469.79,0.8799,-1,-1,-1
297,59,389.92,164.03,60.65,177.24,0.8627,-1,-1,-1
297,71,2.05,126.72,68.55,206.77,0.7810,-1,-1,-1
298,2,46.62,55.45,177.26,423.31,0.7866,-1,-1,-1
298,57,240.44,24.56,142.54,457.15,0.8797,-1,-1,-1
298,61,476.35,-4.15,151.74,482.04,0.9150,-1,-1,-1
298,59,406.03,166.03,62.09,174.04,0.8573,-1,-1,-1
298,71,-3.17,122.47,65.35,197.74,0.8388,-1,-1,-1
299,2,59.32,54.71,177.68,423.59,0.8572,-1,-1,-1
299,57,237.56,12.24,146.06,470.77,0.8843,-1,-1,-1
299,61,481.09,-4.17,154.73,486.65,0.9084,-1,-1,-1
299,59,415.08,168.21,63.64,171.35,0.8671,-1,-1,-1
299,71,-6.71,117.88,65.82,200.46,0.8598,-1,-1,-1
300,2,70.27,52.34,177.68,427.09,0.8131,-1,-1,-1
300,57,229.10,2.20,148.70,479.92,0.8594,-1,-1,-1
300,61,487.89,-4.14,155.14,488.13,0.8959,-1,-1,-1
300,59,421.59,166.40,65.67,171.86,0.8894,-1,-1,-1
300,71,-4.61,131.08,64.95,198.54,0.8118,-1,-1,-1
300,72,371.68,168.23,41.84,136.38,0.7342,-1,-1,-1
301,2,75.66,49.57,175.98,429.56,0.8624,-1,-1,-1
301,57,221.27,-1.57,151.95,484.32,0.9034,-1,-1,-1
301,61,493.32,-3.86,154.07,487.01,0.9061,-1,-1,-1
301,59,426.74,164.89,67.12,172.62,0.8430,-1,-1,-1
301,71,-0.11,144.83,59.81,182.22,0.7264,-1,-1,-1
301,72,371.43,166.69,42.77,138.56,0.7594,-1,-1,-1
302,2,80.07,44.73,172.99,431.60,0.7945,-1,-1,-1
302,57,199.90,-2.82,154.98,484.66,0.8283,-1,-1,-1
302,61,500.98,-3.43,151.94,487.08,0.9075,-1,-1,-1
302,59,438.69,162.09,67.03,173.39,0.7802,-1,-1,-1
302,71,-0.44,146.34,56.29,171.97,0.6397,-1,-1,-1
302,72,373.61,165.00,44.49,141.58,0.6599,-1,-1,-1
303,2,103.59,15.30,188.51,463.35,0.6799,-1,-1,-1
303,61,509.87,-3.12,148.39,486.72,0.9000,-1,-1,-1
303,59,450.21,160.16,67.49,174.13,0.7804,-1,-1,-1
303,71,6.01,146.94,54.94,168.42,0.6055,-1,-1,-1
303,72,383.86,163.27,45.46,143.20,0.6279,-1,-1,-1
303,73,56.01,103.21,77.21,307.30,0.6893,-1,-1,-1
304,2,107.43,4.31,191.83,472.94,0.7526,-1,-1,-1
304,59,459.56,158.66,67.11,173.72,0.8056,-1,-1,-1
304,72,388.36,160.76,45.39,141.66,0.6639,-1,-1,-1
304,73,30.35,94.72,76.05,299.26,0.8245,-1,-1,-1
304,74,343.38,191.72,32.64,121.59,0.6366,-1,-1,-1
304,69,541.92,5.57,95.58,475.35,0.8459,-1,-1,-1
305,59,465.06,160.68,66.55,172.41,0.8322,-1,-1,-1
305,72,388.81,160.19,47.17,146.73,0.7339,-1,-1,-1
305,73,29.28,90.97,78.41,301.08,0.8745,-1,-1,-1
305,74,345.92,189.84,34.16,125.50,0.7112,-1,-1,-1
305,76,277.31,156.99,39.44,149.81,0.5748,-1,-1,-1
305,77,291.93,157.43,67.26,159.23,0.5843,-1,-1,-1
305,69,547.73,4.02,94.32,475.91,0.7596,-1,-1,-1
306,59,469.47,161.29,66.43,170.60,0.8049,-1,-1,-1
306,72,389.20,159.07,48.29,148.61,0.7649,-1,-1,-1
306,74,350.70,188.67,34.42,125.77,0.5545,-1,-1,-1
306,76,271.76,160.15,38.88,147.79,0.5980,-1,-1,-1
306,77,295.08,154.51,68.42,162.79,0.6876,-1,-1,-1
306,69,535.37,87.87,71.21,325.14,0.8043,-1,-1,-1
307,59,469.49,163.49,65.83,170.05,0.7173,-1,-1,-1
307,72,392.61,158.37,49.66,149.38,0.7865,-1,-1,-1
307,74,348.84,187.25,35.36,127.68,0.5542,-1,-1,-1
307,77,296.34,152.88,69.16,165.76,0.7663,-1,-1,-1
307,69,532.06,119.64,64.54,265.16,0.8132,-1,-1,-1
307,2,156.53,83.09,141.88,360.34,0.6156,-1,-1,-1
308,72,395.58,158.39,51.28,148.98,0.8040,-1,-1,-1
308,74,353.22,185.77,35.82,129.39,0.7032,-1,-1,-1
308,77,298.51,151.13,69.52,168.33,0.7903,-1,-1,-1
308,69,524.43,124.57,68.67,256.37,0.8262,-1,-1,-1
308,2,145.24,66.00,154.84,400.38,0.8631,-1,-1,-1
309,72,398.10,158.04,53.24,150.62,0.8140,-1,-1,-1
309,74,361.42,184.92,35.92,129.52,0.6370,-1,-1,-1
309,77,306.58,150.50,70.15,169.83,0.8433,-1,-1,-1
309,69,518.29,122.42,78.57,270.77,0.8728,-1,-1,-1
309,2,132.51,61.24,161.61,413.64,0.8760,-1,-1,-1
309,73,-7.44,4.58,121.01,468.80,0.5364,-1,-1,-1
310,72,399.14,158.40,54.76,153.30,0.7615,-1,-1,-1
310,74,369.46,185.32,37.48,131.37,0.6415,-1,-1,-1
310,77,309.37,151.39,71.43,171.83,0.8537,-1,-1,-1
310,69,518.44,122.23,87.34,282.91,0.8440,-1,-1,-1
310,2,125.18,77.97,159.86,400.24,0.8673,-1,-1,-1
310,79,466.85,174.31,32.67,118.44,0.6793,-1,-1,-1
311,72,399.39,158.73,56.26,156.68,0.7741,-1,-1,-1
311,74,373.12,186.53,39.15,133.06,0.6605,-1,-1,-1
311,77,306.25,152.10,72.99,173.83,0.8541,-1,-1,-1
311,69,515.19,119.07,98.42,304.42,0.8847,-1,-1,-1
311,2,124.34,82.17,159.86,397.34,0.8417,-1,-1,-1
311,79,463.64,176.65,32.31,116.70,0.7471,-1,-1,-1
311,71,-2.78,153.35,49.72,155.25,0.5226,-1,-1,-1
311,73,27.61,50.32,105.57,403.85,0.8240,-1,-1,-1
312,72,399.08,155.26,58.36,162.09,0.7224,-1,-1,-1
312,74,372.49,188.18,40.62,134.15,0.6159,-1,-1,-1
312,77,301.57,151.07,75.33,177.51,0.8819,-1,-1,-1
312,69,508.47,111.70,107.89,322.64,0.8926,-1,-1,-1
312,2,118.77,70.25,164.25,408.48,0.8811,-1,-1,-1
312,79,457.08,177.54,32.25,116.04,0.7328,-1,-1,-1
312,73,14.79,58.84,104.66,393.36,0.8998,-1,-1,-1
313,72,399.19,155.83,58.83,163.05,0.7334,-1,-1,-1
313,74,368.03,188.47,42.34,137.02,0.6820,-1,-1,-1
313,77,299.71,150.17,77.01,180.41,0.8425,-1,-1,-1
313,69,499.59,101.84,116.32,339.63,0.8804,-1,-1,-1
313,2,113.80,69.97,164.80,408.84,0.8785,-1,-1,-1
313,79,450.18,178.23,31.96,114.14,0.7120,-1,-1,-1
313,73,1.04,55.08,106.57,403.71,0.8864,-1,-1,-1
314,72,399.94,155.57,59.36,164.55,0.7813,-1,-1,-1
314,74,367.67,186.18,43.52,139.73,0.7039,-1,-1,-1
314,77,301.38,149.11,78.39,183.21,0.8190,-1,-1,-1
314,69,493.00,91.55,124.27,355.64,0.8714,-1,-1,-1
314,2,111.94,67.98,166.42,411.68,0.8714,-1,-1,-1
314,79,445.51,177.84,32.02,113.91,0.6567,-1,-1,-1
314,73,-9.97,45.20,108.94,422.75,0.8191,-1,-1,-1
315,72,407.24,158.03,59.88,163.86,0.7406,-1,-1,-1
315,74,374.51,188.40,45.02,143.90,0.6789,-1,-1,-1
315,77,305.58,150.82,78.66,186.89,0.8029,-1,-1,-1
315,69,489.32,83.22,135.53,381.91,0.8983,-1,-1,-1
315,2,115.99,69.30,166.77,410.69,0.8883,-1,-1,-1
315,71,14.15,150.10,60.97,178.90,0.7585,-1,-1,-1
316,72,414.75,157.07,59.89,163.26,0.7188,-1,-1,-1
316,74,383.19,188.55,47.77,145.49,0.8180,-1,-1,-1
316,77,310.71,147.66,79.58,191.72,0.7824,-1,-1,-1
316,69,486.17,72.45,144.51,404.00,0.9018,-1,-1,-1
316,2,120.77,66.84,168.73,413.27,0.8936,-1,-1,-1
316,71,19.14,147.18,61.85,179.99,0.8003,-1,-1,-1
317,72,423.34,156.31,60.81,166.49,0.7290,-1,-1,-1
317,74,394.89,188.58,50.97,147.93,0.5474,-1,-1,-1
317,77,319.38,144.88,81.29,196.27,0.8410,-1,-1,-1
317,69,486.03,58.57,150.91,422.22,0.9216,-1,-1,-1
317,2,126.73,66.23,169.65,413.22,0.8970,-1,-1,-1
317,71,26.31,146.02,61.09,179.67,0.8410,-1,-1,-1
318,72,431.69,156.38,60.86,167.12,0.7450,-1,-1,-1
318,74,404.25,186.27,53.87,151.16,0.7631,-1,-1,-1
318,77,325.23,142.66,82.94,200.03,0.8617,-1,-1,-1
318,69,486.58,46.44,154.93,435.90,0.9193,-1,-1,-1
318,2,133.41,67.29,170.86,412.59,0.8459,-1,-1,-1
318,71,30.77,145.88,61.01,180.15,0.8350,-1,-1,-1
319,72,440.09,151.95,61.78,170.42,0.6665,-1,-1,-1
319,74,413.24,184.52,55.88,152.37,0.5634,-1,-1,-1
319,77,331.59,131.54,88.34,211.77,0.8664,-1,-1,-1
319,69,488.86,24.95,159.58,456.51,0.9129,-1,-1,-1
319,2,140.02,70.19,170.13,408.50,0.8765,-1,-1,-1
319,71,36.40,145.59,60.71,178.75,0.8264,-1,-1,-1
320,74,421.58,176.50,58.85,159.52,0.6893,-1,-1,-1
320,77,337.88,131.32,89.55,211.28,0.8862,-1,-1,-1
320,69,494.43,7.23,161.63,475.05,0.8849,-1,-1,-1
320,2,149.90,73.49,169.68,405.65,0.8649,-1,-1,-1
320,71,38.89,143.80,61.91,178.25,0.8178,-1,-1,-1
321,77,346.00,126.72,92.27,215.32,0.8861,-1,-1,-1
321,71,45.94,138.03,63.26,179.65,0.8634,-1,-1,-1
321,57,183.45,52.21,143.62,427.26,0.8705,-1,-1,-1
321,72,450.66,167.18,57.49,163.89,0.5411,-1,-1,-1
322,77,356.81,119.30,94.74,219.16,0.8588,-1,-1,-1
322,71,55.78,132.02,63.32,178.98,0.8230,-1,-1,-1
322,57,190.25,47.57,149.70,432.18,0.8802,-1,-1,-1
322,72,468.47,162.98,59.54,168.25,0.6780,-1,-1,-1
322,59,571.74,62.90,90.09,260.71,0.7488,-1,-1,-1
323,77,375.66,114.74,96.66,224.48,0.8612,-1,-1,-1
323,71,68.63,127.02,62.50,177.43,0.8201,-1,-1,-1
323,57,201.05,42.94,154.94,436.87,0.9011,-1,-1,-1
323,72,480.75,163.02,60.07,168.80,0.5735,-1,-1,-1
323,82,142.63,104.94,75.50,213.65,0.8354,-1,-1,-1
323,74,462.36,166.79,43.12,117.43,0.7130,-1,-1,-1
324,77,391.08,109.49,97.08,229.19,0.8248,-1,-1,-1
324,71,76.67,123.37,62.14,177.04,0.7950,-1,-1,-1
324,57,209.74,35.84,160.43,444.01,0.9034,-1,-1,-1
324,72,499.92,159.64,65.11,172.32,0.7861,-1,-1,-1
324,82,139.72,99.15,78.25,221.16,0.8335,-1,-1,-1
324,74,471.97,163.80,39.66,109.47,0.6748,-1,-1,-1
325,77,406.47,102.45,97.89,236.41,0.8089,-1,-1,-1
325,71,76.31,122.04,63.63,177.04,0.7950,-1,-1,-1
325,57,220.20,33.89,163.70,445.98,0.9066,-1,-1,-1
325,72,517.31,155.27,68.81,176.32,0.7680,-1,-1,-1
325,82,129.23,92.87,84.23,237.96,0.8381,-1,-1,-1
325,79,382.37,144.41,49.53,174.80,0.7265,-1,-1,-1
326,77,418.40,98.53,98.22,242.93,0.8656,-1,-1,-1
326,71,77.37,122.82,66.22,178.23,0.7127,-1,-1,-1
326,57,224.46,35.57,165.73,444.30,0.8993,-1,-1,-1
326,72,531.30,152.54,70.56,179.10,0.6981,-1,-1,-1
326,82,119.87,89.15,87.84,247.87,0.8178,-1,-1,-1
326,79,383.09,142.15,50.55,178.42,0.6698,-1,-1,-1
327,77,427.47,94.40,99.04,248.05,0.8880,-1,-1,-1
327,71,77.94,123.05,66.26,177.13,0.6387,-1,-1,-1
327,57,228.87,37.08,167.50,441.57,0.8833,-1,-1,-1
327,72,554.34,146.93,71.48,182.62,0.8159,-1,-1,-1
327,82,105.45,82.61,91.70,258.24,0.8709,-1,-1,-1
327,79,388.65,139.74,51.32,180.14,0.7289,-1,-1,-1
328,77,432.13,92.86,100.45,251.24,0.8788,-1,-1,-1
328,57,228.42,39.90,170.55,436.86,0.8396,-1,-1,-1
328,72,566.59,144.50,73.49,188.71,0.7823,-1,-1,-1
328,82,89.92,78.26,97.12,274.47,0.7852,-1,-1,-1
328,87,1.21,125.26,29.45,159.55,0.7583,-1,-1,-1
329,77,431.15,91.51,102.31,254.61,0.8939,-1,-1,-1
329,57,232.72,40.19,173.67,438.57,0.8232,-1,-1,-1
329,72,569.70,145.14,74.00,189.60,0.8077,-1,-1,-1
329,82,65.26,69.84,102.89,289.39,0.8753,-1,-1,-1
329,87,7.07,125.10,29.52,158.06,0.7695,-1,-1,-1
330,77,427.83,92.18,104.38,259.28,0.8873,-1,-1,-1
330,57,241.42,36.89,175.69,442.63,0.8506,-1,-1,-1
330,72,568.56,147.99,74.95,190.59,0.7780,-1,-1,-1
330,82,47.16,63.02,108.32,304.91,0.8381,-1,-1,-1
330,87,9.19,129.60,29.74,156.40,0.6365,-1,-1,-1
330,89,543.16,108.76,75.10,215.55,0.5737,-1,-1,-1
330,74,505.25,138.64,57.69,158.45,0.6628,-1,-1,-1
331,77,428.25,92.82,105.59,263.36,0.8693,-1,-1,-1
331,57,244.51,34.19,177.35,445.62,0.8659,-1,-1,-1
331,82,27.44,55.41,113.23,318.47,0.8639,-1,-1,-1
331,87,8.96,131.98,30.56,157.48,0.6217,-1,-1,-1
331,89,549.24,110.28,77.97,225.04,0.7401,-1,-1,-1
331,74,504.74,136.88,59.80,162.88,0.5724,-1,-1,-1
331,79,396.07,141.38,56.96,190.93,0.6657,-1,-1,-1
332,77,439.03,89.34,105.58,265.87,0.8648,-1,-1,-1
332,57,244.84,29.66,179.67,450.17,0.9126,-1,-1,-1
332,82,4.78,44.46,118.70,335.98,0.8851,-1,-1,-1
332,89,557.43,107.96,76.54,221.15,0.7998,-1,-1,-1
332,79,405.50,138.13,58.11,195.98,0.6836,-1,-1,-1
333,77,446.77,87.59,104.11,266.85,0.8395,-1,-1,-1
333,57,245.57,26.59,180.99,453.34,0.8930,-1,-1,-1
333,82,-10.27,35.69,121.94,350.51,0.9165,-1,-1,-1
333,89,560.87,108.61,78.04,225.27,0.8702,-1,-1,-1
333,79,414.28,133.95,59.20,202.98,0.8001,-1,-1,-1
334,77,455.32,83.92,104.51,271.11,0.8788,-1,-1,-1
334,57,243.86,28.37,180.42,451.60,0.8954,-1,-1,-1
334,82,-25.66,25.91,122.50,366.04,0.8868,-1,-1,-1
334,89,559.64,108.73,77.92,223.55,0.9007,-1,-1,-1
334,79,416.70,131.28,60.86,209.02,0.8473,-1,-1,-1
335,77,459.03,83.53,103.81,272.79,0.8360,-1,-1,-1
335,57,242.84,28.86,179.58,449.30,0.9059,-1,-1,-1
335,82,-33.74,35.96,115.84,363.75,0.8330,-1,-1,-1
335,89,557.59,110.25,78.06,221.83,0.8956,-1,-1,-1
335,79,415.11,131.84,61.31,212.30,0.6963,-1,-1,-1
335,91,34.74,121.10,60.83,180.39,0.7376,-1,-1,-1
336,77,463.51,79.04,104.16,274.59,0.8487,-1,-1,-1
336,57,241.38,24.63,180.59,452.69,0.9050,-1,-1,-1
336,89,557.36,106.28,79.50,224.67,0.8826,-1,-1,-1
336,79,416.75,129.47,64.71,217.45,0.6553,-1,-1,-1
336,91,29.16,117.03,60.30,178.73,0.7521,-1,-1,-1
337,77,469.36,73.32,105.48,275.38,0.8443,-1,-1,-1
337,57,240.35,16.66,184.04,462.33,0.9129,-1,-1,-1
337,89,564.52,100.03,78.59,224.19,0.8723,-1,-1,-1
337,79,419.66,123.14,69.92,225.85,0.7624,-1,-1,-1
337,91,27.32,111.79,59.17,175.61,0.8423,-1,-1,-1
338,77,472.63,69.72,108.72,282.52,0.8408,-1,-1,-1
338,57,242.30,18.23,183.82,460.92,0.9027,-1,-1,-1
338,89,575.77,97.55,76.14,223.73,0.8011,-1,-1,-1
338,79,423.71,118.46,70.39,227.17,0.7688,-1,-1,-1
338,91,25.98,112.30,60.09,178.08,0.8275,-1,-1,-1
339,77,471.97,68.17,111.48,287.96,0.8681,-1,-1,-1
339,57,242.48,16.98,184.75,462.72,0.9062,-1,-1,-1
339,89,580.09,94.86,75.13,227.92,0.8486,-1,-1,-1
339,79,430.29,116.10,69.84,224.44,0.7680,-1,-1,-1
339,91,24.54,112.48,60.98,180.40,0.8276,-1,-1,-1
340,77,475.86,66.98,114.12,290.31,0.8770,-1,-1,-1
340,57,244.24,13.53,186.72,466.37,0.8863,-1,-1,-1
340,89,585.15,94.18,72.65,229.56,0.8175,-1,-1,-1
340,79,427.89,111.59,63.52,206.65,0.7668,-1,-1,-1
340,91,27.22,112.60,63.23,181.94,0.8413,-1,-1,-1
341,77,491.49,65.30,116.04,294.59,0.8618,-1,-1,-1
341,57,248.73,13.91,186.53,466.07,0.8715,-1,-1,-1
341,89,592.43,110.98,65.35,215.98,0.6625,-1,-1,-1
341,79,429.00,108.66,63.23,209.30,0.7800,-1,-1,-1
341,91,25.50,115.47,66.18,182.10,0.8640,-1,-1,-1
341,93,471.51,119.76,56.10,222.35,0.7191,-1,-1,-1
341,94,2.01,115.38,22.82,173.95,0.6964,-1,-1,-1
342,77,508.96,61.06,117.55,299.32,0.8154,-1,-1,-1
342,57,253.91,13.58,187.45,466.43,0.8401,-1,-1,-1
342,79,431.58,105.07,65.05,215.43,0.7182,-1,-1,-1
342,91,22.57,116.40,69.16,181.92,0.8865,-1,-1,-1
342,93,483.33,114.56,58.86,233.22,0.8003,-1,-1,-1
342,94,5.50,114.01,23.44,176.70,0.7069,-1,-1,-1
342,95,232.01,170.84,27.67,86.30,0.6955,-1,-1,-1
343,77,527.98,59.31,117.75,306.52,0.8511,-1,-1,-1
343,57,259.68,15.41,189.59,464.60,0.8245,-1,-1,-1
343,79,443.66,103.64,65.17,218.69,0.7998,-1,-1,-1
343,91,30.42,118.68,68.65,176.60,0.8432,-1,-1,-1
343,93,499.18,116.15,60.77,239.47,0.7783,-1,-1,-1
343,94,12.04,118.24,24.82,181.17,0.7693,-1,-1,-1
343,95,228.71,172.89,28.50,88.28,0.7600,-1,-1,-1
344,77,539.18,58.00,117.03,314.32,0.8875,-1,-1,-1
344,57,266.58,14.79,192.19,465.23,0.8382,-1,-1,-1
344,79,451.93,102.96,66.24,225.89,0.7392,-1,-1,-1
344,91,35.96,119.57,69.22,177.22,0.8142,-1,-1,-1
344,93,509.43,119.35,61.76,240.36,0.8537,-1,-1,-1
344,94,15.38,121.22,25.75,179.30,0.7613,-1,-1,-1
344,95,224.38,173.11,29.34,90.21,0.7700,-1,-1,-1
345,77,550.27,55.65,114.08,320.36,0.8783,-1,-1,-1
345,57,278.18,7.94,196.44,470.83,0.8087,-1,-1,-1
345,91,47.57,117.05,68.59,179.31,0.8050,-1,-1,-1
345,93,521.85,118.10,63.17,242.67,0.8285,-1,-1,-1
345,94,20.26,122.97,27.01,174.05,0.8403,-1,-1,-1
345,95,216.73,170.79,31.01,93.66,0.7456,-1,-1,-1
346,77,562.45,56.90,109.81,327.91,0.7633,-1,-1,-1
346,57,292.89,5.59,197.63,473.95,0.7968,-1,-1,-1
346,91,60.26,122.47,67.18,179.52,0.7773,-1,-1,-1
346,93,545.53,116.64,66.73,252.88,0.7942,-1,-1,-1
346,94,24.18,130.34,29.25,171.33,0.8447,-1,-1,-1
346,95,215.05,174.51,32.39,95.61,0.7929,-1,-1,-1
347,57,304.56,2.34,199.80,477.50,0.8326,-1,-1,-1
347,91,76.77,126.96,66.37,178.13,0.8375,-1,-1,-1
347,93,566.56,114.20,69.18,262.30,0.8130,-1,-1,-1
347,94,30.05,131.52,32.36,173.54,0.8244,-1,-1,-1
347,95,217.17,175.92,33.43,96.88,0.7566,-1,-1,-1
348,57,313.68,1.10,200.77,478.85,0.7764,-1,-1,-1
348,91,87.59,128.44,66.31,175.00,0.8690,-1,-1,-1
348,93,579.07,109.34,68.28,261.78,0.8473,-1,-1,-1
348,94,38.92,128.73,34.39,173.88,0.7701,-1,-1,-1
348,95,216.67,172.67,34.71,99.51,0.6570,-1,-1,-1
349,57,321.06,0.93,201.23,477.91,0.8062,-1,-1,-1
349,91,94.43,132.00,66.60,170.93,0.8357,-1,-1,-1
349,93,588.59,111.32,66.39,261.21,0.7199,-1,-1,-1
349,94,54.92,129.16,35.89,174.38,0.7852,-1,-1,-1
349,95,212.45,171.46,36.05,101.88,0.5480,-1,-1,-1
350,57,323.79,0.55,202.28,479.03,0.8556,-1,-1,-1
350,91,95.66,131.79,68.85,172.91,0.8514,-1,-1,-1
350,93,597.39,126.44,60.87,248.02,0.6293,-1,-1,-1
350,94,61.85,130.48,36.83,171.94,0.7859,-1,-1,-1
350,95,207.83,170.62,37.26,104.02,0.6748,-1,-1,-1
350,97,26.49,158.53,34.43,117.75,0.5303,-1,-1,-1
350,79,493.47,79.90,82.46,295.04,0.7982,-1,-1,-1
351,57,326.80,0.49,203.33,479.36,0.8401,-1,-1,-1
351,91,108.75,129.04,66.74,171.06,0.8051,-1,-1,-1
351,94,71.58,129.70,40.23,170.51,0.8459,-1,-1,-1
351,95,203.20,168.74,37.95,104.25,0.6916,-1,-1,-1
351,97,26.87,155.11,35.11,119.57,0.5894,-1,-1,-1
351,79,500.95,68.32,85.93,318.70,0.7698,-1,-1,-1
352,57,325.69,0.59,202.26,478.11,0.8305,-1,-1,-1
352,91,122.75,126.73,65.06,170.38,0.8240,-1,-1,-1
352,94,79.24,130.33,44.27,167.01,0.8871,-1,-1,-1
352,95,198.48,166.29,39.57,107.25,0.7718,-1,-1,-1
352,79,508.02,61.46,90.96,338.50,0.5611,-1,-1,-1
353,57,330.03,0.49,202.78,478.95,0.8403,-1,-1,-1
353,91,136.20,123.01,64.33,171.12,0.8178,-1,-1,-1
353,94,82.29,131.08,47.45,163.30,0.8760,-1,-1,-1
353,95,196.89,162.19,40.56,109.38,0.5693,-1,-1,-1
353,79,515.92,52.52,97.80,361.47,0.8688,-1,-1,-1
354,57,334.07,0.70,203.54,478.64,0.8394,-1,-1,-1
354,91,148.59,125.23,64.30,171.49,0.8322,-1,-1,-1
354,94,85.70,133.25,50.70,162.90,0.8426,-1,-1,-1
354,95,195.77,163.51,39.86,107.85,0.6842,-1,-1,-1
354,79,525.94,45.53,103.74,379.36,0.9041,-1,-1,-1
354,98,3.49,88.28,35.31,262.57,0.7611,-1,-1,-1
355,57,337.69,0.42,205.13,477.37,0.7049,-1,-1,-1
355,91,160.94,131.65,65.39,168.03,0.8619,-1,-1,-1
355,94,102.27,133.98,52.65,162.75,0.8368,-1,-1,-1
355,79,537.12,36.15,107.21,399.88,0.8924,-1,-1,-1
355,98,12.37,74.93,39.63,290.39,0.8493,-1,-1,-1
356,57,341.64,0.25,206.60,473.40,0.6621,-1,-1,-1
356,91,162.97,131.12,67.15,166.45,0.8628,-1,-1,-1
356,94,114.20,129.94,53.34,163.18,0.7902,-1,-1,-1
356,79,544.48,20.61,108.59,417.47,0.8952,-1,-1,-1
356,98,16.70,49.79,43.81,313.82,0.8704,-1,-1,-1
357,57,339.93,0.23,210.80,477.42,0.7511,-1,-1,-1
357,91,165.28,129.05,68.12,166.10,0.8381,-1,-1,-1
357,94,125.57,127.46,53.04,161.55,0.7951,-1,-1,-1
357,79,551.11,12.99,112.16,453.51,0.7955,-1,-1,-1
357,98,26.65,38.59,46.39,315.64,0.9116,-1,-1,-1
358,57,340.76,0.42,213.85,478.75,0.7974,-1,-1,-1
358,91,170.62,130.01,67.08,165.07,0.7143,-1,-1,-1
358,94,131.03,130.73,53.70,161.67,0.8413,-1,-1,-1
358,79,564.36,42.87,97.95,413.97,0.7906,-1,-1,-1
358,98,30.28,39.48,48.97,313.71,0.9061,-1,-1,-1
358,101,538.75,20.36,69.73,371.98,0.8244,-1,-1,-1
359,57,342.12,11.03,210.94,466.34,0.8331,-1,-1,-1
359,91,178.15,146.06,64.84,164.27,0.7842,-1,-1,-1
359,94,131.84,150.42,54.90,158.78,0.8435,-1,-1,-1
359,79,574.71,71.34,87.42,388.54,0.7897,-1,-1,-1
359,98,27.56,63.82,51.12,309.95,0.9116,-1,-1,-1
359,101,537.57,37.40,72.22,384.20,0.8600,-1,-1,-1
360,57,344.49,22.80,208.21,454.51,0.8131,-1,-1,-1
360,91,184.16,156.81,62.83,164.67,0.8011,-1,-1,-1
360,94,130.50,159.28,57.79,162.12,0.8403,-1,-1,-1
360,98,23.76,77.43,53.72,310.04,0.9074,-1,-1,-1
360,101,544.26,42.81,76.22,402.09,0.8534,-1,-1,-1
361,57,343.66,20.90,210.08,455.32,0.8067,-1,-1,-1
361,91,185.36,158.41,61.37,164.54,0.8306,-1,-1,-1
361,94,127.25,161.64,58.54,161.04,0.8033,-1,-1,-1
361,98,18.75,75.65,56.72,315.33,0.9181,-1,-1,-1
361,101,543.63,29.06,80.76,419.66,0.8875,-1,-1,-1
362,57,341.35,15.35,213.78,461.81,0.8219,-1,-1,-1
362,91,183.20,156.72,60.30,163.03,0.8650,-1,-1,-1
362,94,132.20,157.74,56.35,157.14,0.7194,-1,-1,-1
362,98,16.73,68.90,60.00,321.31,0.8995,-1,-1,-1
362,101,541.27,9.10,85.97,440.21,0.8871,-1,-1,-1
363,57,343.55,13.81,214.73,462.72,0.8706,-1,-1,-1
363,91,182.70,157.88,60.29,162.53,0.8109,-1,-1,-1
363,94,136.49,156.51,55.16,156.09,0.7851,-1,-1,-1
363,98,17.21,67.41,63.63,326.14,0.8985,-1,-1,-1
363,101,542.04,1.77,89.53,453.79,0.8737,-1,-1,-1
364,57,349.25,16.92,212.73,459.73,0.8308,-1,-1,-1
364,91,183.97,162.81,60.39,163.28,0.8289,-1,-1,-1
364,94,142.62,161.59,54.55,156.67,0.8068,-1,-1,-1
364,98,18.22,72.82,67.29,328.87,0.8798,-1,-1,-1
364,101,545.15,0.60,93.54,474.50,0.8256,-1,-1,-1
364,102,93.12,178.85,49.17,137.59,0.7116,-1,-1,-1
365,57,349.64,20.20,211.33,458.63,0.8641,-1,-1,-1
365,91,188.23,167.67,58.63,161.27,0.8368,-1,-1,-1
365,94,144.14,167.16,54.50,156.88,0.8375,-1,-1,-1
365,98,17.62,80.47,69.90,326.93,0.8847,-1,-1,-1
365,101,549.06,23.48,90.57,458.01,0.8246,-1,-1,-1
366,57,347.47,18.81,211.08,460.83,0.8090,-1,-1,-1
366,91,190.23,160.21,57.34,160.26,0.8535,-1,-1,-1
366,94,144.93,163.76,56.57,154.53,0.8549,-1,-1,-1
366,98,16.20,75.29,72.18,324.62,0.8833,-1,-1,-1
366,101,558.38,27.62,88.35,453.52,0.8544,-1,-1,-1
367,57,351.65,15.04,211.84,464.92,0.7831,-1,-1,-1
367,91,196.94,152.40,56.26,159.15,0.8118,-1,-1,-1
367,94,144.07,156.67,57.71,152.31,0.8683,-1,-1,-1
367,98,18.14,67.32,75.49,323.27,0.6887,-1,-1,-1
368,57,363.26,14.57,210.50,462.67,0.7972,-1,-1,-1
368,91,208.67,150.48,56.16,158.97,0.8367,-1,-1,-1
368,94,148.89,155.88,58.74,151.25,0.8737,-1,-1,-1
368,98,20.18,65.98,79.76,324.16,0.9084,-1,-1,-1
369,57,376.41,14.84,210.88,464.18,0.7992,-1,-1,-1
369,91,222.51,154.47,57.24,159.27,0.8792,-1,-1,-1
369,94,160.86,158.91,59.83,152.10,0.8360,-1,-1,-1
369,98,24.36,72.95,82.97,315.71,0.9081,-1,-1,-1
370,57,394.18,12.37,209.45,467.34,0.7041,-1,-1,-1
370,91,226.14,159.74,57.75,157.66,0.8730,-1,-1,-1
370,94,172.11,161.12,58.91,150.12,0.8049,-1,-1,-1
370,98,24.83,75.91,86.27,309.30,0.9045,-1,-1,-1
371,57,391.01,8.69,213.01,470.81,0.7239,-1,-1,-1
371,91,227.37,160.31,58.38,157.26,0.8603,-1,-1,-1
371,94,181.87,158.65,58.67,151.99,0.8103,-1,-1,-1
371,98,23.27,75.15,90.55,308.73,0.8934,-1,-1,-1
372,57,400.10,3.13,216.49,473.30,0.7739,-1,-1,-1
372,91,232.72,159.93,58.18,155.68,0.8309,-1,-1,-1
372,94,190.59,158.88,57.71,151.39,0.8387,-1,-1,-1
372,98,25.87,74.08,94.22,308.20,0.8884,-1,-1,-1
373,57,403.87,1.01,220.92,476.50,0.7730,-1,-1,-1
373,91,244.98,158.27,58.27,156.83,0.8102,-1,-1,-1
373,94,202.38,159.33,57.20,150.69,0.7865,-1,-1,-1
373,98,34.40,77.79,97.59,308.09,0.8768,-1,-1,-1
374,57,406.57,0.35,224.03,478.77,0.8052,-1,-1,-1
374,91,258.07,158.57,57.10,157.08,0.8150,-1,-1,-1
374,94,212.63,163.48,56.59,147.95,0.8291,-1,-1,-1
374,98,40.56,82.78,101.40,309.99,0.9135,-1,-1,-1
374,105,3.65,106.79,39.01,274.33,0.8111,-1,-1,-1
375,57,414.60,-0.02,224.35,479.75,0.8331,-1,-1,-1
375,91,267.08,158.14,55.98,157.19,0.8192,-1,-1,-1
375,94,217.60,164.47,56.62,147.00,0.8252,-1,-1,-1
375,98,41.49,80.97,105.62,316.35,0.9087,-1,-1,-1
375,105,5.06,103.38,39.95,279.44,0.8408,-1,-1,-1
376,57,421.57,0.15,223.27,479.81,0.8702,-1,-1,-1
376,91,273.86,159.30,54.29,155.04,0.8114,-1,-1,-1
376,94,222.05,163.37,56.94,148.43,0.8276,-1,-1,-1
376,98,45.51,80.43,107.32,314.23,0.8995,-1,-1,-1
376,105,8.94,100.40,40.80,281.31,0.8471,-1,-1,-1
377,57,436.85,11.81,214.76,467.58,0.8271,-1,-1,-1
377,91,278.05,160.66,53.37,154.07,0.8217,-1,-1,-1
377,94,227.27,161.09,55.41,146.36,0.8411,-1,-1,-1
377,98,48.63,75.76,110.32,314.91,0.9036,-1,-1,-1
377,105,11.28,97.26,42.63,287.97,0.8691,-1,-1,-1
377,107,446.96,192.67,37.15,89.43,0.6946,-1,-1,-1
378,57,454.29,21.83,205.08,456.56,0.7827,-1,-1,-1
378,91,281.07,160.24,53.22,155.15,0.7886,-1,-1,-1
378,94,231.05,159.94,54.64,147.01,0.8088,-1,-1,-1
378,98,53.78,73.59,110.52,308.96,0.9042,-1,-1,-1
378,105,11.95,95.95,44.14,290.93,0.8417,-1,-1,-1
378,107,448.39,192.99,37.84,91.01,0.7469,-1,-1,-1
379,57,472.89,35.11,193.57,444.35,0.8235,-1,-1,-1
379,91,286.16,157.28,52.53,154.70,0.8250,-1,-1,-1
379,94,234.61,159.00,53.76,147.37,0.7581,-1,-1,-1
379,98,54.04,71.30,112.80,310.66,0.9090,-1,-1,-1
379,105,8.68,95.09,43.48,281.89,0.8316,-1,-1,-1
379,107,449.06,191.73,37.22,89.20,0.7358,-1,-1,-1
380,57,493.40,49.24,179.78,429.75,0.7982,-1,-1,-1
380,91,290.34,158.44,51.55,153.75,0.8534,-1,-1,-1
380,94,238.95,160.94,53.83,147.59,0.7777,-1,-1,-1
380,98,50.72,71.63,115.98,315.88,0.9091,-1,-1,-1
380,105,7.02,98.37,43.94,280.14,0.8308,-1,-1,-1
380,107,446.89,192.65,38.09,91.03,0.7601,-1,-1,-1
381,57,513.18,70.93,162.84,407.84,0.8514,-1,-1,-1
381,91,292.63,160.68,51.27,154.61,0.8393,-1,-1,-1
381,94,239.99,166.71,53.76,145.62,0.8033,-1,-1,-1
381,98,45.35,74.10,118.89,321.93,0.9010,-1,-1,-1
381,105,4.56,107.27,43.46,274.33,0.8099,-1,-1,-1
381,107,445.30,194.99,38.51,91.63,0.6528,-1,-1,-1
381,109,509.95,164.68,62.58,166.84,0.7992,-1,-1,-1
382,57,535.59,106.02,140.84,371.99,0.8172,-1,-1,-1
382,91,294.22,159.95,51.87,156.33,0.8302,-1,-1,-1
382,94,237.60,169.24,53.85,144.43,0.7872,-1,-1,-1
382,98,38.51,75.02,121.47,328.71,0.8928,-1,-1,-1
382,105,3.70,119.64,36.85,229.22,0.7745,-1,-1,-1
382,107,447.13,195.27,38.15,90.81,0.5538,-1,-1,-1
382,109,513.65,164.18,64.52,171.35,0.8205,-1,-1,-1
383,91,294.47,160.99,53.20,158.77,0.8608,-1,-1,-1
383,94,234.14,171.42,54.40,144.67,0.8325,-1,-1,-1
383,98,28.13,75.47,123.99,335.44,0.9024,-1,-1,-1
383,105,2.94,133.34,33.40,204.95,0.7271,-1,-1,-1
383,107,444.11,199.29,36.82,87.63,0.5164,-1,-1,-1
383,109,514.19,163.44,67.77,178.38,0.8430,-1,-1,-1
384,91,289.90,161.53,53.34,158.27,0.8820,-1,-1,-1
384,94,233.82,168.31,54.80,144.78,0.8165,-1,-1,-1
384,98,13.96,73.83,124.53,336.13,0.8993,-1,-1,-1
384,105,1.36,167.03,25.76,157.29,0.5620,-1,-1,-1
384,107,438.42,197.51,37.36,87.93,0.5954,-1,-1,-1
384,109,515.12,155.42,70.92,185.54,0.8693,-1,-1,-1
385,91,287.25,160.81,53.46,158.02,0.8696,-1,-1,-1
385,94,235.12,164.62,54.77,145.70,0.8233,-1,-1,-1
385,98,5.19,69.06,124.50,335.26,0.9165,-1,-1,-1
385,107,435.59,195.58,37.32,86.90,0.7242,-1,-1,-1
385,109,515.23,149.56,73.73,192.31,0.8483,-1,-1,-1
386,91,286.63,158.33,53.50,158.10,0.8676,-1,-1,-1
386,94,236.74,161.16,55.24,148.50,0.8104,-1,-1,-1
386,98,-0.17,64.43,124.97,337.65,0.9177,-1,-1,-1
386,107,431.92,192.72,37.72,86.80,0.6964,-1,-1,-1
386,109,515.01,144.31,76.99,203.77,0.8515,-1,-1,-1
387,91,286.64,154.84,53.10,158.89,0.8399,-1,-1,-1
387,94,236.14,160.07,55.26,148.86,0.8193,-1,-1,-1
387,98,-4.14,59.60,127.20,346.62,0.9154,-1,-1,-1
387,107,425.48,191.38,38.07,86.93,0.6860,-1,-1,-1
387,109,516.17,138.34,81.41,217.75,0.8725,-1,-1,-1
388,91,286.06,154.90,52.54,159.87,0.8042,-1,-1,-1
388,94,235.04,162.57,54.52,147.59,0.8594,-1,-1,-1
388,98,-7.93,57.45,128.49,355.29,0.9080,-1,-1,-1
388,107,419.73,190.76,38.95,88.84,0.5981,-1,-1,-1
388,109,515.32,135.38,84.46,228.65,0.8618,-1,-1,-1
389,91,283.63,160.31,51.85,159.79,0.7682,-1,-1,-1
389,94,231.06,168.54,53.62,145.33,0.8681,-1,-1,-1
389,98,-10.26,58.17,127.32,358.22,0.9008,-1,-1,-1
389,109,515.53,134.76,87.99,241.35,0.8784,-1,-1,-1
390,91,279.56,162.30,50.88,156.28,0.8282,-1,-1,-1
390,94,225.33,167.96,54.49,147.91,0.8404,-1,-1,-1
390,98,-11.78,58.07,121.29,348.37,0.8814,-1,-1,-1
390,109,513.31,127.71,90.75,252.21,0.8743,-1,-1,-1
390,107,406.71,193.73,37.90,86.15,0.6970,-1,-1,-1
391,91,271.79,162.78,50.20,154.61,0.7900,-1,-1,-1
391,94,218.25,165.56,53.08,144.96,0.8555,-1,-1,-1
391,98,-13.21,81.38,109.99,324.42,0.8843,-1,-1,-1
391,109,509.24,117.85,95.48,264.66,0.8818,-1,-1,-1
391,107,397.69,192.62,37.14,84.67,0.6724,-1,-1,-1
392,91,266.30,159.17,50.86,156.89,0.7479,-1,-1,-1
392,94,213.31,162.55,52.65,145.37,0.8308,-1,-1,-1
392,98,-17.02,92.11,103.20,315.97,0.8573,-1,-1,-1
392,109,508.38,109.77,100.90,274.92,0.8903,-1,-1,-1
392,107,390.83,192.38,35.47,80.37,0.7530,-1,-1,-1
393,91,262.18,162.00,50.36,154.41,0.8069,-1,-1,-1
393,94,208.44,163.59,52.94,148.28,0.8187,-1,-1,-1
393,98,-20.74,100.32,97.10,311.77,0.7828,-1,-1,-1
393,109,507.25,106.22,111.69,295.69,0.9025,-1,-1,-1
393,107,384.02,195.20,36.09,81.63,0.7256,-1,-1,-1
394,91,261.10,161.92,50.40,154.33,0.7966,-1,-1,-1
394,94,208.08,164.61,52.71,149.64,0.8239,-1,-1,-1
394,98,-16.93,103.88,94.21,312.08,0.6979,-1,-1,-1
394,109,505.79,102.63,119.76,310.58,0.9112,-1,-1,-1
394,107,382.04,195.71,36.58,82.58,0.7380,-1,-1,-1
395,91,256.96,159.98,50.56,154.65,0.8398,-1,-1,-1
395,94,207.19,162.80,52.76,149.88,0.8530,-1,-1,-1
395,109,500.12,95.26,129.51,330.74,0.9142,-1,-1,-1
395,107,377.76,194.07,36.93,83.41,0.7644,-1,-1,-1
396,91,253.49,160.71,50.48,155.24,0.8373,-1,-1,-1
396,94,205.20,165.22,53.14,149.81,0.8394,-1,-1,-1
396,109,494.95,88.47,139.74,354.59,0.9193,-1,-1,-1
396,107,373.06,196.17,36.51,82.68,0.7302,-1,-1,-1
396,111,-3.95,108.84,35.61,223.83,0.6883,-1,-1,-1
397,91,252.56,163.81,50.14,155.00,0.8373,-1,-1,-1
397,94,201.18,168.20,52.79,148.22,0.8517,-1,-1,-1
397,109,491.83,79.10,149.13,379.77,0.9147,-1,-1,-1
398,91,252.07,167.52,49.69,154.54,0.8324,-1,-1,-1
398,94,199.16,171.58,52.40,147.27,0.8325,-1,-1,-1
398,109,494.92,65.74,155.84,404.48,0.8971,-1,-1,-1
398,107,367.45,201.01,35.35,80.69,0.5843,-1,-1,-1
399,91,251.84,166.87,49.78,154.98,0.8189,-1,-1,-1
399,94,199.04,170.60,52.30,147.23,0.8104,-1,-1,-1
399,109,497.89,46.88,161.82,432.14,0.8849,-1,-1,-1
399,107,366.44,197.99,36.17,82.79,0.5748,-1,-1,-1
400,91,250.56,165.60,49.19,153.16,0.8584,-1,-1,-1
400,94,200.66,166.72,51.63,147.47,0.8163,-1,-1,-1
400,109,504.93,30.11,163.05,452.69,0.8502,-1,-1,-1
400,107,362.58,196.17,36.17,83.70,0.7028,-1,-1,-1
401,91,249.03,164.86,48.56,151.06,0.8306,-1,-1,-1
401,94,199.70,164.75,51.60,147.36,0.8370,-1,-1,-1
401,109,518.52,25.21,157.07,458.85,0.8554,-1,-1,-1
402,91,245.85,162.16,47.91,149.80,0.8265,-1,-1,-1
402,94,196.81,162.19,51.68,148.08,0.8397,-1,-1,-1
402,109,538.73,57.52,138.01,426.75,0.8286,-1,-1,-1
403,91,245.04,165.56,47.88,148.84,0.8471,-1,-1,-1
403,94,196.11,164.43,51.46,147.92,0.8565,-1,-1,-1
404,91,244.75,166.57,48.31,149.05,0.8152,-1,-1,-1
404,94,196.09,166.77,50.64,146.12,0.8520,-1,-1,-1
404,107,349.94,194.24,35.42,82.16,0.5321,-1,-1,-1
405,91,244.79,165.75,48.45,148.36,0.8255,-1,-1,-1
405,94,195.60,167.47,50.12,144.01,0.8551,-1,-1,-1
405,107,347.13,193.60,34.30,80.19,0.5735,-1,-1,-1
406,91,244.38,165.23,47.75,145.70,0.8270,-1,-1,-1
406,94,195.61,166.62,49.50,141.19,0.8376,-1,-1,-1
406,107,345.52,192.34,34.56,81.39,0.6692,-1,-1,-1
407,91,246.91,162.10,47.25,144.33,0.8035,-1,-1,-1
407,94,195.35,162.08,49.93,142.31,0.8292,-1,-1,-1
407,107,344.97,192.19,33.62,79.70,0.6988,-1,-1,-1
408,91,248.30,159.81,47.07,144.19,0.8270,-1,-1,-1
408,94,195.03,157.38,50.54,145.55,0.8224,-1,-1,-1
408,107,344.33,191.43,33.13,78.65,0.7891,-1,-1,-1
409,91,248.25,158.03,47.07,144.60,0.8137,-1,-1,-1
409,94,194.16,156.43,49.92,145.03,0.8380,-1,-1,-1
409,107,343.99,188.92,33.36,79.29,0.7918,-1,-1,-1
410,91,247.07,157.55,47.22,145.11,0.8264,-1,-1,-1
410,94,192.09,157.92,49.27,143.19,0.8356,-1,-1,-1
410,107,340.42,185.83,33.79,80.10,0.5613,-1,-1,-1
411,91,243.35,157.94,47.06,145.26,0.8172,-1,-1,-1
411,94,187.28,158.63,48.81,140.70,0.8485,-1,-1,-1
412,91,239.63,160.62,46.30,143.08,0.8009,-1,-1,-1
412,94,183.19,161.28,48.19,140.23,0.8242,-1,-1,-1
412,107,329.88,187.87,32.94,77.99,0.6979,-1,-1,-1
413,91,237.21,159.93,46.29,142.55,0.7735,-1,-1,-1
413,94,181.40,161.80,47.68,139.77,0.8220,-1,-1,-1
413,107,326.31,187.36,32.74,77.09,0.5349,-1,-1,-1
414,91,234.69,161.78,45.67,140.35,0.7848,-1,-1,-1
414,94,179.25,161.31,47.74,139.79,0.8273,-1,-1,-1
414,107,320.76,187.98,33.06,76.83,0.6138,-1,-1,-1
415,91,229.54,160.58,45.63,140.29,0.8078,-1,-1,-1
415,94,174.77,160.41,47.85,139.95,0.8282,-1,-1,-1
415,113,552.66,145.00,85.09,274.40,0.8507,-1,-1,-1
416,91,223.86,163.47,45.40,139.36,0.7812,-1,-1,-1
416,94,171.72,161.35,47.86,139.14,0.8229,-1,-1,-1
416,113,543.48,106.83,98.68,318.71,0.8902,-1,-1,-1
417,91,219.05,167.85,44.74,137.91,0.7351,-1,-1,-1
417,94,169.17,163.05,48.18,139.88,0.8352,-1,-1,-1
417,113,534.14,56.15,115.92,376.74,0.8590,-1,-1,-1
417,107,301.46,192.14,33.07,77.41,0.6706,-1,-1,-1
418,91,214.80,168.03,44.89,136.09,0.8222,-1,-1,-1
418,94,167.00,163.54,47.63,138.05,0.8473,-1,-1,-1
418,113,529.50,28.58,124.26,407.38,0.8707,-1,-1,-1
418,107,297.08,193.29,31.73,74.25,0.6019,-1,-1,-1
419,91,211.76,169.16,45.07,135.19,0.8021,-1,-1,-1
419,94,165.20,165.89,47.27,136.13,0.8385,-1,-1,-1
419,113,521.76,17.45,127.87,421.04,0.8962,-1,-1,-1
419,107,293.91,192.41,32.03,75.06,0.7494,-1,-1,-1
420,91,208.87,169.33,44.55,133.52,0.7918,-1,-1,-1
420,94,161.84,166.66,47.29,135.50,0.8040,-1,-1,-1
420,113,506.80,12.63,132.20,432.23,0.9185,-1,-1,-1
420,107,289.40,193.30,31.01,72.03,0.7500,-1,-1,-1
421,91,204.11,168.23,43.44,130.27,0.7574,-1,-1,-1
421,94,156.18,167.09,46.06,131.38,0.8402,-1,-1,-1
421,113,493.51,15.46,134.91,433.56,0.9189,-1,-1,-1
421,107,282.28,192.13,31.60,73.26,0.8138,-1,-1,-1
422,91,199.49,165.12,43.71,131.46,0.7857,-1,-1,-1
422,94,152.41,164.94,45.97,130.95,0.8325,-1,-1,-1
422,113,485.31,19.99,136.93,430.54,0.9191,-1,-1,-1
422,107,277.43,190.68,31.84,74.14,0.7364,-1,-1,-1
423,91,195.50,161.29,43.62,131.58,0.7961,-1,-1,-1
423,94,147.58,161.53,46.58,132.79,0.8229,-1,-1,-1
423,113,476.48,25.45,139.19,427.99,0.9169,-1,-1,-1
423,107,272.23,190.19,31.17,72.55,0.6319,-1,-1,-1
424,91,192.10,161.26,43.27,131.50,0.7994,-1,-1,-1
424,94,142.20,160.26,46.87,134.23,0.8041,-1,-1,-1
424,113,465.31,33.18,140.70,421.79,0.8874,-1,-1,-1
424,107,266.26,188.34,31.57,73.99,0.7524,-1,-1,-1
425,91,186.09,160.18,43.19,132.05,0.7889,-1,-1,-1
425,94,136.62,160.62,46.27,132.38,0.8080,-1,-1,-1
425,113,452.17,38.26,141.60,412.98,0.8982,-1,-1,-1
425,107,259.76,186.62,31.22,73.43,0.7063,-1,-1,-1
426,91,181.73,159.71,42.39,130.60,0.7942,-1,-1,-1
426,94,131.81,159.19,46.43,132.03,0.7797,-1,-1,-1
426,113,441.75,41.39,143.59,407.00,0.8713,-1,-1,-1
426,107,254.01,184.44,30.91,73.33,0.6914,-1,-1,-1
427,91,178.14,157.76,42.46,130.20,0.7679,-1,-1,-1
427,94,127.08,158.66,46.23,130.22,0.7878,-1,-1,-1
427,113,422.76,41.54,142.95,400.80,0.8805,-1,-1,-1
427,107,247.91,180.30,31.24,75.05,0.7291,-1,-1,-1
428,91,174.06,153.86,42.38,130.03,0.7951,-1,-1,-1
428,94,122.14,157.80,46.39,129.01,0.8163,-1,-1,-1
428,113,407.78,40.07,137.88,387.33,0.9018,-1,-1,-1
428,107,241.14,179.36,30.67,73.96,0.6687,-1,-1,-1
428,114,565.18,15.37,74.67,441.69,0.8489,-1,-1,-1
429,91,170.96,152.59,42.29,129.56,0.7994,-1,-1,-1
429,94,118.06,156.45,46.24,127.81,0.7954,-1,-1,-1
429,113,395.68,41.62,129.85,367.82,0.9054,-1,-1,-1
429,107,234.49,179.00,30.57,74.33,0.7572,-1,-1,-1
429,114,530.34,5.85,80.52,466.34,0.8366,-1,-1,-1
430,91,166.35,152.89,41.90,128.34,0.7855,-1,-1,-1
430,94,113.88,154.90,46.42,127.09,0.8178,-1,-1,-1
430,113,373.86,45.75,126.55,357.19,0.8954,-1,-1,-1
430,107,228.36,180.73,29.60,72.48,0.5696,-1,-1,-1
430,114,488.97,0.74,86.93,478.04,0.8965,-1,-1,-1
431,91,164.25,153.17,41.60,126.45,0.7832,-1,-1,-1
431,94,110.48,152.55,46.85,126.91,0.7934,-1,-1,-1
431,113,355.01,48.79,125.51,349.61,0.8956,-1,-1,-1
431,107,223.24,179.21,29.68,72.42,0.7435,-1,-1,-1
431,114,466.01,-0.91,93.91,482.22,0.8793,-1,-1,-1
432,91,161.24,155.08,40.66,123.40,0.6760,-1,-1,-1
432,94,109.00,151.83,46.91,125.83,0.8176,-1,-1,-1
432,113,341.93,51.77,118.09,326.05,0.8706,-1,-1,-1
432,107,219.74,175.59,30.72,75.33,0.7563,-1,-1,-1
432,114,467.21,-1.30,99.79,481.50,0.8881,-1,-1,-1
432,115,1.37,131.37,56.07,197.95,0.6872,-1,-1,-1
433,91,157.48,154.39,40.87,123.68,0.7053,-1,-1,-1
433,94,107.25,153.10,46.91,124.68,0.8293,-1,-1,-1
433,113,331.13,54.42,113.99,317.24,0.8565,-1,-1,-1
433,107,217.04,175.79,30.42,74.47,0.8186,-1,-1,-1
433,114,465.22,-1.28,106.70,482.18,0.8542,-1,-1,-1
433,115,-0.18,108.89,68.57,242.22,0.6652,-1,-1,-1
434,91,154.81,153.84,40.77,123.39,0.7952,-1,-1,-1
434,94,102.51,155.25,46.57,122.75,0.8361,-1,-1,-1
434,113,318.91,56.76,110.49,314.23,0.7950,-1,-1,-1
434,107,212.08,173.79,31.06,76.13,0.7606,-1,-1,-1
434,114,430.54,-0.90,111.25,482.24,0.7955,-1,-1,-1
434,115,-3.34,72.84,81.55,289.00,0.6242,-1,-1,-1
435,91,151.98,152.66,40.14,121.25,0.7762,-1,-1,-1
435,94,98.86,154.09,47.15,123.06,0.8350,-1,-1,-1
435,113,302.58,84.32,98.28,287.66,0.7107,-1,-1,-1
435,107,208.84,175.44,30.23,73.89,0.6597,-1,-1,-1
435,114,385.51,-0.91,114.83,481.71,0.8552,-1,-1,-1
435,115,-4.22,56.44,86.99,309.45,0.5675,-1,-1,-1
435,116,589.02,119.10,56.90,275.57,0.6175,-1,-1,-1
436,91,149.65,149.32,40.25,121.25,0.7938,-1,-1,-1
436,94,93.26,152.10,47.02,122.42,0.8044,-1,-1,-1
436,107,204.70,174.07,29.91,73.35,0.6914,-1,-1,-1
436,114,344.02,-0.52,119.91,481.56,0.8962,-1,-1,-1
436,116,582.33,108.07,59.51,288.29,0.7718,-1,-1,-1
437,91,148.44,149.60,40.19,120.37,0.7414,-1,-1,-1
437,94,89.15,150.13,46.84,121.98,0.8180,-1,-1,-1
437,107,201.93,172.29,30.28,74.86,0.7493,-1,-1,-1
437,114,304.25,-0.62,127.69,480.89,0.9259,-1,-1,-1
437,116,586.95,92.87,62.24,305.09,0.7321,-1,-1,-1
438,91,146.27,149.43,40.32,119.95,0.7582,-1,-1,-1
438,94,85.23,151.46,45.94,119.28,0.8289,-1,-1,-1
438,107,198.98,169.46,30.70,77.38,0.6452,-1,-1,-1
438,114,269.97,-0.60,139.34,481.23,0.9043,-1,-1,-1
438,116,568.98,73.38,67.44,327.03,0.8624,-1,-1,-1
438,115,-0.59,69.20,78.33,278.93,0.5819,-1,-1,-1
439,91,142.64,149.11,39.87,119.10,0.8132,-1,-1,-1
439,94,81.89,149.01,46.46,120.67,0.8399,-1,-1,-1
439,114,243.74,0.55,150.12,480.17,0.8629,-1,-1,-1
439,116,554.21,72.62,69.98,329.58,0.8993,-1,-1,-1
440,114,183.62,-0.07,165.57,480.77,0.8433,-1,-1,-1
440,116,545.15,73.20,73.35,333.51,0.9119,-1,-1,-1
440,117,375.92,135.85,49.53,179.15,0.7038,-1,-1,-1
440,115,-10.19,56.34,93.08,338.90,0.6908,-1,-1,-1
441,114,88.81,0.23,175.65,479.68,0.8620,-1,-1,-1
441,116,542.98,75.78,76.00,334.76,0.8889,-1,-1,-1
441,117,372.24,137.50,49.45,178.61,0.7121,-1,-1,-1
441,118,276.58,64.46,121.13,311.22,0.7948,-1,-1,-1
442,114,39.60,0.56,181.66,478.93,0.7042,-1,-1,-1
442,116,542.64,76.42,75.65,326.12,0.8631,-1,-1,-1
442,117,368.17,137.46,49.38,178.23,0.7609,-1,-1,-1
442,118,263.20,66.12,126.48,325.12,0.8811,-1,-1,-1
443,114,9.00,1.45,183.02,476.48,0.7459,-1,-1,-1
443,116,535.81,74.67,75.55,317.15,0.7488,-1,-1,-1
443,117,364.55,134.21,49.25,178.09,0.7380,-1,-1,-1
443,118,253.78,63.74,129.08,332.33,0.8875,-1,-1,-1
444,116,519.91,77.72,76.39,308.31,0.6016,-1,-1,-1
444,117,359.09,135.07,49.57,179.53,0.7316,-1,-1,-1
444,118,247.56,64.52,126.61,326.41,0.8924,-1,-1,-1
444,107,187.31,177.48,28.26,70.55,0.7553,-1,-1,-1
444,91,142.88,154.29,39.24,118.46,0.7470,-1,-1,-1
445,116,526.61,79.55,78.42,316.07,0.5216,-1,-1,-1
445,117,357.49,137.58,49.57,179.36,0.7980,-1,-1,-1
445,118,244.72,63.15,124.13,320.87,0.8937,-1,-1,-1
445,120,573.76,86.31,75.58,270.72,0.6836,-1,-1,-1
445,107,188.43,178.69,28.50,70.71,0.7032,-1,-1,-1
445,91,143.31,156.46,38.79,116.53,0.7744,-1,-1,-1
446,116,507.04,80.79,85.06,316.69,0.8933,-1,-1,-1
446,117,351.33,139.13,50.12,178.43,0.7750,-1,-1,-1
446,118,240.10,61.14,123.05,319.93,0.8979,-1,-1,-1
446,120,571.20,77.57,80.22,289.08,0.8483,-1,-1,-1
446,107,190.93,178.13,28.78,71.31,0.6198,-1,-1,-1
446,91,146.41,157.40,38.61,114.92,0.7492,-1,-1,-1
446,121,100.23,153.79,33.84,118.73,0.8077,-1,-1,-1
446,115,7.76,7.25,83.01,293.22,0.7677,-1,-1,-1
447,116,501.96,83.65,91.36,317.26,0.8475,-1,-1,-1
447,117,348.03,142.25,51.24,178.98,0.7891,-1,-1,-1
447,118,233.17,61.15,124.30,325.33,0.8948,-1,-1,-1
447,120,568.15,79.25,80.73,292.60,0.8191,-1,-1,-1
447,107,192.84,180.46,28.68,70.45,0.5499,-1,-1,-1
447,91,148.11,159.69,38.81,114.09,0.7081,-1,-1,-1
447,121,103.04,155.17,34.19,119.01,0.7882,-1,-1,-1
447,115,7.21,1.35,88.67,307.47,0.7399,-1,-1,-1
448,116,492.47,83.30,93.93,314.93,0.8569,-1,-1,-1
448,117,347.00,141.70,52.28,180.20,0.7880,-1,-1,-1
448,118,228.05,60.70,124.73,329.59,0.8920,-1,-1,-1
448,120,566.67,81.42,80.84,295.07,0.8027,-1,-1,-1
448,107,193.63,181.08,28.76,69.29,0.5858,-1,-1,-1
448,91,148.61,158.28,39.04,113.83,0.7693,-1,-1,-1
448,121,105.14,153.01,34.29,117.94,0.8174,-1,-1,-1
448,115,-5.85,-0.87,118.46,421.43,0.8845,-1,-1,-1
449,116,487.63,83.52,92.58,308.73,0.8424,-1,-1,-1
449,117,346.87,142.22,52.76,179.43,0.7879,-1,-1,-1
449,118,227.85,64.08,123.60,330.93,0.8941,-1,-1,-1
449,120,557.19,85.85,81.78,297.18,0.5435,-1,-1,-1
449,107,196.63,182.32,29.18,69.35,0.6076,-1,-1,-1
449,91,149.52,158.36,38.64,113.03,0.7934,-1,-1,-1
449,121,109.29,156.40,33.74,114.34,0.8283,-1,-1,-1
449,115,-7.77,-1.88,126.67,458.76,0.8933,-1,-1,-1
450,116,494.90,82.17,94.25,312.97,0.8298,-1,-1,-1
450,117,353.23,140.27,52.66,177.87,0.8353,-1,-1,-1
450,118,230.46,65.89,121.52,329.37,0.8901,-1,-1,-1
450,120,555.07,86.73,78.29,281.17,0.5575,-1,-1,-1
450,107,203.11,182.63,29.64,69.85,0.6943,-1,-1,-1
450,91,156.16,158.31,38.37,112.58,0.8060,-1,-1,-1
450,121,117.64,158.44,34.03,113.57,0.7856,-1,-1,-1
450,115,-5.62,-1.87,130.36,475.88,0.8710,-1,-1,-1
451,116,494.24,83.74,96.76,316.50,0.8499,-1,-1,-1
451,117,358.52,139.84,53.21,178.28,0.8256,-1,-1,-1
451,118,229.78,65.78,121.45,330.24,0.8778,-1,-1,-1
451,120,556.33,88.36,78.30,279.66,0.6900,-1,-1,-1
451,107,207.64,183.41,29.62,69.50,0.5818,-1,-1,-1
451,91,162.97,159.99,38.22,111.81,0.7898,-1,-1,-1
451,121,124.43,159.97,34.33,112.94,0.8024,-1,-1,-1
451,115,-2.03,0.86,131.54,480.02,0.9075,-1,-1,-1
452,116,491.83,85.92,101.02,319.86,0.8439,-1,-1,-1
452,117,360.68,139.12,54.39,180.25,0.7613,-1,-1,-1
452,118,226.36,63.08,120.59,326.57,0.8976,-1,-1,-1
452,120,566.22,86.68,76.37,276.53,0.6923,-1,-1,-1
452,91,170.68,160.63,38.11,112.07,0.8049,-1,-1,-1
452,121,133.28,159.49,34.64,112.42,0.8057,-1,-1,-1
452,115,1.43,2.60,132.33,479.88,0.9111,-1,-1,-1
453,116,495.25,84.43,105.11,324.41,0.8522,-1,-1,-1
453,117,365.77,138.48,55.99,180.79,0.7732,-1,-1,-1
453,118,230.07,57.07,121.21,327.46,0.8821,-1,-1,-1
453,120,569.14,80.58,78.96,291.86,0.7390,-1,-1,-1
453,91,178.50,160.44,37.47,111.11,0.7900,-1,-1,-1
453,121,141.18,157.84,34.88,111.76,0.8193,-1,-1,-1
453,115,5.72,1.64,134.39,480.37,0.9064,-1,-1,-1
454,116,502.14,84.35,107.42,328.99,0.8654,-1,-1,-1
454,117,374.08,142.26,57.47,181.39,0.8145,-1,-1,-1
454,118,237.56,58.28,122.74,330.86,0.9030,-1,-1,-1
454,120,572.94,81.18,78.88,299.90,0.7580,-1,-1,-1
454,91,187.90,162.79,37.35,111.51,0.8000,-1,-1,-1
454,121,150.52,158.96,35.47,113.23,0.7884,-1,-1,-1
454,115,9.84,2.48,136.78,479.02,0.9141,-1,-1,-1
455,116,503.68,79.47,105.21,322.25,0.8730,-1,-1,-1
455,117,380.56,140.77,59.00,183.04,0.8281,-1,-1,-1
455,118,246.78,58.23,124.69,337.76,0.8962,-1,-1,-1
455,120,568.11,80.82,79.88,307.35,0.7521,-1,-1,-1
455,91,196.38,162.29,37.31,110.74,0.7637,-1,-1,-1
455,121,159.97,159.71,34.97,110.95,0.8077,-1,-1,-1
455,115,13.51,0.15,140.92,481.47,0.8871,-1,-1,-1
456,116,503.17,79.23,104.74,321.23,0.8724,-1,-1,-1
456,117,384.06,140.47,60.50,185.58,0.7731,-1,-1,-1
456,118,253.01,60.64,125.41,341.72,0.8838,-1,-1,-1
456,120,573.87,82.72,74.51,292.90,0.7748,-1,-1,-1
456,91,203.77,161.95,37.43,110.92,0.7777,-1,-1,-1
456,121,167.92,161.64,34.04,108.28,0.6908,-1,-1,-1
456,115,16.52,0.19,144.50,479.76,0.8859,-1,-1,-1
457,116,495.05,83.25,108.57,325.88,0.8824,-1,-1,-1
457,117,389.09,140.93,60.55,184.84,0.7405,-1,-1,-1
457,118,260.07,63.89,127.02,348.13,0.8821,-1,-1,-1
457,120,582.31,85.92,71.22,291.77,0.7489,-1,-1,-1
457,91,211.74,163.19,37.30,110.72,0.7627,-1,-1,-1
457,121,177.76,165.25,33.55,106.48,0.7366,-1,-1,-1
457,115,21.79,3.54,147.83,474.06,0.8834,-1,-1,-1
458,116,492.20,84.07,113.55,329.99,0.8930,-1,-1,-1
458,117,392.65,138.63,60.56,185.13,0.8172,-1,-1,-1
458,118,266.97,62.98,127.12,350.31,0.8836,-1,-1,-1
458,120,587.19,81.67,69.57,299.13,0.7272,-1,-1,-1
458,91,220.73,162.28,36.82,110.29,0.7653,-1,-1,-1
458,121,186.80,164.50,32.92,104.86,0.5360,-1,-1,-1
458,115,30.84,2.91,152.08,474.48,0.8728,-1,-1,-1
459,116,499.02,87.82,118.49,334.51,0.8957,-1,-1,-1
459,117,398.98,142.06,61.11,187.26,0.7878,-1,-1,-1
459,118,271.18,65.79,128.62,355.74,0.8803,-1,-1,-1
459,120,589.37,83.91,65.55,293.23,0.6145,-1,-1,-1
459,91,228.97,166.74,36.12,109.67,0.7595,-1,-1,-1
459,115,47.37,3.56,155.91,475.70,0.8385,-1,-1,-1
460,116,502.55,87.66,122.60,340.00,0.8785,-1,-1,-1
460,117,401.26,143.38,61.61,188.94,0.7968,-1,-1,-1
460,118,273.63,65.20,129.25,357.09,0.8956,-1,-1,-1
460,120,590.75,80.69,64.47,301.62,0.6392,-1,-1,-1
460,91,233.12,167.54,35.65,109.52,0.7274,-1,-1,-1
460,115,53.64,2.29,160.58,479.10,0.8569,-1,-1,-1
461,116,505.40,83.25,117.39,329.45,0.8676,-1,-1,-1
461,117,403.92,142.98,61.95,191.31,0.8032,-1,-1,-1
461,118,278.22,59.25,127.41,350.65,0.9053,-1,-1,-1
461,120,590.08,79.51,62.84,304.76,0.6704,-1,-1,-1
461,91,238.89,166.36,35.31,109.81,0.7182,-1,-1,-1
461,115,61.61,0.41,164.27,481.51,0.8821,-1,-1,-1
462,116,507.04,81.58,116.28,330.61,0.8476,-1,-1,-1
462,117,405.00,143.77,62.42,192.79,0.8332,-1,-1,-1
462,118,280.36,57.15,126.37,347.73,0.8935,-1,-1,-1
462,120,586.57,80.62,61.00,300.40,0.7029,-1,-1,-1
462,91,242.74,165.97,35.80,111.07,0.7215,-1,-1,-1
462,115,65.52,-0.27,166.11,479.19,0.8681,-1,-1,-1
463,116,506.58,86.61,118.24,334.72,0.8842,-1,-1,-1
463,117,405.76,145.89,62.31,195.45,0.8210,-1,-1,-1
463,118,279.29,58.87,126.88,351.10,0.8943,-1,-1,-1
463,120,584.10,85.94,59.92,297.39,0.6669,-1,-1,-1
463,91,244.03,166.16,35.86,111.84,0.7092,-1,-1,-1
463,115,67.05,1.67,168.88,479.10,0.8517,-1,-1,-1
464,116,498.06,88.53,121.69,337.81,0.8727,-1,-1,-1
464,117,405.84,145.80,61.32,194.32,0.7830,-1,-1,-1
464,118,277.12,58.32,127.15,356.42,0.8841,-1,-1,-1
464,120,585.09,87.99,59.00,297.27,0.7478,-1,-1,-1
464,91,243.98,168.39,34.96,109.51,0.7382,-1,-1,-1
464,115,64.71,0.29,172.10,481.06,0.8768,-1,-1,-1
465,116,490.32,89.97,123.91,337.91,0.8835,-1,-1,-1
465,117,406.43,143.38,60.12,191.87,0.7478,-1,-1,-1
465,118,275.11,56.66,126.60,361.24,0.8802,-1,-1,-1
465,120,585.84,86.69,59.31,305.01,0.7926,-1,-1,-1
465,115,61.75,-0.20,174.63,481.66,0.8874,-1,-1,-1
465,121,240.79,169.64,33.32,105.40,0.7135,-1,-1,-1
466,116,485.09,89.92,125.06,339.73,0.8833,-1,-1,-1
466,117,405.93,142.02,59.69,191.72,0.7612,-1,-1,-1
466,118,272.27,57.13,125.01,362.69,0.8848,-1,-1,-1
466,120,588.02,85.34,58.57,309.29,0.8247,-1,-1,-1
466,115,59.45,-0.35,176.76,481.74,0.8539,-1,-1,-1
466,121,243.72,166.52,34.65,110.01,0.6954,-1,-1,-1
467,116,479.13,87.41,120.98,332.00,0.8819,-1,-1,-1
467,117,402.81,141.79,60.73,192.72,0.7694,-1,-1,-1
467,118,268.00,58.39,124.43,364.67,0.8932,-1,-1,-1
467,120,585.57,83.87,58.92,314.73,0.8733,-1,-1,-1
467,115,58.19,-0.38,178.93,481.64,0.8861,-1,-1,-1
467,121,246.16,167.78,34.56,109.19,0.6915,-1,-1,-1
468,116,468.42,83.20,117.33,324.97,0.8662,-1,-1,-1
468,117,403.53,141.69,60.84,192.47,0.7424,-1,-1,-1
468,118,263.85,54.04,125.24,370.32,0.8778,-1,-1,-1
468,120,578.15,82.41,60.65,319.06,0.8729,-1,-1,-1
468,115,55.18,0.03,180.83,481.09,0.8912,-1,-1,-1
468,121,243.26,167.89,34.22,107.20,0.5254,-1,-1,-1
469,116,451.13,82.08,119.09,327.44,0.8494,-1,-1,-1
469,117,402.31,140.39,60.98,192.97,0.7109,-1,-1,-1
469,118,258.99,46.95,124.06,365.56,0.8723,-1,-1,-1
469,120,570.30,83.39,62.85,319.69,0.8594,-1,-1,-1
469,115,53.72,-0.05,181.43,475.73,0.8561,-1,-1,-1
470,116,439.24,84.60,121.27,329.95,0.8919,-1,-1,-1
470,117,402.52,140.00,60.17,189.40,0.7672,-1,-1,-1
470,118,257.82,43.25,124.94,364.98,0.8750,-1,-1,-1
470,120,565.35,82.90,63.38,307.49,0.8733,-1,-1,-1
470,115,53.66,-0.19,185.33,479.07,0.8562,-1,-1,-1
471,116,438.11,86.65,122.33,330.05,0.8881,-1,-1,-1
471,117,402.63,137.93,60.81,190.91,0.5920,-1,-1,-1
471,118,260.13,40.82,126.54,365.61,0.8792,-1,-1,-1
471,120,561.91,79.80,65.94,307.44,0.7523,-1,-1,-1
471,115,56.80,-0.17,188.22,480.22,0.8749,-1,-1,-1
472,116,438.14,84.31,123.14,331.84,0.8809,-1,-1,-1
472,117,402.36,134.44,61.87,193.09,0.6258,-1,-1,-1
472,118,261.94,36.88,128.97,369.72,0.8852,-1,-1,-1
472,120,563.08,75.49,68.86,316.07,0.8591,-1,-1,-1
472,115,61.21,-0.03,190.56,480.47,0.8802,-1,-1,-1
473,116,437.53,79.64,120.59,327.50,0.8927,-1,-1,-1
473,117,402.53,131.19,62.06,194.50,0.6296,-1,-1,-1
473,118,261.73,34.01,132.03,380.44,0.8721,-1,-1,-1
473,120,567.78,72.40,69.83,321.80,0.8809,-1,-1,-1
473,115,67.83,0.21,192.12,477.32,0.8506,-1,-1,-1
474,116,438.98,76.81,117.67,323.21,0.8470,-1,-1,-1
474,117,403.64,130.96,61.77,195.67,0.7490,-1,-1,-1
474,118,265.35,33.42,132.49,385.71,0.8807,-1,-1,-1
474,120,559.01,71.46,72.45,322.03,0.8477,-1,-1,-1
474,115,75.43,0.35,195.31,479.05,0.8411,-1,-1,-1
475,116,443.48,74.69,118.31,327.82,0.8482,-1,-1,-1
475,118,269.83,34.97,132.18,388.81,0.8838,-1,-1,-1
475,120,549.70,72.62,73.48,305.74,0.9071,-1,-1,-1
475,115,82.15,0.27,196.75,476.77,0.8606,-1,-1,-1
476,116,448.03,76.93,118.89,330.20,0.8854,-1,-1,-1
476,118,274.85,38.24,131.42,390.12,0.8852,-1,-1,-1
476,120,546.85,73.27,76.22,302.33,0.9005,-1,-1,-1
476,115,85.73,0.22,198.69,476.38,0.8772,-1,-1,-1
477,116,447.92,80.23,119.98,333.19,0.7883,-1,-1,-1
477,118,276.81,38.75,131.33,392.46,0.8945,-1,-1,-1
477,120,545.80,72.21,79.77,305.85,0.9026,-1,-1,-1
477,115,89.53,0.52,197.62,468.02,0.7765,-1,-1,-1
478,116,444.70,79.41,121.34,337.91,0.8136,-1,-1,-1
478,118,278.04,35.80,130.13,391.30,0.8981,-1,-1,-1
478,120,545.94,71.77,82.71,309.60,0.8894,-1,-1,-1
478,115,86.72,0.31,199.74,466.77,0.7867,-1,-1,-1
479,116,441.95,83.71,119.26,333.33,0.8517,-1,-1,-1
479,118,278.27,37.40,125.96,379.14,0.8945,-1,-1,-1
479,120,546.35,73.47,86.25,319.08,0.9091,-1,-1,-1
479,115,83.53,0.16,205.60,475.27,0.8127,-1,-1,-1
480,116,440.99,85.59,116.11,324.24,0.8708,-1,-1,-1
480,118,275.06,38.40,126.64,382.55,0.8866,-1,-1,-1
480,120,547.62,75.09,88.07,326.16,0.8300,-1,-1,-1
480,115,82.05,0.00,207.85,476.88,0.8428,-1,-1,-1
481,116,434.04,83.74,114.00,320.00,0.8625,-1,-1,-1
481,118,269.96,35.03,127.21,387.96,0.8836,-1,-1,-1
481,120,541.36,73.79,90.60,332.73,0.8480,-1,-1,-1
481,115,78.16,0.25,209.19,475.11,0.8036,-1,-1,-1
482,116,419.72,83.66,114.67,321.60,0.8689,-1,-1,-1
482,118,261.91,34.29,127.16,393.17,0.8883,-1,-1,-1
482,120,531.17,75.35,94.43,337.33,0.8402,-1,-1,-1
482,115,72.24,0.71,209.39,469.11,0.7511,-1,-1,-1
483,116,404.99,89.32,116.38,324.95,0.8719,-1,-1,-1
483,118,254.50,39.51,125.50,394.79,0.8769,-1,-1,-1
483,120,522.45,81.41,96.23,336.20,0.8815,-1,-1,-1
483,115,64.64,2.16,213.35,471.75,0.7811,-1,-1,-1
484,116,391.86,92.66,118.55,328.31,0.8438,-1,-1,-1
484,118,247.76,45.25,122.86,393.00,0.8590,-1,-1,-1
484,120,517.74,84.31,97.51,336.05,0.8762,-1,-1,-1
484,115,55.67,5.74,216.50,472.23,0.6537,-1,-1,-1
485,116,390.25,92.30,119.15,331.27,0.8089,-1,-1,-1
485,118,242.00,47.96,121.53,395.75,0.8413,-1,-1,-1
485,120,511.96,85.10,95.42,328.79,0.8384,-1,-1,-1
485,115,48.39,2.87,221.32,476.63,0.7355,-1,-1,-1
486,116,389.60,90.51,115.60,325.91,0.8709,-1,-1,-1
486,118,238.12,43.93,118.90,392.53,0.8828,-1,-1,-1
486,120,503.47,84.20,92.90,322.28,0.8733,-1,-1,-1
486,115,42.26,1.11,225.28,478.95,0.7839,-1,-1,-1
487,116,385.96,90.47,113.19,323.53,0.8712,-1,-1,-1
487,118,234.76,40.54,117.04,391.28,0.8847,-1,-1,-1
487,120,492.00,85.54,93.62,325.69,0.8850,-1,-1,-1
487,115,38.51,0.76,228.61,479.48,0.8442,-1,-1,-1
488,116,383.95,92.56,112.71,325.50,0.8520,-1,-1,-1
488,118,235.12,38.62,113.95,386.09,0.8605,-1,-1,-1
488,120,475.65,87.81,97.40,330.60,0.8519,-1,-1,-1
488,115,39.51,0.94,231.44,479.35,0.8164,-1,-1,-1
489,116,383.36,94.48,112.87,329.25,0.7843,-1,-1,-1
489,118,235.08,36.72,110.22,379.93,0.8672,-1,-1,-1
489,120,467.51,88.41,101.72,334.12,0.8952,-1,-1,-1
489,115,34.71,0.66,235.00,479.62,0.6871,-1,-1,-1
490,116,380.18,96.49,112.45,329.42,0.8306,-1,-1,-1
490,118,237.88,36.70,101.10,355.58,0.6458,-1,-1,-1
490,120,467.15,90.81,104.46,332.82,0.8814,-1,-1,-1
490,115,25.75,0.84,238.95,479.42,0.6197,-1,-1,-1
491,116,375.56,98.17,113.73,333.65,0.8504,-1,-1,-1
491,118,241.43,39.92,92.68,331.81,0.8144,-1,-1,-1
491,120,465.60,93.56,104.17,326.89,0.8676,-1,-1,-1
491,115,21.05,0.48,242.64,478.28,0.8248,-1,-1,-1
492,116,373.53,96.52,111.85,329.76,0.8687,-1,-1,-1
492,118,244.48,40.29,84.51,305.12,0.8187,-1,-1,-1
492,120,464.01,91.40,102.07,320.80,0.8140,-1,-1,-1
492,115,16.64,0.26,245.51,477.37,0.7391,-1,-1,-1
493,116,372.08,94.49,108.69,322.82,0.8681,-1,-1,-1
493,118,245.04,41.23,80.13,288.53,0.8093,-1,-1,-1
493,120,465.53,89.73,103.14,325.18,0.8350,-1,-1,-1
493,115,14.33,0.45,248.37,477.03,0.7244,-1,-1,-1
494,116,369.58,95.12,107.96,322.92,0.8321,-1,-1,-1
494,118,240.02,41.72,88.75,321.33,0.8514,-1,-1,-1
494,120,462.95,90.72,103.68,330.22,0.7724,-1,-1,-1
494,115,13.38,0.28,251.94,478.36,0.7532,-1,-1,-1
495,116,364.88,92.69,109.76,327.82,0.8764,-1,-1,-1
495,118,234.49,33.69,95.21,343.40,0.8552,-1,-1,-1
495,120,458.90,89.83,104.49,335.49,0.8356,-1,-1,-1
496,116,363.59,93.37,111.05,332.11,0.8892,-1,-1,-1
496,118,233.11,29.89,98.21,351.48,0.8535,-1,-1,-1
496,120,458.85,90.56,104.46,337.66,0.8447,-1,-1,-1
497,116,364.93,93.87,111.65,336.81,0.8469,-1,-1,-1
497,118,233.06,27.93,98.91,350.39,0.8473,-1,-1,-1
497,120,461.38,90.22,105.19,340.47,0.8033,-1,-1,-1
497,122,344.79,137.34,56.21,207.04,0.6548,-1,-1,-1
498,116,368.77,94.03,110.13,337.94,0.8278,-1,-1,-1
498,118,231.11,26.53,100.23,353.93,0.8122,-1,-1,-1
498,120,462.48,89.63,103.43,337.93,0.7976,-1,-1,-1
498,122,342.40,139.10,55.50,203.88,0.6500,-1,-1,-1
498,115,9.56,0.27,255.33,479.60,0.6798,-1,-1,-1
499,116,371.64,90.57,107.79,334.91,0.8408,-1,-1,-1
499,118,233.20,24.89,94.26,330.16,0.8391,-1,-1,-1
499,120,466.75,85.88,100.74,330.03,0.7744,-1,-1,-1
499,122,343.12,141.26,54.55,199.66,0.5445,-1,-1,-1
499,115,9.80,0.10,258.35,479.90,0.6286,-1,-1,-1
500,116,376.58,89.83,105.08,327.62,0.8534,-1,-1,-1
500,118,233.69,27.32,92.23,323.73,0.8270,-1,-1,-1
500,120,465.49,84.70,99.21,329.67,0.7345,-1,-1,-1
500,122,343.29,137.88,56.16,205.63,0.6925,-1,-1,-1
500,115,9.89,0.16,260.25,478.29,0.5895,-1,-1,-1
501,116,381.97,89.08,105.35,328.78,0.7831,-1,-1,-1
501,118,236.11,28.86,90.66,321.37,0.7993,-1,-1,-1
501,120,462.81,83.08,100.85,334.60,0.7663,-1,-1,-1
501,122,347.30,136.78,56.75,208.85,0.6528,-1,-1,-1
501,115,12.29,0.14,262.43,475.83,0.7232,-1,-1,-1
502,116,386.93,89.12,107.46,335.03,0.7962,-1,-1,-1
502,118,237.95,29.21,88.56,318.38,0.6735,-1,-1,-1
502,120,466.57,84.01,105.83,341.76,0.6835,-1,-1,-1
502,122,351.25,135.16,58.53,213.94,0.6760,-1,-1,-1
502,115,16.01,0.10,266.95,478.44,0.7815,-1,-1,-1
503,116,390.98,88.12,108.80,338.58,0.8464,-1,-1,-1
503,120,472.70,82.57,108.07,342.00,0.8678,-1,-1,-1
503,115,23.61,0.63,270.65,478.84,0.5543,-1,-1,-1
504,116,392.64,85.94,109.10,339.33,0.8560,-1,-1,-1
504,120,478.06,79.06,109.76,343.68,0.8774,-1,-1,-1
504,115,20.91,0.58,275.38,479.27,0.6561,-1,-1,-1
505,116,392.38,85.38,107.54,336.55,0.8393,-1,-1,-1
505,120,482.90,77.87,108.65,338.22,0.8635,-1,-1,-1
505,115,27.94,1.23,279.66,478.77,0.5061,-1,-1,-1
505,122,345.52,130.27,62.00,223.06,0.5845,-1,-1,-1
506,116,389.81,82.12,103.71,325.80,0.8595,-1,-1,-1
506,120,486.67,74.97,107.74,333.87,0.8743,-1,-1,-1
506,115,32.56,1.51,281.57,474.67,0.5653,-1,-1,-1
506,122,348.75,128.88,60.54,219.55,0.6641,-1,-1,-1
507,116,387.03,82.66,102.29,322.52,0.8243,-1,-1,-1
507,120,486.88,75.88,109.14,337.17,0.8488,-1,-1,-1
507,115,43.77,0.83,284.42,476.83,0.6286,-1,-1,-1
507,122,343.49,130.16,60.68,218.08,0.6451,-1,-1,-1
508,116,382.20,82.54,104.09,326.33,0.8268,-1,-1,-1
508,120,487.14,76.90,110.10,339.84,0.8543,-1,-1,-1
508,115,58.23,0.51,282.82,474.04,0.6250,-1,-1,-1
508,122,343.53,128.70,60.10,214.83,0.7141,-1,-1,-1
509,116,375.96,80.64,106.70,329.66,0.8553,-1,-1,-1
509,120,485.71,75.84,110.46,342.90,0.8492,-1,-1,-1
509,115,68.80,0.75,281.30,472.45,0.6205,-1,-1,-1
509,122,344.73,124.86,59.84,213.65,0.6588,-1,-1,-1
509,123,-0.08,95.24,87.64,219.63,0.5992,-1,-1,-1
510,116,374.01,83.16,108.98,334.49,0.8441,-1,-1,-1
510,120,488.73,78.86,109.88,341.38,0.8117,-1,-1,-1
510,122,348.51,126.80,58.83,211.53,0.5704,-1,-1,-1
510,123,1.53,81.93,99.28,248.67,0.7466,-1,-1,-1
511,116,377.87,83.48,108.86,336.47,0.8348,-1,-1,-1
511,120,490.29,78.20,109.26,342.73,0.7718,-1,-1,-1
511,123,7.38,66.48,111.34,277.97,0.6792,-1,-1,-1
512,116,382.48,85.12,108.36,337.70,0.8622,-1,-1,-1
512,120,495.78,80.38,105.64,334.61,0.7594,-1,-1,-1
512,123,22.71,63.75,116.76,290.79,0.7095,-1,-1,-1
512,115,113.50,1.22,282.62,477.11,0.5870,-1,-1,-1
513,116,393.85,89.06,103.47,326.55,0.8337,-1,-1,-1
513,120,498.64,82.73,103.39,332.44,0.8385,-1,-1,-1
513,123,47.14,66.68,127.17,320.13,0.8416,-1,-1,-1
513,115,142.24,1.21,279.44,473.07,0.6844,-1,-1,-1
514,116,402.63,88.36,99.08,319.02,0.8662,-1,-1,-1
514,120,499.11,80.96,103.04,334.34,0.8378,-1,-1,-1
514,123,63.13,66.07,130.36,333.08,0.8856,-1,-1,-1
514,115,156.00,1.06,278.22,471.49,0.5517,-1,-1,-1
514,124,4.29,115.98,81.67,237.90,0.8450,-1,-1,-1
515,116,423.49,92.20,72.84,232.12,0.8157,-1,-1,-1
515,120,492.60,84.23,105.08,337.63,0.8417,-1,-1,-1
515,123,80.36,70.34,130.57,336.58,0.8878,-1,-1,-1
515,115,177.84,0.67,277.76,472.16,0.7153,-1,-1,-1
515,124,-4.65,109.60,86.03,251.56,0.8529,-1,-1,-1
516,120,493.29,87.41,108.84,342.07,0.8219,-1,-1,-1
516,123,90.42,74.69,130.33,337.59,0.8785,-1,-1,-1
516,115,205.65,0.40,277.60,474.38,0.7072,-1,-1,-1
516,124,-13.37,104.12,90.36,266.77,0.8548,-1,-1,-1
517,120,501.74,89.07,110.87,342.93,0.8859,-1,-1,-1
517,123,94.49,81.59,127.48,332.59,0.8725,-1,-1,-1
517,115,234.53,0.54,276.09,472.10,0.7442,-1,-1,-1
517,124,-17.66,99.40,89.63,268.67,0.8607,-1,-1,-1
518,120,510.52,93.02,109.99,340.39,0.8425,-1,-1,-1
518,123,96.79,84.51,125.52,329.12,0.8743,-1,-1,-1
518,115,257.72,0.80,277.65,474.26,0.7534,-1,-1,-1
518,124,-22.90,93.78,89.68,275.42,0.7934,-1,-1,-1
518,118,191.64,29.10,103.41,362.97,0.8533,-1,-1,-1
519,123,104.46,81.63,119.48,316.96,0.8668,-1,-1,-1
519,115,280.73,0.71,280.98,476.65,0.7190,-1,-1,-1
519,118,185.27,27.01,112.06,389.07,0.8749,-1,-1,-1
520,123,113.57,77.59,116.42,315.62,0.8340,-1,-1,-1
520,115,300.10,0.55,283.97,477.60,0.8223,-1,-1,-1
520,118,183.84,23.19,123.94,425.77,0.8774,-1,-1,-1
521,123,114.28,79.87,114.89,313.03,0.8424,-1,-1,-1
521,115,331.73,0.53,285.92,475.63,0.8640,-1,-1,-1
521,118,186.63,19.03,130.84,437.72,0.8792,-1,-1,-1
522,123,114.15,84.96,114.76,313.79,0.8236,-1,-1,-1
522,115,350.69,0.58,285.53,473.99,0.7792,-1,-1,-1
522,118,192.10,18.50,135.46,443.62,0.8876,-1,-1,-1
523,123,112.13,88.58,114.34,313.25,0.7713,-1,-1,-1
523,115,361.77,0.66,285.59,475.52,0.8149,-1,-1,-1
523,118,194.82,16.66,139.21,451.13,0.8998,-1,-1,-1
524,123,111.39,85.24,113.59,310.79,0.8325,-1,-1,-1
524,115,370.41,0.88,283.80,475.87,0.8006,-1,-1,-1
524,118,195.49,13.08,142.86,460.77,0.8948,-1,-1,-1
525,123,116.24,84.19,110.79,302.33,0.8325,-1,-1,-1
525,115,379.31,0.40,281.76,478.55,0.8934,-1,-1,-1
525,118,201.62,14.84,144.69,465.31,0.8895,-1,-1,-1
526,123,129.53,79.87,106.45,292.66,0.8529,-1,-1,-1
526,115,388.39,0.63,277.55,479.15,0.8942,-1,-1,-1
526,118,208.72,15.28,146.17,467.10,0.8738,-1,-1,-1
527,123,136.99,76.36,105.09,293.78,0.8489,-1,-1,-1
527,115,396.53,0.20,272.76,479.88,0.8698,-1,-1,-1
527,118,209.76,13.64,148.46,469.36,0.8661,-1,-1,-1
528,123,147.82,84.72,102.52,293.89,0.8614,-1,-1,-1
528,115,408.31,0.04,266.20,480.13,0.9061,-1,-1,-1
528,118,211.14,18.99,149.67,463.88,0.8605,-1,-1,-1
529,123,153.36,93.71,99.58,291.08,0.8438,-1,-1,-1
529,115,419.03,0.30,257.85,477.76,0.8936,-1,-1,-1
529,118,213.63,24.08,150.34,457.82,0.8829,-1,-1,-1
529,126,127.10,163.71,46.17,145.22,0.7924,-1,-1,-1
529,127,391.10,104.63,71.01,316.00,0.8117,-1,-1,-1
530,123,155.92,99.40,97.50,287.75,0.8630,-1,-1,-1
530,115,431.51,0.33,249.73,478.09,0.9025,-1,-1,-1
530,118,220.23,26.29,149.02,446.34,0.8749,-1,-1,-1
530,126,120.97,161.41,47.86,150.57,0.7848,-1,-1,-1
530,127,394.51,108.76,71.74,317.37,0.7385,-1,-1,-1
531,123,156.32,102.64,97.02,287.57,0.8511,-1,-1,-1
531,115,440.41,0.26,241.89,478.81,0.8965,-1,-1,-1
531,118,223.71,27.78,151.05,448.75,0.8791,-1,-1,-1
531,126,114.90,159.84,49.91,156.59,0.8114,-1,-1,-1
531,127,396.81,111.94,73.45,321.92,0.8240,-1,-1,-1
532,123,161.73,101.99,93.45,279.24,0.8406,-1,-1,-1
532,115,449.40,0.76,233.33,478.36,0.8852,-1,-1,-1
532,118,224.64,27.59,151.74,452.30,0.8936,-1,-1,-1
532,126,102.26,158.61,52.60,163.58,0.7518,-1,-1,-1
532,127,391.96,107.23,74.49,322.40,0.8402,-1,-1,-1
533,123,164.92,96.53,91.22,277.90,0.7978,-1,-1,-1
533,115,453.33,0.54,226.16,478.58,0.8890,-1,-1,-1
533,118,219.28,24.14,152.38,456.90,0.8799,-1,-1,-1
533,126,87.17,154.92,55.19,168.84,0.7949,-1,-1,-1
533,127,385.63,100.32,73.81,314.33,0.8438,-1,-1,-1
534,123,154.50,91.31,91.76,280.74,0.7946,-1,-1,-1
534,115,457.87,1.34,218.80,477.44,0.8880,-1,-1,-1
534,118,206.52,23.47,151.66,457.14,0.8854,-1,-1,-1
534,126,65.24,148.36,58.85,178.88,0.7984,-1,-1,-1
534,127,372.84,95.77,74.91,313.97,0.7876,-1,-1,-1
534,128,457.77,89.01,55.69,294.98,0.7802,-1,-1,-1
535,123,143.48,90.28,94.42,289.66,0.5142,-1,-1,-1
535,115,463.77,1.87,211.27,475.59,0.8779,-1,-1,-1
535,118,195.34,23.33,151.77,457.72,0.8782,-1,-1,-1
535,126,47.72,140.67,62.65,189.47,0.7869,-1,-1,-1
535,127,357.79,95.00,77.48,317.09,0.7805,-1,-1,-1
535,128,453.96,89.04,59.96,316.66,0.8451,-1,-1,-1
536,123,147.38,114.23,70.20,204.77,0.5161,-1,-1,-1
536,115,469.55,0.98,205.12,477.05,0.8810,-1,-1,-1
536,118,192.43,19.54,151.34,458.04,0.8794,-1,-1,-1
536,126,34.49,133.34,66.49,199.38,0.7968,-1,-1,-1
536,127,344.91,95.59,81.19,321.58,0.8517,-1,-1,-1
536,128,453.19,88.87,60.77,318.21,0.8429,-1,-1,-1
537,115,476.23,5.40,197.00,473.22,0.8824,-1,-1,-1
537,118,191.80,9.30,151.23,458.10,0.8817,-1,-1,-1
537,126,18.27,121.83,70.85,209.71,0.8026,-1,-1,-1
537,127,336.43,93.03,85.52,328.32,0.8493,-1,-1,-1
537,128,452.97,85.57,61.80,318.73,0.8732,-1,-1,-1
538,115,481.59,2.87,191.64,476.36,0.8789,-1,-1,-1
538,118,194.70,4.00,150.94,455.81,0.8947,-1,-1,-1
538,126,8.47,117.12,75.35,221.32,0.8456,-1,-1,-1
538,127,335.34,91.08,88.27,332.98,0.8007,-1,-1,-1
538,128,451.74,85.13,65.64,332.56,0.8513,-1,-1,-1
538,123,142.62,124.33,59.75,168.33,0.5854,-1,-1,-1
539,115,493.45,2.33,183.22,475.05,0.8620,-1,-1,-1
539,118,198.36,1.83,154.41,464.23,0.8856,-1,-1,-1
539,126,0.28,112.57,80.25,234.48,0.8775,-1,-1,-1
539,127,338.16,88.20,88.46,330.30,0.8634,-1,-1,-1
539,128,458.31,83.82,66.07,326.92,0.8490,-1,-1,-1
539,129,124.43,140.81,39.50,145.57,0.7932,-1,-1,-1
539,130,411.31,126.34,43.23,224.95,0.7755,-1,-1,-1
539,123,150.65,122.30,58.76,165.62,0.6061,-1,-1,-1
540,115,504.56,5.34,172.97,468.72,0.8122,-1,-1,-1
540,118,202.53,0.67,157.57,472.97,0.8777,-1,-1,-1
540,126,-3.19,112.57,84.19,245.11,0.8681,-1,-1,-1
540,127,342.66,87.95,88.00,326.24,0.8686,-1,-1,-1
540,128,463.65,79.47,69.72,335.95,0.8351,-1,-1,-1
540,129,126.85,138.97,41.12,150.63,0.7812,-1,-1,-1
540,130,415.55,127.76,42.99,222.77,0.7292,-1,-1,-1
540,123,158.42,121.06,75.81,218.91,0.7546,-1,-1,-1
541,118,211.87,0.18,157.91,473.39,0.8654,-1,-1,-1
541,126,-8.42,108.54,88.61,260.75,0.8601,-1,-1,-1
541,127,348.47,84.28,90.16,333.73,0.8384,-1,-1,-1
541,128,472.12,74.93,73.99,343.63,0.7461,-1,-1,-1
541,129,127.14,139.41,42.92,155.04,0.8574,-1,-1,-1
541,130,423.15,126.22,44.89,232.10,0.6711,-1,-1,-1
541,123,170.77,122.90,79.79,238.78,0.7327,-1,-1,-1
541,120,542.66,26.05,117.18,402.75,0.7544,-1,-1,-1
542,118,222.91,1.00,157.61,473.66,0.8767,-1,-1,-1
542,126,-13.52,100.07,92.44,277.94,0.8438,-1,-1,-1
542,127,355.68,83.44,91.18,338.39,0.7930,-1,-1,-1
542,128,469.56,71.89,79.14,352.55,0.6215,-1,-1,-1
542,129,122.67,139.26,45.58,160.78,0.8664,-1,-1,-1
543,118,232.77,5.25,157.18,471.62,0.8474,-1,-1,-1
543,126,-15.79,92.69,94.80,291.82,0.8645,-1,-1,-1
543,127,361.75,87.77,91.54,341.95,0.6886,-1,-1,-1
543,128,462.32,74.03,84.04,360.61,0.8114,-1,-1,-1
543,129,118.31,142.14,47.51,162.55,0.8755,-1,-1,-1
543,123,191.46,124.04,80.70,254.69,0.5257,-1,-1,-1
544,118,240.96,3.74,158.53,475.56,0.8633,-1,-1,-1
544,126,-20.74,86.29,94.32,301.88,0.8031,-1,-1,-1
544,127,374.99,88.48,85.97,324.91,0.5156,-1,-1,-1
544,128,465.86,74.96,89.00,366.54,0.8223,-1,-1,-1
544,129,113.90,137.98,50.64,167.97,0.8782,-1,-1,-1
544,131,187.56,147.57,40.15,150.16,0.7646,-1,-1,-1
544,123,202.48,130.37,75.41,248.76,0.6382,-1,-1,-1
545,118,246.26,1.39,160.35,478.61,0.8553,-1,-1,-1
545,126,-17.55,100.85,88.06,289.16,0.7935,-1,-1,-1
545,127,383.47,88.61,87.54,338.77,0.5132,-1,-1,-1
545,128,471.50,74.35,93.29,371.39,0.8016,-1,-1,-1
545,129,113.72,135.39,53.22,171.20,0.8726,-1,-1,-1
545,131,190.37,148.48,40.62,151.05,0.7137,-1,-1,-1
546,118,256.18,0.38,161.86,479.08,0.8985,-1,-1,-1
546,126,-17.55,112.22,83.30,282.93,0.7622,-1,-1,-1
546,127,380.95,85.25,90.55,348.14,0.5795,-1,-1,-1
546,128,481.18,71.90,96.01,373.78,0.7836,-1,-1,-1
546,129,115.25,131.51,56.20,176.10,0.8602,-1,-1,-1
546,131,196.74,149.07,41.41,152.90,0.7579,-1,-1,-1
547,118,260.61,0.29,165.05,479.86,0.8883,-1,-1,-1
547,127,389.81,82.62,89.49,343.93,0.6853,-1,-1,-1
547,128,494.62,67.94,96.95,368.81,0.7380,-1,-1,-1
547,129,115.60,124.27,59.03,183.32,0.7894,-1,-1,-1
547,131,198.68,143.72,43.53,159.06,0.8171,-1,-1,-1
548,118,264.11,-0.23,166.66,474.79,0.8814,-1,-1,-1
548,127,396.86,82.08,89.81,348.04,0.5365,-1,-1,-1
548,128,508.58,65.16,100.19,375.08,0.7096,-1,-1,-1
548,129,117.22,121.42,60.68,188.03,0.8157,-1,-1,-1
548,131,202.55,139.46,45.92,165.05,0.8394,-1,-1,-1
548,130,474.36,116.93,48.60,253.06,0.6141,-1,-1,-1
549,118,266.37,-0.08,168.67,472.42,0.8594,-1,-1,-1
549,128,520.53,63.09,104.58,384.98,0.7685,-1,-1,-1
549,129,118.01,118.71,62.38,192.57,0.8225,-1,-1,-1
549,131,203.07,135.70,48.23,170.28,0.8261,-1,-1,-1
549,130,481.20,120.75,47.90,248.11,0.6846,-1,-1,-1
550,118,269.03,-0.19,172.29,477.44,0.7731,-1,-1,-1
550,128,528.64,53.04,107.95,396.58,0.8854,-1,-1,-1
550,129,112.32,108.37,65.35,200.29,0.7353,-1,-1,-1
550,131,202.96,122.52,50.79,176.68,0.8328,-1,-1,-1
550,130,488.83,114.27,48.95,249.07,0.7895,-1,-1,-1
551,118,270.59,-0.03,173.21,478.32,0.7981,-1,-1,-1
551,128,533.00,46.41,109.82,404.98,0.9019,-1,-1,-1
551,129,102.87,100.38,68.67,207.66,0.8372,-1,-1,-1
551,131,201.06,114.51,52.92,181.77,0.8254,-1,-1,-1
551,130,494.66,110.09,50.56,250.60,0.7482,-1,-1,-1
551,127,402.95,72.60,92.38,363.50,0.5840,-1,-1,-1
552,118,280.34,-0.22,173.31,465.59,0.7676,-1,-1,-1
552,128,536.71,47.69,109.83,408.45,0.8940,-1,-1,-1
552,129,89.57,100.53,72.48,215.92,0.8669,-1,-1,-1
552,131,193.82,113.24,56.96,191.08,0.8695,-1,-1,-1
552,130,498.39,113.42,51.21,249.95,0.8078,-1,-1,-1
552,127,415.31,68.51,71.96,283.05,0.6492,-1,-1,-1
553,118,273.67,4.73,178.28,470.10,0.8598,-1,-1,-1
553,128,539.90,49.97,109.03,410.51,0.8766,-1,-1,-1
553,129,78.49,99.25,75.99,224.76,0.8717,-1,-1,-1
553,131,184.83,114.83,60.15,196.06,0.8716,-1,-1,-1
553,130,501.25,116.16,52.10,249.75,0.8039,-1,-1,-1
553,127,415.11,67.93,65.47,254.98,0.6963,-1,-1,-1
554,118,260.20,1.84,181.69,476.50,0.8953,-1,-1,-1
554,128,544.16,50.45,106.21,406.10,0.8936,-1,-1,-1
554,129,68.61,96.65,78.92,233.50,0.8522,-1,-1,-1
554,131,178.87,115.09,63.89,203.54,0.8604,-1,-1,-1
554,130,506.59,117.95,52.87,248.84,0.7678,-1,-1,-1
555,118,261.78,0.85,182.88,478.80,0.9125,-1,-1,-1
555,128,549.52,47.18,102.87,401.81,0.8912,-1,-1,-1
555,129,59.92,91.62,80.42,241.07,0.8391,-1,-1,-1
555,131,174.26,110.85,67.46,212.85,0.8783,-1,-1,-1
555,130,513.30,114.25,54.03,248.15,0.7635,-1,-1,-1
555,127,410.00,104.23,63.76,247.30,0.6300,-1,-1,-1
556,118,259.40,1.17,183.96,478.95,0.9082,-1,-1,-1
556,128,553.72,46.93,100.23,401.51,0.8629,-1,-1,-1
556,129,49.61,89.52,82.17,247.52,0.8331,-1,-1,-1
556,131,170.00,110.05,70.15,219.95,0.8762,-1,-1,-1
556,130,517.41,114.99,55.76,248.98,0.7722,-1,-1,-1
556,127,412.76,111.94,64.87,251.06,0.6948,-1,-1,-1
557,118,263.04,2.83,183.95,477.39,0.9203,-1,-1,-1
557,128,551.27,55.88,97.51,393.48,0.8320,-1,-1,-1
557,129,31.26,89.56,85.93,257.01,0.8682,-1,-1,-1
557,131,162.06,109.65,73.76,230.25,0.8789,-1,-1,-1
557,130,522.15,124.83,55.86,245.37,0.8214,-1,-1,-1
557,127,419.50,118.43,71.27,273.94,0.7216,-1,-1,-1
558,118,264.43,2.89,183.92,476.01,0.9082,-1,-1,-1
558,128,549.64,58.83,94.96,383.43,0.8451,-1,-1,-1
558,129,12.75,84.53,90.31,266.60,0.8952,-1,-1,-1
558,131,156.13,106.61,76.31,237.13,0.8721,-1,-1,-1
558,130,525.56,128.80,54.54,236.18,0.8128,-1,-1,-1
558,127,423.98,117.51,76.28,287.43,0.8158,-1,-1,-1
559,118,270.18,1.54,183.58,474.72,0.9217,-1,-1,-1
559,128,553.09,52.66,92.03,374.84,0.8579,-1,-1,-1
559,129,3.03,79.85,92.81,272.97,0.9037,-1,-1,-1
559,131,153.38,98.14,79.50,244.86,0.8667,-1,-1,-1
559,130,533.55,120.89,57.15,245.79,0.7421,-1,-1,-1
559,127,434.83,107.52,84.81,310.46,0.8191,-1,-1,-1
560,118,271.81,0.45,184.53,477.30,0.9136,-1,-1,-1
560,128,560.62,46.66,90.04,377.26,0.8585,-1,-1,-1
560,129,-2.93,76.73,94.91,280.48,0.9214,-1,-1,-1
560,131,148.54,91.28,84.42,258.26,0.8781,-1,-1,-1
560,130,538.93,115.82,56.83,243.76,0.7395,-1,-1,-1
560,127,445.78,95.82,92.02,332.86,0.8006,-1,-1,-1
561,118,263.87,1.14,186.10,478.17,0.8990,-1,-1,-1
561,128,562.49,41.44,89.46,384.66,0.8866,-1,-1,-1
561,129,-9.81,69.79,95.11,287.25,0.8848,-1,-1,-1
561,131,134.35,81.59,90.42,275.26,0.8097,-1,-1,-1
561,130,541.49,112.21,55.77,245.37,0.5997,-1,-1,-1
561,127,450.92,78.23,99.72,357.61,0.6572,-1,-1,-1
562,118,255.44,0.87,187.88,478.31,0.8985,-1,-1,-1
562,128,561.14,36.31,89.75,393.96,0.9048,-1,-1,-1
562,129,-14.06,81.06,88.01,274.36,0.8560,-1,-1,-1
562,131,119.69,73.93,94.63,286.67,0.8753,-1,-1,-1
562,127,457.55,62.59,105.49,375.66,0.7988,-1,-1,-1
563,118,249.85,1.80,190.62,478.03,0.9243,-1,-1,-1
563,128,564.62,38.67,88.85,402.78,0.8313,-1,-1,-1
563,131,103.81,65.94,102.32,309.23,0.8177,-1,-1,-1
563,127,471.54,48.93,117.15,414.36,0.6245,-1,-1,-1
563,133,413.09,80.38,64.24,269.30,0.6222,-1,-1,-1
564,118,245.57,1.73,193.24,478.34,0.9036,-1,-1,-1
564,128,567.89,39.68,87.03,408.78,0.6636,-1,-1,-1
564,131,92.40,58.75,108.74,326.62,0.8687,-1,-1,-1
564,127,498.22,40.32,120.95,431.82,0.5517,-1,-1,-1
564,133,415.38,79.35,66.36,277.66,0.7098,-1,-1,-1
565,118,243.48,1.09,195.10,477.95,0.9221,-1,-1,-1
565,131,78.28,49.97,115.22,346.27,0.8584,-1,-1,-1
565,127,498.17,29.30,129.39,450.82,0.8272,-1,-1,-1
565,133,418.73,75.01,70.91,295.24,0.7920,-1,-1,-1
566,118,240.03,0.84,196.88,478.52,0.9175,-1,-1,-1
566,131,64.44,40.50,121.40,363.61,0.8917,-1,-1,-1
566,127,508.74,58.99,124.20,424.31,0.5172,-1,-1,-1
566,133,423.03,66.06,75.69,314.21,0.8403,-1,-1,-1
567,118,236.48,0.85,196.61,475.87,0.9194,-1,-1,-1
567,131,47.15,27.58,129.14,386.04,0.9007,-1,-1,-1
567,127,522.63,68.70,120.54,414.77,0.8255,-1,-1,-1
567,133,427.69,55.55,80.82,333.83,0.8584,-1,-1,-1
568,118,233.15,0.72,195.98,472.65,0.9187,-1,-1,-1
568,131,30.13,16.91,136.37,405.78,0.9122,-1,-1,-1
568,127,529.97,61.78,120.31,420.92,0.6951,-1,-1,-1
568,133,432.44,45.48,86.82,354.43,0.8648,-1,-1,-1
569,118,225.47,0.53,197.30,474.50,0.9236,-1,-1,-1
569,131,7.93,3.95,146.67,436.61,0.9100,-1,-1,-1
569,133,434.26,29.56,94.70,378.21,0.8649,-1,-1,-1
570,118,218.28,0.46,198.88,475.73,0.9178,-1,-1,-1
570,131,-1.93,-0.75,147.05,439.21,0.9159,-1,-1,-1
570,133,438.82,15.02,102.08,399.93,0.8622,-1,-1,-1
570,127,549.01,50.12,106.96,385.08,0.6262,-1,-1,-1
571,118,208.08,0.11,202.29,477.01,0.9079,-1,-1,-1
571,131,-11.39,-2.73,147.59,448.40,0.8978,-1,-1,-1
571,133,446.09,3.10,110.74,425.26,0.8686,-1,-1,-1
571,127,554.98,53.10,100.12,370.57,0.8798,-1,-1,-1
572,118,200.08,-0.02,205.47,476.76,0.9157,-1,-1,-1
572,131,-18.51,-2.56,146.74,457.58,0.8826,-1,-1,-1
572,133,453.81,-1.88,118.82,446.65,0.8796,-1,-1,-1
572,127,564.23,59.10,87.06,328.30,0.7341,-1,-1,-1
573,118,195.28,-0.03,209.65,478.25,0.9162,-1,-1,-1
573,131,-23.64,8.63,142.78,460.27,0.8323,-1,-1,-1
573,133,463.36,-3.28,129.75,473.17,0.8487,-1,-1,-1
574,118,196.20,-0.06,213.50,478.19,0.9135,-1,-1,-1
574,133,474.17,-4.04,136.63,484.38,0.9044,-1,-1,-1
575,118,201.35,-0.06,216.26,477.61,0.9049,-1,-1,-1
575,133,481.94,-3.76,140.65,487.31,0.9145,-1,-1,-1
576,118,207.69,-0.06,219.33,479.07,0.9184,-1,-1,-1
576,133,489.21,-3.30,142.67,488.29,0.9071,-1,-1,-1
577,118,213.69,-0.05,221.86,479.79,0.9225,-1,-1,-1
577,133,496.80,-2.72,142.62,486.57,0.8957,-1,-1,-1
578,118,220.14,0.12,223.59,479.88,0.9245,-1,-1,-1
578,133,508.17,-2.01,140.77,486.39,0.7291,-1,-1,-1
579,118,226.68,0.20,224.69,479.88,0.9072,-1,-1,-1
580,118,235.63,0.34,224.39,477.49,0.9166,-1,-1,-1
580,133,514.77,48.91,113.72,383.35,0.8443,-1,-1,-1
581,118,251.07,0.15,225.66,478.35,0.9243,-1,-1,-1
581,137,217.37,150.30,44.79,131.70,0.7864,-1,-1,-1
581,133,506.06,65.25,99.38,339.18,0.7142,-1,-1,-1
582,118,260.41,0.17,226.27,476.91,0.9218,-1,-1,-1
582,137,215.35,150.24,46.24,135.49,0.8260,-1,-1,-1
582,133,498.66,71.06,94.36,325.19,0.6026,-1,-1,-1
583,118,270.29,0.05,229.02,477.30,0.9171,-1,-1,-1
583,137,212.40,157.61,47.46,138.05,0.7320,-1,-1,-1
583,133,495.17,80.70,90.92,318.62,0.6863,-1,-1,-1
584,118,280.97,0.00,232.85,476.94,0.9155,-1,-1,-1
584,137,208.91,159.63,49.35,142.54,0.7192,-1,-1,-1
584,133,513.97,94.82,92.73,315.23,0.5038,-1,-1,-1
585,118,290.38,0.13,236.73,475.35,0.9072,-1,-1,-1
585,137,204.09,153.10,51.89,149.43,0.7361,-1,-1,-1
586,118,294.56,0.03,239.88,473.70,0.9011,-1,-1,-1
586,137,199.87,147.22,55.29,158.75,0.8082,-1,-1,-1
586,140,1.98,0.01,112.36,474.84,0.5812,-1,-1,-1
586,133,529.66,118.24,78.09,267.85,0.7515,-1,-1,-1
587,118,291.41,0.01,241.21,472.23,0.9127,-1,-1,-1
587,137,192.54,144.08,56.59,161.60,0.8180,-1,-1,-1
587,140,-0.17,0.00,112.75,476.70,0.6821,-1,-1,-1
587,133,523.64,119.04,74.58,257.60,0.6560,-1,-1,-1
588,118,283.68,-0.01,244.36,477.21,0.9158,-1,-1,-1
588,137,183.87,145.05,57.86,164.83,0.8345,-1,-1,-1
588,140,-3.55,-0.00,112.78,477.99,0.6465,-1,-1,-1
588,133,517.90,123.72,72.58,251.16,0.7257,-1,-1,-1
588,141,454.09,169.27,82.70,223.93,0.5844,-1,-1,-1
589,118,262.05,-0.01,245.96,478.90,0.9051,-1,-1,-1
589,137,164.23,143.98,60.42,171.32,0.7229,-1,-1,-1
589,140,-6.64,0.66,111.93,476.97,0.6293,-1,-1,-1
589,141,469.73,136.52,88.78,240.14,0.6394,-1,-1,-1
590,118,246.14,-0.01,246.81,478.46,0.8834,-1,-1,-1
590,137,148.97,141.26,63.09,177.57,0.8216,-1,-1,-1
590,141,465.89,124.36,91.20,246.14,0.7959,-1,-1,-1
591,118,222.98,-0.00,249.08,479.12,0.8733,-1,-1,-1
591,137,130.83,140.27,65.11,182.94,0.8122,-1,-1,-1
591,141,453.18,119.40,91.36,246.53,0.6489,-1,-1,-1
591,140,0.40,0.20,111.07,472.16,0.6629,-1,-1,-1
592,118,201.87,-0.01,250.08,478.68,0.8745,-1,-1,-1
592,137,112.02,142.17,68.98,193.13,0.8585,-1,-1,-1
592,141,421.49,120.82,96.30,258.50,0.7559,-1,-1,-1
592,140,-4.77,1.00,93.77,402.79,0.7696,-1,-1,-1
593,118,195.43,-0.01,250.65,479.40,0.8939,-1,-1,-1
593,137,91.39,134.99,73.44,205.15,0.8117,-1,-1,-1
594,118,190.79,0.29,250.06,478.97,0.8991,-1,-1,-1
594,137,75.89,127.31,76.46,213.45,0.8333,-1,-1,-1
594,140,-4.53,23.43,101.79,439.89,0.5638,-1,-1,-1
595,118,188.27,0.32,249.43,479.49,0.9078,-1,-1,-1
595,137,54.04,120.82,81.98,226.46,0.7864,-1,-1,-1
596,118,184.85,0.29,248.10,479.72,0.9078,-1,-1,-1
596,137,39.42,113.24,86.01,236.34,0.8217,-1,-1,-1
596,141,364.58,123.14,96.13,261.46,0.5818,-1,-1,-1
597,118,184.52,0.11,245.27,478.90,0.9004,-1,-1,-1
597,137,26.99,107.06,89.07,245.19,0.7980,-1,-1,-1
598,118,186.30,0.04,242.46,478.35,0.9108,-1,-1,-1
598,137,13.61,105.23,91.09,252.10,0.7668,-1,-1,-1
598,142,164.35,154.15,42.76,149.18,0.7754,-1,-1,-1
599,118,188.54,0.01,240.50,477.53,0.9032,-1,-1,-1
599,137,-1.96,101.28,97.95,273.42,0.8245,-1,-1,-1
599,142,159.36,152.62,43.63,151.07,0.8051,-1,-1,-1
600,118,193.94,0.66,239.31,475.91,0.9121,-1,-1,-1
600,137,-12.64,96.76,96.81,277.40,0.8680,-1,-1,-1
600,142,153.74,153.09,46.04,157.99,0.8116,-1,-1,-1
600,144,596.20,153.20,45.90,196.18,0.6039,-1,-1,-1
601,118,194.29,0.64,240.27,478.05,0.9209,-1,-1,-1
601,142,148.01,153.07,48.05,163.07,0.8204,-1,-1,-1
601,144,592.66,138.03,50.43,216.12,0.5683,-1,-1,-1
602,118,192.82,0.23,241.46,479.34,0.9112,-1,-1,-1
602,142,143.84,151.34,49.71,167.32,0.8201,-1,-1,-1
602,144,588.17,119.78,55.39,238.31,0.5306,-1,-1,-1
603,118,190.74,0.20,241.36,479.71,0.9084,-1,-1,-1
603,142,138.03,151.78,51.92,172.69,0.8622,-1,-1,-1
603,144,585.18,109.57,58.57,253.28,0.5837,-1,-1,-1
604,118,188.61,0.07,240.55,479.96,0.9057,-1,-1,-1
604,142,136.18,148.77,54.48,178.29,0.8127,-1,-1,-1
605,118,187.52,0.02,238.19,479.59,0.9085,-1,-1,-1
605,142,133.68,145.20,56.72,183.10,0.8074,-1,-1,-1
605,144,583.58,98.38,59.12,256.96,0.5190,-1,-1,-1
606,118,187.94,-0.00,235.24,478.86,0.9110,-1,-1,-1
606,142,130.62,141.16,58.42,185.70,0.8113,-1,-1,-1
607,118,186.45,0.74,232.97,478.87,0.9039,-1,-1,-1
607,142,124.19,135.11,62.13,193.73,0.8302,-1,-1,-1
608,118,185.14,0.27,231.59,479.63,0.9086,-1,-1,-1
608,142,112.30,131.92,66.74,201.60,0.8437,-1,-1,-1
609,118,190.96,0.28,230.73,479.73,0.9003,-1,-1,-1
609,142,105.19,126.58,71.72,210.77,0.8684,-1,-1,-1
610,118,199.73,0.10,229.97,479.95,0.7993,-1,-1,-1
610,142,98.86,123.35,75.48,219.59,0.8499,-1,-1,-1
611,118,211.76,0.03,228.30,480.02,0.8659,-1,-1,-1
611,142,94.05,123.10,78.30,226.85,0.8527,-1,-1,-1
611,141,185.23,147.31,82.41,238.12,0.6499,-1,-1,-1
612,118,222.54,0.00,227.73,480.05,0.8847,-1,-1,-1
612,142,83.13,117.42,82.13,237.21,0.8632,-1,-1,-1
613,118,228.65,-0.01,228.06,480.05,0.8775,-1,-1,-1
613,142,68.12,110.27,85.99,244.21,0.8604,-1,-1,-1
613,147,156.36,163.34,38.76,124.43,0.7298,-1,-1,-1
613,140,1.97,20.32,71.73,305.26,0.7612,-1,-1,-1
613,141,181.84,138.94,81.56,232.86,0.5147,-1,-1,-1
614,118,241.87,-0.01,227.54,478.71,0.8816,-1,-1,-1
614,142,52.89,101.83,91.91,261.33,0.8848,-1,-1,-1
614,147,146.29,159.33,40.50,129.53,0.7537,-1,-1,-1
614,140,1.18,28.05,72.35,306.18,0.7064,-1,-1,-1
614,141,172.95,116.12,88.21,252.03,0.8665,-1,-1,-1
615,118,253.25,0.04,226.60,478.22,0.8894,-1,-1,-1
615,142,45.29,96.25,94.91,272.17,0.8384,-1,-1,-1
615,147,140.03,157.28,41.72,132.67,0.7917,-1,-1,-1
615,140,-4.93,23.41,82.39,361.19,0.7938,-1,-1,-1
615,141,172.29,108.65,90.19,261.17,0.8633,-1,-1,-1
616,118,266.99,0.01,226.68,479.36,0.8924,-1,-1,-1
616,142,41.81,90.51,93.03,271.42,0.7537,-1,-1,-1
616,147,133.80,152.71,43.77,138.05,0.8220,-1,-1,-1
616,140,-7.81,12.98,92.08,417.15,0.6317,-1,-1,-1
616,141,174.58,106.55,90.57,267.78,0.8400,-1,-1,-1
617,118,275.90,-0.00,226.60,479.35,0.8881,-1,-1,-1
617,142,42.91,80.25,79.42,230.09,0.6213,-1,-1,-1
617,147,130.30,146.27,45.69,142.61,0.7973,-1,-1,-1
617,141,175.07,102.16,90.10,270.76,0.8541,-1,-1,-1
618,118,278.41,-0.00,226.78,479.11,0.8937,-1,-1,-1
618,147,119.49,140.10,48.65,148.83,0.7921,-1,-1,-1
618,141,171.09,97.81,89.05,272.89,0.8549,-1,-1,-1
618,149,252.70,97.72,71.87,243.83,0.7249,-1,-1,-1
618,140,-6.67,3.82,101.21,467.47,0.8149,-1,-1,-1
619,118,277.44,-0.01,227.40,479.70,0.9010,-1,-1,-1
619,147,107.19,136.71,49.89,151.92,0.8066,-1,-1,-1
619,141,165.10,95.69,86.89,270.59,0.8632,-1,-1,-1
619,149,250.93,94.59,75.43,257.13,0.7926,-1,-1,-1
619,140,-3.88,2.68,102.07,475.49,0.8445,-1,-1,-1
620,118,276.16,-0.01,227.45,479.92,0.8565,-1,-1,-1
620,147,98.28,135.02,52.23,157.12,0.8081,-1,-1,-1
620,141,161.76,93.91,84.08,266.06,0.8336,-1,-1,-1
620,149,250.81,92.19,77.60,265.86,0.8104,-1,-1,-1
620,140,-0.56,2.99,102.49,476.30,0.8455,-1,-1,-1
620,150,233.61,124.77,41.87,175.28,0.6489,-1,-1,-1
621,118,281.86,0.19,224.26,478.27,0.8909,-1,-1,-1
621,147,94.94,137.81,54.38,161.64,0.7955,-1,-1,-1
621,141,162.27,99.82,82.66,265.93,0.7976,-1,-1,-1
621,149,253.27,98.98,77.10,265.45,0.8151,-1,-1,-1
621,140,0.20,3.70,103.02,478.43,0.8804,-1,-1,-1
621,150,235.86,132.30,41.93,175.81,0.7010,-1,-1,-1
622,118,291.79,0.39,221.11,479.06,0.9047,-1,-1,-1
622,147,93.50,140.73,55.41,163.22,0.8021,-1,-1,-1
622,141,165.64,107.62,81.62,266.68,0.8545,-1,-1,-1
622,149,256.06,108.35,77.20,268.48,0.8253,-1,-1,-1
622,140,4.12,2.20,105.14,480.82,0.8905,-1,-1,-1
622,150,239.16,142.45,40.38,170.04,0.6811,-1,-1,-1
623,118,295.65,0.56,217.85,479.26,0.9139,-1,-1,-1
623,147,93.18,141.34,52.06,152.22,0.7316,-1,-1,-1
623,141,165.85,114.47,80.92,267.52,0.8562,-1,-1,-1
623,149,256.60,116.43,76.15,267.64,0.8259,-1,-1,-1
623,140,6.82,3.45,106.67,478.62,0.8239,-1,-1,-1
623,150,238.12,151.23,39.09,165.76,0.7129,-1,-1,-1
624,118,295.33,0.21,214.71,478.93,0.9197,-1,-1,-1
624,141,164.66,119.78,80.47,267.05,0.8213,-1,-1,-1
624,149,256.05,119.90,75.30,265.97,0.8273,-1,-1,-1
624,140,5.77,2.37,108.19,480.17,0.6564,-1,-1,-1
624,150,236.24,156.34,38.44,164.74,0.5107,-1,-1,-1
625,118,296.43,0.07,212.37,479.43,0.9171,-1,-1,-1
625,141,164.33,117.98,81.08,267.99,0.7985,-1,-1,-1
625,149,252.55,118.59,73.47,257.68,0.8592,-1,-1,-1
625,140,1.43,49.96,96.85,431.56,0.6965,-1,-1,-1
626,118,301.34,0.02,210.93,479.20,0.9133,-1,-1,-1
626,141,163.75,115.15,82.78,267.35,0.8228,-1,-1,-1
626,149,252.86,113.87,72.78,254.54,0.8529,-1,-1,-1
626,140,1.74,68.86,92.73,411.72,0.6167,-1,-1,-1
627,118,309.58,0.00,210.99,478.92,0.9044,-1,-1,-1
627,141,171.37,109.03,81.01,261.85,0.7839,-1,-1,-1
627,149,254.17,108.69,73.08,256.62,0.8542,-1,-1,-1
627,140,11.31,24.96,106.25,456.38,0.6251,-1,-1,-1
628,118,322.24,-0.00,212.88,479.17,0.9194,-1,-1,-1
628,141,175.18,102.12,81.07,261.58,0.8363,-1,-1,-1
628,149,257.15,105.16,73.77,258.87,0.8704,-1,-1,-1
628,140,16.37,10.11,113.92,471.53,0.6092,-1,-1,-1
629,118,340.59,-0.01,216.38,478.06,0.8932,-1,-1,-1
629,141,182.95,104.97,81.23,262.39,0.8099,-1,-1,-1
629,149,265.13,109.97,73.76,258.12,0.8297,-1,-1,-1
629,140,20.60,4.55,120.19,476.99,0.6210,-1,-1,-1
630,118,358.88,-0.01,221.84,479.30,0.8930,-1,-1,-1
630,141,190.28,110.61,82.03,262.07,0.7738,-1,-1,-1
630,149,273.41,113.11,73.70,257.71,0.8099,-1,-1,-1
630,140,24.52,2.13,126.43,478.61,0.8124,-1,-1,-1
630,151,162.21,133.04,49.92,182.05,0.7467,-1,-1,-1
631,118,373.29,-0.01,225.60,476.84,0.8939,-1,-1,-1
631,141,204.82,114.20,80.90,262.11,0.8263,-1,-1,-1
631,149,284.14,114.12,73.33,255.17,0.8256,-1,-1,-1
631,140,29.12,0.55,133.20,478.77,0.8903,-1,-1,-1
631,151,167.86,130.64,52.30,190.33,0.7460,-1,-1,-1
632,118,382.31,-0.01,229.30,477.27,0.9166,-1,-1,-1
632,141,213.46,117.31,79.05,261.11,0.8479,-1,-1,-1
632,149,291.25,116.12,71.61,247.35,0.8495,-1,-1,-1
632,140,30.21,0.30,139.67,479.74,0.8934,-1,-1,-1
633,118,393.98,-0.01,232.44,479.02,0.9046,-1,-1,-1
633,141,221.94,117.22,76.14,255.94,0.8410,-1,-1,-1
633,149,298.38,115.47,71.67,246.86,0.8505,-1,-1,-1
633,140,39.87,0.01,144.65,480.60,0.8634,-1,-1,-1
633,151,169.66,130.15,65.38,240.17,0.5313,-1,-1,-1
634,118,404.11,-0.00,232.36,477.69,0.9106,-1,-1,-1
634,141,229.29,113.85,74.55,253.82,0.8294,-1,-1,-1
634,149,305.72,114.45,71.81,247.62,0.8355,-1,-1,-1
634,140,44.33,-0.33,147.08,481.11,0.7757,-1,-1,-1
634,152,-0.48,70.87,55.75,302.91,0.7632,-1,-1,-1
635,118,413.00,-0.00,231.96,479.18,0.9113,-1,-1,-1
635,141,236.75,114.02,72.70,250.58,0.8128,-1,-1,-1
635,149,314.08,116.08,71.87,247.78,0.8468,-1,-1,-1
635,140,55.85,-0.04,151.92,480.81,0.8729,-1,-1,-1
636,118,416.67,-0.00,230.98,479.11,0.9128,-1,-1,-1
636,141,236.67,116.07,71.75,247.88,0.7757,-1,-1,-1
636,149,316.31,116.19,71.24,245.52,0.8229,-1,-1,-1
636,140,61.08,0.66,156.98,479.36,0.8501,-1,-1,-1
637,118,418.52,0.59,229.98,479.12,0.9243,-1,-1,-1
637,141,240.33,118.07,69.35,242.57,0.7584,-1,-1,-1
637,149,316.47,116.13,70.08,241.56,0.8094,-1,-1,-1
637,140,66.38,0.26,161.02,480.12,0.8326,-1,-1,-1
638,118,418.46,0.90,229.18,479.02,0.9152,-1,-1,-1
638,141,244.97,118.02,66.00,233.05,0.8277,-1,-1,-1
638,149,316.11,114.80,68.51,235.28,0.8096,-1,-1,-1
638,140,73.76,-0.12,164.03,480.60,0.8364,-1,-1,-1
639,118,413.45,0.76,229.60,478.58,0.8978,-1,-1,-1
639,141,246.13,115.55,64.76,231.49,0.8172,-1,-1,-1
639,149,314.17,112.95,69.06,235.83,0.8497,-1,-1,-1
639,140,75.82,0.24,165.67,480.23,0.7916,-1,-1,-1
640,118,411.13,0.93,230.23,478.86,0.8852,-1,-1,-1
640,141,243.55,113.80,64.90,233.77,0.8113,-1,-1,-1
640,149,310.10,113.31,70.11,236.76,0.8379,-1,-1,-1
640,140,57.29,0.58,171.22,479.86,0.8316,-1,-1,-1
641,118,413.70,0.52,229.53,478.31,0.9248,-1,-1,-1
641,141,239.21,117.06,65.05,235.81,0.7443,-1,-1,-1
641,149,303.91,116.77,70.43,236.23,0.8269,-1,-1,-1
641,140,49.51,0.46,175.79,479.61,0.8211,-1,-1,-1
641,152,28.04,61.83,68.02,345.71,0.7208,-1,-1,-1
642,118,410.70,0.40,230.10,479.20,0.9188,-1,-1,-1
642,141,236.88,120.85,65.09,238.00,0.7456,-1,-1,-1
642,149,299.67,119.67,70.61,235.03,0.8351,-1,-1,-1
642,140,43.83,0.05,179.62,478.45,0.8589,-1,-1,-1
642,152,24.61,51.06,68.73,339.60,0.5938,-1,-1,-1
643,118,407.40,0.35,230.36,478.95,0.9265,-1,-1,-1
643,141,234.52,122.35,64.53,237.23,0.7145,-1,-1,-1
643,149,297.54,120.24,70.59,233.67,0.8122,-1,-1,-1
643,140,44.19,1.80,181.70,477.82,0.7258,-1,-1,-1
643,152,10.68,35.67,74.51,366.48,0.7639,-1,-1,-1
644,118,404.53,0.35,230.56,477.79,0.9290,-1,-1,-1
644,141,225.26,125.70,64.71,235.27,0.6474,-1,-1,-1
644,149,295.84,122.42,69.43,228.86,0.8343,-1,-1,-1
644,140,36.47,4.95,183.51,474.54,0.9028,-1,-1,-1
644,147,-12.36,35.39,78.80,251.59,0.6053,-1,-1,-1
645,118,402.66,0.22,231.69,477.21,0.9310,-1,-1,-1
645,141,221.73,126.11,62.89,230.38,0.7903,-1,-1,-1
645,149,290.85,121.06,69.77,230.23,0.8562,-1,-1,-1
645,140,39.74,1.98,184.46,477.98,0.8686,-1,-1,-1
646,118,399.91,0.14,232.81,475.60,0.9145,-1,-1,-1
646,141,220.44,125.32,58.54,215.20,0.7904,-1,-1,-1
646,149,285.42,122.04,69.40,230.19,0.7914,-1,-1,-1
646,140,48.73,0.63,182.55,479.49,0.8939,-1,-1,-1
647,118,397.58,0.40,234.66,475.69,0.9191,-1,-1,-1
647,141,219.35,125.80,53.91,198.13,0.8153,-1,-1,-1
647,149,280.99,124.63,69.06,230.05,0.7967,-1,-1,-1
647,140,53.76,0.13,180.13,479.81,0.8976,-1,-1,-1
647,155,255.47,148.82,35.80,147.36,0.6761,-1,-1,-1
648,118,397.03,0.45,236.01,475.39,0.9144,-1,-1,-1
648,141,217.63,129.16,52.66,194.22,0.7353,-1,-1,-1
648,149,279.09,128.24,68.34,228.55,0.7823,-1,-1,-1
648,140,56.12,0.24,177.79,479.85,0.9028,-1,-1,-1
648,155,254.06,150.72,36.56,150.76,0.6552,-1,-1,-1
649,118,396.14,0.59,237.88,476.72,0.9203,-1,-1,-1
649,141,216.07,135.67,53.96,200.32,0.7172,-1,-1,-1
649,149,277.88,131.53,67.75,227.12,0.7799,-1,-1,-1
649,140,55.95,1.86,175.36,478.26,0.8980,-1,-1,-1
649,155,253.53,154.28,36.21,149.74,0.6807,-1,-1,-1
650,118,395.55,0.40,239.00,476.75,0.9206,-1,-1,-1
650,141,215.02,138.29,54.39,202.23,0.8070,-1,-1,-1
650,149,276.35,131.33,66.92,223.04,0.7991,-1,-1,-1
650,140,54.80,4.88,173.07,475.25,0.8956,-1,-1,-1
651,118,394.16,0.14,240.93,478.64,0.8969,-1,-1,-1
651,141,208.17,129.82,57.10,213.42,0.7679,-1,-1,-1
651,149,267.42,125.35,67.11,220.28,0.8029,-1,-1,-1
651,140,43.13,1.75,174.04,478.17,0.8885,-1,-1,-1
652,118,395.06,0.04,240.82,476.92,0.9023,-1,-1,-1
652,141,204.85,129.03,58.27,218.00,0.8175,-1,-1,-1
652,149,262.67,126.67,67.95,220.64,0.8354,-1,-1,-1
652,140,39.65,1.45,173.66,477.41,0.8966,-1,-1,-1
653,118,395.65,0.43,241.72,478.31,0.8966,-1,-1,-1
653,141,203.36,133.45,58.69,220.09,0.8145,-1,-1,-1
653,149,260.52,132.50,68.60,221.93,0.8489,-1,-1,-1
653,140,39.66,3.89,173.13,475.74,0.8762,-1,-1,-1
654,118,395.53,0.21,242.23,478.80,0.9116,-1,-1,-1
654,141,201.23,133.18,58.71,220.64,0.7886,-1,-1,-1
654,149,259.64,131.62,68.80,222.41,0.8315,-1,-1,-1
654,140,36.54,1.37,174.67,478.54,0.8887,-1,-1,-1
655,118,393.84,0.07,242.54,479.12,0.9175,-1,-1,-1
655,141,197.74,134.40,59.56,220.43,0.8414,-1,-1,-1
655,149,261.40,131.87,68.79,222.42,0.8482,-1,-1,-1
655,140,31.11,0.43,177.07,479.60,0.8750,-1,-1,-1
656,118,391.55,0.05,243.26,479.72,0.8977,-1,-1,-1
656,141,200.03,134.54,59.16,220.27,0.7752,-1,-1,-1
656,149,263.82,130.86,68.00,220.37,0.8448,-1,-1,-1
656,140,25.88,0.53,180.06,479.53,0.8913,-1,-1,-1
657,118,385.44,0.36,244.75,478.31,0.8913,-1,-1,-1
657,141,206.21,128.37,57.09,214.24,0.7780,-1,-1,-1
657,149,269.73,124.23,66.87,215.65,0.8607,-1,-1,-1
657,140,27.06,3.76,181.01,474.33,0.9124,-1,-1,-1
658,118,385.32,0.63,245.33,477.44,0.8927,-1,-1,-1
658,141,212.81,126.37,55.52,209.57,0.8042,-1,-1,-1
658,149,274.48,120.86,66.57,213.89,0.8461,-1,-1,-1
658,140,33.52,7.69,180.85,469.43,0.8965,-1,-1,-1
659,118,383.36,0.40,245.38,478.83,0.9049,-1,-1,-1
659,141,217.93,127.19,53.66,200.92,0.7765,-1,-1,-1
659,149,279.24,120.13,66.90,214.58,0.8334,-1,-1,-1
659,140,47.28,8.68,179.60,470.28,0.9092,-1,-1,-1
660,118,384.61,0.27,244.60,479.12,0.8985,-1,-1,-1
660,141,215.09,132.92,52.79,194.33,0.7545,-1,-1,-1
660,149,277.79,126.84,66.72,213.30,0.8413,-1,-1,-1
660,140,59.00,9.76,174.86,466.73,0.8865,-1,-1,-1
661,118,387.84,0.16,243.21,477.07,0.9184,-1,-1,-1
661,141,213.71,136.44,52.89,191.35,0.6222,-1,-1,-1
661,149,277.14,130.27,65.88,209.39,0.8185,-1,-1,-1
661,140,66.82,6.29,172.96,471.34,0.8859,-1,-1,-1
662,118,389.85,0.05,244.48,478.33,0.8988,-1,-1,-1
662,149,275.12,131.25,66.51,211.52,0.8510,-1,-1,-1
662,140,71.37,3.99,170.80,475.17,0.8764,-1,-1,-1
662,152,50.07,135.42,44.24,199.99,0.6839,-1,-1,-1
663,118,392.12,0.17,243.98,476.29,0.8743,-1,-1,-1
663,149,275.43,131.15,65.39,207.25,0.8586,-1,-1,-1
663,140,77.16,4.41,168.42,475.22,0.8680,-1,-1,-1
663,152,45.39,130.38,50.64,210.67,0.7919,-1,-1,-1
663,141,224.74,137.12,46.41,165.00,0.5902,-1,-1,-1
664,118,393.41,0.29,243.89,475.32,0.9131,-1,-1,-1
664,149,275.71,131.26,64.95,204.69,0.8644,-1,-1,-1
664,140,81.99,7.77,158.31,450.98,0.8857,-1,-1,-1
664,152,28.39,127.38,59.20,215.29,0.7869,-1,-1,-1
664,141,226.87,135.86,45.46,158.81,0.6913,-1,-1,-1
665,118,397.07,0.16,244.58,478.26,0.9056,-1,-1,-1
665,149,278.07,130.20,65.05,203.47,0.8241,-1,-1,-1
665,140,83.78,13.10,158.87,459.28,0.8705,-1,-1,-1
665,152,18.03,117.84,65.33,226.62,0.8364,-1,-1,-1
665,141,228.19,133.24,46.54,160.75,0.8041,-1,-1,-1
666,118,403.87,0.45,242.56,477.99,0.8781,-1,-1,-1
666,149,278.65,128.01,65.75,205.37,0.8209,-1,-1,-1
666,140,86.78,13.74,157.78,462.42,0.8391,-1,-1,-1
666,152,10.42,109.48,69.85,235.66,0.8896,-1,-1,-1
666,141,229.20,131.81,47.50,162.48,0.8193,-1,-1,-1
667,118,413.24,0.53,239.45,478.49,0.8947,-1,-1,-1
667,149,279.71,127.95,66.08,206.11,0.8010,-1,-1,-1
667,140,88.75,12.73,156.47,465.78,0.8721,-1,-1,-1
667,152,4.49,100.54,73.96,246.02,0.8918,-1,-1,-1
667,141,232.74,132.51,46.73,160.30,0.7241,-1,-1,-1
668,118,423.84,0.72,234.98,478.99,0.9091,-1,-1,-1
668,149,283.13,130.14,65.73,204.65,0.8484,-1,-1,-1
668,140,97.38,12.18,154.73,467.21,0.8669,-1,-1,-1
668,152,-0.33,96.75,76.67,255.87,0.8746,-1,-1,-1
668,141,235.61,135.12,47.97,164.23,0.7602,-1,-1,-1
668,157,71.56,95.67,50.18,255.45,0.7957,-1,-1,-1
669,118,432.20,0.77,229.99,479.17,0.9209,-1,-1,-1
669,149,287.24,126.85,64.16,199.20,0.8841,-1,-1,-1
669,140,96.41,7.10,152.03,457.86,0.8750,-1,-1,-1
669,152,-5.52,90.99,77.07,262.96,0.8560,-1,-1,-1
669,141,237.40,132.41,47.51,159.42,0.5285,-1,-1,-1
669,157,65.87,90.78,52.35,265.70,0.7843,-1,-1,-1
670,118,438.09,1.01,224.97,479.03,0.9158,-1,-1,-1
670,149,289.94,124.79,63.94,198.15,0.8689,-1,-1,-1
670,140,94.51,6.96,153.43,458.44,0.8684,-1,-1,-1
670,152,-10.05,90.83,75.35,266.52,0.8521,-1,-1,-1
670,141,235.91,129.87,53.71,180.26,0.7521,-1,-1,-1
670,157,58.21,84.95,56.18,282.96,0.6817,-1,-1,-1
670,158,394.56,102.96,97.44,264.57,0.8375,-1,-1,-1
671,118,442.99,1.29,219.68,477.79,0.9126,-1,-1,-1
671,149,291.34,129.26,64.18,198.20,0.8549,-1,-1,-1
671,140,89.38,15.30,155.21,455.34,0.8384,-1,-1,-1
671,152,-11.83,109.08,69.61,256.12,0.8169,-1,-1,-1
671,141,238.78,133.97,55.11,188.34,0.7359,-1,-1,-1
671,157,49.65,84.09,60.99,303.12,0.7928,-1,-1,-1
671,158,391.56,111.38,98.09,266.51,0.7815,-1,-1,-1
672,118,446.58,1.23,215.29,478.02,0.8930,-1,-1,-1
672,149,291.51,138.24,64.59,199.81,0.8583,-1,-1,-1
672,140,98.78,32.35,151.67,443.71,0.7667,-1,-1,-1
672,152,-18.07,122.60,65.73,259.35,0.6564,-1,-1,-1
672,141,243.19,143.58,53.34,186.83,0.7239,-1,-1,-1
672,157,38.35,83.24,66.87,325.22,0.8464,-1,-1,-1
672,158,392.10,124.20,99.06,270.29,0.8368,-1,-1,-1
673,118,446.27,0.44,212.36,479.32,0.8639,-1,-1,-1
673,149,294.13,136.03,64.06,198.44,0.8404,-1,-1,-1
673,140,104.98,32.07,151.53,446.61,0.8710,-1,-1,-1
673,141,248.23,141.89,51.18,182.45,0.7724,-1,-1,-1
673,157,24.77,66.09,73.84,347.90,0.8679,-1,-1,-1
673,158,396.45,116.60,100.17,274.52,0.8543,-1,-1,-1
674,118,447.56,1.07,208.95,478.89,0.8838,-1,-1,-1
674,149,292.28,130.71,63.33,197.58,0.8566,-1,-1,-1
674,140,94.59,27.35,153.88,452.40,0.7765,-1,-1,-1
674,141,247.91,137.51,50.89,183.17,0.7834,-1,-1,-1
674,157,15.87,46.52,80.63,370.80,0.8913,-1,-1,-1
674,158,393.71,107.50,98.66,272.42,0.8356,-1,-1,-1
675,118,457.38,1.01,203.88,479.01,0.9052,-1,-1,-1
675,149,289.02,134.23,60.87,190.64,0.8597,-1,-1,-1
675,140,91.90,24.19,153.53,455.95,0.8820,-1,-1,-1
675,141,240.18,138.36,51.99,183.91,0.6282,-1,-1,-1
675,157,4.03,33.18,85.48,392.03,0.8869,-1,-1,-1
675,158,388.60,108.51,96.31,268.07,0.8354,-1,-1,-1
676,118,459.08,1.45,199.94,478.60,0.8279,-1,-1,-1
676,149,284.22,137.55,60.16,189.33,0.8510,-1,-1,-1
676,140,92.52,23.81,150.54,449.92,0.8958,-1,-1,-1
676,141,237.99,140.49,52.22,187.42,0.8134,-1,-1,-1
676,157,-6.72,21.82,88.20,410.43,0.8588,-1,-1,-1
676,158,382.46,113.80,95.17,265.83,0.7587,-1,-1,-1
677,118,460.92,1.20,196.44,478.60,0.8987,-1,-1,-1
677,149,284.23,138.69,59.97,189.20,0.8241,-1,-1,-1
677,140,93.74,21.00,150.03,449.16,0.8886,-1,-1,-1
677,141,238.92,140.48,51.62,187.48,0.8188,-1,-1,-1
677,157,-15.65,22.60,86.53,415.28,0.7165,-1,-1,-1
677,158,382.64,115.61,95.54,268.64,0.7805,-1,-1,-1
678,118,461.18,0.94,193.33,477.68,0.9060,-1,-1,-1
678,149,281.97,137.74,60.36,190.53,0.8527,-1,-1,-1
678,140,96.33,18.57,150.11,454.60,0.8651,-1,-1,-1
678,141,237.96,140.20,50.11,184.35,0.8256,-1,-1,-1
678,158,381.47,114.40,96.37,273.01,0.8410,-1,-1,-1
679,118,460.10,0.83,191.55,478.68,0.8952,-1,-1,-1
679,149,280.86,140.82,60.49,191.40,0.8565,-1,-1,-1
679,140,98.18,25.56,147.36,452.06,0.8280,-1,-1,-1
679,141,235.85,145.49,51.60,192.98,0.7142,-1,-1,-1
679,158,380.00,117.53,96.78,274.93,0.7720,-1,-1,-1
680,118,459.95,0.93,189.76,478.91,0.9085,-1,-1,-1
680,149,279.86,143.57,60.60,192.15,0.8632,-1,-1,-1
680,140,101.78,34.74,139.52,429.05,0.8177,-1,-1,-1
680,141,234.77,150.56,52.23,197.59,0.7467,-1,-1,-1
680,158,378.02,120.03,97.50,277.78,0.7584,-1,-1,-1
680,159,77.35,157.61,46.82,168.82,0.5967,-1,-1,-1
681,118,460.55,1.06,188.01,478.91,0.9140,-1,-1,-1
681,149,277.88,143.41,59.66,188.41,0.8541,-1,-1,-1
681,140,102.04,40.24,137.76,424.94,0.7966,-1,-1,-1
681,141,234.56,150.57,48.65,184.80,0.7857,-1,-1,-1
681,158,373.94,118.82,97.73,279.88,0.8328,-1,-1,-1
681,159,66.48,139.18,52.59,189.34,0.7463,-1,-1,-1
682,118,463.75,1.00,185.69,478.53,0.9115,-1,-1,-1
682,149,276.30,141.56,59.49,188.04,0.8667,-1,-1,-1
682,140,99.02,36.65,141.68,438.15,0.8531,-1,-1,-1
682,141,231.46,147.99,47.99,182.59,0.7967,-1,-1,-1
682,158,370.36,115.78,95.92,275.75,0.8198,-1,-1,-1
682,159,55.30,128.44,58.70,210.24,0.7842,-1,-1,-1
683,118,468.40,1.08,182.66,477.46,0.9110,-1,-1,-1
683,149,275.53,141.38,58.79,185.95,0.8635,-1,-1,-1
683,140,98.04,36.67,142.84,441.48,0.8583,-1,-1,-1
683,141,232.06,147.22,47.11,181.80,0.7650,-1,-1,-1
683,158,357.73,114.15,96.29,274.76,0.6908,-1,-1,-1
683,159,47.39,123.49,63.06,225.32,0.7948,-1,-1,-1
684,118,473.66,0.97,179.83,478.51,0.9155,-1,-1,-1
684,149,272.56,139.23,59.61,187.99,0.8640,-1,-1,-1
684,140,95.73,29.86,141.99,438.28,0.8657,-1,-1,-1
684,141,228.28,144.81,47.62,184.06,0.6547,-1,-1,-1
684,158,352.74,110.36,98.18,280.11,0.7305,-1,-1,-1
684,159,38.64,113.43,68.05,241.17,0.7714,-1,-1,-1
685,118,478.41,1.11,176.52,478.72,0.9132,-1,-1,-1
685,149,272.86,137.58,60.05,189.08,0.8616,-1,-1,-1
685,140,90.26,26.15,144.33,441.72,0.8815,-1,-1,-1
685,141,219.65,142.59,52.16,197.28,0.7062,-1,-1,-1
685,158,350.90,110.99,98.91,280.91,0.7595,-1,-1,-1
685,159,26.99,106.03,72.53,252.94,0.5748,-1,-1,-1
686,118,481.14,1.08,173.33,478.41,0.8968,-1,-1,-1
686,149,271.13,136.37,60.01,189.15,0.8212,-1,-1,-1
686,140,84.33,26.21,148.06,449.50,0.8909,-1,-1,-1
686,158,352.27,111.05,99.16,283.50,0.7943,-1,-1,-1
686,159,18.40,94.19,76.94,266.37,0.7964,-1,-1,-1
687,118,483.05,0.82,170.68,479.01,0.9104,-1,-1,-1
687,149,271.55,135.98,58.94,185.70,0.8404,-1,-1,-1
687,140,83.13,29.96,148.88,448.72,0.8834,-1,-1,-1
687,158,353.64,109.22,99.62,287.94,0.8427,-1,-1,-1
687,159,6.31,83.38,81.57,280.37,0.8851,-1,-1,-1
687,141,231.14,143.39,41.32,155.00,0.5414,-1,-1,-1
688,118,482.73,0.91,168.54,478.89,0.9203,-1,-1,-1
688,149,268.14,132.39,58.76,185.02,0.7832,-1,-1,-1
688,140,75.17,31.83,150.44,447.97,0.8681,-1,-1,-1
688,158,353.98,105.26,99.25,288.36,0.8473,-1,-1,-1
688,159,-2.03,73.81,84.40,291.14,0.8248,-1,-1,-1
688,141,229.98,140.20,38.00,142.42,0.5504,-1,-1,-1
689,118,477.25,0.31,168.07,478.87,0.8965,-1,-1,-1
689,149,265.41,132.12,58.85,185.06,0.8241,-1,-1,-1
689,140,80.52,33.13,149.14,447.05,0.8262,-1,-1,-1
689,158,353.61,104.76,97.07,284.14,0.8437,-1,-1,-1
689,159,-7.99,67.55,85.02,297.09,0.7674,-1,-1,-1
689,141,224.37,141.07,43.64,164.80,0.7151,-1,-1,-1
690,118,462.19,0.08,171.15,479.60,0.8623,-1,-1,-1
690,149,262.16,132.95,58.86,185.74,0.8410,-1,-1,-1
690,140,79.92,32.39,148.97,447.91,0.8663,-1,-1,-1
690,158,352.59,103.14,94.82,280.39,0.8486,-1,-1,-1
690,159,-11.65,72.08,84.20,299.89,0.6837,-1,-1,-1
690,141,220.18,140.79,45.91,173.96,0.6364,-1,-1,-1
690,160,308.32,151.95,45.69,139.10,0.7234,-1,-1,-1
691,118,459.38,-0.00,172.69,479.11,0.8517,-1,-1,-1
691,149,260.71,135.99,59.09,186.47,0.8256,-1,-1,-1
691,140,90.32,31.22,145.78,444.36,0.8914,-1,-1,-1
691,158,349.56,102.32,94.91,282.94,0.8244,-1,-1,-1
691,160,309.36,153.21,45.86,139.54,0.8004,-1,-1,-1
692,118,475.85,1.09,168.97,476.32,0.8479,-1,-1,-1
692,149,259.95,139.55,58.70,184.98,0.8394,-1,-1,-1
692,140,98.03,30.48,141.96,438.07,0.8958,-1,-1,-1
692,158,348.36,102.91,95.07,286.01,0.8502,-1,-1,-1
692,160,311.59,152.28,46.93,142.58,0.7730,-1,-1,-1
692,161,54.04,135.27,57.73,181.86,0.7586,-1,-1,-1
692,162,-6.96,88.62,56.36,197.13,0.5479,-1,-1,-1
693,118,484.80,1.06,166.12,477.14,0.8814,-1,-1,-1
693,149,261.29,134.44,59.02,185.81,0.8407,-1,-1,-1
693,140,104.27,26.06,142.23,444.41,0.8834,-1,-1,-1
693,158,350.29,101.59,96.04,288.74,0.7831,-1,-1,-1
693,160,315.75,146.95,48.07,146.04,0.6527,-1,-1,-1
693,161,46.80,130.19,60.59,190.33,0.7319,-1,-1,-1
694,118,459.12,1.34,170.35,475.32,0.8623,-1,-1,-1
694,149,262.18,130.79,58.41,182.56,0.8173,-1,-1,-1
694,140,107.69,25.41,140.55,446.89,0.8489,-1,-1,-1
694,158,348.23,97.67,96.44,291.07,0.7774,-1,-1,-1
694,161,32.56,125.74,62.88,195.78,0.7819,-1,-1,-1
695,118,450.53,1.17,174.71,477.61,0.8935,-1,-1,-1
695,149,261.80,128.20,57.64,179.35,0.8311,-1,-1,-1
695,140,115.98,26.52,140.89,450.80,0.8025,-1,-1,-1
695,158,341.05,95.38,97.13,292.69,0.7088,-1,-1,-1
695,161,19.09,121.03,67.23,207.92,0.8250,-1,-1,-1
695,163,96.75,141.57,36.63,149.13,0.7334,-1,-1,-1
696,118,452.86,1.27,176.53,478.31,0.8511,-1,-1,-1
696,149,262.52,131.11,58.15,179.48,0.7891,-1,-1,-1
696,140,119.56,35.71,139.14,443.50,0.7958,-1,-1,-1
696,158,340.03,96.94,96.10,290.73,0.7924,-1,-1,-1
696,161,9.84,116.61,71.80,221.35,0.8270,-1,-1,-1
696,163,96.23,143.49,37.71,153.15,0.7723,-1,-1,-1
697,118,463.57,1.05,175.50,478.60,0.9058,-1,-1,-1
697,149,264.59,132.18,58.86,181.40,0.8406,-1,-1,-1
697,140,124.23,38.83,138.52,441.10,0.8707,-1,-1,-1
697,158,341.03,96.66,93.46,284.21,0.8335,-1,-1,-1
697,161,3.52,114.52,74.00,228.07,0.8294,-1,-1,-1
697,163,95.00,142.92,38.94,157.74,0.7263,-1,-1,-1
698,118,463.42,0.88,175.56,478.34,0.9108,-1,-1,-1
698,149,265.31,134.01,58.44,179.98,0.8059,-1,-1,-1
698,140,133.84,35.84,135.83,435.38,0.8733,-1,-1,-1
698,158,334.29,93.74,93.97,284.11,0.8187,-1,-1,-1
698,161,-1.93,108.01,76.90,237.17,0.8074,-1,-1,-1
698,163,89.86,140.25,39.80,160.45,0.5224,-1,-1,-1
699,118,461.59,0.81,176.28,478.94,0.9091,-1,-1,-1
699,149,265.80,138.72,57.81,179.38,0.8272,-1,-1,-1
699,140,141.21,37.67,130.40,419.10,0.8985,-1,-1,-1
699,158,332.66,96.43,94.29,286.03,0.8345,-1,-1,-1
699,161,-5.29,107.02,78.61,243.72,0.8453,-1,-1,-1
699,163,85.71,143.05,38.00,152.47,0.5290,-1,-1,-1
699,164,99.65,171.87,59.49,181.22,0.7133,-1,-1,-1
700,118,459.88,1.44,176.86,478.50,0.9097,-1,-1,-1
700,149,269.23,144.93,55.91,175.58,0.8006,-1,-1,-1
700,140,140.46,43.36,129.79,411.91,0.8784,-1,-1,-1
700,158,330.78,103.27,94.94,289.54,0.8484,-1,-1,-1
700,161,-10.48,108.29,81.85,258.18,0.7408,-1,-1,-1
700,164,90.65,173.20,63.57,193.97,0.6921,-1,-1,-1
701,118,460.28,1.21,176.96,477.62,0.9211,-1,-1,-1
701,149,270.58,140.57,51.33,162.20,0.7944,-1,-1,-1
701,140,139.12,38.48,133.40,417.92,0.8668,-1,-1,-1
701,158,326.10,102.28,95.23,291.84,0.8336,-1,-1,-1
701,164,76.60,161.84,68.38,209.22,0.6796,-1,-1,-1
702,118,457.01,1.19,177.84,476.49,0.9250,-1,-1,-1
702,149,268.85,138.70,49.31,156.30,0.7785,-1,-1,-1
702,140,136.46,40.18,136.28,421.64,0.8602,-1,-1,-1
702,158,317.91,101.16,97.51,294.18,0.7966,-1,-1,-1
702,164,62.01,157.32,71.42,219.50,0.7356,-1,-1,-1
702,162,16.72,145.90,47.05,161.51,0.7361,-1,-1,-1
703,118,452.11,2.27,179.57,475.36,0.9266,-1,-1,-1
703,149,268.84,139.91,46.43,146.97,0.7071,-1,-1,-1
703,140,132.52,46.53,139.55,425.65,0.8437,-1,-1,-1
703,158,315.18,102.12,96.76,293.51,0.8208,-1,-1,-1
703,164,47.64,155.54,76.29,234.66,0.8088,-1,-1,-1
703,166,109.09,124.91,51.29,221.63,0.5766,-1,-1,-1
703,162,11.71,149.22,47.05,157.22,0.7033,-1,-1,-1
704,118,447.32,1.63,182.26,476.29,0.9201,-1,-1,-1
704,149,265.62,142.14,47.11,149.80,0.6489,-1,-1,-1
704,140,129.89,50.68,140.70,424.41,0.8545,-1,-1,-1
704,158,312.06,101.40,94.35,289.04,0.8292,-1,-1,-1
704,164,30.19,152.96,81.46,250.98,0.7251,-1,-1,-1
704,166,101.18,122.37,52.39,225.73,0.7108,-1,-1,-1
704,162,5.67,151.89,48.31,159.67,0.7208,-1,-1,-1
705,118,441.57,1.24,185.65,477.61,0.9228,-1,-1,-1
705,149,261.43,141.98,48.92,156.67,0.6724,-1,-1,-1
705,140,130.33,49.47,141.43,426.71,0.8726,-1,-1,-1
705,158,309.64,98.37,92.07,283.21,0.8502,-1,-1,-1
705,164,10.05,148.31,87.92,270.06,0.8042,-1,-1,-1
705,166,90.13,116.46,55.00,235.57,0.7979,-1,-1,-1
705,167,380.80,111.19,67.09,219.32,0.6807,-1,-1,-1
706,118,434.09,1.38,189.47,477.71,0.9200,-1,-1,-1
706,149,260.54,141.21,42.37,133.63,0.7361,-1,-1,-1
706,140,133.72,44.60,139.98,425.98,0.8629,-1,-1,-1
706,158,301.13,96.55,92.77,286.67,0.8324,-1,-1,-1
706,164,-5.19,143.00,92.41,286.78,0.8798,-1,-1,-1
706,166,75.57,108.49,59.12,249.54,0.8448,-1,-1,-1
706,167,373.72,103.92,70.12,230.15,0.5083,-1,-1,-1
707,118,423.53,1.31,194.49,477.18,0.8951,-1,-1,-1
707,149,259.16,141.99,37.93,117.11,0.6436,-1,-1,-1
707,140,134.88,42.26,135.58,413.58,0.8941,-1,-1,-1
707,158,295.84,97.96,92.94,289.10,0.8565,-1,-1,-1
707,164,-16.04,138.51,94.87,301.66,0.8315,-1,-1,-1
707,166,57.91,103.38,64.44,265.41,0.7726,-1,-1,-1
707,167,369.61,101.94,72.24,238.03,0.6344,-1,-1,-1
708,118,402.10,1.35,203.06,477.27,0.8693,-1,-1,-1
708,149,255.86,141.61,37.51,113.80,0.6235,-1,-1,-1
708,140,131.01,37.77,134.88,413.44,0.8754,-1,-1,-1
708,158,288.45,99.80,93.53,292.05,0.8378,-1,-1,-1
708,164,-26.15,130.32,95.16,315.54,0.7599,-1,-1,-1
708,166,36.25,98.17,69.35,276.05,0.7046,-1,-1,-1
709,118,398.33,0.79,208.51,478.74,0.8650,-1,-1,-1
709,149,252.30,139.94,39.80,119.34,0.7152,-1,-1,-1
709,140,128.41,35.82,135.23,415.70,0.8689,-1,-1,-1
709,158,283.13,100.18,93.95,294.55,0.8033,-1,-1,-1
709,166,14.05,91.60,83.58,328.50,0.7109,-1,-1,-1
710,118,374.32,0.46,215.03,478.32,0.8939,-1,-1,-1
710,149,250.76,139.03,39.78,117.32,0.7431,-1,-1,-1
710,140,125.36,37.15,137.26,424.11,0.8648,-1,-1,-1
710,158,278.27,97.98,94.91,296.92,0.7581,-1,-1,-1
710,166,2.16,81.69,93.18,364.45,0.6758,-1,-1,-1
711,118,349.55,0.48,221.88,478.90,0.8860,-1,-1,-1
711,149,247.50,138.41,39.41,116.10,0.6849,-1,-1,-1
711,140,123.29,37.99,133.88,413.80,0.8207,-1,-1,-1
711,158,273.51,93.57,95.76,300.86,0.7810,-1,-1,-1
711,166,-0.30,65.10,89.61,346.29,0.8855,-1,-1,-1
712,118,332.22,0.36,227.60,477.27,0.8948,-1,-1,-1
712,149,244.92,140.91,38.52,112.93,0.6085,-1,-1,-1
712,140,118.81,39.89,136.81,425.38,0.8869,-1,-1,-1
712,158,269.07,89.70,94.36,296.38,0.8236,-1,-1,-1
712,166,-11.99,48.29,92.68,365.63,0.7077,-1,-1,-1
713,118,341.90,0.53,230.25,476.31,0.9166,-1,-1,-1
713,149,243.81,141.37,37.15,109.24,0.6945,-1,-1,-1
713,140,115.93,37.89,137.62,428.99,0.9004,-1,-1,-1
713,158,265.72,87.67,93.48,294.05,0.8166,-1,-1,-1
713,166,-22.21,34.27,99.95,408.22,0.7371,-1,-1,-1
714,118,353.61,0.47,236.80,475.62,0.9015,-1,-1,-1
714,149,246.50,141.90,35.27,103.21,0.7459,-1,-1,-1
714,140,113.89,36.37,136.48,422.85,0.8968,-1,-1,-1
714,158,265.94,88.36,93.86,295.03,0.8158,-1,-1,-1
714,163,31.00,91.92,61.87,244.19,0.5793,-1,-1,-1
715,118,357.49,0.52,242.96,473.84,0.9130,-1,-1,-1
715,149,249.64,139.94,35.47,103.52,0.6351,-1,-1,-1
715,140,114.55,33.51,133.88,408.14,0.9022,-1,-1,-1
715,158,269.02,89.05,94.47,297.18,0.8309,-1,-1,-1
715,163,32.13,87.99,62.71,237.58,0.7634,-1,-1,-1
715,162,-2.92,84.53,74.75,251.32,0.7394,-1,-1,-1
716,118,359.27,0.35,249.25,475.25,0.8857,-1,-1,-1
716,149,253.89,141.30,35.11,102.14,0.6748,-1,-1,-1
716,140,113.11,33.93,135.40,404.99,0.8984,-1,-1,-1
716,158,270.93,90.76,96.98,305.48,0.8401,-1,-1,-1
716,163,30.56,85.50,67.77,249.66,0.8297,-1,-1,-1
717,118,363.56,0.20,253.73,476.85,0.8714,-1,-1,-1
717,149,259.60,142.26,35.19,101.06,0.7287,-1,-1,-1
717,140,112.12,39.16,136.98,400.98,0.8878,-1,-1,-1
717,158,275.86,93.00,97.42,305.96,0.8474,-1,-1,-1
717,163,22.32,81.08,74.56,262.04,0.8884,-1,-1,-1
718,118,372.23,0.40,254.81,476.12,0.8972,-1,-1,-1
718,149,264.28,147.05,36.47,104.34,0.7652,-1,-1,-1
718,140,110.63,47.32,141.89,407.33,0.8917,-1,-1,-1
718,158,283.20,95.57,97.93,307.60,0.8125,-1,-1,-1
718,163,13.93,78.57,82.94,282.99,0.8838,-1,-1,-1
719,118,379.28,0.57,254.95,475.93,0.9051,-1,-1,-1
719,149,269.85,149.86,37.06,106.40,0.7071,-1,-1,-1
719,140,108.98,53.86,144.33,409.54,0.8880,-1,-1,-1
719,158,289.64,96.18,96.95,306.43,0.5796,-1,-1,-1
719,163,10.95,76.20,89.04,293.76,0.9004,-1,-1,-1
720,118,383.90,0.60,255.06,476.80,0.9164,-1,-1,-1
720,149,273.68,150.13,38.93,112.98,0.6706,-1,-1,-1
720,140,110.03,55.32,145.09,406.94,0.8886,-1,-1,-1
720,158,295.88,96.15,94.80,301.03,0.8466,-1,-1,-1
720,163,9.28,73.01,95.11,307.51,0.8962,-1,-1,-1
721,118,388.18,0.69,254.34,477.25,0.9261,-1,-1,-1
721,149,280.38,148.62,37.27,107.85,0.6122,-1,-1,-1
721,140,113.46,53.09,141.18,394.19,0.8912,-1,-1,-1
721,158,301.54,95.26,93.68,298.08,0.8501,-1,-1,-1
721,163,3.64,61.75,102.59,329.81,0.9202,-1,-1,-1
722,118,392.21,0.61,252.95,477.12,0.9253,-1,-1,-1
722,149,286.27,148.52,35.13,101.95,0.5995,-1,-1,-1
722,140,119.56,52.77,136.89,381.97,0.9016,-1,-1,-1
722,158,305.43,95.37,94.25,300.17,0.8776,-1,-1,-1
722,163,-0.05,53.01,107.37,345.33,0.9217,-1,-1,-1
722,168,244.60,153.93,44.38,128.64,0.5227,-1,-1,-1
723,118,392.40,0.77,252.71,478.47,0.9147,-1,-1,-1
723,149,292.45,152.04,34.15,99.61,0.6303,-1,-1,-1
723,140,127.69,53.25,136.09,383.13,0.8952,-1,-1,-1
723,158,311.41,98.46,94.84,303.67,0.6778,-1,-1,-1
723,163,-2.37,46.12,111.57,360.26,0.9252,-1,-1,-1
723,168,250.53,156.87,47.89,139.24,0.6098,-1,-1,-1
724,118,391.05,1.01,252.35,478.59,0.9033,-1,-1,-1
724,149,296.69,154.11,34.10,100.34,0.6612,-1,-1,-1
724,140,133.82,55.12,135.30,385.85,0.8978,-1,-1,-1
724,158,314.86,101.15,94.75,304.16,0.8461,-1,-1,-1
724,163,-4.51,38.84,114.79,373.64,0.9165,-1,-1,-1
724,168,248.96,160.19,51.87,150.87,0.5815,-1,-1,-1
725,118,392.17,0.93,251.76,479.00,0.8764,-1,-1,-1
725,140,138.30,56.36,134.84,390.86,0.8947,-1,-1,-1
725,158,315.86,100.26,95.24,304.99,0.8198,-1,-1,-1
725,163,-9.17,25.46,117.89,391.43,0.9011,-1,-1,-1
725,168,254.33,158.16,53.05,155.32,0.6965,-1,-1,-1
725,169,93.16,188.89,21.76,68.93,0.5546,-1,-1,-1
726,118,399.58,0.60,249.25,478.78,0.9232,-1,-1,-1
726,140,143.20,60.66,133.20,394.19,0.8776,-1,-1,-1
726,158,317.50,99.50,94.55,304.01,0.8232,-1,-1,-1
726,163,-14.37,11.80,120.65,412.54,0.8918,-1,-1,-1
726,168,259.03,156.76,52.44,154.76,0.7930,-1,-1,-1
726,169,93.70,189.27,21.90,69.00,0.7156,-1,-1,-1
726,149,303.89,153.66,33.66,99.66,0.5472,-1,-1,-1
727,118,399.89,0.38,247.79,478.70,0.9251,-1,-1,-1
727,140,147.88,61.16,130.47,393.82,0.8886,-1,-1,-1
727,158,318.02,95.59,93.27,300.95,0.8264,-1,-1,-1
727,163,-19.04,3.12,119.79,425.48,0.8778,-1,-1,-1
727,168,261.98,154.14,51.75,154.28,0.8132,-1,-1,-1
727,169,93.63,187.39,22.46,70.64,0.6394,-1,-1,-1
728,118,395.18,0.36,247.42,478.10,0.9283,-1,-1,-1
728,140,150.09,60.30,127.51,391.82,0.8867,-1,-1,-1
728,158,319.14,93.09,92.02,294.58,0.8062,-1,-1,-1
728,168,262.54,152.58,51.12,154.11,0.8363,-1,-1,-1
728,169,91.20,187.31,22.40,70.48,0.5425,-1,-1,-1
728,172,144.12,195.73,12.20,48.30,0.5440,-1,-1,-1
728,162,-22.25,37.83,103.06,393.32,0.7280,-1,-1,-1
728,149,306.24,149.29,30.59,90.57,0.5175,-1,-1,-1
729,118,390.45,0.52,247.48,476.40,0.9302,-1,-1,-1
729,140,152.57,57.93,122.62,381.56,0.8967,-1,-1,-1
729,158,316.40,90.70,92.66,297.15,0.8494,-1,-1,-1
729,168,262.78,152.39,50.15,152.64,0.8542,-1,-1,-1
729,169,85.55,186.32,22.72,71.12,0.5962,-1,-1,-1
729,172,142.03,195.81,11.90,46.88,0.5573,-1,-1,-1
729,149,305.84,148.89,28.63,85.38,0.5704,-1,-1,-1
730,118,385.05,0.52,249.15,476.62,0.9263,-1,-1,-1
730,140,154.91,61.44,118.04,370.41,0.9013,-1,-1,-1
730,158,315.10,96.69,93.41,300.13,0.8134,-1,-1,-1
730,168,263.54,158.04,49.22,151.04,0.8182,-1,-1,-1
730,169,84.17,190.72,22.83,71.67,0.5884,-1,-1,-1
731,118,381.52,0.59,250.87,476.61,0.9268,-1,-1,-1
731,140,156.38,66.25,116.71,368.52,0.9013,-1,-1,-1
731,158,314.37,100.13,95.60,308.06,0.8346,-1,-1,-1
731,168,265.07,163.04,47.69,147.94,0.7877,-1,-1,-1
731,169,82.55,193.24,23.86,74.64,0.6459,-1,-1,-1
732,118,380.32,0.53,252.26,476.46,0.9189,-1,-1,-1
732,140,153.69,71.72,117.63,371.83,0.9002,-1,-1,-1
732,158,314.56,106.86,95.65,308.65,0.8605,-1,-1,-1
732,168,266.24,165.13,46.23,144.91,0.7782,-1,-1,-1
732,169,78.41,194.22,24.75,76.75,0.6470,-1,-1,-1
732,173,120.80,205.59,15.65,49.43,0.5413,-1,-1,-1
733,118,382.71,0.70,252.94,476.86,0.9095,-1,-1,-1
733,140,147.82,80.19,118.46,375.37,0.8711,-1,-1,-1
733,158,314.51,110.34,94.94,307.55,0.8630,-1,-1,-1
733,168,265.28,165.73,45.29,143.08,0.7992,-1,-1,-1
733,169,70.65,194.60,26.17,79.81,0.6059,-1,-1,-1
734,118,386.26,0.70,252.92,477.35,0.9101,-1,-1,-1
734,140,140.75,88.06,118.69,376.74,0.8832,-1,-1,-1
734,158,314.80,115.04,93.51,303.80,0.8352,-1,-1,-1
734,168,265.66,169.11,43.37,137.32,0.7529,-1,-1,-1
734,169,65.32,199.59,26.59,79.43,0.6115,-1,-1,-1
735,118,390.02,0.53,252.29,477.96,0.9140,-1,-1,-1
735,140,134.13,86.79,118.40,374.61,0.8492,-1,-1,-1
735,158,316.16,111.27,91.04,295.65,0.8269,-1,-1,-1
735,168,265.11,166.97,43.89,139.63,0.7550,-1,-1,-1
735,169,61.25,197.03,27.36,80.97,0.6094,-1,-1,-1
736,118,392.99,0.45,250.96,477.73,0.8931,-1,-1,-1
736,140,142.77,82.29,114.71,365.37,0.8249,-1,-1,-1
736,158,315.90,106.80,90.79,294.98,0.8301,-1,-1,-1
736,168,264.08,166.05,43.93,140.58,0.7888,-1,-1,-1
736,169,57.86,193.68,28.01,82.27,0.5817,-1,-1,-1
737,118,395.32,0.29,248.99,476.04,0.9134,-1,-1,-1
737,140,146.36,77.66,110.64,351.96,0.8490,-1,-1,-1
737,158,314.88,106.39,91.15,296.68,0.8279,-1,-1,-1
737,168,261.63,166.13,44.26,142.04,0.7946,-1,-1,-1
737,169,50.30,190.94,28.75,83.87,0.6170,-1,-1,-1
737,175,111.74,138.73,52.29,182.59,0.8012,-1,-1,-1
738,118,395.98,0.58,248.07,476.10,0.9189,-1,-1,-1
738,140,145.05,75.29,110.15,350.58,0.8390,-1,-1,-1
738,158,313.91,108.04,91.67,298.26,0.8234,-1,-1,-1
738,168,259.44,165.10,44.79,143.72,0.7887,-1,-1,-1
738,169,44.72,187.64,29.61,85.72,0.7076,-1,-1,-1
738,175,106.20,135.23,54.24,189.45,0.7934,-1,-1,-1
739,118,395.56,0.58,247.66,476.59,0.9141,-1,-1,-1
739,140,140.48,76.00,109.73,353.01,0.8661,-1,-1,-1
739,158,311.22,110.42,92.36,300.66,0.8409,-1,-1,-1
739,168,257.34,163.91,45.16,143.74,0.7621,-1,-1,-1
739,169,38.14,185.73,30.24,87.38,0.6077,-1,-1,-1
739,175,97.35,132.21,56.16,195.61,0.8093,-1,-1,-1
740,118,394.34,0.92,247.47,476.71,0.9144,-1,-1,-1
740,140,139.99,81.56,109.75,355.16,0.8775,-1,-1,-1
740,158,310.28,111.67,92.29,300.85,0.8469,-1,-1,-1
740,168,258.32,162.80,46.08,144.07,0.7522,-1,-1,-1
740,169,32.64,184.11,31.20,89.34,0.7123,-1,-1,-1
740,175,87.85,130.57,60.12,208.56,0.8337,-1,-1,-1
741,118,391.62,1.03,248.13,477.39,0.8986,-1,-1,-1
741,140,139.95,84.32,109.15,355.83,0.8789,-1,-1,-1
741,158,307.84,108.32,92.95,302.72,0.8238,-1,-1,-1
741,168,258.02,161.11,46.73,144.31,0.7427,-1,-1,-1
741,169,27.57,181.07,31.94,90.97,0.6871,-1,-1,-1
741,175,82.34,124.53,63.16,216.95,0.8391,-1,-1,-1
742,118,393.52,0.96,248.05,478.53,0.9148,-1,-1,-1
742,140,140.56,87.63,106.68,349.09,0.8837,-1,-1,-1
742,158,307.48,106.16,90.96,296.46,0.8308,-1,-1,-1
742,168,259.67,161.16,46.50,143.43,0.7660,-1,-1,-1
742,169,23.12,179.57,32.27,92.49,0.6921,-1,-1,-1
742,175,76.91,117.35,66.64,227.04,0.8039,-1,-1,-1
742,177,236.76,152.45,30.74,137.97,0.5307,-1,-1,-1
743,118,394.39,1.05,247.45,478.84,0.9028,-1,-1,-1
743,140,139.09,86.49,106.32,347.68,0.8710,-1,-1,-1
743,158,308.34,105.33,87.97,288.38,0.8061,-1,-1,-1
743,168,260.28,161.18,46.44,142.75,0.7626,-1,-1,-1
743,169,15.97,177.05,32.50,92.81,0.6172,-1,-1,-1
743,175,63.32,107.74,71.42,238.03,0.6873,-1,-1,-1
743,177,237.09,152.53,30.71,137.78,0.5907,-1,-1,-1
744,118,388.97,0.56,246.56,478.70,0.8927,-1,-1,-1
744,140,145.90,84.30,102.53,337.04,0.8639,-1,-1,-1
744,158,306.45,104.26,88.44,290.59,0.8315,-1,-1,-1
744,168,261.07,161.66,46.85,142.07,0.7107,-1,-1,-1
744,169,10.33,174.32,33.84,96.24,0.6039,-1,-1,-1
744,175,52.54,99.49,76.48,251.16,0.8556,-1,-1,-1
744,177,238.00,150.20,31.64,141.96,0.5762,-1,-1,-1
745,118,391.80,0.29,244.74,478.20,0.9241,-1,-1,-1
745,140,151.40,80.98,99.29,327.82,0.8715,-1,-1,-1
745,158,308.27,101.12,90.48,296.53,0.8308,-1,-1,-1
745,168,264.44,159.96,46.06,139.38,0.6853,-1,-1,-1
745,175,35.84,94.59,82.60,263.74,0.8609,-1,-1,-1
745,177,241.07,148.97,31.53,141.58,0.6153,-1,-1,-1
745,179,121.83,134.12,47.90,174.95,0.7047,-1,-1,-1
746,118,391.82,0.36,245.05,478.49,0.9070,-1,-1,-1
746,140,157.16,82.29,99.03,327.84,0.8748,-1,-1,-1
746,158,312.44,136.70,83.07,267.07,0.7880,-1,-1,-1
746,168,269.24,159.05,46.38,139.17,0.5444,-1,-1,-1
746,175,17.29,90.92,90.59,283.76,0.8704,-1,-1,-1
746,177,246.72,152.44,30.00,134.84,0.5156,-1,-1,-1
746,179,119.78,131.86,50.11,182.16,0.8577,-1,-1,-1
747,118,391.96,0.33,245.17,477.87,0.8958,-1,-1,-1
747,140,161.18,83.32,99.34,329.52,0.8695,-1,-1,-1
747,158,311.61,117.40,90.10,289.88,0.8522,-1,-1,-1
747,168,269.94,158.31,47.16,139.52,0.6905,-1,-1,-1
747,175,7.26,85.35,96.50,298.57,0.8907,-1,-1,-1
747,179,118.04,127.89,52.58,190.00,0.8143,-1,-1,-1
748,118,392.46,0.32,245.20,477.15,0.9182,-1,-1,-1
748,140,164.27,87.05,100.32,332.34,0.8671,-1,-1,-1
748,158,313.27,111.35,92.04,297.16,0.8376,-1,-1,-1
748,168,272.23,159.70,47.79,140.04,0.6604,-1,-1,-1
748,175,-3.44,77.03,100.74,314.06,0.8873,-1,-1,-1
748,179,116.27,124.55,54.94,197.69,0.8248,-1,-1,-1
749,118,393.27,0.39,245.50,477.63,0.9216,-1,-1,-1
749,140,165.65,91.93,101.44,335.16,0.8559,-1,-1,-1
749,158,317.25,109.78,92.58,298.51,0.7947,-1,-1,-1
749,168,275.26,164.49,47.83,138.49,0.6499,-1,-1,-1
749,175,-10.91,67.11,103.79,329.27,0.8910,-1,-1,-1
749,179,112.57,121.40,57.97,207.38,0.8597,-1,-1,-1
749,177,255.09,155.47,31.56,139.24,0.5089,-1,-1,-1
750,118,398.16,0.69,244.28,477.22,0.9138,-1,-1,-1
750,140,170.97,92.71,100.34,330.02,0.8716,-1,-1,-1
750,158,323.01,107.09,90.37,291.56,0.8413,-1,-1,-1
750,168,281.52,164.64,48.47,138.90,0.7167,-1,-1,-1
750,175,-17.99,52.70,109.81,358.48,0.8683,-1,-1,-1
750,179,110.00,115.43,60.64,215.61,0.8609,-1,-1,-1
750,177,260.01,153.93,32.27,139.78,0.6300,-1,-1,-1
751,118,403.48,1.02,242.92,478.26,0.9109,-1,-1,-1
751,140,173.17,90.10,97.61,325.50,0.8299,-1,-1,-1
751,158,330.56,100.69,89.89,290.92,0.8020,-1,-1,-1
751,168,289.33,161.76,47.53,135.10,0.7352,-1,-1,-1
751,175,-21.32,38.25,109.50,369.24,0.7760,-1,-1,-1
751,179,109.44,108.06,63.60,222.29,0.8683,-1,-1,-1
751,177,265.99,149.05,33.62,142.45,0.7272,-1,-1,-1
752,118,407.62,0.92,240.63,477.74,0.9181,-1,-1,-1
752,140,184.70,87.17,94.14,311.00,0.8927,-1,-1,-1
752,158,334.96,100.32,90.71,293.78,0.8463,-1,-1,-1
752,168,296.78,160.83,46.15,129.08,0.6204,-1,-1,-1
752,175,-21.23,15.58,112.68,391.12,0.7358,-1,-1,-1
752,179,105.51,100.94,67.88,232.83,0.8732,-1,-1,-1
752,177,272.59,147.48,33.03,136.70,0.6895,-1,-1,-1
753,118,407.05,0.85,239.58,478.01,0.9175,-1,-1,-1
753,140,189.11,84.54,93.97,308.44,0.8964,-1,-1,-1
753,158,339.33,101.58,91.63,296.16,0.8253,-1,-1,-1
753,179,100.87,95.26,72.57,244.53,0.8760,-1,-1,-1
753,177,277.78,149.40,32.28,130.56,0.7602,-1,-1,-1
754,118,407.18,1.14,238.59,478.33,0.9170,-1,-1,-1
754,140,195.18,84.24,95.14,311.36,0.8752,-1,-1,-1
754,158,344.50,104.43,92.54,298.87,0.7776,-1,-1,-1
754,179,91.49,90.36,79.42,261.45,0.8934,-1,-1,-1
754,177,284.41,149.23,33.85,134.96,0.7254,-1,-1,-1
755,118,413.49,1.73,235.84,477.84,0.9132,-1,-1,-1
755,140,200.27,85.54,95.03,311.99,0.8680,-1,-1,-1
755,158,347.72,103.53,92.49,298.45,0.8358,-1,-1,-1
755,179,84.59,85.07,84.60,272.28,0.9013,-1,-1,-1
755,177,288.61,151.24,33.96,132.81,0.7343,-1,-1,-1
756,118,430.72,1.89,229.97,477.76,0.9046,-1,-1,-1
756,140,206.88,88.39,95.10,314.46,0.8665,-1,-1,-1
756,158,349.40,100.20,94.46,304.09,0.7098,-1,-1,-1
756,179,77.13,79.49,91.75,290.77,0.9019,-1,-1,-1
756,177,293.02,151.47,34.10,132.91,0.7325,-1,-1,-1
756,180,36.73,170.27,37.40,87.17,0.5810,-1,-1,-1
757,118,447.41,1.33,222.37,477.36,0.8990,-1,-1,-1
757,140,209.40,89.80,95.18,313.25,0.8620,-1,-1,-1
757,158,352.10,96.51,94.01,302.51,0.8005,-1,-1,-1
757,179,67.23,69.12,98.60,309.02,0.8918,-1,-1,-1
757,177,297.70,149.67,33.98,131.42,0.7432,-1,-1,-1
757,181,-2.46,154.36,28.33,123.93,0.6022,-1,-1,-1
758,140,214.04,87.45,94.96,314.56,0.8683,-1,-1,-1
758,158,352.35,93.63,93.51,299.32,0.7836,-1,-1,-1
758,179,54.55,55.56,105.45,328.16,0.8994,-1,-1,-1
758,177,299.90,147.19,33.42,130.14,0.5493,-1,-1,-1
759,140,212.43,87.65,93.47,304.98,0.8737,-1,-1,-1
759,158,353.39,94.46,93.60,298.60,0.7820,-1,-1,-1
759,179,36.65,43.56,113.28,347.49,0.9100,-1,-1,-1
759,177,303.10,148.78,33.92,132.20,0.5954,-1,-1,-1
760,140,210.16,84.47,93.96,300.80,0.8690,-1,-1,-1
760,158,352.31,92.38,95.23,302.48,0.8157,-1,-1,-1
760,179,16.30,29.63,121.19,367.08,0.9174,-1,-1,-1
760,177,305.01,146.39,33.64,131.68,0.5633,-1,-1,-1
760,118,461.01,3.12,213.19,476.05,0.5803,-1,-1,-1
761,140,212.29,82.68,95.28,300.91,0.8702,-1,-1,-1
761,158,352.47,94.35,96.31,305.42,0.8525,-1,-1,-1
761,179,0.34,14.16,126.81,387.30,0.9314,-1,-1,-1
761,177,308.98,151.46,32.07,125.15,0.5042,-1,-1,-1
761,183,131.53,179.98,22.74,68.26,0.6497,-1,-1,-1
761,184,178.23,160.56,45.37,121.56,0.5932,-1,-1,-1
761,118,469.64,1.78,205.00,476.92,0.8353,-1,-1,-1
762,140,203.21,80.42,99.94,304.01,0.8691,-1,-1,-1
762,158,353.68,94.12,96.75,307.39,0.8558,-1,-1,-1
762,179,-10.46,2.68,129.07,402.15,0.9147,-1,-1,-1
762,177,309.75,148.15,31.56,125.02,0.6123,-1,-1,-1
762,183,130.46,176.73,23.17,69.39,0.6015,-1,-1,-1
762,184,174.61,156.37,45.23,121.51,0.6102,-1,-1,-1
762,118,469.58,1.38,199.37,478.19,0.8897,-1,-1,-1
763,140,201.97,77.24,103.10,306.34,0.8897,-1,-1,-1
763,158,354.32,87.70,96.11,305.81,0.8545,-1,-1,-1
763,179,-17.03,13.97,122.42,392.86,0.8858,-1,-1,-1
763,177,309.64,140.08,30.64,121.52,0.5861,-1,-1,-1
763,183,126.50,168.33,23.91,71.52,0.6715,-1,-1,-1
763,184,165.18,145.58,46.29,125.09,0.6870,-1,-1,-1
763,118,460.15,1.52,197.01,478.36,0.8769,-1,-1,-1
763,185,83.61,162.51,36.29,83.47,0.7076,-1,-1,-1
764,140,208.50,80.66,104.24,307.76,0.8786,-1,-1,-1
764,158,357.04,88.87,94.00,299.88,0.8285,-1,-1,-1
764,179,-24.35,18.60,118.11,396.04,0.7995,-1,-1,-1
764,177,310.62,139.54,30.79,121.47,0.6086,-1,-1,-1
764,183,125.00,168.85,24.01,71.68,0.6330,-1,-1,-1
764,184,159.00,146.77,45.99,124.96,0.7258,-1,-1,-1
764,118,457.71,1.09,189.21,460.23,0.7884,-1,-1,-1
764,185,84.38,163.21,37.40,85.99,0.6895,-1,-1,-1
765,140,215.68,84.88,103.48,304.84,0.8756,-1,-1,-1
765,158,360.78,90.96,92.82,295.24,0.8495,-1,-1,-1
765,177,312.60,143.03,30.84,120.05,0.6781,-1,-1,-1
765,183,124.68,172.93,24.38,72.84,0.6320,-1,-1,-1
765,184,150.43,151.97,46.34,125.21,0.7887,-1,-1,-1
765,118,454.11,1.26,192.48,471.96,0.8616,-1,-1,-1
765,185,89.27,167.60,37.28,86.14,0.6545,-1,-1,-1
765,187,197.67,154.71,33.66,115.14,0.6044,-1,-1,-1
766,140,220.54,85.87,102.61,304.11,0.8897,-1,-1,-1
766,158,361.62,91.63,92.43,293.51,0.7676,-1,-1,-1
766,177,311.57,146.07,30.81,120.29,0.6250,-1,-1,-1
766,183,122.64,174.09,24.71,74.01,0.6199,-1,-1,-1
766,184,143.62,153.61,47.37,126.99,0.8329,-1,-1,-1
766,118,452.76,1.25,192.98,476.31,0.8785,-1,-1,-1
766,185,90.49,167.59,38.16,89.02,0.6897,-1,-1,-1
766,187,197.80,155.76,34.63,118.51,0.6893,-1,-1,-1
766,188,61.17,163.94,40.17,94.74,0.6267,-1,-1,-1
767,140,224.19,82.15,98.67,294.92,0.8882,-1,-1,-1
767,158,358.74,91.24,93.66,296.27,0.7946,-1,-1,-1
767,184,134.34,153.91,47.97,126.83,0.8246,-1,-1,-1
767,118,452.80,1.30,192.27,477.44,0.9012,-1,-1,-1
767,187,192.12,152.47,36.39,124.08,0.8009,-1,-1,-1
767,188,56.10,161.16,40.74,96.34,0.6079,-1,-1,-1
768,140,224.38,81.88,96.73,291.17,0.8781,-1,-1,-1
768,158,354.97,93.21,95.39,301.14,0.7889,-1,-1,-1
768,184,126.05,156.32,48.45,126.41,0.8013,-1,-1,-1
768,118,452.92,1.30,191.60,478.37,0.8853,-1,-1,-1
768,187,188.00,154.15,37.37,126.82,0.8359,-1,-1,-1
768,188,49.75,161.22,41.38,98.24,0.6304,-1,-1,-1
769,140,223.91,82.99,96.54,293.29,0.8834,-1,-1,-1
769,158,352.59,96.39,96.00,303.70,0.7860,-1,-1,-1
769,184,116.28,155.36,49.11,128.86,0.7337,-1,-1,-1
769,118,455.62,1.77,190.04,478.24,0.8713,-1,-1,-1
769,187,185.93,154.58,38.63,130.09,0.8511,-1,-1,-1
769,188,48.22,160.96,41.70,99.98,0.6622,-1,-1,-1
770,140,224.21,83.98,96.83,295.74,0.8878,-1,-1,-1
770,158,351.11,95.00,96.40,305.20,0.7881,-1,-1,-1
770,184,108.43,153.81,48.78,129.49,0.5490,-1,-1,-1
770,118,462.14,1.36,187.40,478.38,0.8335,-1,-1,-1
770,187,183.49,153.33,39.84,132.78,0.8408,-1,-1,-1
770,188,48.64,160.56,41.79,100.88,0.6276,-1,-1,-1
771,140,221.07,87.80,97.28,298.69,0.8731,-1,-1,-1
771,158,347.37,93.86,95.24,303.24,0.8294,-1,-1,-1
771,184,97.28,152.75,48.96,132.58,0.5528,-1,-1,-1
771,118,475.84,0.95,181.38,475.33,0.8518,-1,-1,-1
771,187,174.66,150.69,42.11,138.63,0.8298,-1,-1,-1
771,188,45.53,159.73,42.33,102.97,0.6868,-1,-1,-1
772,140,216.05,89.22,97.27,297.62,0.8952,-1,-1,-1
772,158,344.31,93.00,93.08,297.06,0.8171,-1,-1,-1
772,184,85.32,151.84,49.28,133.33,0.7168,-1,-1,-1
772,118,478.57,0.30,177.87,475.20,0.8111,-1,-1,-1
772,187,168.71,146.52,43.59,141.56,0.8314,-1,-1,-1
772,188,43.27,157.07,42.59,104.31,0.6339,-1,-1,-1
773,140,214.66,89.53,96.54,294.82,0.8925,-1,-1,-1
773,158,341.47,89.21,92.33,293.08,0.8604,-1,-1,-1
773,184,73.81,151.42,49.09,133.18,0.7890,-1,-1,-1
773,118,480.15,0.06,174.74,474.89,0.7822,-1,-1,-1
773,187,159.09,141.87,46.21,146.40,0.8454,-1,-1,-1
773,188,41.10,155.73,42.19,103.91,0.6626,-1,-1,-1
774,140,217.82,88.30,94.74,289.34,0.8911,-1,-1,-1
774,158,338.41,88.08,93.06,294.10,0.8504,-1,-1,-1
774,184,65.73,150.51,49.51,134.36,0.6661,-1,-1,-1
774,118,482.19,3.08,171.38,473.23,0.8451,-1,-1,-1
774,187,155.07,137.86,48.48,152.90,0.8336,-1,-1,-1
775,140,218.78,87.58,92.86,281.08,0.8734,-1,-1,-1
775,158,337.33,88.12,94.27,298.09,0.7957,-1,-1,-1
775,118,461.25,13.34,158.64,446.98,0.7887,-1,-1,-1
775,187,152.05,137.50,50.33,158.37,0.8539,-1,-1,-1
776,140,217.83,87.91,93.54,279.92,0.8759,-1,-1,-1
776,158,337.04,92.00,94.93,301.10,0.8507,-1,-1,-1
776,118,476.98,4.74,163.60,468.17,0.8021,-1,-1,-1
776,187,146.85,138.17,51.70,161.89,0.8230,-1,-1,-1
776,183,91.98,172.89,30.99,91.16,0.6757,-1,-1,-1
776,184,45.64,151.56,50.18,135.64,0.6142,-1,-1,-1
777,140,215.99,90.32,94.87,279.89,0.8754,-1,-1,-1
777,158,335.81,94.39,94.83,301.94,0.8432,-1,-1,-1
777,118,482.73,1.69,164.05,475.77,0.7787,-1,-1,-1
777,187,142.58,137.73,53.31,166.67,0.8225,-1,-1,-1
777,189,406.22,30.40,162.52,409.49,0.7582,-1,-1,-1
777,183,91.89,171.32,31.69,93.48,0.6623,-1,-1,-1
777,184,38.23,151.13,51.07,137.83,0.5961,-1,-1,-1
778,140,216.15,95.35,97.10,281.36,0.8375,-1,-1,-1
778,158,337.90,95.61,94.04,301.38,0.8534,-1,-1,-1
778,118,493.58,0.51,160.35,476.25,0.7306,-1,-1,-1
778,187,136.49,135.31,56.25,174.01,0.8301,-1,-1,-1
778,189,402.58,27.34,166.69,420.61,0.8357,-1,-1,-1
778,183,92.78,167.18,34.28,99.34,0.6739,-1,-1,-1
778,184,30.17,152.41,52.45,139.08,0.7983,-1,-1,-1
779,140,227.60,103.27,96.15,279.24,0.8142,-1,-1,-1
779,158,346.61,97.41,87.64,279.46,0.6228,-1,-1,-1
779,118,495.76,3.54,157.32,475.45,0.7734,-1,-1,-1
779,187,135.85,133.67,58.50,180.90,0.8356,-1,-1,-1
779,189,400.17,26.17,175.74,445.80,0.8538,-1,-1,-1
779,183,99.10,167.79,34.49,101.75,0.7602,-1,-1,-1
779,184,24.68,156.03,52.94,138.68,0.8344,-1,-1,-1
779,190,205.60,140.87,52.89,178.53,0.7213,-1,-1,-1
780,140,233.74,106.51,94.58,274.95,0.8387,-1,-1,-1
780,158,348.88,96.24,88.51,283.36,0.5688,-1,-1,-1
780,118,491.63,1.97,156.87,477.85,0.8530,-1,-1,-1
780,187,133.62,130.85,60.69,185.69,0.8558,-1,-1,-1
780,189,393.53,21.78,176.63,453.61,0.7414,-1,-1,-1
780,183,103.35,166.87,34.98,104.60,0.7846,-1,-1,-1
780,184,20.85,156.59,54.05,139.35,0.7970,-1,-1,-1
780,190,207.29,137.08,54.97,186.14,0.7475,-1,-1,-1
780,191,73.01,160.86,29.15,111.25,0.6269,-1,-1,-1
781,140,238.20,104.68,92.91,269.69,0.8506,-1,-1,-1
781,118,480.04,1.70,158.27,477.23,0.8815,-1,-1,-1
781,187,129.15,126.95,64.30,195.33,0.8483,-1,-1,-1
781,189,375.37,17.43,176.30,457.52,0.7426,-1,-1,-1
781,183,104.84,165.60,33.96,104.79,0.6567,-1,-1,-1
781,184,17.57,154.85,55.23,141.20,0.7575,-1,-1,-1
781,190,205.91,131.11,58.08,197.70,0.7598,-1,-1,-1
781,191,74.87,160.18,29.82,112.82,0.6690,-1,-1,-1
782,140,242.45,103.99,91.10,265.21,0.8662,-1,-1,-1
782,118,469.04,1.82,161.43,477.94,0.8590,-1,-1,-1
782,187,122.21,125.58,67.45,200.92,0.8544,-1,-1,-1
782,189,366.19,22.95,168.55,445.50,0.6725,-1,-1,-1
782,184,12.42,153.11,56.28,143.67,0.8251,-1,-1,-1
782,190,201.70,126.31,60.49,206.12,0.8035,-1,-1,-1
782,191,78.50,160.05,30.55,113.86,0.7204,-1,-1,-1
783,140,247.58,104.15,88.14,258.99,0.8780,-1,-1,-1
783,118,464.93,1.64,163.98,478.25,0.7669,-1,-1,-1
783,187,116.25,124.72,71.21,208.90,0.8766,-1,-1,-1
783,189,363.12,26.76,165.26,445.50,0.6799,-1,-1,-1
783,184,6.54,151.68,56.42,145.45,0.7800,-1,-1,-1
783,190,199.21,122.16,62.27,212.60,0.8241,-1,-1,-1
783,191,81.76,160.95,31.19,114.20,0.7132,-1,-1,-1
784,140,252.36,106.80,86.26,256.37,0.8734,-1,-1,-1
784,118,464.48,1.25,165.70,478.14,0.8213,-1,-1,-1
784,187,109.92,123.09,74.55,217.93,0.8514,-1,-1,-1
784,189,348.49,31.27,157.02,427.26,0.7996,-1,-1,-1
784,184,2.96,152.50,56.46,147.74,0.7225,-1,-1,-1
784,190,196.51,119.92,64.43,219.45,0.8474,-1,-1,-1
784,191,81.66,159.16,32.63,118.49,0.6716,-1,-1,-1
785,140,251.74,109.18,84.85,256.44,0.8594,-1,-1,-1
785,118,470.54,1.32,159.42,454.00,0.6834,-1,-1,-1
785,187,97.93,117.98,78.97,229.01,0.8836,-1,-1,-1
785,189,340.53,32.49,159.63,439.52,0.8155,-1,-1,-1
785,184,-5.59,155.30,54.47,146.66,0.6694,-1,-1,-1
785,190,188.75,115.78,67.95,229.33,0.8657,-1,-1,-1
786,140,250.41,115.45,82.25,251.11,0.8585,-1,-1,-1
786,118,478.05,1.12,157.42,447.70,0.6983,-1,-1,-1
786,187,80.15,111.59,83.73,238.39,0.8669,-1,-1,-1
786,189,336.75,34.20,153.77,427.09,0.5779,-1,-1,-1
786,190,174.60,113.26,72.03,240.24,0.8595,-1,-1,-1
786,181,-3.13,157.88,31.18,145.18,0.5806,-1,-1,-1
787,140,250.58,119.40,80.16,247.83,0.8670,-1,-1,-1
787,118,482.94,0.75,161.80,466.27,0.6920,-1,-1,-1
787,187,65.45,106.81,88.05,246.67,0.8493,-1,-1,-1
787,189,340.25,34.14,153.35,423.54,0.7760,-1,-1,-1
787,190,163.73,111.57,75.76,248.69,0.8752,-1,-1,-1
788,140,250.22,119.99,79.54,248.30,0.8296,-1,-1,-1
788,118,488.15,0.47,161.49,473.14,0.7230,-1,-1,-1
788,187,49.16,101.56,94.85,262.25,0.8611,-1,-1,-1
788,189,343.85,34.26,158.44,429.96,0.8444,-1,-1,-1
788,190,149.98,106.92,82.38,266.96,0.8488,-1,-1,-1
789,140,249.01,118.96,76.96,241.66,0.8372,-1,-1,-1
789,118,490.36,0.93,159.92,475.19,0.8182,-1,-1,-1
789,187,29.77,98.22,101.14,275.35,0.8860,-1,-1,-1
789,189,316.57,42.06,155.22,430.85,0.6937,-1,-1,-1
789,190,134.82,101.65,87.77,284.03,0.8426,-1,-1,-1
789,192,447.97,27.69,80.29,428.23,0.7556,-1,-1,-1
790,140,245.50,121.26,75.30,234.97,0.8173,-1,-1,-1
790,118,494.20,1.37,150.86,449.67,0.7144,-1,-1,-1
790,187,10.24,96.55,108.07,293.71,0.8844,-1,-1,-1
790,189,318.71,47.06,156.74,431.35,0.8287,-1,-1,-1
790,190,120.30,95.67,92.46,301.70,0.8757,-1,-1,-1
790,192,446.23,35.07,80.49,426.92,0.7757,-1,-1,-1
791,140,239.87,123.56,74.54,229.51,0.8097,-1,-1,-1
791,118,488.79,0.89,156.10,468.43,0.8337,-1,-1,-1
791,187,-1.68,91.66,115.77,316.53,0.8881,-1,-1,-1
791,189,309.25,54.20,153.88,425.09,0.8423,-1,-1,-1
791,190,105.71,88.03,96.36,316.16,0.8661,-1,-1,-1
791,192,443.02,42.26,81.29,427.58,0.7950,-1,-1,-1
792,140,233.00,128.52,77.14,235.77,0.7870,-1,-1,-1
792,118,488.75,3.10,156.08,471.50,0.7421,-1,-1,-1
792,187,-13.38,84.33,119.41,335.45,0.8759,-1,-1,-1
792,189,306.58,60.70,151.58,418.32,0.7619,-1,-1,-1
792,190,86.08,81.63,102.21,334.49,0.8885,-1,-1,-1
792,192,436.85,49.08,81.97,424.30,0.8233,-1,-1,-1
792,193,195.85,194.03,26.21,88.51,0.6554,-1,-1,-1
793,140,226.04,129.92,79.45,239.70,0.7209,-1,-1,-1
793,118,493.48,2.36,155.05,475.40,0.8545,-1,-1,-1
793,187,-22.83,69.71,121.15,354.36,0.8356,-1,-1,-1
793,189,313.63,61.10,149.18,400.61,0.6981,-1,-1,-1
793,190,49.34,71.09,114.39,363.88,0.8861,-1,-1,-1
793,192,435.58,46.18,80.06,404.11,0.8426,-1,-1,-1
794,140,222.66,126.56,78.76,236.09,0.7994,-1,-1,-1
794,118,500.59,2.19,152.18,476.71,0.8624,-1,-1,-1
794,187,-28.67,70.70,115.39,355.07,0.7249,-1,-1,-1
794,189,296.25,55.48,143.34,388.54,0.6651,-1,-1,-1
794,190,22.45,55.11,124.53,388.21,0.8853,-1,-1,-1
794,192,430.72,35.51,83.48,407.73,0.8679,-1,-1,-1
795,140,221.86,126.72,73.74,218.96,0.7973,-1,-1,-1
795,118,503.71,1.28,149.41,476.86,0.7903,-1,-1,-1
795,189,289.54,59.17,141.98,387.53,0.8345,-1,-1,-1
795,190,-0.69,38.62,135.66,427.50,0.8590,-1,-1,-1
795,192,425.34,33.43,85.68,404.66,0.8396,-1,-1,-1
795,193,180.97,181.61,28.67,94.62,0.6751,-1,-1,-1
796,140,220.65,128.64,74.08,218.57,0.8279,-1,-1,-1
796,118,508.80,0.92,145.99,476.64,0.7078,-1,-1,-1
796,189,297.93,65.47,145.00,388.47,0.6589,-1,-1,-1
796,190,-12.82,25.09,137.56,441.73,0.6842,-1,-1,-1
796,192,425.16,38.27,88.06,404.58,0.8704,-1,-1,-1
796,191,127.68,176.29,29.17,99.96,0.7288,-1,-1,-1
797,140,222.35,123.68,74.13,221.00,0.8223,-1,-1,-1
797,118,517.77,1.46,141.04,475.32,0.7933,-1,-1,-1
797,189,282.22,65.09,144.57,392.42,0.6521,-1,-1,-1
797,192,420.62,37.09,91.30,407.92,0.8409,-1,-1,-1
797,191,121.71,172.38,31.54,100.59,0.7061,-1,-1,-1
797,193,169.18,180.51,28.89,95.99,0.6544,-1,-1,-1
798,140,223.12,121.78,74.21,224.45,0.8258,-1,-1,-1
798,118,510.84,0.84,140.13,476.85,0.8714,-1,-1,-1
798,189,275.95,66.08,144.87,396.15,0.5834,-1,-1,-1
798,192,418.57,37.96,94.39,412.61,0.8138,-1,-1,-1
798,191,118.30,172.13,33.62,102.17,0.7269,-1,-1,-1
798,196,72.84,160.46,27.79,121.15,0.7028,-1,-1,-1
798,193,165.68,180.36,29.39,97.37,0.5259,-1,-1,-1
799,140,223.72,122.30,73.20,224.99,0.7990,-1,-1,-1
799,118,495.63,1.28,141.88,475.43,0.8824,-1,-1,-1
799,189,275.32,65.76,144.53,398.10,0.5653,-1,-1,-1
799,192,410.10,39.11,92.52,385.08,0.7046,-1,-1,-1
799,191,114.88,170.51,35.96,105.11,0.7088,-1,-1,-1
799,196,71.27,159.67,28.40,123.21,0.7396,-1,-1,-1
799,193,165.09,179.30,30.52,99.79,0.5618,-1,-1,-1
800,140,222.34,123.18,71.03,221.91,0.8194,-1,-1,-1
800,118,480.73,1.47,145.87,475.01,0.8551,-1,-1,-1
800,189,287.58,59.70,140.85,374.79,0.8002,-1,-1,-1
800,192,411.11,33.90,93.61,385.08,0.8385,-1,-1,-1
800,196,66.62,156.30,28.82,124.15,0.7689,-1,-1,-1
800,193,162.17,175.23,32.21,102.59,0.7338,-1,-1,-1
800,183,102.77,163.12,38.38,109.82,0.7176,-1,-1,-1
801,140,221.25,127.62,70.06,223.63,0.8157,-1,-1,-1
801,118,470.79,1.37,150.78,476.77,0.5281,-1,-1,-1
801,189,291.78,57.95,147.19,380.72,0.7666,-1,-1,-1
801,192,406.43,33.37,97.75,400.31,0.7888,-1,-1,-1
801,196,62.23,158.01,29.24,125.05,0.7564,-1,-1,-1
801,193,158.46,176.33,32.89,103.54,0.6909,-1,-1,-1
801,183,95.53,165.01,36.89,111.08,0.6878,-1,-1,-1
802,140,223.40,130.66,67.02,217.36,0.7730,-1,-1,-1
802,118,469.52,1.54,153.59,475.35,0.6798,-1,-1,-1
802,189,274.03,57.62,144.69,379.45,0.6433,-1,-1,-1
802,192,404.24,32.32,98.82,402.54,0.7722,-1,-1,-1
802,196,60.39,158.74,29.66,125.74,0.7427,-1,-1,-1
802,193,158.90,175.90,34.78,106.76,0.6891,-1,-1,-1
802,183,89.34,164.09,36.70,114.79,0.6542,-1,-1,-1
803,140,227.10,131.47,60.64,199.11,0.8261,-1,-1,-1
803,118,470.14,1.55,156.54,477.49,0.6630,-1,-1,-1
803,189,267.17,58.68,143.39,382.10,0.5338,-1,-1,-1
803,192,402.93,33.29,99.45,402.11,0.7495,-1,-1,-1
803,196,60.49,159.35,30.54,127.68,0.7008,-1,-1,-1
803,193,157.47,177.39,35.57,108.45,0.6215,-1,-1,-1
803,183,87.21,165.20,34.91,112.62,0.5836,-1,-1,-1
803,199,200.90,188.78,30.96,83.17,0.7220,-1,-1,-1
804,140,231.17,132.79,60.87,200.82,0.7565,-1,-1,-1
804,118,476.24,1.43,157.27,478.41,0.7691,-1,-1,-1
804,189,289.62,61.76,149.69,386.89,0.8300,-1,-1,-1
804,192,415.89,33.20,103.44,408.76,0.7165,-1,-1,-1
804,196,63.29,161.34,31.26,128.78,0.7036,-1,-1,-1
804,193,158.67,180.05,35.86,109.67,0.5422,-1,-1,-1
804,199,203.25,189.65,31.40,84.53,0.5799,-1,-1,-1
805,140,236.24,130.74,61.70,203.30,0.7941,-1,-1,-1
805,118,488.47,0.68,148.27,450.33,0.6383,-1,-1,-1
805,189,303.14,60.49,158.44,398.21,0.7458,-1,-1,-1
805,192,420.93,32.90,106.57,418.66,0.8363,-1,-1,-1
805,193,159.96,178.17,36.33,111.85,0.5983,-1,-1,-1
805,199,206.92,186.55,32.16,86.67,0.7204,-1,-1,-1
806,140,242.25,130.38,63.10,205.00,0.8300,-1,-1,-1
806,118,517.21,0.68,112.21,329.21,0.5465,-1,-1,-1
806,189,314.99,62.03,166.33,405.79,0.7816,-1,-1,-1
806,192,430.69,34.92,109.84,426.18,0.8649,-1,-1,-1
806,199,211.91,185.73,32.75,88.65,0.7030,-1,-1,-1
806,183,77.45,160.25,41.75,127.82,0.7621,-1,-1,-1
807,140,248.68,131.37,63.48,201.15,0.8392,-1,-1,-1
807,118,538.64,23.13,95.61,278.10,0.5792,-1,-1,-1
807,189,325.70,60.17,172.14,408.81,0.6314,-1,-1,-1
807,192,442.60,37.88,111.34,425.67,0.7887,-1,-1,-1
807,199,216.07,186.41,32.73,89.02,0.6867,-1,-1,-1
807,183,78.05,158.02,44.04,130.86,0.7757,-1,-1,-1
807,196,41.15,146.73,36.96,148.21,0.6950,-1,-1,-1
807,193,170.87,175.34,38.60,117.19,0.7469,-1,-1,-1
808,140,256.77,131.55,62.87,194.91,0.8165,-1,-1,-1
808,118,563.53,73.36,73.30,211.81,0.8135,-1,-1,-1
808,189,336.29,55.65,176.09,409.16,0.8345,-1,-1,-1
808,192,454.42,36.25,112.74,423.94,0.8551,-1,-1,-1
808,199,219.54,184.42,33.06,90.76,0.7183,-1,-1,-1
808,183,79.47,155.41,45.04,132.12,0.7695,-1,-1,-1
808,196,41.85,142.21,38.38,152.98,0.6280,-1,-1,-1
808,193,177.50,172.23,40.07,119.21,0.7062,-1,-1,-1
809,140,266.20,135.02,64.50,196.48,0.8218,-1,-1,-1
809,189,352.14,51.98,176.97,399.75,0.5774,-1,-1,-1
809,192,473.77,33.42,115.01,421.65,0.8561,-1,-1,-1
809,199,228.64,185.38,33.08,91.51,0.7442,-1,-1,-1
809,183,84.97,156.47,44.16,132.11,0.7443,-1,-1,-1
809,196,50.33,142.61,38.03,151.84,0.6197,-1,-1,-1
809,193,185.32,172.12,41.98,122.59,0.8301,-1,-1,-1
810,140,275.94,137.56,66.00,200.01,0.8347,-1,-1,-1
810,189,342.43,50.37,174.24,397.33,0.6038,-1,-1,-1
810,192,485.14,31.52,117.13,416.22,0.8274,-1,-1,-1
810,199,235.43,187.30,33.02,92.12,0.7074,-1,-1,-1
810,183,90.57,157.31,44.20,135.41,0.7163,-1,-1,-1
810,196,58.92,144.24,38.94,155.56,0.7106,-1,-1,-1
810,193,191.37,173.46,43.76,125.53,0.7030,-1,-1,-1
811,140,283.10,134.67,68.68,209.44,0.8327,-1,-1,-1
811,189,336.63,46.13,171.16,403.58,0.6247,-1,-1,-1
811,192,495.82,26.16,121.51,423.66,0.8636,-1,-1,-1
811,199,240.38,185.10,33.25,93.38,0.7311,-1,-1,-1
811,183,94.70,154.25,44.39,138.49,0.5747,-1,-1,-1
811,193,192.81,172.04,45.52,128.45,0.7867,-1,-1,-1
811,202,268.53,192.96,19.69,84.29,0.7298,-1,-1,-1
812,140,290.35,131.75,68.28,209.37,0.8550,-1,-1,-1
812,189,348.86,43.55,172.00,414.41,0.5674,-1,-1,-1
812,192,501.55,25.04,125.92,431.47,0.8059,-1,-1,-1
812,199,242.81,182.23,34.34,96.87,0.6973,-1,-1,-1
812,183,97.30,151.49,44.94,142.41,0.7204,-1,-1,-1
812,193,193.90,171.46,47.47,131.93,0.8084,-1,-1,-1
812,202,271.30,192.21,20.23,86.29,0.6399,-1,-1,-1
812,196,65.92,145.28,39.52,157.30,0.6795,-1,-1,-1
813,140,295.05,131.12,67.78,210.16,0.8461,-1,-1,-1
813,189,356.49,41.16,172.95,425.90,0.8385,-1,-1,-1
813,192,507.86,28.12,128.47,438.43,0.8331,-1,-1,-1
813,199,242.86,180.51,35.66,100.64,0.6363,-1,-1,-1
813,183,99.25,152.05,44.97,143.54,0.6552,-1,-1,-1
813,193,192.50,169.52,49.63,135.66,0.8112,-1,-1,-1
813,202,270.08,194.67,20.53,86.34,0.6112,-1,-1,-1
813,196,61.06,145.43,40.47,155.11,0.6669,-1,-1,-1
814,140,300.01,130.43,67.41,210.45,0.8486,-1,-1,-1
814,189,357.13,36.63,176.21,439.34,0.5977,-1,-1,-1
814,192,511.99,29.66,129.46,441.93,0.8383,-1,-1,-1
814,199,241.59,177.95,36.97,103.77,0.7299,-1,-1,-1
814,183,100.16,149.86,44.79,145.44,0.7003,-1,-1,-1
814,193,190.94,164.71,52.19,140.76,0.8208,-1,-1,-1
814,202,271.96,195.02,20.70,86.03,0.6238,-1,-1,-1
814,196,57.37,141.19,42.98,158.73,0.7062,-1,-1,-1
815,140,304.17,132.91,67.17,211.22,0.8165,-1,-1,-1
815,189,381.86,28.67,184.36,450.68,0.6108,-1,-1,-1
815,192,515.48,30.23,129.26,443.24,0.8574,-1,-1,-1
815,199,241.37,178.29,37.44,105.53,0.6979,-1,-1,-1
815,183,99.51,148.50,45.42,148.96,0.6529,-1,-1,-1
815,193,188.53,162.50,54.47,144.99,0.7415,-1,-1,-1
815,202,272.70,194.61,21.47,88.31,0.6751,-1,-1,-1
815,196,55.20,141.93,44.62,160.48,0.6794,-1,-1,-1
816,140,307.75,135.08,66.06,210.73,0.7723,-1,-1,-1
816,189,369.41,25.57,180.66,454.47,0.6105,-1,-1,-1
816,192,519.20,27.87,125.82,432.61,0.8741,-1,-1,-1
816,199,238.84,175.81,38.44,109.09,0.7413,-1,-1,-1
816,183,98.87,148.64,44.96,148.58,0.6948,-1,-1,-1
816,193,183.15,159.91,56.82,149.03,0.7006,-1,-1,-1
816,202,271.86,192.58,22.14,90.31,0.6536,-1,-1,-1
816,196,58.57,139.88,44.70,160.34,0.5149,-1,-1,-1
817,140,311.26,134.90,65.45,210.43,0.8088,-1,-1,-1
817,189,374.74,11.95,180.16,457.01,0.7703,-1,-1,-1
817,192,520.79,24.00,125.21,433.09,0.8914,-1,-1,-1
817,199,236.95,173.83,38.61,110.33,0.6601,-1,-1,-1
817,183,97.01,147.70,44.51,148.90,0.7003,-1,-1,-1
817,193,176.79,157.51,59.42,153.26,0.7469,-1,-1,-1
817,202,270.61,192.18,21.84,88.56,0.6615,-1,-1,-1
818,140,315.85,133.16,65.04,210.31,0.8177,-1,-1,-1
818,189,375.22,8.88,177.75,459.02,0.7861,-1,-1,-1
818,192,522.81,15.54,125.63,439.76,0.8185,-1,-1,-1
818,199,233.26,170.24,39.84,114.33,0.7655,-1,-1,-1
818,183,94.88,146.21,44.51,150.90,0.7058,-1,-1,-1
818,193,174.73,156.68,62.06,159.41,0.7518,-1,-1,-1
818,202,268.89,188.79,23.30,93.65,0.6999,-1,-1,-1
818,203,290.49,178.32,24.33,91.27,0.7278,-1,-1,-1
819,140,318.67,131.05,63.91,207.21,0.8327,-1,-1,-1
819,189,385.74,7.03,174.77,461.48,0.8688,-1,-1,-1
819,192,526.81,11.01,125.63,448.76,0.8776,-1,-1,-1
819,199,230.10,168.26,40.96,117.92,0.7896,-1,-1,-1
819,183,92.60,145.75,44.71,153.33,0.7341,-1,-1,-1
819,193,171.46,157.01,64.18,163.56,0.7696,-1,-1,-1
819,202,267.75,188.40,24.36,96.92,0.6747,-1,-1,-1
819,203,290.90,178.85,24.62,92.00,0.6379,-1,-1,-1
819,204,5.03,137.92,55.07,168.12,0.7192,-1,-1,-1
820,140,317.11,131.14,64.18,207.23,0.8128,-1,-1,-1
820,189,399.17,7.36,175.80,468.53,0.8326,-1,-1,-1
820,192,531.55,10.67,125.72,462.44,0.8741,-1,-1,-1
820,199,224.65,169.45,42.32,122.06,0.7659,-1,-1,-1
820,183,85.37,146.07,45.74,157.81,0.7490,-1,-1,-1
820,193,160.71,155.06,68.28,171.54,0.7142,-1,-1,-1
820,202,263.81,189.41,25.48,100.45,0.7275,-1,-1,-1
820,203,286.76,182.00,24.79,92.06,0.6394,-1,-1,-1
820,204,-0.82,142.52,54.52,166.80,0.7159,-1,-1,-1
821,140,314.00,129.66,64.21,205.69,0.8151,-1,-1,-1
821,189,400.25,4.71,175.52,474.33,0.8161,-1,-1,-1
821,192,535.96,10.24,123.34,467.96,0.8854,-1,-1,-1
821,199,217.94,167.07,43.32,125.36,0.7414,-1,-1,-1
821,183,78.60,143.87,45.96,158.60,0.7889,-1,-1,-1
821,193,151.19,150.05,71.18,178.03,0.7663,-1,-1,-1
821,202,257.51,187.92,26.31,103.05,0.6725,-1,-1,-1
821,203,281.56,178.81,25.78,95.01,0.6405,-1,-1,-1
821,204,-7.75,138.53,55.20,170.50,0.7424,-1,-1,-1
821,196,35.90,129.73,51.12,184.18,0.7396,-1,-1,-1
822,140,313.83,130.30,65.84,206.11,0.8356,-1,-1,-1
822,189,406.70,4.23,174.09,475.97,0.8657,-1,-1,-1
822,192,543.10,11.08,118.99,469.02,0.8535,-1,-1,-1
822,199,210.68,166.36,44.21,128.27,0.7998,-1,-1,-1
822,183,69.28,141.92,46.86,161.86,0.7520,-1,-1,-1
822,193,140.21,145.59,74.45,185.64,0.8066,-1,-1,-1
822,202,251.34,188.53,26.97,104.84,0.7227,-1,-1,-1
822,203,275.32,177.68,26.60,96.85,0.6780,-1,-1,-1
823,140,313.87,135.38,67.50,206.42,0.8052,-1,-1,-1
823,189,418.32,2.72,171.24,474.09,0.8634,-1,-1,-1
823,192,550.47,12.91,113.65,467.84,0.7656,-1,-1,-1
823,199,206.68,167.19,45.69,132.77,0.7768,-1,-1,-1
823,183,64.59,142.04,47.77,165.65,0.8119,-1,-1,-1
823,193,132.17,144.24,77.28,191.78,0.8536,-1,-1,-1
823,202,249.15,185.62,29.04,112.39,0.7212,-1,-1,-1
823,203,273.67,175.91,28.54,102.96,0.6376,-1,-1,-1
824,140,313.92,136.74,68.43,206.84,0.7841,-1,-1,-1
824,189,434.66,0.81,171.83,478.43,0.8450,-1,-1,-1
824,192,553.59,9.04,108.12,461.63,0.7304,-1,-1,-1
824,199,199.45,164.60,47.16,137.89,0.7686,-1,-1,-1
824,183,58.37,141.56,48.10,167.58,0.7654,-1,-1,-1
824,193,120.98,139.88,81.15,200.88,0.8518,-1,-1,-1
824,202,245.05,181.24,30.36,116.59,0.7711,-1,-1,-1
824,203,268.78,174.96,29.08,103.52,0.7262,-1,-1,-1
824,196,13.60,126.22,53.80,193.64,0.5985,-1,-1,-1
825,140,314.68,136.65,69.07,206.46,0.7868,-1,-1,-1
825,189,452.62,-0.35,173.59,480.49,0.8730,-1,-1,-1
825,199,191.51,160.44,48.81,143.02,0.7697,-1,-1,-1
825,183,51.15,138.97,49.12,171.51,0.7612,-1,-1,-1
825,193,106.05,136.98,86.95,211.61,0.8595,-1,-1,-1
825,202,240.83,180.87,31.82,119.94,0.7782,-1,-1,-1
825,203,264.90,173.90,29.97,105.58,0.6912,-1,-1,-1
825,205,388.32,113.27,68.86,240.97,0.6582,-1,-1,-1
826,140,314.56,132.54,69.18,205.50,0.8166,-1,-1,-1
826,189,463.88,-0.58,173.83,480.79,0.9123,-1,-1,-1
826,199,183.67,154.36,50.37,147.67,0.8043,-1,-1,-1
826,183,44.35,133.64,50.45,176.40,0.7049,-1,-1,-1
826,193,94.59,131.77,93.22,223.16,0.8859,-1,-1,-1
826,202,235.37,176.61,33.60,125.09,0.7521,-1,-1,-1
826,203,262.20,171.88,30.13,105.33,0.6679,-1,-1,-1
826,205,387.17,107.87,74.13,258.57,0.5910,-1,-1,-1
827,140,312.37,131.64,68.75,204.19,0.8229,-1,-1,-1
827,189,470.78,-0.38,173.22,480.80,0.8848,-1,-1,-1
827,199,168.80,154.87,53.40,153.47,0.8150,-1,-1,-1
827,183,32.52,130.78,51.34,180.99,0.6745,-1,-1,-1
827,193,75.13,125.95,99.16,237.52,0.8609,-1,-1,-1
827,202,225.58,178.31,35.43,130.07,0.7613,-1,-1,-1
827,203,254.96,173.22,31.10,107.93,0.6817,-1,-1,-1
827,205,382.65,110.62,77.54,268.85,0.8236,-1,-1,-1
828,140,312.02,131.53,68.63,204.34,0.8255,-1,-1,-1
828,189,478.64,-0.02,171.10,480.06,0.9011,-1,-1,-1
828,199,159.60,153.66,56.06,157.85,0.7980,-1,-1,-1
828,183,28.28,129.99,52.94,184.25,0.6804,-1,-1,-1
828,193,62.77,118.86,103.36,248.91,0.8611,-1,-1,-1
828,202,220.01,177.76,36.89,134.53,0.7917,-1,-1,-1
828,203,250.96,173.01,32.08,110.11,0.7179,-1,-1,-1
828,205,380.96,112.85,79.61,273.70,0.7755,-1,-1,-1
828,206,286.63,175.82,30.14,99.97,0.6317,-1,-1,-1
829,140,314.33,130.93,68.50,205.67,0.8097,-1,-1,-1
829,189,489.54,-0.02,167.52,480.30,0.8759,-1,-1,-1
829,199,153.57,150.16,59.05,166.32,0.8736,-1,-1,-1
829,183,22.65,127.68,53.64,187.17,0.7467,-1,-1,-1
829,193,53.53,112.07,107.28,260.87,0.8514,-1,-1,-1
829,202,215.85,175.74,38.49,138.63,0.7384,-1,-1,-1
829,203,248.07,169.64,33.99,114.72,0.6903,-1,-1,-1
829,205,385.57,113.28,81.80,277.48,0.7912,-1,-1,-1
829,206,288.93,172.96,30.58,101.24,0.6963,-1,-1,-1
830,140,317.53,136.35,67.48,203.97,0.8561,-1,-1,-1
830,189,499.28,-0.50,163.06,480.84,0.8586,-1,-1,-1
830,199,149.19,150.48,61.16,172.79,0.8621,-1,-1,-1
830,193,33.24,108.69,113.93,274.88,0.8581,-1,-1,-1
830,202,211.85,175.67,40.49,144.55,0.7117,-1,-1,-1
830,203,247.48,173.55,34.24,114.18,0.6786,-1,-1,-1
830,205,388.94,117.46,82.53,275.99,0.8317,-1,-1,-1
830,206,292.27,174.68,30.92,102.16,0.7839,-1,-1,-1
831,140,317.76,138.46,67.11,205.36,0.8277,-1,-1,-1
831,189,507.93,-0.51,157.54,479.70,0.8642,-1,-1,-1
831,199,141.22,146.08,63.74,180.88,0.8517,-1,-1,-1
831,193,15.99,104.87,120.20,289.11,0.8527,-1,-1,-1
831,202,206.64,172.03,42.61,151.53,0.7437,-1,-1,-1
831,203,243.33,171.44,35.44,118.21,0.7144,-1,-1,-1
831,205,387.75,116.57,84.48,278.60,0.8370,-1,-1,-1
831,206,290.50,174.33,31.11,102.12,0.7749,-1,-1,-1
832,140,313.78,135.61,66.76,205.36,0.8395,-1,-1,-1
832,189,520.54,-0.07,150.57,478.84,0.8524,-1,-1,-1
832,199,126.80,136.52,67.06,189.89,0.8307,-1,-1,-1
832,193,-3.56,91.85,129.43,316.47,0.8791,-1,-1,-1
832,202,194.08,164.81,45.39,161.40,0.7894,-1,-1,-1
832,203,235.15,165.17,37.58,123.47,0.7619,-1,-1,-1
832,205,381.20,111.01,84.85,277.18,0.8540,-1,-1,-1
832,206,284.69,168.41,31.88,103.75,0.7869,-1,-1,-1
833,140,311.99,134.01,66.55,205.79,0.8310,-1,-1,-1
833,189,529.84,0.15,143.61,478.32,0.8372,-1,-1,-1
833,199,114.39,131.38,70.85,200.26,0.8619,-1,-1,-1
833,193,-12.66,84.10,129.67,324.01,0.8577,-1,-1,-1
833,202,184.67,162.42,47.27,166.34,0.8043,-1,-1,-1
833,203,229.14,162.83,38.85,126.96,0.8047,-1,-1,-1
833,205,376.60,107.99,84.67,273.84,0.8535,-1,-1,-1
833,206,279.03,166.44,32.55,104.72,0.7796,-1,-1,-1
834,140,313.38,130.70,65.61,202.30,0.8309,-1,-1,-1
834,199,104.15,127.43,73.95,207.72,0.8691,-1,-1,-1
834,193,-19.87,78.93,126.10,325.64,0.8878,-1,-1,-1
834,202,176.73,160.34,49.88,174.46,0.8355,-1,-1,-1
834,203,225.40,159.34,40.69,132.19,0.7557,-1,-1,-1
834,205,375.65,105.17,85.04,273.29,0.8748,-1,-1,-1
834,206,275.57,166.69,32.79,104.30,0.8086,-1,-1,-1
835,140,313.93,127.60,65.65,201.56,0.7938,-1,-1,-1
835,199,91.98,122.79,79.81,223.93,0.8828,-1,-1,-1
835,202,169.17,157.00,53.54,184.56,0.8136,-1,-1,-1
835,203,222.20,158.19,42.40,136.20,0.7634,-1,-1,-1
835,205,375.17,104.36,86.39,275.98,0.8716,-1,-1,-1
835,206,275.79,166.99,32.66,102.39,0.7934,-1,-1,-1
835,183,-6.83,109.79,80.20,287.48,0.7039,-1,-1,-1
836,140,318.81,125.43,64.93,197.71,0.8521,-1,-1,-1
836,199,82.00,117.12,85.19,238.10,0.8688,-1,-1,-1
836,202,164.81,152.21,56.34,194.15,0.8416,-1,-1,-1
836,203,222.23,154.95,44.35,140.32,0.8356,-1,-1,-1
836,205,376.84,104.77,87.68,278.30,0.8711,-1,-1,-1
836,206,275.69,167.11,32.68,100.34,0.7786,-1,-1,-1
836,183,-6.40,107.80,68.15,248.56,0.7720,-1,-1,-1
837,140,326.77,127.23,63.51,191.01,0.8317,-1,-1,-1
837,199,74.01,112.58,89.96,250.65,0.8547,-1,-1,-1
837,202,160.37,146.94,59.37,205.46,0.8648,-1,-1,-1
837,203,223.39,151.92,46.85,146.69,0.8130,-1,-1,-1
837,205,381.10,108.08,88.60,279.29,0.8626,-1,-1,-1
837,206,277.42,167.57,33.66,100.88,0.8119,-1,-1,-1
837,183,-9.32,109.14,60.28,229.85,0.6788,-1,-1,-1
