1,1,371.74,408.30,79.69,239.71,0.7909,-1,-1,-1
1,2,104.37,546.39,73.25,245.35,0.7260,-1,-1,-1
1,3,1095.29,980.85,73.73,99.15,0.6920,-1,-1,-1
1,4,1732.44,452.89,73.78,221.06,0.6220,-1,-1,-1
1,5,1355.87,569.75,82.08,221.03,0.5500,-1,-1,-1
1,6,0.22,880.53,41.50,199.47,0.5315,-1,-1,-1
1,7,1103.64,210.05,56.21,179.71,0.5269,-1,-1,-1
1,8,546.15,146.37,57.89,183.43,0.5198,-1,-1,-1
1,9,225.79,399.57,64.29,198.91,0.5118,-1,-1,-1
2,1,372.39,408.15,79.73,239.81,0.7973,-1,-1,-1
2,2,104.13,546.53,73.32,245.60,0.7255,-1,-1,-1
2,3,1099.40,981.16,73.46,98.84,0.6895,-1,-1,-1
2,4,1732.18,454.79,72.19,216.11,0.6073,-1,-1,-1
2,5,1356.33,570.09,80.91,217.82,0.5680,-1,-1,-1
2,8,545.44,146.79,58.05,183.99,0.5070,-1,-1,-1
3,1,372.74,407.86,80.11,241.07,0.7819,-1,-1,-1
3,2,104.43,546.18,73.61,246.61,0.7315,-1,-1,-1
3,3,1103.64,980.94,73.58,99.06,0.6963,-1,-1,-1
3,4,1731.40,453.32,73.20,219.11,0.6000,-1,-1,-1
3,5,1356.70,570.04,80.56,216.83,0.5666,-1,-1,-1
3,7,1095.92,213.48,55.68,177.39,0.5645,-1,-1,-1
4,1,372.68,407.36,80.13,241.15,0.7959,-1,-1,-1
4,2,104.00,545.82,73.75,247.16,0.7230,-1,-1,-1
4,3,1106.71,979.25,74.72,100.75,0.6950,-1,-1,-1
4,4,1730.38,452.71,72.67,217.34,0.6199,-1,-1,-1
4,5,1357.10,570.20,80.71,217.03,0.5754,-1,-1,-1
4,7,1091.38,211.66,56.66,179.62,0.5528,-1,-1,-1
4,6,0.93,876.34,42.33,203.19,0.5373,-1,-1,-1
5,1,373.77,406.86,80.12,241.28,0.7978,-1,-1,-1
5,2,103.66,545.84,73.69,247.13,0.7243,-1,-1,-1
5,3,1110.10,976.61,76.46,103.39,0.6964,-1,-1,-1
5,4,1729.30,452.22,73.02,218.24,0.6542,-1,-1,-1
5,5,1357.21,570.13,79.88,214.46,0.6076,-1,-1,-1
5,7,1084.44,210.73,57.47,178.89,0.5394,-1,-1,-1
5,6,1.43,874.46,42.76,204.70,0.5592,-1,-1,-1
5,8,544.64,145.18,58.77,186.64,0.5050,-1,-1,-1
6,1,374.67,406.10,79.80,240.36,0.7852,-1,-1,-1
6,2,103.83,546.01,73.56,246.87,0.7309,-1,-1,-1
6,3,1112.58,975.72,76.90,104.28,0.6912,-1,-1,-1
6,4,1728.30,454.13,72.56,216.39,0.6514,-1,-1,-1
6,5,1357.69,570.14,79.59,213.41,0.6186,-1,-1,-1
6,7,1078.24,209.40,59.31,179.52,0.5797,-1,-1,-1
6,6,1.65,872.23,43.40,207.07,0.6048,-1,-1,-1
6,8,543.92,147.24,58.53,186.44,0.5159,-1,-1,-1
7,1,375.84,404.97,79.76,240.11,0.7800,-1,-1,-1
7,2,103.81,545.98,73.33,246.20,0.7311,-1,-1,-1
7,3,1113.84,974.15,77.63,105.85,0.7056,-1,-1,-1
7,4,1727.88,454.34,71.76,213.41,0.6315,-1,-1,-1
7,5,1357.70,570.31,79.50,212.73,0.6334,-1,-1,-1
7,7,1072.70,208.29,62.03,180.84,0.5515,-1,-1,-1
7,6,1.89,870.91,43.89,208.47,0.5963,-1,-1,-1
7,8,542.56,148.35,58.42,186.94,0.5409,-1,-1,-1
7,11,788.55,145.40,65.04,177.99,0.5154,-1,-1,-1
8,1,376.87,402.77,79.51,239.21,0.7696,-1,-1,-1
8,2,104.36,546.08,73.40,246.54,0.7358,-1,-1,-1
8,3,1115.71,973.28,77.76,106.72,0.7071,-1,-1,-1
8,4,1726.84,454.70,70.90,209.76,0.6454,-1,-1,-1
8,5,1357.38,570.05,80.02,213.92,0.6125,-1,-1,-1
8,7,1070.53,210.54,63.77,178.35,0.5409,-1,-1,-1
8,6,1.73,871.04,43.93,207.75,0.5826,-1,-1,-1
8,8,541.97,147.25,58.49,188.44,0.5501,-1,-1,-1
8,11,788.51,145.89,64.70,177.00,0.5034,-1,-1,-1
9,1,377.90,401.80,79.19,237.70,0.7678,-1,-1,-1
9,2,104.64,546.07,73.48,246.78,0.7443,-1,-1,-1
9,3,1119.45,973.24,77.10,106.76,0.6692,-1,-1,-1
9,4,1725.79,454.50,71.22,209.86,0.6349,-1,-1,-1
9,5,1357.29,570.35,80.10,213.96,0.6143,-1,-1,-1
9,7,1068.18,210.64,65.93,176.08,0.5086,-1,-1,-1
9,6,1.47,869.72,44.39,209.24,0.5596,-1,-1,-1
10,1,378.59,400.48,78.97,236.45,0.7579,-1,-1,-1
10,2,104.97,545.92,73.51,246.72,0.7400,-1,-1,-1
10,3,1122.96,973.00,76.54,107.00,0.6880,-1,-1,-1
10,4,1725.50,454.67,71.37,209.62,0.6104,-1,-1,-1
10,5,1357.01,569.69,80.76,215.43,0.6147,-1,-1,-1
10,6,1.17,865.72,45.28,212.91,0.5661,-1,-1,-1
11,1,379.67,398.44,78.52,234.48,0.7550,-1,-1,-1
11,2,104.87,546.10,73.57,246.77,0.7417,-1,-1,-1
11,3,1126.36,973.40,75.64,106.60,0.6688,-1,-1,-1
11,4,1725.67,458.08,70.69,206.49,0.6067,-1,-1,-1
11,5,1357.01,569.70,80.99,215.75,0.6406,-1,-1,-1
11,6,0.61,862.72,45.88,215.70,0.5584,-1,-1,-1
12,1,379.90,396.87,78.58,233.88,0.7530,-1,-1,-1
12,2,104.89,546.12,73.76,247.04,0.7371,-1,-1,-1
12,3,1129.82,973.21,75.11,106.79,0.6720,-1,-1,-1
12,4,1725.54,459.32,70.69,205.36,0.6362,-1,-1,-1
12,5,1356.93,569.61,80.81,215.38,0.6329,-1,-1,-1
12,6,0.45,857.17,46.89,220.54,0.5764,-1,-1,-1
12,8,539.09,149.25,58.75,191.22,0.5006,-1,-1,-1
13,1,380.28,395.42,78.42,232.42,0.7610,-1,-1,-1
13,2,104.97,545.97,74.09,247.67,0.7420,-1,-1,-1
13,3,1132.11,972.85,74.62,107.15,0.6339,-1,-1,-1
13,4,1725.32,458.50,71.27,206.50,0.6621,-1,-1,-1
13,5,1357.06,569.97,80.37,213.94,0.6359,-1,-1,-1
13,6,-0.32,852.15,47.70,225.17,0.5896,-1,-1,-1
13,8,538.29,149.66,58.60,191.74,0.5203,-1,-1,-1
13,11,788.44,146.40,64.87,177.39,0.5103,-1,-1,-1
14,1,380.74,394.61,78.33,231.36,0.7606,-1,-1,-1
14,2,104.86,545.92,74.41,248.27,0.7475,-1,-1,-1
14,3,1134.63,972.58,73.92,107.42,0.6305,-1,-1,-1
14,4,1725.08,459.44,71.64,206.35,0.6575,-1,-1,-1
14,5,1357.21,569.94,80.46,214.23,0.6135,-1,-1,-1
14,6,-0.45,849.32,48.21,228.21,0.6077,-1,-1,-1
14,8,537.36,150.76,58.29,191.54,0.5044,-1,-1,-1
14,11,788.33,146.21,64.86,177.52,0.5246,-1,-1,-1
15,1,381.20,393.54,78.56,231.33,0.7611,-1,-1,-1
15,2,104.96,545.98,74.49,248.16,0.7549,-1,-1,-1
15,3,1136.93,972.92,72.68,106.71,0.5995,-1,-1,-1
15,4,1724.70,456.46,72.85,209.66,0.6507,-1,-1,-1
15,5,1357.12,570.40,80.11,213.16,0.6056,-1,-1,-1
15,6,-0.37,848.42,48.47,229.88,0.5862,-1,-1,-1
15,8,536.27,151.82,58.04,191.54,0.5038,-1,-1,-1
15,11,788.44,146.77,64.46,176.16,0.5364,-1,-1,-1
16,1,381.28,392.83,78.90,231.89,0.7659,-1,-1,-1
16,2,105.02,546.21,74.35,247.35,0.7503,-1,-1,-1
16,3,1140.48,972.78,71.63,106.37,0.5672,-1,-1,-1
16,4,1724.83,455.56,73.00,210.13,0.6556,-1,-1,-1
16,5,1356.86,570.27,80.22,213.48,0.6194,-1,-1,-1
16,6,0.08,848.32,48.56,230.18,0.5054,-1,-1,-1
16,8,534.68,153.43,57.40,189.30,0.5244,-1,-1,-1
16,11,788.79,146.95,64.29,175.68,0.5039,-1,-1,-1
17,1,381.51,391.68,79.63,233.65,0.7511,-1,-1,-1
17,2,105.24,546.69,74.31,246.35,0.7453,-1,-1,-1
17,3,1143.36,972.88,70.83,106.80,0.5345,-1,-1,-1
17,4,1724.61,457.62,73.00,209.13,0.6399,-1,-1,-1
17,5,1356.98,570.06,80.69,214.49,0.6041,-1,-1,-1
17,6,0.76,847.71,49.08,231.76,0.5549,-1,-1,-1
17,8,533.84,155.65,57.15,187.94,0.6085,-1,-1,-1
18,1,381.37,390.08,80.56,236.13,0.7520,-1,-1,-1
18,2,105.23,546.60,74.40,245.99,0.7479,-1,-1,-1
18,3,1146.12,973.04,69.65,106.85,0.5305,-1,-1,-1
18,4,1724.68,457.96,73.11,208.59,0.6457,-1,-1,-1
18,5,1356.82,569.95,80.69,214.46,0.6182,-1,-1,-1
18,6,1.30,847.13,49.54,232.64,0.5066,-1,-1,-1
18,8,532.32,156.21,56.94,186.99,0.6042,-1,-1,-1
18,11,789.17,147.22,63.92,174.63,0.5330,-1,-1,-1
19,1,381.52,388.66,81.28,237.87,0.7551,-1,-1,-1
19,2,105.18,546.60,74.58,246.10,0.7459,-1,-1,-1
19,3,1148.69,972.75,68.78,107.21,0.5198,-1,-1,-1
19,4,1724.21,456.01,73.81,210.37,0.6467,-1,-1,-1
19,5,1356.75,569.97,80.74,214.77,0.6405,-1,-1,-1
19,6,1.40,845.62,50.13,234.26,0.5326,-1,-1,-1
19,8,531.19,158.70,56.31,184.16,0.5466,-1,-1,-1
20,1,381.31,387.22,81.91,239.52,0.7480,-1,-1,-1
20,2,105.02,546.60,74.66,245.97,0.7456,-1,-1,-1
20,3,1151.40,972.78,67.58,107.21,0.5105,-1,-1,-1
20,4,1724.68,457.92,73.31,208.11,0.6295,-1,-1,-1
20,5,1356.85,570.44,80.50,214.24,0.6494,-1,-1,-1
20,8,530.14,158.99,56.12,183.88,0.5439,-1,-1,-1
21,1,381.21,386.23,82.23,240.17,0.7588,-1,-1,-1
21,2,104.87,546.48,74.85,246.26,0.7433,-1,-1,-1
21,3,1153.44,973.21,66.41,106.79,0.5021,-1,-1,-1
21,4,1724.53,458.13,73.56,208.20,0.6341,-1,-1,-1
21,5,1356.84,570.43,80.80,215.55,0.6137,-1,-1,-1
21,8,529.69,159.18,55.87,183.62,0.5888,-1,-1,-1
21,6,1.53,839.87,51.21,238.12,0.5228,-1,-1,-1
22,1,381.38,385.93,82.20,239.79,0.7578,-1,-1,-1
22,2,104.83,546.75,74.83,245.71,0.7385,-1,-1,-1
22,3,1154.28,974.20,65.18,105.80,0.5591,-1,-1,-1
22,4,1724.59,458.44,73.46,207.58,0.6682,-1,-1,-1
22,5,1356.93,570.22,80.56,215.15,0.6385,-1,-1,-1
22,8,528.10,157.01,56.38,186.13,0.5037,-1,-1,-1
22,6,1.42,841.09,51.39,237.93,0.5434,-1,-1,-1
23,1,381.74,385.28,81.91,238.94,0.7569,-1,-1,-1
23,2,104.79,546.58,74.90,245.62,0.7394,-1,-1,-1
23,3,1156.54,973.94,64.96,106.07,0.5504,-1,-1,-1
23,4,1724.67,457.81,73.52,207.63,0.6392,-1,-1,-1
23,5,1356.89,570.03,80.59,215.18,0.6141,-1,-1,-1
23,6,1.42,842.01,51.33,236.58,0.5669,-1,-1,-1
24,1,381.77,384.86,81.62,238.08,0.7574,-1,-1,-1
24,2,104.86,546.57,75.04,245.66,0.7382,-1,-1,-1
24,3,1158.21,974.60,64.28,105.40,0.5497,-1,-1,-1
24,4,1724.03,456.09,74.31,209.98,0.6434,-1,-1,-1
24,5,1356.52,569.80,81.18,216.91,0.5891,-1,-1,-1
24,6,1.68,840.25,51.57,236.17,0.5361,-1,-1,-1
25,1,381.63,384.08,81.29,237.28,0.7571,-1,-1,-1
25,2,104.69,546.80,75.26,245.88,0.7384,-1,-1,-1
25,3,1159.39,974.74,64.00,105.26,0.5631,-1,-1,-1
25,4,1723.52,457.46,74.25,209.21,0.6544,-1,-1,-1
25,5,1356.79,570.16,80.09,214.12,0.6125,-1,-1,-1
25,6,1.68,836.70,52.22,237.89,0.5031,-1,-1,-1
26,1,381.73,382.99,81.13,237.23,0.7684,-1,-1,-1
26,2,104.30,546.36,75.73,246.92,0.7375,-1,-1,-1
26,3,1160.76,975.01,63.67,104.99,0.5967,-1,-1,-1
26,4,1722.66,454.70,75.26,212.64,0.6365,-1,-1,-1
26,5,1357.01,570.47,79.91,213.44,0.6084,-1,-1,-1
26,6,2.25,834.31,51.78,233.66,0.5684,-1,-1,-1
27,1,381.66,381.48,81.16,237.37,0.7790,-1,-1,-1
27,2,103.98,546.19,75.90,247.15,0.7377,-1,-1,-1
27,3,1162.55,975.06,63.54,104.94,0.6073,-1,-1,-1
27,4,1723.07,457.70,74.09,208.91,0.6521,-1,-1,-1
27,5,1356.71,570.17,80.23,214.30,0.5868,-1,-1,-1
27,6,2.42,830.98,52.41,234.46,0.6075,-1,-1,-1
28,1,382.07,379.67,81.42,237.85,0.7725,-1,-1,-1
28,2,103.80,546.62,75.82,246.38,0.7386,-1,-1,-1
28,3,1164.49,975.61,63.22,104.39,0.6165,-1,-1,-1
28,4,1722.74,456.21,74.59,210.66,0.6400,-1,-1,-1
28,5,1356.68,569.64,80.73,215.68,0.5881,-1,-1,-1
28,6,2.90,828.25,52.77,233.10,0.6340,-1,-1,-1
29,1,382.74,378.00,81.51,238.02,0.7810,-1,-1,-1
29,2,103.60,546.41,76.01,246.48,0.7455,-1,-1,-1
29,3,1166.19,975.82,63.31,104.18,0.6355,-1,-1,-1
29,4,1723.06,457.06,74.13,209.25,0.6502,-1,-1,-1
29,5,1356.86,569.75,80.70,215.40,0.6246,-1,-1,-1
29,6,3.50,826.35,52.77,229.66,0.6978,-1,-1,-1
30,1,383.77,376.48,81.49,237.20,0.7847,-1,-1,-1
30,2,103.76,546.96,75.94,245.69,0.7384,-1,-1,-1
30,3,1168.18,976.67,63.02,103.29,0.6211,-1,-1,-1
30,4,1723.39,457.37,74.06,208.71,0.6633,-1,-1,-1
30,5,1356.56,569.83,80.70,215.65,0.6171,-1,-1,-1
30,6,3.51,823.50,53.24,228.50,0.6767,-1,-1,-1
31,1,385.92,374.91,81.19,234.36,0.7516,-1,-1,-1
31,2,103.49,546.89,76.14,246.15,0.7404,-1,-1,-1
31,3,1169.83,977.20,63.04,102.79,0.6157,-1,-1,-1
31,4,1722.72,455.84,74.73,211.12,0.6545,-1,-1,-1
31,5,1356.72,569.76,80.28,214.43,0.5914,-1,-1,-1
31,6,2.68,818.69,55.16,235.17,0.6491,-1,-1,-1
32,1,387.74,373.34,81.69,232.85,0.7457,-1,-1,-1
32,2,103.26,546.76,76.22,246.38,0.7472,-1,-1,-1
32,3,1171.20,977.97,62.98,102.03,0.6746,-1,-1,-1
32,4,1723.01,456.89,74.39,209.80,0.6534,-1,-1,-1
32,5,1356.51,569.77,80.22,214.34,0.6039,-1,-1,-1
32,6,2.05,815.66,56.75,240.86,0.6162,-1,-1,-1
33,1,388.88,371.22,82.71,232.68,0.7501,-1,-1,-1
33,2,103.41,546.76,76.44,246.52,0.7486,-1,-1,-1
33,3,1172.94,978.88,62.87,101.12,0.6781,-1,-1,-1
33,4,1722.71,457.20,74.56,210.14,0.6571,-1,-1,-1
33,5,1356.19,569.49,81.05,216.60,0.6021,-1,-1,-1
33,6,1.66,813.48,58.25,246.34,0.6217,-1,-1,-1
34,1,389.44,370.26,83.35,231.80,0.7515,-1,-1,-1
34,2,103.32,546.82,76.57,246.54,0.7391,-1,-1,-1
34,3,1175.64,980.58,62.29,99.42,0.6763,-1,-1,-1
34,4,1722.81,457.95,74.06,208.63,0.6499,-1,-1,-1
34,5,1356.60,569.34,81.07,216.67,0.5996,-1,-1,-1
34,6,1.56,811.48,59.01,248.63,0.6135,-1,-1,-1
35,1,389.32,369.31,84.47,232.43,0.7410,-1,-1,-1
35,2,103.27,546.86,76.85,246.92,0.7346,-1,-1,-1
35,3,1178.58,982.06,61.66,97.94,0.6624,-1,-1,-1
35,4,1722.53,457.67,74.03,208.60,0.6606,-1,-1,-1
35,5,1356.41,569.38,80.93,216.00,0.6011,-1,-1,-1
35,6,1.79,810.42,60.15,252.15,0.5751,-1,-1,-1
36,1,388.97,368.70,85.29,232.81,0.7009,-1,-1,-1
36,2,103.19,547.05,76.80,246.55,0.7385,-1,-1,-1
36,3,1181.31,983.80,60.96,96.20,0.6412,-1,-1,-1
36,4,1722.89,458.46,73.85,207.96,0.6161,-1,-1,-1
36,5,1356.39,569.40,81.23,216.54,0.5767,-1,-1,-1
36,6,2.12,809.65,60.07,250.23,0.5426,-1,-1,-1
37,1,388.24,367.72,85.86,233.55,0.6902,-1,-1,-1
37,2,103.10,547.21,76.61,245.90,0.7344,-1,-1,-1
37,3,1184.09,984.51,60.91,95.49,0.6850,-1,-1,-1
37,4,1722.87,457.78,74.16,208.95,0.6401,-1,-1,-1
37,5,1356.26,569.16,81.90,218.37,0.5677,-1,-1,-1
37,6,2.81,808.64,60.42,249.35,0.6285,-1,-1,-1
37,12,1021.55,157.86,62.29,183.31,0.5344,-1,-1,-1
38,1,387.54,366.61,86.17,234.73,0.6937,-1,-1,-1
38,2,102.86,547.01,76.50,245.55,0.7328,-1,-1,-1
38,3,1186.59,984.58,61.43,95.42,0.6922,-1,-1,-1
38,4,1722.98,458.25,73.86,207.83,0.6428,-1,-1,-1
38,5,1356.44,569.33,80.93,215.36,0.6049,-1,-1,-1
38,6,3.29,808.15,60.49,246.99,0.6404,-1,-1,-1
38,12,1022.36,158.45,62.51,184.08,0.5451,-1,-1,-1
38,13,384.40,993.03,93.25,86.97,0.5469,-1,-1,-1
39,1,386.95,365.39,86.50,236.32,0.6891,-1,-1,-1
39,2,102.87,547.19,76.47,245.05,0.7308,-1,-1,-1
39,3,1189.48,984.09,62.37,95.91,0.6789,-1,-1,-1
39,4,1722.35,457.27,74.24,209.22,0.6227,-1,-1,-1
39,5,1356.64,568.34,81.45,216.96,0.5814,-1,-1,-1
39,6,3.29,807.18,60.69,245.42,0.6523,-1,-1,-1
39,12,1022.23,158.82,62.20,183.18,0.5211,-1,-1,-1
39,13,383.78,991.89,94.43,88.11,0.5276,-1,-1,-1
40,1,387.85,366.09,86.26,235.49,0.6972,-1,-1,-1
40,2,102.72,547.08,76.52,244.89,0.7335,-1,-1,-1
40,3,1193.08,983.98,63.07,96.02,0.6545,-1,-1,-1
40,4,1722.16,456.55,74.55,210.47,0.6273,-1,-1,-1
40,5,1357.38,569.22,80.28,213.75,0.6151,-1,-1,-1
40,6,3.33,806.20,60.69,243.17,0.6072,-1,-1,-1
40,12,1022.12,159.10,62.01,182.56,0.5093,-1,-1,-1
40,13,383.37,990.20,96.13,89.80,0.5279,-1,-1,-1
40,14,919.66,197.86,88.40,175.81,0.5105,-1,-1,-1
41,1,388.83,365.81,86.14,235.43,0.6909,-1,-1,-1
41,2,102.69,546.81,76.78,245.44,0.7313,-1,-1,-1
41,3,1195.49,984.81,63.01,95.19,0.6802,-1,-1,-1
41,4,1722.08,456.05,74.63,210.93,0.6395,-1,-1,-1
41,5,1357.00,568.82,80.79,215.12,0.6073,-1,-1,-1
41,6,3.22,805.16,61.23,243.07,0.6001,-1,-1,-1
41,14,918.96,202.11,86.36,171.18,0.5440,-1,-1,-1
42,1,389.68,364.67,86.05,235.50,0.7104,-1,-1,-1
42,2,102.81,546.74,76.98,245.63,0.7402,-1,-1,-1
42,3,1198.21,984.96,63.49,95.04,0.6923,-1,-1,-1
42,4,1721.73,455.26,74.71,211.37,0.6461,-1,-1,-1
42,5,1356.92,569.20,80.55,214.52,0.6145,-1,-1,-1
42,6,2.93,802.97,61.74,243.02,0.6312,-1,-1,-1
42,14,916.33,200.89,87.54,172.66,0.5451,-1,-1,-1
42,13,382.37,987.87,98.36,92.06,0.5331,-1,-1,-1
43,1,390.87,364.67,85.47,233.95,0.7374,-1,-1,-1
43,2,102.53,546.80,77.17,245.80,0.7338,-1,-1,-1
43,3,1201.36,985.18,64.04,94.82,0.6623,-1,-1,-1
43,4,1721.69,454.79,74.80,212.01,0.6162,-1,-1,-1
43,5,1356.82,569.14,80.53,214.47,0.6090,-1,-1,-1
43,6,3.49,799.11,60.63,235.58,0.6608,-1,-1,-1
43,13,381.90,987.61,98.40,92.26,0.5402,-1,-1,-1
44,1,391.91,364.44,84.98,232.23,0.7343,-1,-1,-1
44,2,102.39,547.07,77.15,245.49,0.7334,-1,-1,-1
44,3,1202.92,985.45,64.60,94.54,0.6688,-1,-1,-1
44,4,1721.62,456.69,74.26,210.07,0.6474,-1,-1,-1
44,5,1356.73,568.97,81.11,216.07,0.6236,-1,-1,-1
44,6,3.79,795.52,60.26,231.02,0.6726,-1,-1,-1
44,13,380.72,985.79,100.04,94.07,0.5968,-1,-1,-1
45,1,392.95,362.40,84.97,232.20,0.7371,-1,-1,-1
45,2,102.01,546.85,77.23,245.70,0.7425,-1,-1,-1
45,3,1204.33,985.77,65.16,94.23,0.6709,-1,-1,-1
45,4,1721.88,458.11,73.76,208.39,0.6321,-1,-1,-1
45,5,1356.43,568.85,81.15,216.24,0.6345,-1,-1,-1
45,6,3.78,792.89,60.54,229.31,0.6685,-1,-1,-1
45,13,379.23,984.89,100.64,94.98,0.5952,-1,-1,-1
46,1,394.03,360.92,84.64,231.89,0.7422,-1,-1,-1
46,2,101.90,546.51,77.40,246.09,0.7447,-1,-1,-1
46,3,1204.66,986.20,65.52,93.80,0.6854,-1,-1,-1
46,4,1721.67,458.92,73.47,207.06,0.6155,-1,-1,-1
46,5,1356.53,569.21,81.44,216.75,0.6039,-1,-1,-1
46,6,3.86,790.57,61.23,229.19,0.6718,-1,-1,-1
46,13,376.10,980.00,105.09,99.88,0.6033,-1,-1,-1
47,1,394.88,358.87,84.56,231.99,0.7461,-1,-1,-1
47,2,101.73,546.36,77.49,246.20,0.7292,-1,-1,-1
47,3,1205.45,986.33,66.15,93.67,0.6670,-1,-1,-1
47,4,1721.68,458.96,73.80,207.74,0.6306,-1,-1,-1
47,5,1356.69,569.44,81.22,216.06,0.5933,-1,-1,-1
47,6,3.83,789.01,62.37,231.01,0.6183,-1,-1,-1
47,13,373.49,974.22,110.03,105.67,0.5909,-1,-1,-1
48,1,396.07,357.22,83.95,230.35,0.7647,-1,-1,-1
48,2,101.68,546.15,77.67,246.74,0.7353,-1,-1,-1
48,3,1207.31,985.18,67.81,94.78,0.6326,-1,-1,-1
48,4,1721.87,459.49,73.45,206.47,0.6357,-1,-1,-1
48,5,1356.95,569.15,81.60,216.74,0.6132,-1,-1,-1
48,6,4.05,788.22,63.64,233.27,0.5857,-1,-1,-1
48,13,370.49,967.40,115.59,112.50,0.6089,-1,-1,-1
49,1,397.02,356.32,83.15,227.62,0.7608,-1,-1,-1
49,2,101.60,546.08,77.73,246.92,0.7393,-1,-1,-1
49,3,1207.91,984.06,69.44,95.93,0.6518,-1,-1,-1
49,4,1721.48,459.02,73.76,207.08,0.6575,-1,-1,-1
49,5,1356.78,569.39,82.01,217.70,0.6018,-1,-1,-1
49,6,3.45,785.44,66.67,242.64,0.6188,-1,-1,-1
49,13,369.52,964.17,117.34,115.74,0.5888,-1,-1,-1
50,1,397.44,355.07,82.98,226.30,0.7546,-1,-1,-1
50,2,101.68,546.09,77.68,246.66,0.7482,-1,-1,-1
50,3,1208.02,983.18,70.84,96.81,0.6281,-1,-1,-1
50,4,1721.38,459.15,73.70,206.73,0.6391,-1,-1,-1
50,5,1357.12,569.74,81.44,216.14,0.6122,-1,-1,-1
50,6,3.57,784.59,68.44,247.15,0.6055,-1,-1,-1
50,13,370.35,961.51,117.46,117.60,0.5867,-1,-1,-1
51,1,398.06,354.23,82.57,223.93,0.7538,-1,-1,-1
51,2,101.67,545.67,77.81,247.17,0.7505,-1,-1,-1
51,3,1208.16,982.06,72.32,97.94,0.6111,-1,-1,-1
51,4,1721.27,459.93,73.43,205.54,0.6227,-1,-1,-1
51,5,1357.24,569.41,81.12,215.17,0.6198,-1,-1,-1
51,6,3.64,783.12,69.04,247.46,0.6422,-1,-1,-1
51,13,369.66,957.43,119.87,122.13,0.5503,-1,-1,-1
52,1,398.70,353.11,82.90,223.81,0.7677,-1,-1,-1
52,2,101.74,545.48,77.70,247.09,0.7519,-1,-1,-1
52,3,1207.79,981.78,73.16,98.22,0.6304,-1,-1,-1
52,4,1721.23,457.20,74.47,209.03,0.6266,-1,-1,-1
52,5,1357.04,569.22,81.20,215.37,0.6233,-1,-1,-1
52,6,4.65,782.04,69.19,245.81,0.6113,-1,-1,-1
52,13,369.71,953.26,121.90,126.53,0.5450,-1,-1,-1
53,1,399.24,351.59,83.51,225.12,0.7697,-1,-1,-1
53,2,101.64,545.23,77.59,247.41,0.7453,-1,-1,-1
53,3,1207.03,980.50,74.55,99.50,0.6525,-1,-1,-1
53,4,1721.51,456.39,74.43,209.24,0.6261,-1,-1,-1
53,5,1357.47,569.47,80.82,214.07,0.6401,-1,-1,-1
53,6,5.34,780.85,68.90,243.21,0.6510,-1,-1,-1
53,13,370.62,950.15,122.65,129.46,0.6933,-1,-1,-1
54,1,399.43,350.76,83.97,225.98,0.7711,-1,-1,-1
54,2,101.60,544.95,77.56,247.96,0.7479,-1,-1,-1
54,3,1206.29,979.93,75.49,100.07,0.6571,-1,-1,-1
54,4,1721.49,456.09,74.51,209.76,0.6240,-1,-1,-1
54,5,1357.52,569.23,80.93,214.03,0.6411,-1,-1,-1
54,6,7.22,778.66,68.01,239.03,0.6455,-1,-1,-1
54,13,372.92,948.35,121.72,130.29,0.7180,-1,-1,-1
55,1,399.67,349.66,84.57,227.64,0.7785,-1,-1,-1
55,2,101.61,545.04,77.52,248.44,0.7363,-1,-1,-1
55,3,1205.91,979.20,76.47,100.80,0.6651,-1,-1,-1
55,4,1721.76,456.57,74.71,210.51,0.6376,-1,-1,-1
55,5,1357.44,569.04,81.26,215.04,0.6082,-1,-1,-1
55,6,8.70,775.12,67.89,237.94,0.6805,-1,-1,-1
55,13,374.60,946.64,121.89,132.06,0.6929,-1,-1,-1
56,1,399.83,349.08,84.98,229.05,0.7878,-1,-1,-1
56,2,101.68,544.56,77.55,249.10,0.7376,-1,-1,-1
56,3,1205.09,977.80,77.82,102.20,0.6744,-1,-1,-1
56,4,1721.52,456.02,74.63,210.64,0.6445,-1,-1,-1
56,5,1356.91,569.13,81.50,215.95,0.6102,-1,-1,-1
56,6,9.47,772.40,67.61,235.90,0.6943,-1,-1,-1
56,13,375.81,945.78,121.67,133.48,0.6985,-1,-1,-1
57,1,399.61,348.09,85.25,230.26,0.7938,-1,-1,-1
57,2,101.64,544.75,77.51,249.44,0.7329,-1,-1,-1
57,3,1204.14,976.55,79.02,103.45,0.6850,-1,-1,-1
57,4,1721.72,457.85,73.77,208.19,0.6509,-1,-1,-1
57,5,1357.22,569.19,80.91,214.10,0.6174,-1,-1,-1
57,6,8.85,770.87,67.09,232.12,0.7197,-1,-1,-1
57,13,377.57,945.04,120.86,134.22,0.7176,-1,-1,-1
58,1,399.55,347.15,85.47,231.15,0.7873,-1,-1,-1
58,2,101.79,545.09,77.27,249.27,0.7288,-1,-1,-1
58,3,1203.57,976.19,79.67,103.82,0.6688,-1,-1,-1
58,4,1721.58,456.26,74.04,209.37,0.6400,-1,-1,-1
58,5,1357.14,569.34,81.12,214.68,0.6247,-1,-1,-1
58,6,10.20,767.86,67.18,229.79,0.7118,-1,-1,-1
58,13,378.93,944.11,120.43,135.56,0.6723,-1,-1,-1
59,1,400.08,345.76,85.77,232.65,0.7851,-1,-1,-1
59,2,101.79,545.09,77.13,249.47,0.7327,-1,-1,-1
59,3,1202.42,975.70,80.54,104.30,0.6719,-1,-1,-1
59,4,1722.03,456.01,74.28,210.47,0.6377,-1,-1,-1
59,5,1357.32,568.92,80.77,213.53,0.6413,-1,-1,-1
59,6,10.82,765.48,67.08,226.13,0.7217,-1,-1,-1
59,13,379.93,943.01,119.70,136.61,0.7142,-1,-1,-1
60,1,400.64,345.58,85.22,231.99,0.7925,-1,-1,-1
60,2,101.56,545.12,77.23,250.28,0.7259,-1,-1,-1
60,3,1201.39,974.86,81.55,105.14,0.6700,-1,-1,-1
60,4,1722.16,457.90,73.55,208.30,0.6275,-1,-1,-1
60,5,1356.93,568.92,81.23,214.80,0.6262,-1,-1,-1
60,6,11.06,761.26,67.12,225.19,0.7345,-1,-1,-1
60,13,380.40,940.54,120.01,138.68,0.7101,-1,-1,-1
61,1,400.82,344.44,84.76,231.36,0.7977,-1,-1,-1
61,2,101.87,545.97,76.47,248.53,0.7279,-1,-1,-1
61,3,1198.89,972.78,83.40,107.22,0.6306,-1,-1,-1
61,4,1722.18,457.77,73.26,207.81,0.6112,-1,-1,-1
61,5,1357.17,569.19,81.02,214.25,0.6299,-1,-1,-1
61,6,11.03,758.32,67.29,225.25,0.7307,-1,-1,-1
61,13,380.70,938.76,120.39,140.61,0.6141,-1,-1,-1
62,1,401.00,343.18,84.40,231.10,0.7907,-1,-1,-1
62,2,102.09,546.57,76.07,247.82,0.7287,-1,-1,-1
62,3,1197.66,972.31,84.04,107.69,0.6220,-1,-1,-1
62,4,1722.24,456.86,73.58,208.84,0.6000,-1,-1,-1
62,5,1357.30,569.22,81.06,214.58,0.6174,-1,-1,-1
62,6,11.68,756.21,67.45,225.35,0.7302,-1,-1,-1
62,13,380.17,936.67,120.50,142.17,0.5694,-1,-1,-1
63,1,401.09,341.39,84.43,231.86,0.7965,-1,-1,-1
63,2,102.24,546.69,75.78,247.52,0.7298,-1,-1,-1
63,3,1196.22,971.83,84.71,108.17,0.6573,-1,-1,-1
63,4,1722.13,458.09,73.34,207.82,0.5906,-1,-1,-1
63,5,1357.22,569.03,80.83,213.81,0.6020,-1,-1,-1
63,6,11.79,754.84,68.51,228.06,0.7189,-1,-1,-1
63,13,379.46,934.61,120.82,144.26,0.6604,-1,-1,-1
64,1,401.39,339.06,84.32,232.12,0.7907,-1,-1,-1
64,2,101.96,546.52,75.90,248.32,0.7195,-1,-1,-1
64,3,1194.90,972.67,84.38,107.33,0.6856,-1,-1,-1
64,4,1721.94,456.90,73.77,209.11,0.6059,-1,-1,-1
64,5,1356.44,569.28,81.40,215.32,0.5977,-1,-1,-1
64,6,12.01,753.32,68.98,229.05,0.7204,-1,-1,-1
64,13,378.53,931.19,122.47,147.99,0.6716,-1,-1,-1
65,1,401.45,337.15,84.21,232.22,0.7933,-1,-1,-1
65,2,102.23,546.96,75.51,247.31,0.7280,-1,-1,-1
65,3,1193.39,973.00,84.24,107.00,0.6846,-1,-1,-1
65,4,1721.71,458.85,73.37,207.31,0.6133,-1,-1,-1
65,5,1356.74,569.23,81.29,214.54,0.6283,-1,-1,-1
65,6,11.51,752.17,69.86,231.71,0.7136,-1,-1,-1
65,13,376.63,925.16,125.74,154.39,0.5634,-1,-1,-1
66,1,401.81,335.23,84.08,232.09,0.7929,-1,-1,-1
66,2,102.57,546.56,75.64,247.75,0.7208,-1,-1,-1
66,3,1190.87,971.97,85.01,108.03,0.7063,-1,-1,-1
66,4,1721.04,459.19,73.71,207.64,0.6260,-1,-1,-1
66,5,1356.50,568.73,81.91,215.83,0.6046,-1,-1,-1
66,6,11.24,750.91,70.46,233.47,0.7134,-1,-1,-1
66,13,375.30,919.01,128.34,160.82,0.5605,-1,-1,-1
66,16,494.38,190.80,72.40,195.93,0.5281,-1,-1,-1
67,1,402.59,333.94,83.50,230.01,0.7944,-1,-1,-1
67,2,102.79,546.74,75.60,247.57,0.7250,-1,-1,-1
67,3,1189.50,971.69,85.36,108.31,0.6942,-1,-1,-1
67,4,1721.16,459.12,73.62,206.99,0.5965,-1,-1,-1
67,5,1356.85,569.03,81.49,214.67,0.5982,-1,-1,-1
67,6,10.57,749.05,71.27,236.14,0.7028,-1,-1,-1
67,13,374.48,914.41,128.80,164.47,0.6553,-1,-1,-1
67,16,493.61,190.81,73.49,199.08,0.5657,-1,-1,-1
68,1,403.51,333.27,82.86,227.77,0.7902,-1,-1,-1
68,2,102.77,546.68,75.68,247.75,0.7294,-1,-1,-1
68,3,1186.14,970.25,86.42,109.75,0.6957,-1,-1,-1
68,4,1721.53,459.40,73.65,206.95,0.6081,-1,-1,-1
68,5,1356.68,568.36,81.93,215.76,0.5953,-1,-1,-1
68,6,10.13,746.79,72.28,239.71,0.7077,-1,-1,-1
68,13,374.39,911.77,128.15,166.48,0.7051,-1,-1,-1
68,16,493.46,192.17,72.90,197.76,0.5750,-1,-1,-1
69,1,404.02,332.19,82.65,226.27,0.7834,-1,-1,-1
69,2,102.62,546.65,75.73,248.08,0.7309,-1,-1,-1
69,3,1184.01,969.67,86.78,110.30,0.6797,-1,-1,-1
69,4,1721.91,457.74,74.94,210.86,0.5947,-1,-1,-1
69,5,1356.54,568.55,82.27,216.85,0.5962,-1,-1,-1
69,6,10.09,744.81,72.70,241.42,0.7102,-1,-1,-1
69,13,374.41,909.91,127.65,168.61,0.6853,-1,-1,-1
69,16,493.60,193.27,72.36,196.00,0.5869,-1,-1,-1
69,12,1001.47,187.66,60.70,177.32,0.5338,-1,-1,-1
70,1,404.49,331.30,82.43,224.56,0.7903,-1,-1,-1
70,2,102.66,546.42,75.69,248.33,0.7319,-1,-1,-1
70,3,1182.12,969.17,87.05,110.82,0.6649,-1,-1,-1
70,4,1722.27,456.12,75.24,212.04,0.6157,-1,-1,-1
70,5,1356.51,568.42,82.57,217.49,0.6087,-1,-1,-1
70,6,10.76,743.16,72.01,239.06,0.7152,-1,-1,-1
70,13,373.91,907.22,128.01,171.98,0.6793,-1,-1,-1
70,16,493.54,195.11,71.92,193.97,0.5919,-1,-1,-1
70,12,1000.58,187.93,60.96,177.85,0.5581,-1,-1,-1
71,1,404.65,329.99,82.47,223.81,0.7909,-1,-1,-1
71,2,102.28,545.52,76.12,249.82,0.7292,-1,-1,-1
71,3,1180.63,968.34,87.53,111.65,0.6676,-1,-1,-1
71,4,1722.32,456.42,75.02,211.42,0.6225,-1,-1,-1
71,5,1356.56,568.68,82.83,218.40,0.5627,-1,-1,-1
71,6,12.13,741.49,70.64,233.60,0.7212,-1,-1,-1
71,13,372.57,904.88,128.33,174.83,0.7093,-1,-1,-1
71,16,494.26,193.94,72.67,195.29,0.6135,-1,-1,-1
71,12,998.72,188.33,60.87,178.05,0.5614,-1,-1,-1
72,1,404.64,328.48,83.10,224.90,0.7885,-1,-1,-1
72,2,102.06,544.81,76.29,250.51,0.7259,-1,-1,-1
72,3,1178.64,966.43,88.62,113.57,0.5933,-1,-1,-1
72,4,1722.36,456.83,74.75,210.72,0.6192,-1,-1,-1
72,5,1356.86,568.99,82.74,218.30,0.6062,-1,-1,-1
72,6,12.59,738.31,70.00,230.03,0.7274,-1,-1,-1
72,13,371.89,903.16,128.01,176.75,0.7213,-1,-1,-1
72,16,493.00,193.65,73.56,195.94,0.5970,-1,-1,-1
72,12,997.37,188.68,60.62,178.66,0.5725,-1,-1,-1
73,1,404.92,327.61,83.71,226.34,0.7872,-1,-1,-1
73,2,101.95,545.02,76.23,250.24,0.7321,-1,-1,-1
73,3,1177.60,965.32,89.17,114.68,0.6094,-1,-1,-1
73,4,1722.36,456.29,75.29,212.54,0.6133,-1,-1,-1
73,5,1357.22,569.35,82.27,216.73,0.6160,-1,-1,-1
73,6,12.69,734.93,70.22,229.32,0.7478,-1,-1,-1
73,13,371.41,902.03,127.37,177.95,0.7151,-1,-1,-1
73,16,491.88,193.35,74.67,196.51,0.5927,-1,-1,-1
73,12,995.81,189.55,60.19,178.83,0.5500,-1,-1,-1
74,1,405.40,327.32,83.72,226.26,0.7842,-1,-1,-1
74,2,102.07,545.38,75.88,249.22,0.7220,-1,-1,-1
74,3,1176.94,964.88,89.32,115.12,0.6237,-1,-1,-1
74,4,1722.41,458.91,74.02,208.65,0.5958,-1,-1,-1
74,5,1357.13,569.53,81.94,215.53,0.6195,-1,-1,-1
74,6,13.22,732.37,69.91,226.50,0.7514,-1,-1,-1
74,13,371.30,900.31,127.06,179.71,0.6885,-1,-1,-1
74,16,491.49,194.60,75.23,195.27,0.5599,-1,-1,-1
74,12,995.27,190.13,59.91,180.51,0.5586,-1,-1,-1
75,1,405.45,326.69,83.90,226.67,0.7785,-1,-1,-1
75,2,101.71,545.16,75.91,249.48,0.7284,-1,-1,-1
75,3,1176.23,964.42,89.58,115.58,0.6363,-1,-1,-1
75,4,1722.02,457.63,74.79,211.07,0.6187,-1,-1,-1
75,5,1357.50,569.90,81.14,212.95,0.6548,-1,-1,-1
75,6,12.84,730.86,70.48,226.99,0.7486,-1,-1,-1
75,13,371.34,898.14,126.92,181.88,0.6778,-1,-1,-1
75,16,490.12,196.13,75.83,194.00,0.5708,-1,-1,-1
75,12,993.49,189.58,60.34,183.05,0.6141,-1,-1,-1
76,1,406.04,326.29,84.01,227.28,0.7724,-1,-1,-1
76,2,101.48,544.44,76.00,250.22,0.7220,-1,-1,-1
76,3,1175.82,963.87,89.88,116.13,0.6886,-1,-1,-1
76,4,1721.87,459.04,73.82,207.90,0.6303,-1,-1,-1
76,5,1357.26,570.39,81.20,212.55,0.6477,-1,-1,-1
76,6,12.27,729.15,71.50,229.55,0.7470,-1,-1,-1
76,13,371.49,895.33,126.90,184.69,0.6904,-1,-1,-1
76,16,491.12,199.22,75.89,191.80,0.5540,-1,-1,-1
76,12,992.84,189.43,59.87,182.46,0.5748,-1,-1,-1
77,1,406.42,325.24,84.43,228.79,0.7668,-1,-1,-1
77,2,101.28,544.28,75.83,250.35,0.7224,-1,-1,-1
77,3,1175.57,963.69,89.87,116.31,0.6972,-1,-1,-1
77,4,1721.83,458.92,73.54,206.71,0.6226,-1,-1,-1
77,5,1357.08,570.02,82.08,214.18,0.6321,-1,-1,-1
77,6,12.11,727.70,72.02,230.59,0.7515,-1,-1,-1
77,13,372.27,893.09,126.33,186.94,0.7466,-1,-1,-1
77,16,494.20,201.28,75.13,189.29,0.5687,-1,-1,-1
77,12,992.57,190.12,59.35,181.19,0.5922,-1,-1,-1
78,1,406.46,324.61,84.50,229.28,0.7694,-1,-1,-1
78,2,101.02,544.21,75.56,250.09,0.7233,-1,-1,-1
78,3,1175.15,963.08,90.15,116.92,0.7207,-1,-1,-1
78,4,1721.82,459.61,73.46,205.90,0.6372,-1,-1,-1
78,5,1356.86,571.08,82.44,214.35,0.6380,-1,-1,-1
78,6,12.08,726.51,73.00,232.87,0.7458,-1,-1,-1
78,13,372.50,890.74,125.73,189.28,0.7540,-1,-1,-1
78,16,493.26,204.35,74.56,186.92,0.6007,-1,-1,-1
78,12,992.59,189.38,59.06,181.28,0.5644,-1,-1,-1
79,1,406.89,324.28,84.55,230.12,0.7798,-1,-1,-1
79,2,101.21,544.93,75.05,248.90,0.7258,-1,-1,-1
79,3,1174.98,962.94,90.06,117.06,0.7240,-1,-1,-1
79,4,1721.48,458.92,73.74,206.45,0.6468,-1,-1,-1
79,5,1356.69,572.10,82.49,213.70,0.6071,-1,-1,-1
79,6,12.80,725.99,73.30,232.97,0.7472,-1,-1,-1
79,13,373.56,887.52,125.36,192.50,0.7680,-1,-1,-1
79,16,492.06,203.39,76.38,190.62,0.5841,-1,-1,-1
79,12,992.05,190.32,58.44,179.33,0.5754,-1,-1,-1
80,1,407.85,324.07,84.06,229.68,0.7780,-1,-1,-1
80,2,101.33,545.39,74.73,248.42,0.7273,-1,-1,-1
80,3,1174.29,962.40,90.28,117.60,0.7371,-1,-1,-1
80,4,1721.63,459.68,73.76,206.08,0.6344,-1,-1,-1
80,5,1357.08,572.22,83.54,215.94,0.5754,-1,-1,-1
80,6,13.70,725.03,73.85,233.73,0.7277,-1,-1,-1
80,13,374.10,883.01,125.58,197.01,0.7885,-1,-1,-1
80,16,492.20,203.75,77.53,193.18,0.5726,-1,-1,-1
80,12,990.47,190.53,59.40,182.78,0.6078,-1,-1,-1
81,1,408.67,323.61,83.23,228.16,0.7615,-1,-1,-1
81,2,101.44,545.00,74.49,248.48,0.7278,-1,-1,-1
81,3,1174.38,961.88,90.27,118.12,0.7442,-1,-1,-1
81,4,1721.86,459.39,73.91,206.29,0.6201,-1,-1,-1
81,5,1356.61,571.93,84.19,217.19,0.5507,-1,-1,-1
81,6,13.87,724.39,73.99,233.74,0.7207,-1,-1,-1
81,13,374.90,879.39,125.19,200.62,0.7855,-1,-1,-1
81,16,492.09,204.33,78.46,195.59,0.5467,-1,-1,-1
81,12,989.44,191.17,59.32,182.86,0.6100,-1,-1,-1
82,1,410.55,323.36,82.51,226.94,0.7528,-1,-1,-1
82,2,101.55,545.64,73.96,247.26,0.7279,-1,-1,-1
82,3,1173.85,961.38,90.15,118.62,0.7317,-1,-1,-1
82,4,1721.73,459.41,74.04,206.52,0.6201,-1,-1,-1
82,5,1356.52,572.00,84.45,217.53,0.5451,-1,-1,-1
82,6,14.52,722.13,74.84,235.72,0.7266,-1,-1,-1
82,13,375.22,875.82,124.97,204.20,0.7833,-1,-1,-1
82,16,493.44,206.64,78.10,195.04,0.5545,-1,-1,-1
82,12,988.08,191.18,59.25,183.22,0.6095,-1,-1,-1
83,1,411.44,322.10,82.24,226.37,0.7641,-1,-1,-1
83,2,101.23,545.77,73.84,247.35,0.7278,-1,-1,-1
83,3,1173.24,961.54,89.54,118.46,0.7057,-1,-1,-1
83,4,1722.08,459.63,73.62,205.31,0.6159,-1,-1,-1
83,5,1356.51,571.53,84.95,218.65,0.5500,-1,-1,-1
83,6,15.04,720.48,75.34,237.27,0.7177,-1,-1,-1
83,13,376.43,873.24,124.17,206.77,0.7796,-1,-1,-1
83,16,494.26,207.32,78.13,194.99,0.5793,-1,-1,-1
83,12,986.67,191.56,58.97,182.75,0.5994,-1,-1,-1
84,1,412.48,320.45,81.90,226.02,0.7627,-1,-1,-1
84,2,101.44,545.91,73.71,247.36,0.7183,-1,-1,-1
84,3,1172.57,961.38,89.19,118.62,0.7224,-1,-1,-1
84,4,1721.96,459.57,73.82,205.69,0.5940,-1,-1,-1
84,5,1356.74,571.95,84.52,217.25,0.5437,-1,-1,-1
84,6,14.55,718.70,75.87,239.14,0.7199,-1,-1,-1
84,13,377.53,870.88,123.41,209.13,0.7700,-1,-1,-1
84,16,495.06,208.36,78.45,196.17,0.5983,-1,-1,-1
84,12,985.45,191.89,58.74,182.45,0.6085,-1,-1,-1
85,1,413.51,318.82,81.55,224.88,0.7575,-1,-1,-1
85,2,101.29,545.27,73.98,248.66,0.7187,-1,-1,-1
85,3,1172.18,961.34,88.72,118.66,0.7154,-1,-1,-1
85,4,1721.73,460.28,73.94,205.67,0.5994,-1,-1,-1
85,6,15.91,717.58,76.22,240.13,0.7212,-1,-1,-1
85,13,378.64,868.86,122.55,211.15,0.7789,-1,-1,-1
85,16,495.70,209.31,78.09,195.37,0.5914,-1,-1,-1
85,12,983.46,191.02,59.36,184.37,0.5486,-1,-1,-1
86,1,414.80,317.55,80.77,222.38,0.7630,-1,-1,-1
86,2,101.72,545.83,73.69,247.71,0.7209,-1,-1,-1
86,3,1171.19,961.09,88.59,118.91,0.7081,-1,-1,-1
86,4,1721.80,458.32,74.94,208.57,0.6081,-1,-1,-1
86,6,17.49,716.02,75.28,236.84,0.7461,-1,-1,-1
86,13,379.68,866.40,121.96,213.61,0.7884,-1,-1,-1
86,16,495.95,209.37,78.75,197.18,0.6102,-1,-1,-1
86,5,1357.98,573.66,83.49,214.09,0.5336,-1,-1,-1
87,1,415.69,316.65,80.59,220.81,0.7753,-1,-1,-1
87,2,101.92,545.73,73.58,247.33,0.7339,-1,-1,-1
87,3,1170.79,960.69,88.35,119.31,0.7056,-1,-1,-1
87,4,1721.49,459.69,74.47,207.18,0.6337,-1,-1,-1
87,6,19.51,713.98,73.02,228.93,0.7605,-1,-1,-1
87,13,380.82,864.39,121.30,215.62,0.7884,-1,-1,-1
87,16,496.60,210.04,78.60,196.24,0.6204,-1,-1,-1
87,5,1357.46,573.78,83.74,214.70,0.5166,-1,-1,-1
88,1,415.99,315.50,80.79,220.11,0.7855,-1,-1,-1
88,2,102.04,546.13,73.39,246.58,0.7177,-1,-1,-1
88,3,1169.30,960.28,88.23,119.72,0.7422,-1,-1,-1
88,4,1721.16,460.06,74.32,206.57,0.6468,-1,-1,-1
88,6,19.79,710.84,72.62,226.77,0.7287,-1,-1,-1
88,13,382.11,862.11,120.98,217.90,0.8054,-1,-1,-1
88,16,497.72,209.84,79.28,197.47,0.6166,-1,-1,-1
88,5,1357.32,573.17,84.08,215.60,0.5495,-1,-1,-1
89,1,416.01,314.02,81.09,219.91,0.7766,-1,-1,-1
89,2,102.11,546.31,73.21,245.81,0.7233,-1,-1,-1
89,3,1168.27,959.83,87.84,120.11,0.7522,-1,-1,-1
89,4,1720.52,459.34,74.57,207.19,0.6361,-1,-1,-1
89,6,19.85,706.58,73.14,227.23,0.7358,-1,-1,-1
89,13,383.37,860.96,119.95,219.04,0.8131,-1,-1,-1
89,16,498.58,208.89,80.18,198.99,0.6147,-1,-1,-1
89,5,1357.07,573.66,84.67,217.27,0.5392,-1,-1,-1
90,1,416.39,312.61,81.44,220.12,0.7463,-1,-1,-1
90,2,102.09,546.59,73.13,245.31,0.7134,-1,-1,-1
90,3,1167.25,958.83,87.85,121.15,0.7640,-1,-1,-1
90,4,1720.43,459.42,74.45,206.84,0.6227,-1,-1,-1
90,6,20.72,704.11,73.31,227.51,0.7339,-1,-1,-1
90,13,384.43,859.64,119.00,220.37,0.8173,-1,-1,-1
90,16,500.25,208.00,80.58,199.05,0.5991,-1,-1,-1
90,5,1356.53,573.35,84.31,216.68,0.5371,-1,-1,-1
91,1,416.46,311.18,82.09,222.00,0.7441,-1,-1,-1
91,2,102.33,546.86,73.04,244.80,0.7042,-1,-1,-1
91,3,1165.97,957.64,87.94,122.35,0.7737,-1,-1,-1
91,4,1720.31,460.03,74.41,206.66,0.6289,-1,-1,-1
91,6,21.55,701.17,73.19,226.93,0.7229,-1,-1,-1
91,13,384.92,857.64,118.58,222.37,0.8023,-1,-1,-1
91,16,501.07,208.50,80.48,199.24,0.5637,-1,-1,-1
91,5,1356.17,572.44,85.04,219.03,0.5257,-1,-1,-1
92,1,416.75,310.63,82.52,223.24,0.7394,-1,-1,-1
92,2,102.33,546.77,73.10,244.91,0.7011,-1,-1,-1
92,3,1164.99,956.98,87.52,123.01,0.7608,-1,-1,-1
92,4,1720.62,460.02,74.45,206.78,0.6310,-1,-1,-1
92,6,21.77,697.41,73.55,228.62,0.7176,-1,-1,-1
92,13,384.99,854.59,118.51,225.42,0.7953,-1,-1,-1
92,16,500.91,211.26,79.49,196.60,0.5911,-1,-1,-1
92,5,1356.64,572.39,84.15,216.95,0.5328,-1,-1,-1
93,1,416.98,309.71,82.88,224.41,0.7306,-1,-1,-1
93,2,102.22,546.99,73.03,244.73,0.6920,-1,-1,-1
93,3,1164.04,956.62,86.88,123.38,0.7792,-1,-1,-1
93,4,1720.78,460.03,74.39,206.50,0.6208,-1,-1,-1
93,6,22.80,697.23,72.68,226.31,0.7093,-1,-1,-1
93,13,385.75,851.35,118.53,228.65,0.8024,-1,-1,-1
93,16,501.15,209.98,79.93,198.04,0.5532,-1,-1,-1
93,5,1356.47,572.08,83.91,216.63,0.5182,-1,-1,-1
94,1,417.05,309.02,82.97,224.82,0.7310,-1,-1,-1
94,2,102.37,547.13,73.04,244.56,0.6883,-1,-1,-1
94,3,1162.72,955.70,86.50,124.30,0.7913,-1,-1,-1
94,4,1721.27,460.16,74.51,206.88,0.6233,-1,-1,-1
94,6,23.16,696.61,72.15,225.05,0.7143,-1,-1,-1
94,13,386.50,848.97,118.14,231.03,0.7916,-1,-1,-1
94,16,500.67,210.86,79.99,198.85,0.5256,-1,-1,-1
95,1,416.55,307.97,83.42,226.26,0.7427,-1,-1,-1
95,2,102.31,547.16,73.05,244.33,0.6853,-1,-1,-1
95,3,1161.27,954.15,86.61,125.85,0.7874,-1,-1,-1
95,4,1721.26,460.09,74.40,206.93,0.6117,-1,-1,-1
95,6,23.88,695.79,72.03,225.73,0.7151,-1,-1,-1
95,13,386.60,844.62,118.48,235.38,0.7974,-1,-1,-1
96,1,417.55,307.18,83.68,226.88,0.7600,-1,-1,-1
96,2,102.15,547.01,73.01,243.98,0.6778,-1,-1,-1
96,3,1159.99,953.28,86.13,126.72,0.7955,-1,-1,-1
96,4,1721.24,459.36,74.37,207.04,0.6219,-1,-1,-1
96,6,24.17,694.01,72.33,228.14,0.7193,-1,-1,-1
96,13,386.71,841.59,118.14,238.42,0.8076,-1,-1,-1
96,16,505.22,211.76,81.41,203.28,0.5504,-1,-1,-1
97,1,417.49,306.59,83.78,227.32,0.7582,-1,-1,-1
97,2,102.07,547.02,73.20,244.58,0.6833,-1,-1,-1
97,3,1158.21,951.85,85.91,128.15,0.7830,-1,-1,-1
97,4,1721.46,459.42,74.51,207.55,0.6386,-1,-1,-1
97,6,24.21,692.87,72.14,228.54,0.7185,-1,-1,-1
97,13,386.74,840.47,116.78,239.53,0.8020,-1,-1,-1
97,16,506.68,213.14,81.06,204.22,0.5288,-1,-1,-1
97,5,1355.73,572.35,85.33,220.93,0.5215,-1,-1,-1
98,1,417.66,305.29,84.11,228.70,0.7627,-1,-1,-1
98,2,101.93,546.86,73.24,244.65,0.6731,-1,-1,-1
98,3,1156.33,949.87,86.16,130.13,0.7766,-1,-1,-1
98,4,1721.21,456.87,75.33,210.40,0.6372,-1,-1,-1
98,6,24.49,692.25,71.97,229.03,0.7197,-1,-1,-1
98,13,386.41,838.69,115.71,241.31,0.8025,-1,-1,-1
98,16,507.66,214.17,80.41,204.61,0.5613,-1,-1,-1
98,5,1356.00,572.95,84.29,218.99,0.5183,-1,-1,-1
99,1,418.19,304.84,84.10,228.86,0.7623,-1,-1,-1
99,2,101.80,546.58,73.36,245.01,0.6740,-1,-1,-1
99,3,1154.66,947.24,86.80,132.76,0.7661,-1,-1,-1
99,4,1721.60,458.49,74.73,208.98,0.6248,-1,-1,-1
99,6,25.22,691.61,71.70,228.99,0.7220,-1,-1,-1
99,13,385.86,834.73,115.62,245.27,0.8040,-1,-1,-1
99,16,508.64,214.64,79.47,204.64,0.5247,-1,-1,-1
99,5,1356.70,573.42,82.74,214.95,0.5439,-1,-1,-1
100,1,419.00,303.44,84.14,229.32,0.7518,-1,-1,-1
100,2,101.47,545.57,73.95,247.44,0.6635,-1,-1,-1
100,3,1153.30,946.14,86.30,133.86,0.7549,-1,-1,-1
100,4,1721.61,459.14,74.43,208.29,0.6092,-1,-1,-1
100,6,25.83,690.06,71.75,229.66,0.7321,-1,-1,-1
100,13,385.18,831.94,115.05,248.06,0.7951,-1,-1,-1
100,5,1356.75,573.98,82.53,214.46,0.5219,-1,-1,-1
101,1,419.54,302.31,84.17,229.58,0.7660,-1,-1,-1
101,2,101.56,545.17,74.09,248.29,0.6691,-1,-1,-1
101,3,1152.02,945.38,85.40,134.16,0.7602,-1,-1,-1
101,4,1721.67,459.55,74.33,208.04,0.6193,-1,-1,-1
101,6,27.37,688.00,70.93,227.33,0.7360,-1,-1,-1
101,13,384.26,830.02,114.24,249.98,0.7904,-1,-1,-1
101,5,1356.78,574.38,82.53,214.50,0.5131,-1,-1,-1
101,16,508.55,216.84,79.43,206.93,0.5113,-1,-1,-1
102,1,419.99,300.39,84.09,229.81,0.7644,-1,-1,-1
102,2,101.84,544.79,74.12,248.66,0.6745,-1,-1,-1
102,3,1150.61,944.13,84.59,134.80,0.7409,-1,-1,-1
102,4,1721.71,459.93,74.04,207.37,0.6224,-1,-1,-1
102,6,28.24,685.51,70.18,224.79,0.7533,-1,-1,-1
102,13,383.39,827.25,113.97,252.75,0.7981,-1,-1,-1
102,5,1356.57,574.37,83.15,216.41,0.5021,-1,-1,-1
102,16,509.15,217.57,78.80,207.25,0.5148,-1,-1,-1
103,1,420.21,299.15,83.56,228.54,0.7478,-1,-1,-1
103,2,101.86,544.69,74.15,249.15,0.6718,-1,-1,-1
103,3,1148.60,941.72,84.61,136.99,0.7410,-1,-1,-1
103,4,1721.50,459.93,73.91,206.80,0.6110,-1,-1,-1
103,6,30.37,684.16,69.02,220.92,0.7641,-1,-1,-1
103,13,382.59,825.36,113.53,254.64,0.7944,-1,-1,-1
103,16,509.12,217.19,79.03,209.35,0.5130,-1,-1,-1
104,1,420.76,298.92,82.45,225.66,0.7410,-1,-1,-1
104,2,102.01,544.15,74.25,249.98,0.6567,-1,-1,-1
104,3,1146.37,941.28,83.57,137.41,0.7273,-1,-1,-1
104,4,1721.36,459.41,73.82,206.80,0.6162,-1,-1,-1
104,6,32.00,682.18,68.68,220.02,0.7643,-1,-1,-1
104,13,381.60,822.78,113.48,257.22,0.8052,-1,-1,-1
104,16,510.94,217.00,78.95,209.73,0.5278,-1,-1,-1
105,1,421.49,298.14,80.99,220.99,0.7365,-1,-1,-1
105,2,102.24,544.28,74.12,249.85,0.6829,-1,-1,-1
105,3,1144.76,940.48,82.44,137.78,0.7222,-1,-1,-1
105,4,1721.42,458.97,73.95,206.95,0.6148,-1,-1,-1
105,6,34.14,680.91,68.93,221.26,0.7763,-1,-1,-1
105,13,381.26,821.03,113.12,258.97,0.8103,-1,-1,-1
105,16,512.57,220.37,77.26,206.16,0.5061,-1,-1,-1
106,1,422.33,297.02,79.80,217.04,0.7385,-1,-1,-1
106,2,102.61,545.36,73.80,248.92,0.6617,-1,-1,-1
106,3,1143.43,939.71,81.70,138.82,0.7098,-1,-1,-1
106,4,1721.35,459.55,73.89,206.77,0.6220,-1,-1,-1
106,6,36.07,679.68,69.37,222.17,0.7827,-1,-1,-1
106,13,380.51,819.04,112.90,260.96,0.8043,-1,-1,-1
106,12,949.05,201.37,59.89,186.21,0.5160,-1,-1,-1
107,1,422.19,295.77,79.57,215.79,0.7489,-1,-1,-1
107,2,102.88,545.95,73.78,249.01,0.6631,-1,-1,-1
107,3,1142.07,938.39,81.43,140.29,0.7247,-1,-1,-1
107,4,1721.22,459.60,73.94,206.78,0.6308,-1,-1,-1
107,6,38.50,678.81,70.09,222.23,0.7871,-1,-1,-1
107,13,380.09,817.60,112.35,262.40,0.8076,-1,-1,-1
107,12,948.42,203.89,59.66,186.49,0.5247,-1,-1,-1
107,16,513.01,223.70,75.50,202.38,0.5120,-1,-1,-1
108,1,422.00,294.42,79.86,216.04,0.7383,-1,-1,-1
108,2,102.87,545.92,74.09,250.20,0.6416,-1,-1,-1
108,3,1140.82,937.83,80.62,140.59,0.7298,-1,-1,-1
108,4,1721.03,459.26,74.06,207.04,0.6401,-1,-1,-1
108,6,40.82,677.02,71.65,224.10,0.8082,-1,-1,-1
108,13,380.02,816.02,111.83,263.98,0.8065,-1,-1,-1
108,12,946.30,205.26,60.33,188.66,0.5481,-1,-1,-1
109,1,421.49,293.79,80.24,216.05,0.7413,-1,-1,-1
109,2,102.62,545.63,74.32,251.34,0.6548,-1,-1,-1
109,3,1139.12,937.00,80.42,141.94,0.7533,-1,-1,-1
109,4,1721.32,458.84,73.78,206.52,0.6151,-1,-1,-1
109,6,41.39,676.01,72.57,225.08,0.8145,-1,-1,-1
109,13,379.44,811.95,112.20,268.05,0.8131,-1,-1,-1
109,12,945.01,205.06,60.09,188.42,0.6071,-1,-1,-1
109,5,1356.43,575.64,82.96,215.98,0.5245,-1,-1,-1
110,1,421.10,291.82,81.22,217.83,0.7467,-1,-1,-1
110,2,102.37,545.12,74.90,253.85,0.6552,-1,-1,-1
110,3,1137.10,936.59,80.17,142.87,0.7566,-1,-1,-1
110,4,1721.23,459.25,74.07,207.48,0.6224,-1,-1,-1
110,6,44.81,673.83,74.39,225.98,0.7994,-1,-1,-1
110,13,378.98,806.87,112.73,273.13,0.8169,-1,-1,-1
110,12,943.83,205.92,59.43,187.25,0.6181,-1,-1,-1
110,5,1356.79,576.13,83.61,217.45,0.5024,-1,-1,-1
111,1,420.99,289.43,82.52,220.83,0.7341,-1,-1,-1
111,2,102.03,544.83,75.07,255.06,0.6583,-1,-1,-1
111,3,1135.09,935.90,80.04,143.93,0.7606,-1,-1,-1
111,4,1721.20,457.13,74.68,209.67,0.5936,-1,-1,-1
111,6,47.74,671.72,76.00,226.16,0.7702,-1,-1,-1
111,13,379.51,802.33,112.91,277.67,0.8207,-1,-1,-1
111,12,942.51,206.90,59.38,187.12,0.6484,-1,-1,-1
111,5,1356.78,576.00,82.37,214.30,0.5081,-1,-1,-1
111,16,515.99,227.58,74.42,199.70,0.5173,-1,-1,-1
112,1,420.31,287.95,83.22,222.32,0.7348,-1,-1,-1
112,2,102.07,544.74,74.86,255.15,0.6414,-1,-1,-1
112,3,1134.04,934.81,79.92,145.16,0.7561,-1,-1,-1
112,4,1721.35,456.62,74.84,210.45,0.6127,-1,-1,-1
112,6,49.77,670.29,77.29,226.05,0.7174,-1,-1,-1
112,13,380.70,799.73,111.30,277.52,0.8148,-1,-1,-1
112,12,941.02,208.98,59.04,185.75,0.6367,-1,-1,-1
112,5,1357.10,575.37,81.64,212.48,0.5605,-1,-1,-1
112,16,517.29,230.42,73.96,198.45,0.5553,-1,-1,-1
113,1,420.64,287.00,83.80,223.56,0.7437,-1,-1,-1
113,2,102.63,545.32,74.05,252.98,0.6696,-1,-1,-1
113,3,1132.22,934.24,79.66,145.77,0.7561,-1,-1,-1
113,4,1721.80,459.03,73.74,207.13,0.6321,-1,-1,-1
113,6,48.81,669.82,77.32,225.36,0.6615,-1,-1,-1
113,13,381.89,797.41,108.81,274.42,0.8059,-1,-1,-1
113,12,939.83,210.04,58.81,185.37,0.6518,-1,-1,-1
113,5,1356.91,575.40,82.78,215.32,0.5355,-1,-1,-1
113,16,517.89,232.84,73.83,198.25,0.5480,-1,-1,-1
114,1,421.04,286.06,84.08,223.38,0.7351,-1,-1,-1
114,2,102.90,545.42,73.60,251.90,0.6596,-1,-1,-1
114,3,1130.24,933.43,79.47,146.60,0.7547,-1,-1,-1
114,4,1721.39,457.19,74.48,209.59,0.6197,-1,-1,-1
114,6,50.40,668.10,77.94,225.95,0.6566,-1,-1,-1
114,13,383.25,794.28,106.95,272.52,0.8079,-1,-1,-1
114,12,937.41,209.96,58.83,185.54,0.6028,-1,-1,-1
114,5,1356.74,575.35,82.67,215.28,0.5363,-1,-1,-1
114,16,519.08,234.87,74.50,200.26,0.5681,-1,-1,-1
115,1,421.43,286.19,84.16,222.78,0.7587,-1,-1,-1
115,2,102.84,545.36,73.62,252.84,0.6313,-1,-1,-1
115,3,1127.76,933.47,79.12,146.56,0.7633,-1,-1,-1
115,4,1721.38,456.87,74.76,210.48,0.6517,-1,-1,-1
115,6,53.95,666.10,78.57,226.94,0.6841,-1,-1,-1
115,13,384.91,790.93,105.66,271.10,0.8049,-1,-1,-1
115,12,936.48,210.60,58.31,184.32,0.6124,-1,-1,-1
115,5,1357.12,575.04,82.41,214.40,0.5490,-1,-1,-1
115,16,520.98,236.34,74.81,201.09,0.6077,-1,-1,-1
116,1,420.92,285.47,84.66,223.43,0.7554,-1,-1,-1
116,2,102.85,546.10,72.42,249.11,0.5932,-1,-1,-1
116,3,1125.35,933.80,78.60,146.19,0.7660,-1,-1,-1
116,4,1721.71,459.33,73.85,207.78,0.6297,-1,-1,-1
116,6,58.22,664.72,77.13,222.88,0.6925,-1,-1,-1
116,13,386.53,788.22,105.48,272.48,0.8108,-1,-1,-1
116,12,935.21,211.15,57.96,182.91,0.5616,-1,-1,-1
116,5,1356.69,574.96,83.40,216.96,0.5442,-1,-1,-1
116,16,520.32,236.06,75.23,202.51,0.5904,-1,-1,-1
117,1,420.81,285.01,84.99,223.80,0.7546,-1,-1,-1
117,2,103.02,545.98,71.53,246.17,0.5549,-1,-1,-1
117,3,1123.35,933.91,78.13,145.68,0.7593,-1,-1,-1
117,4,1721.64,459.56,73.65,207.01,0.6431,-1,-1,-1
117,6,64.99,664.32,75.43,218.35,0.7182,-1,-1,-1
117,13,387.44,786.55,105.05,272.66,0.8087,-1,-1,-1
117,12,933.91,211.17,57.31,181.17,0.5329,-1,-1,-1
117,5,1356.15,575.66,84.60,220.16,0.5567,-1,-1,-1
117,16,520.09,236.46,75.37,203.33,0.5523,-1,-1,-1
118,1,421.02,284.64,85.05,223.83,0.7446,-1,-1,-1
118,2,101.24,545.36,71.96,246.43,0.5335,-1,-1,-1
118,3,1121.03,933.89,78.19,145.82,0.7776,-1,-1,-1
118,4,1721.68,459.81,73.55,206.62,0.6523,-1,-1,-1
118,6,70.09,665.49,73.47,213.28,0.6107,-1,-1,-1
118,13,387.90,784.82,105.61,275.31,0.7998,-1,-1,-1
118,12,931.15,211.46,57.94,182.76,0.5609,-1,-1,-1
118,5,1356.84,575.97,83.19,216.10,0.5140,-1,-1,-1
118,16,519.49,235.93,76.19,206.22,0.5837,-1,-1,-1
119,1,420.94,284.35,85.06,223.78,0.7466,-1,-1,-1
119,2,99.91,546.03,73.87,252.78,0.5138,-1,-1,-1
119,3,1118.17,933.94,78.28,145.97,0.7949,-1,-1,-1
119,4,1721.42,459.68,73.75,206.76,0.6540,-1,-1,-1
119,6,75.91,667.82,72.24,209.58,0.5400,-1,-1,-1
119,13,389.52,783.48,105.10,275.22,0.8012,-1,-1,-1
119,12,929.55,210.97,58.32,184.97,0.5357,-1,-1,-1
119,16,518.90,237.10,76.10,207.10,0.6031,-1,-1,-1
120,1,420.87,283.84,85.22,224.34,0.7468,-1,-1,-1
120,2,99.31,545.64,74.76,255.87,0.5082,-1,-1,-1
120,3,1114.82,933.52,78.57,146.46,0.7978,-1,-1,-1
120,4,1721.41,459.85,73.90,206.86,0.6276,-1,-1,-1
120,6,80.22,666.54,71.37,207.76,0.5924,-1,-1,-1
120,13,390.43,782.27,104.73,275.35,0.8033,-1,-1,-1
120,12,928.22,211.24,58.48,186.11,0.5363,-1,-1,-1
120,16,519.53,239.86,74.64,203.99,0.5786,-1,-1,-1
121,1,420.62,282.24,85.32,225.02,0.7512,-1,-1,-1
121,3,1111.30,932.85,79.04,147.16,0.7761,-1,-1,-1
121,4,1721.19,457.08,74.84,209.92,0.6353,-1,-1,-1
121,6,81.80,664.45,72.18,210.10,0.6927,-1,-1,-1
121,13,390.90,780.19,104.81,276.63,0.8022,-1,-1,-1
121,16,519.72,242.32,72.95,200.86,0.5770,-1,-1,-1
121,5,1356.81,575.94,82.24,213.42,0.5522,-1,-1,-1
122,1,420.95,281.25,84.86,223.94,0.7521,-1,-1,-1
122,3,1107.56,932.38,79.42,147.63,0.7837,-1,-1,-1
122,4,1721.12,458.80,74.34,208.00,0.6479,-1,-1,-1
122,6,85.07,661.83,73.31,212.53,0.6641,-1,-1,-1
122,13,391.19,779.26,104.71,277.10,0.7995,-1,-1,-1
122,16,518.91,242.75,72.02,199.94,0.5996,-1,-1,-1
123,1,421.66,280.30,83.94,221.70,0.7330,-1,-1,-1
123,3,1104.69,931.63,79.63,148.08,0.7825,-1,-1,-1
123,4,1721.33,458.89,74.43,207.91,0.6469,-1,-1,-1
123,6,86.48,659.50,74.07,213.97,0.6610,-1,-1,-1
123,13,391.25,778.01,104.53,277.24,0.7933,-1,-1,-1
123,16,519.49,244.44,70.71,197.50,0.5734,-1,-1,-1
123,5,1357.30,576.39,82.17,212.55,0.5540,-1,-1,-1
124,1,422.18,279.13,82.83,218.72,0.7284,-1,-1,-1
124,3,1101.14,930.29,80.17,149.22,0.7832,-1,-1,-1
124,4,1721.32,459.38,74.27,207.12,0.6137,-1,-1,-1
124,6,89.96,657.20,74.40,216.15,0.5096,-1,-1,-1
124,13,392.60,777.41,103.69,275.12,0.7934,-1,-1,-1
124,16,521.20,245.00,70.58,197.54,0.5242,-1,-1,-1
124,5,1357.12,576.33,82.80,214.03,0.5143,-1,-1,-1
125,1,422.92,278.29,81.49,214.96,0.7079,-1,-1,-1
125,3,1097.51,929.73,80.54,150.00,0.7885,-1,-1,-1
125,4,1721.00,458.45,74.67,208.29,0.6329,-1,-1,-1
125,13,392.49,775.18,103.84,276.11,0.7895,-1,-1,-1
125,16,522.12,247.09,68.77,192.70,0.5251,-1,-1,-1
126,1,422.61,277.40,81.19,213.79,0.7058,-1,-1,-1
126,3,1094.13,929.11,80.82,150.49,0.8040,-1,-1,-1
126,4,1720.61,458.49,74.82,208.70,0.6346,-1,-1,-1
126,13,391.47,771.11,104.09,278.33,0.8007,-1,-1,-1
126,16,522.72,248.56,68.45,192.00,0.5492,-1,-1,-1
126,5,1357.45,576.03,82.29,212.76,0.5259,-1,-1,-1
127,1,422.62,276.82,80.96,213.33,0.6877,-1,-1,-1
127,3,1091.22,928.89,81.22,150.97,0.8076,-1,-1,-1
127,4,1720.96,458.87,74.57,207.88,0.6575,-1,-1,-1
127,13,391.30,766.65,103.04,277.39,0.7937,-1,-1,-1
127,16,523.63,251.31,67.50,189.37,0.5626,-1,-1,-1
127,5,1357.55,576.49,82.52,213.34,0.5202,-1,-1,-1
128,1,422.34,276.28,80.74,212.95,0.6688,-1,-1,-1
128,3,1087.88,928.19,81.50,151.52,0.7922,-1,-1,-1
128,4,1721.27,459.12,74.47,207.30,0.6282,-1,-1,-1
128,13,391.41,762.02,102.36,276.76,0.7918,-1,-1,-1
128,16,524.08,253.91,67.01,188.46,0.5367,-1,-1,-1
128,5,1357.30,576.65,82.92,214.41,0.5055,-1,-1,-1
129,1,419.86,275.61,81.50,215.24,0.6899,-1,-1,-1
129,3,1085.32,927.64,81.61,151.87,0.7887,-1,-1,-1
129,4,1721.16,458.59,74.33,206.71,0.6354,-1,-1,-1
129,13,392.82,757.33,100.43,272.92,0.7937,-1,-1,-1
129,16,523.90,255.26,67.41,190.75,0.5923,-1,-1,-1
130,1,418.69,274.20,82.15,217.36,0.7042,-1,-1,-1
130,3,1082.22,926.95,81.86,152.30,0.7803,-1,-1,-1
130,4,1721.24,458.43,74.57,207.45,0.6125,-1,-1,-1
130,13,394.54,754.36,97.99,267.37,0.7504,-1,-1,-1
130,16,524.33,257.35,67.27,192.23,0.5550,-1,-1,-1
130,2,102.68,544.26,71.65,245.17,0.5555,-1,-1,-1
131,1,418.83,273.02,82.29,218.50,0.6626,-1,-1,-1
131,3,1080.11,926.72,81.48,151.74,0.7587,-1,-1,-1
131,4,1721.24,458.87,74.44,207.16,0.6176,-1,-1,-1
131,13,394.67,752.09,96.58,264.41,0.7422,-1,-1,-1
131,16,524.32,257.80,68.26,197.55,0.5050,-1,-1,-1
131,2,103.05,543.66,71.42,244.27,0.6451,-1,-1,-1
131,5,1359.61,576.85,82.65,214.21,0.5041,-1,-1,-1
132,1,418.57,272.76,82.37,219.10,0.6495,-1,-1,-1
132,3,1078.94,927.13,81.17,151.19,0.7711,-1,-1,-1
132,4,1721.28,459.16,74.39,207.04,0.6174,-1,-1,-1
132,13,393.18,749.84,96.58,265.14,0.7529,-1,-1,-1
132,16,525.46,254.68,69.36,203.07,0.5009,-1,-1,-1
132,2,103.22,544.23,71.90,245.16,0.5842,-1,-1,-1
132,5,1359.12,576.41,82.74,214.85,0.5141,-1,-1,-1
133,1,418.14,271.96,82.45,219.61,0.6420,-1,-1,-1
133,3,1077.46,927.34,81.10,151.10,0.7793,-1,-1,-1
133,4,1721.13,458.89,74.33,206.75,0.6036,-1,-1,-1
133,13,391.48,748.38,96.73,265.17,0.7542,-1,-1,-1
133,16,526.21,253.77,69.41,206.13,0.5161,-1,-1,-1
133,2,103.35,544.60,72.24,245.24,0.5375,-1,-1,-1
134,1,417.84,272.38,82.13,218.92,0.6426,-1,-1,-1
134,3,1075.21,927.09,80.80,150.92,0.7850,-1,-1,-1
134,4,1721.03,459.40,74.34,206.87,0.5937,-1,-1,-1
134,13,390.18,747.35,97.03,265.52,0.7698,-1,-1,-1
134,16,526.68,255.17,67.78,204.49,0.5157,-1,-1,-1
134,2,104.66,545.11,70.86,237.53,0.5149,-1,-1,-1
135,1,416.72,271.33,82.37,219.22,0.6417,-1,-1,-1
135,3,1073.53,926.50,80.93,151.55,0.7817,-1,-1,-1
135,4,1720.61,458.74,74.61,207.48,0.5994,-1,-1,-1
135,13,389.34,745.44,97.75,267.44,0.7788,-1,-1,-1
135,16,526.55,258.06,66.60,203.61,0.5556,-1,-1,-1
135,2,104.14,543.47,72.26,240.02,0.6190,-1,-1,-1
135,5,1358.56,576.01,83.64,216.96,0.5092,-1,-1,-1
136,1,416.80,270.73,82.13,218.76,0.6724,-1,-1,-1
136,3,1071.63,926.61,80.29,150.98,0.7888,-1,-1,-1
136,4,1720.86,458.78,74.74,207.98,0.6121,-1,-1,-1
136,13,387.69,744.56,98.33,268.00,0.7918,-1,-1,-1
136,16,526.40,258.84,65.58,203.13,0.5589,-1,-1,-1
136,2,103.56,543.82,72.25,238.78,0.6223,-1,-1,-1
137,1,416.14,269.21,82.26,219.09,0.6636,-1,-1,-1
137,3,1070.01,926.99,79.67,150.26,0.7951,-1,-1,-1
137,4,1720.97,457.82,74.98,208.71,0.6079,-1,-1,-1
137,13,386.29,744.07,98.79,268.19,0.7897,-1,-1,-1
137,16,527.12,256.95,65.12,204.74,0.5878,-1,-1,-1
137,2,102.01,544.67,71.64,236.91,0.5724,-1,-1,-1
137,17,1043.57,139.18,92.25,171.40,0.5818,-1,-1,-1
138,1,415.87,267.90,82.32,219.37,0.6922,-1,-1,-1
138,3,1068.48,927.35,79.18,149.87,0.7898,-1,-1,-1
138,4,1720.93,457.75,75.07,209.03,0.6051,-1,-1,-1
138,13,385.30,743.90,99.10,267.87,0.7893,-1,-1,-1
138,16,527.98,256.47,63.80,203.61,0.5918,-1,-1,-1
138,2,100.68,545.18,71.00,236.29,0.5974,-1,-1,-1
138,17,1041.82,140.31,91.67,170.21,0.6013,-1,-1,-1
139,1,415.17,266.33,82.57,220.46,0.6406,-1,-1,-1
139,3,1067.08,927.29,78.66,149.42,0.7876,-1,-1,-1
139,4,1720.81,457.72,75.14,209.17,0.6233,-1,-1,-1
139,13,384.53,743.72,99.22,267.23,0.7959,-1,-1,-1
139,16,528.69,258.44,62.37,201.44,0.5747,-1,-1,-1
139,2,100.05,545.39,70.83,237.28,0.6166,-1,-1,-1
139,17,1040.93,140.68,91.95,170.72,0.5912,-1,-1,-1
139,12,893.17,210.03,60.04,191.11,0.5239,-1,-1,-1
140,1,416.07,266.86,81.51,218.11,0.6140,-1,-1,-1
140,3,1065.53,926.60,78.52,149.61,0.7917,-1,-1,-1
140,4,1720.88,458.14,75.06,208.87,0.6352,-1,-1,-1
140,13,384.69,741.74,99.46,267.24,0.7963,-1,-1,-1
140,16,528.98,258.40,62.07,202.50,0.6024,-1,-1,-1
140,2,99.70,545.34,70.57,238.42,0.6185,-1,-1,-1
140,17,1039.71,140.88,92.10,171.06,0.5768,-1,-1,-1
140,5,1359.42,576.99,82.54,213.27,0.5493,-1,-1,-1
141,1,416.02,265.40,81.07,217.25,0.6318,-1,-1,-1
141,3,1063.33,925.43,78.88,150.97,0.7871,-1,-1,-1
141,4,1721.08,458.25,74.86,208.27,0.6219,-1,-1,-1
141,13,384.76,739.64,99.52,267.30,0.7963,-1,-1,-1
141,16,529.17,258.31,61.40,202.19,0.6032,-1,-1,-1
141,2,100.11,545.75,70.42,239.64,0.6445,-1,-1,-1
141,17,1039.32,140.59,91.51,170.43,0.5570,-1,-1,-1
141,6,151.67,629.07,75.24,208.13,0.5908,-1,-1,-1
141,12,885.69,209.65,58.45,188.53,0.5441,-1,-1,-1
142,1,415.97,264.34,80.66,216.74,0.6327,-1,-1,-1
142,3,1061.73,924.79,78.90,152.27,0.7774,-1,-1,-1
142,4,1721.48,458.86,74.59,207.36,0.6235,-1,-1,-1
142,13,385.30,737.43,99.43,267.93,0.7917,-1,-1,-1
142,16,529.27,257.65,61.08,202.92,0.5994,-1,-1,-1
142,2,101.06,545.93,70.35,240.92,0.6580,-1,-1,-1
142,17,1038.14,140.65,90.71,169.35,0.5949,-1,-1,-1
142,6,153.36,628.51,76.08,205.60,0.5432,-1,-1,-1
142,12,882.31,208.77,57.59,187.67,0.5159,-1,-1,-1
143,1,414.13,260.40,81.58,220.17,0.6328,-1,-1,-1
143,3,1060.10,923.79,78.56,152.94,0.7622,-1,-1,-1
143,4,1721.48,459.08,74.53,207.08,0.6333,-1,-1,-1
143,13,386.27,734.77,98.47,266.33,0.8025,-1,-1,-1
143,16,528.92,257.65,60.65,203.02,0.5946,-1,-1,-1
143,2,101.84,545.61,70.03,240.95,0.6746,-1,-1,-1
143,17,1037.28,138.63,91.02,171.03,0.5702,-1,-1,-1
143,6,154.03,628.71,78.15,207.27,0.6519,-1,-1,-1
144,1,414.19,259.36,80.86,218.35,0.6324,-1,-1,-1
144,3,1058.44,923.16,78.03,153.48,0.7572,-1,-1,-1
144,4,1721.61,459.55,74.51,207.01,0.6214,-1,-1,-1
144,13,387.41,731.62,96.99,263.21,0.7948,-1,-1,-1
144,16,529.07,259.20,60.34,202.91,0.6042,-1,-1,-1
144,2,102.32,545.77,69.82,240.89,0.6866,-1,-1,-1
144,6,155.62,629.67,78.59,207.09,0.6813,-1,-1,-1
145,1,415.55,259.27,78.92,213.16,0.6204,-1,-1,-1
145,3,1056.46,922.79,77.23,153.82,0.7582,-1,-1,-1
145,4,1721.56,459.39,74.38,206.71,0.6099,-1,-1,-1
145,13,389.99,729.56,94.81,258.21,0.7985,-1,-1,-1
145,16,528.40,259.41,59.95,202.74,0.5953,-1,-1,-1
145,2,102.96,545.79,70.05,242.07,0.7088,-1,-1,-1
145,6,156.98,627.77,79.33,210.46,0.7007,-1,-1,-1
145,5,1358.92,576.13,83.04,213.78,0.5396,-1,-1,-1
145,12,874.33,207.50,57.89,185.96,0.5442,-1,-1,-1
146,1,413.63,254.61,79.92,216.98,0.6393,-1,-1,-1
146,3,1053.64,921.90,77.15,156.00,0.7412,-1,-1,-1
146,4,1721.64,459.53,74.54,207.29,0.6137,-1,-1,-1
146,13,392.07,726.72,92.90,253.38,0.7770,-1,-1,-1
146,16,528.79,259.43,60.13,204.28,0.5935,-1,-1,-1
146,2,103.32,545.98,70.06,242.29,0.7156,-1,-1,-1
146,6,158.04,625.11,79.79,213.17,0.7110,-1,-1,-1
146,19,583.51,253.89,55.74,186.54,0.5108,-1,-1,-1
146,5,1358.22,575.55,84.37,217.05,0.5126,-1,-1,-1
147,1,413.13,253.15,80.19,218.53,0.6465,-1,-1,-1
147,3,1050.95,921.20,76.35,157.24,0.7264,-1,-1,-1
147,4,1721.64,459.09,74.58,207.30,0.6268,-1,-1,-1
147,13,392.98,720.64,93.19,254.85,0.7796,-1,-1,-1
147,16,528.65,260.07,60.20,205.85,0.6095,-1,-1,-1
147,2,103.82,546.18,69.79,241.38,0.7131,-1,-1,-1
147,6,159.20,621.23,79.96,215.39,0.6894,-1,-1,-1
147,19,583.78,254.68,56.17,188.11,0.5380,-1,-1,-1
147,5,1358.33,574.74,84.54,217.51,0.5407,-1,-1,-1
148,1,412.90,252.44,80.18,219.04,0.6339,-1,-1,-1
148,3,1049.07,919.84,75.16,157.47,0.7273,-1,-1,-1
148,4,1721.45,458.59,74.92,208.32,0.6466,-1,-1,-1
148,13,393.87,717.36,93.12,254.93,0.7777,-1,-1,-1
148,16,529.37,261.22,60.35,206.76,0.5946,-1,-1,-1
148,2,103.97,545.75,69.93,241.64,0.7135,-1,-1,-1
148,6,161.92,617.59,79.50,215.49,0.7078,-1,-1,-1
148,5,1357.90,575.12,84.18,216.68,0.5588,-1,-1,-1
149,1,414.72,255.29,78.63,215.07,0.6248,-1,-1,-1
149,3,1047.88,918.49,74.46,158.69,0.7264,-1,-1,-1
149,4,1721.13,458.85,74.69,207.72,0.6218,-1,-1,-1
149,13,395.06,713.24,94.18,258.32,0.7879,-1,-1,-1
149,16,530.31,262.85,60.16,206.37,0.6301,-1,-1,-1
149,2,104.10,545.78,69.90,241.39,0.7151,-1,-1,-1
149,6,165.22,615.06,78.58,215.02,0.6958,-1,-1,-1
149,5,1358.18,575.26,83.99,215.84,0.5452,-1,-1,-1
150,1,415.54,256.03,78.05,213.74,0.6198,-1,-1,-1
150,3,1045.81,916.76,74.15,160.97,0.7368,-1,-1,-1
150,4,1721.10,458.60,74.79,208.08,0.6385,-1,-1,-1
150,13,395.24,710.64,95.42,261.47,0.7855,-1,-1,-1
150,16,530.20,264.76,60.17,207.39,0.6155,-1,-1,-1
150,2,103.86,545.67,70.24,242.43,0.7131,-1,-1,-1
150,6,169.66,613.60,76.85,214.05,0.6570,-1,-1,-1
150,5,1357.60,574.93,84.56,216.98,0.5402,-1,-1,-1
151,1,415.69,255.66,77.91,214.17,0.6157,-1,-1,-1
151,3,1044.55,914.27,73.83,163.29,0.7371,-1,-1,-1
151,4,1721.32,458.42,74.50,207.67,0.6249,-1,-1,-1
151,13,395.99,709.58,95.84,262.69,0.7809,-1,-1,-1
151,16,529.70,265.99,60.19,208.96,0.6117,-1,-1,-1
151,2,103.77,546.44,70.51,243.05,0.7216,-1,-1,-1
151,6,175.74,611.74,76.26,214.87,0.6707,-1,-1,-1
152,1,416.00,255.05,77.90,214.89,0.6061,-1,-1,-1
152,3,1043.11,913.39,73.02,164.46,0.7421,-1,-1,-1
152,4,1721.35,458.14,74.61,208.28,0.6152,-1,-1,-1
152,13,396.94,707.77,96.47,264.12,0.7669,-1,-1,-1
152,16,529.83,270.49,59.04,206.60,0.5926,-1,-1,-1
152,2,103.66,546.84,70.64,242.82,0.7175,-1,-1,-1
152,6,178.71,610.18,75.70,216.04,0.6899,-1,-1,-1
152,12,864.62,205.88,59.75,189.80,0.5191,-1,-1,-1
152,5,1359.19,576.52,83.13,213.71,0.5299,-1,-1,-1
153,1,415.86,254.23,77.72,215.42,0.5831,-1,-1,-1
153,3,1041.48,912.26,72.54,166.31,0.7304,-1,-1,-1
153,4,1721.20,457.64,74.72,208.84,0.6099,-1,-1,-1
153,13,397.67,707.86,96.78,264.20,0.7589,-1,-1,-1
153,16,530.26,274.25,57.80,203.25,0.5870,-1,-1,-1
153,2,103.64,547.65,71.12,244.50,0.7265,-1,-1,-1
153,6,182.05,609.92,74.96,215.63,0.7364,-1,-1,-1
153,5,1359.15,575.79,83.24,214.94,0.5163,-1,-1,-1
154,1,414.54,253.19,77.83,216.40,0.6003,-1,-1,-1
154,3,1040.37,911.54,71.75,167.50,0.7146,-1,-1,-1
154,4,1721.40,459.13,74.07,207.06,0.5869,-1,-1,-1
154,13,398.50,707.96,96.95,263.57,0.7634,-1,-1,-1
154,16,531.21,276.72,56.92,200.97,0.5632,-1,-1,-1
154,2,103.77,547.34,71.41,245.62,0.7199,-1,-1,-1
154,6,185.31,610.07,73.98,214.38,0.7530,-1,-1,-1
154,5,1359.23,576.32,83.17,215.22,0.5207,-1,-1,-1
154,12,861.65,205.34,60.86,191.01,0.5085,-1,-1,-1
155,1,414.19,251.88,77.96,217.90,0.6029,-1,-1,-1
155,3,1039.17,910.98,70.80,168.00,0.7279,-1,-1,-1
155,4,1721.88,459.14,73.86,206.83,0.5962,-1,-1,-1
155,13,399.47,705.97,97.96,265.28,0.7629,-1,-1,-1
155,16,532.14,278.69,56.26,198.74,0.5144,-1,-1,-1
155,2,103.11,546.25,71.81,247.15,0.6968,-1,-1,-1
155,6,189.48,610.17,73.05,213.56,0.7611,-1,-1,-1
155,5,1359.48,576.37,82.59,213.63,0.5691,-1,-1,-1
155,12,859.76,205.22,61.39,189.69,0.5120,-1,-1,-1
156,1,415.30,251.41,76.95,215.60,0.6179,-1,-1,-1
156,3,1037.77,910.41,70.28,169.29,0.7072,-1,-1,-1
156,4,1722.11,459.52,73.55,206.03,0.5857,-1,-1,-1
156,13,399.64,703.02,98.61,266.51,0.7607,-1,-1,-1
156,2,102.82,545.71,71.90,247.36,0.6976,-1,-1,-1
156,6,192.43,608.93,72.59,213.87,0.7525,-1,-1,-1
156,5,1358.34,578.14,82.11,212.19,0.5199,-1,-1,-1
156,12,858.31,204.46,61.88,188.30,0.5456,-1,-1,-1
157,1,415.65,251.44,76.13,213.75,0.6182,-1,-1,-1
157,3,1036.72,909.88,69.43,169.70,0.7011,-1,-1,-1
157,4,1722.34,459.93,73.34,205.65,0.5926,-1,-1,-1
157,13,400.49,703.66,98.26,264.96,0.7720,-1,-1,-1
157,2,102.88,545.73,71.90,247.23,0.6958,-1,-1,-1
157,6,194.92,608.13,72.16,214.43,0.7420,-1,-1,-1
157,5,1357.88,578.64,81.81,210.91,0.5215,-1,-1,-1
157,12,857.85,203.43,61.84,185.70,0.5671,-1,-1,-1
158,1,416.36,249.71,76.50,214.94,0.6446,-1,-1,-1
158,3,1035.53,909.49,69.04,170.42,0.7158,-1,-1,-1
158,4,1722.17,459.94,73.56,206.27,0.6106,-1,-1,-1
158,13,400.05,703.71,97.58,262.79,0.7844,-1,-1,-1
158,2,102.77,546.13,71.78,246.61,0.6986,-1,-1,-1
158,6,196.33,606.89,71.20,213.36,0.7153,-1,-1,-1
158,5,1357.73,577.82,81.85,210.60,0.5366,-1,-1,-1
158,12,856.22,201.83,62.40,184.70,0.5558,-1,-1,-1
159,1,417.55,249.71,75.80,212.87,0.6106,-1,-1,-1
159,3,1034.12,908.66,68.49,170.80,0.6983,-1,-1,-1
159,4,1722.43,461.11,73.18,205.07,0.6000,-1,-1,-1
159,13,400.33,702.85,96.37,260.95,0.7611,-1,-1,-1
159,2,102.75,546.24,71.82,246.64,0.6950,-1,-1,-1
159,6,197.95,604.76,70.55,212.91,0.6951,-1,-1,-1
159,5,1357.47,578.30,82.54,211.86,0.5145,-1,-1,-1
159,12,854.02,200.58,64.14,187.83,0.5482,-1,-1,-1
160,1,417.77,248.06,75.95,213.81,0.6440,-1,-1,-1
160,3,1033.30,908.56,67.94,171.29,0.6799,-1,-1,-1
160,4,1721.98,461.28,73.15,204.80,0.5705,-1,-1,-1
160,13,400.78,698.82,95.04,258.03,0.7656,-1,-1,-1
160,2,102.61,546.67,71.76,246.43,0.6985,-1,-1,-1
160,6,199.21,602.70,70.59,214.76,0.7002,-1,-1,-1
160,12,852.72,199.06,65.58,191.01,0.5134,-1,-1,-1
161,1,418.23,247.00,75.54,212.23,0.6232,-1,-1,-1
161,3,1031.43,908.07,67.70,171.92,0.6929,-1,-1,-1
161,4,1721.89,461.06,73.40,205.52,0.5775,-1,-1,-1
161,13,401.51,693.58,93.45,254.24,0.7744,-1,-1,-1
161,2,102.42,546.68,71.95,247.06,0.6866,-1,-1,-1
161,6,202.48,599.64,69.32,213.74,0.6675,-1,-1,-1
161,5,1357.40,579.59,83.94,215.30,0.5265,-1,-1,-1
162,1,419.05,246.18,75.11,210.71,0.6233,-1,-1,-1
162,3,1030.14,907.34,67.41,172.70,0.7115,-1,-1,-1
162,4,1721.93,461.58,73.40,205.53,0.5775,-1,-1,-1
162,13,402.27,688.83,93.03,253.59,0.7652,-1,-1,-1
162,2,102.02,546.43,72.09,247.69,0.6726,-1,-1,-1
162,6,207.48,598.21,67.30,209.19,0.6741,-1,-1,-1
163,1,419.71,244.95,75.07,209.78,0.6178,-1,-1,-1
163,3,1028.88,906.45,67.27,173.61,0.6839,-1,-1,-1
163,4,1721.72,461.01,73.70,206.41,0.5791,-1,-1,-1
163,13,402.21,684.64,93.15,254.82,0.7710,-1,-1,-1
163,2,102.21,546.42,72.13,247.79,0.6631,-1,-1,-1
163,6,210.63,595.89,66.49,207.96,0.6715,-1,-1,-1
163,5,1357.34,579.93,87.11,223.14,0.5055,-1,-1,-1
164,1,419.84,244.27,75.04,208.58,0.6263,-1,-1,-1
164,3,1027.53,906.86,66.39,172.80,0.7307,-1,-1,-1
164,4,1721.69,460.75,73.80,206.64,0.5990,-1,-1,-1
164,13,402.08,682.16,92.93,254.57,0.7738,-1,-1,-1
164,2,102.08,546.54,71.95,247.21,0.6805,-1,-1,-1
164,6,213.36,594.03,66.42,208.84,0.7065,-1,-1,-1
165,1,420.01,242.65,75.73,209.58,0.6170,-1,-1,-1
165,3,1026.22,907.42,65.66,172.15,0.7265,-1,-1,-1
165,4,1721.88,460.45,73.81,206.53,0.5945,-1,-1,-1
165,13,401.23,680.20,93.45,255.90,0.7917,-1,-1,-1
165,2,102.08,546.42,71.83,246.85,0.6766,-1,-1,-1
165,6,213.49,592.18,66.45,209.28,0.7327,-1,-1,-1
165,5,1357.94,581.07,85.66,219.16,0.5013,-1,-1,-1
166,1,419.41,241.60,75.94,210.16,0.5914,-1,-1,-1
166,3,1024.76,907.33,65.31,172.16,0.6855,-1,-1,-1
166,4,1721.84,460.67,73.88,206.95,0.6247,-1,-1,-1
166,13,400.07,678.55,94.27,258.22,0.7914,-1,-1,-1
166,2,101.92,546.25,71.79,246.84,0.6849,-1,-1,-1
166,6,216.34,590.49,67.36,211.00,0.7025,-1,-1,-1
166,5,1357.68,580.59,84.40,215.78,0.5031,-1,-1,-1
167,1,418.75,240.52,76.44,211.72,0.5753,-1,-1,-1
167,3,1022.98,906.71,65.49,172.94,0.6849,-1,-1,-1
167,4,1721.84,460.50,73.80,207.05,0.6082,-1,-1,-1
167,13,399.41,675.67,94.81,260.23,0.7967,-1,-1,-1
167,2,101.84,546.33,71.90,247.17,0.6872,-1,-1,-1
167,6,217.89,589.35,68.74,213.37,0.7071,-1,-1,-1
168,1,418.00,239.49,76.89,213.01,0.5939,-1,-1,-1
168,3,1021.06,906.91,65.30,172.44,0.7042,-1,-1,-1
168,4,1721.43,459.27,74.32,208.76,0.6115,-1,-1,-1
168,13,398.64,674.94,94.99,260.87,0.7840,-1,-1,-1
168,2,101.93,546.53,71.90,246.98,0.6861,-1,-1,-1
168,6,221.65,589.04,69.52,212.58,0.7157,-1,-1,-1
168,12,854.75,191.34,66.18,190.57,0.5117,-1,-1,-1
169,1,418.43,238.63,77.27,213.81,0.6112,-1,-1,-1
169,3,1020.20,907.86,64.89,171.27,0.7078,-1,-1,-1
169,4,1721.46,459.77,74.12,208.23,0.6104,-1,-1,-1
169,13,398.88,674.08,94.96,260.86,0.7770,-1,-1,-1
169,2,101.82,545.89,72.34,248.25,0.6516,-1,-1,-1
169,6,224.10,588.62,70.49,213.23,0.6902,-1,-1,-1
169,12,854.75,190.72,66.55,189.24,0.5304,-1,-1,-1
170,1,418.33,237.83,77.76,214.98,0.6154,-1,-1,-1
170,3,1017.99,908.41,64.64,171.17,0.7220,-1,-1,-1
170,4,1721.34,460.46,73.98,207.66,0.6201,-1,-1,-1
170,13,399.08,673.11,94.75,260.92,0.7748,-1,-1,-1
170,2,102.13,546.38,72.18,247.04,0.6539,-1,-1,-1
170,6,224.03,588.32,71.05,213.68,0.6627,-1,-1,-1
170,12,856.14,189.85,66.48,188.49,0.5096,-1,-1,-1
171,1,418.10,237.75,77.90,215.15,0.6221,-1,-1,-1
171,3,1016.48,908.93,64.24,170.94,0.7228,-1,-1,-1
171,4,1721.49,459.99,74.13,208.12,0.6031,-1,-1,-1
171,13,399.21,672.24,94.32,260.26,0.7746,-1,-1,-1
171,2,102.27,546.43,72.51,247.32,0.6602,-1,-1,-1
171,6,223.30,588.14,71.40,213.14,0.6914,-1,-1,-1
172,1,417.75,237.53,78.35,216.44,0.6276,-1,-1,-1
172,3,1014.91,909.67,63.65,169.95,0.7436,-1,-1,-1
172,4,1721.74,460.29,73.94,207.59,0.5985,-1,-1,-1
172,13,399.43,670.58,93.96,259.92,0.7812,-1,-1,-1
172,2,101.68,546.63,72.45,246.40,0.6623,-1,-1,-1
172,6,222.54,586.94,72.14,213.65,0.6431,-1,-1,-1
172,12,859.42,189.60,65.72,186.27,0.5030,-1,-1,-1
173,1,417.70,237.11,78.40,216.62,0.6146,-1,-1,-1
173,3,1012.56,910.04,63.44,169.60,0.7341,-1,-1,-1
173,4,1721.57,460.77,73.73,206.72,0.5928,-1,-1,-1
173,13,400.45,668.66,93.22,259.32,0.7742,-1,-1,-1
173,2,101.53,546.32,72.71,246.90,0.6574,-1,-1,-1
173,6,221.85,584.19,72.98,215.14,0.6587,-1,-1,-1
173,5,1357.16,579.03,83.64,214.07,0.5034,-1,-1,-1
174,1,417.22,236.54,78.49,217.22,0.6205,-1,-1,-1
174,3,1010.41,911.28,63.13,168.60,0.7399,-1,-1,-1
174,4,1721.34,459.88,74.08,207.69,0.5966,-1,-1,-1
174,13,401.88,666.67,92.60,259.67,0.7818,-1,-1,-1
174,2,101.16,546.70,72.78,246.65,0.6518,-1,-1,-1
174,6,223.72,583.06,72.87,214.04,0.6752,-1,-1,-1
175,1,416.64,235.73,78.23,216.79,0.6517,-1,-1,-1
175,3,1007.76,912.74,62.77,167.24,0.7263,-1,-1,-1
175,4,1721.43,459.90,74.09,207.90,0.5931,-1,-1,-1
175,13,402.74,663.89,92.28,260.85,0.8043,-1,-1,-1
175,2,100.73,546.66,72.81,246.36,0.6572,-1,-1,-1
175,6,224.75,579.79,72.71,214.36,0.6874,-1,-1,-1
175,5,1358.01,578.81,82.19,209.62,0.5184,-1,-1,-1
176,1,416.06,233.41,78.29,217.79,0.6333,-1,-1,-1
176,3,1005.94,913.16,62.59,166.85,0.7290,-1,-1,-1
176,4,1721.17,459.67,74.12,208.22,0.5885,-1,-1,-1
176,13,403.51,659.58,91.06,259.61,0.7913,-1,-1,-1
176,2,100.46,546.81,72.85,246.41,0.6576,-1,-1,-1
176,6,225.73,577.21,72.03,213.56,0.6685,-1,-1,-1
176,5,1357.97,578.85,81.59,207.69,0.5145,-1,-1,-1
176,12,863.07,184.31,65.74,185.99,0.5037,-1,-1,-1
177,1,415.55,232.78,78.03,217.93,0.6375,-1,-1,-1
177,3,1005.00,913.19,62.14,165.31,0.7308,-1,-1,-1
177,4,1721.11,459.71,74.10,208.13,0.5823,-1,-1,-1
177,13,404.97,654.78,88.89,255.14,0.7858,-1,-1,-1
177,2,100.36,546.90,72.78,246.07,0.6565,-1,-1,-1
177,6,226.28,575.27,71.16,211.89,0.6766,-1,-1,-1
177,12,864.35,182.17,65.75,185.48,0.5223,-1,-1,-1
178,1,415.31,231.10,77.08,215.91,0.6172,-1,-1,-1
178,3,1003.98,913.34,61.93,164.71,0.7206,-1,-1,-1
178,4,1721.25,460.10,73.95,207.75,0.5631,-1,-1,-1
178,13,405.46,650.85,87.51,251.81,0.7857,-1,-1,-1
178,2,100.05,547.04,72.43,245.06,0.6539,-1,-1,-1
178,6,227.13,573.45,69.74,208.19,0.6069,-1,-1,-1
179,1,414.39,228.57,76.72,215.93,0.5930,-1,-1,-1
179,3,1002.18,913.56,61.71,164.66,0.7161,-1,-1,-1
179,4,1721.20,460.49,73.73,207.24,0.5469,-1,-1,-1
179,13,406.55,648.57,86.73,249.98,0.7860,-1,-1,-1
179,2,99.96,546.18,72.57,246.39,0.6507,-1,-1,-1
179,6,227.29,571.46,69.43,207.50,0.6183,-1,-1,-1
179,5,1356.44,577.51,85.30,217.99,0.5050,-1,-1,-1
180,1,414.18,227.51,75.74,213.28,0.6236,-1,-1,-1
180,3,1000.11,913.34,61.68,165.17,0.7209,-1,-1,-1
180,4,1721.39,460.22,73.89,207.94,0.5274,-1,-1,-1
180,13,408.49,647.63,86.30,248.78,0.7905,-1,-1,-1
180,2,99.80,545.98,72.29,246.28,0.6557,-1,-1,-1
180,6,228.45,569.98,69.17,207.07,0.5864,-1,-1,-1
180,20,-4.02,618.04,93.75,222.94,0.5042,-1,-1,-1
180,5,1357.00,577.04,83.35,213.28,0.5125,-1,-1,-1
180,16,527.46,295.02,58.14,202.36,0.5224,-1,-1,-1
180,12,867.86,181.08,65.81,184.71,0.5042,-1,-1,-1
181,1,414.34,227.06,74.79,210.70,0.5963,-1,-1,-1
181,3,997.93,914.28,61.33,164.67,0.7208,-1,-1,-1
181,4,1721.44,459.19,74.34,209.37,0.5129,-1,-1,-1
181,13,409.96,646.25,86.50,248.90,0.7886,-1,-1,-1
181,2,99.57,545.44,72.43,247.78,0.6546,-1,-1,-1
181,6,229.67,568.96,68.78,205.85,0.5737,-1,-1,-1
181,16,527.98,299.51,57.83,200.03,0.5467,-1,-1,-1
181,12,869.26,179.18,65.86,184.28,0.5017,-1,-1,-1
182,1,414.91,226.60,74.07,208.57,0.5808,-1,-1,-1
182,3,995.95,915.71,60.49,163.05,0.7356,-1,-1,-1
182,4,1721.58,459.23,74.13,209.22,0.5284,-1,-1,-1
182,13,410.23,645.09,87.21,249.99,0.7844,-1,-1,-1
182,2,99.78,545.69,72.03,247.30,0.6712,-1,-1,-1
182,6,230.25,567.59,67.79,203.93,0.5869,-1,-1,-1
182,12,869.77,177.70,67.21,185.85,0.5388,-1,-1,-1
182,20,2.77,618.86,100.26,238.12,0.6071,-1,-1,-1
183,1,415.97,227.96,73.27,206.52,0.5793,-1,-1,-1
183,3,994.71,916.16,59.98,162.20,0.7283,-1,-1,-1
183,4,1721.75,459.37,73.85,208.77,0.5237,-1,-1,-1
183,13,410.53,643.52,88.20,251.38,0.7979,-1,-1,-1
183,2,99.86,545.79,71.88,247.75,0.6819,-1,-1,-1
183,6,230.23,566.12,67.92,204.86,0.5514,-1,-1,-1
183,12,870.13,176.70,68.20,186.98,0.5564,-1,-1,-1
183,20,5.07,621.39,100.86,239.31,0.6555,-1,-1,-1
184,1,416.62,227.59,73.35,206.77,0.5791,-1,-1,-1
184,3,993.76,917.66,59.54,161.48,0.7233,-1,-1,-1
184,4,1721.21,459.25,73.86,208.97,0.5334,-1,-1,-1
184,13,411.07,642.18,89.03,252.48,0.7735,-1,-1,-1
184,2,99.47,545.82,71.67,248.04,0.6704,-1,-1,-1
184,6,230.41,565.28,68.57,208.05,0.5351,-1,-1,-1
184,12,870.08,176.52,68.81,187.31,0.5430,-1,-1,-1
184,20,7.03,622.44,99.48,236.27,0.6215,-1,-1,-1
185,1,416.18,227.19,73.51,207.08,0.5878,-1,-1,-1
185,3,992.84,918.32,58.99,160.04,0.7175,-1,-1,-1
185,4,1721.28,459.38,73.64,208.59,0.5027,-1,-1,-1
185,13,411.24,642.27,89.60,252.41,0.7859,-1,-1,-1
185,2,99.06,546.08,71.21,247.32,0.6464,-1,-1,-1
185,6,230.80,564.95,68.74,209.41,0.5680,-1,-1,-1
185,12,870.22,177.31,69.84,188.42,0.5879,-1,-1,-1
185,20,10.84,622.12,98.57,234.89,0.6221,-1,-1,-1
186,1,415.97,226.67,73.63,207.23,0.5963,-1,-1,-1
186,3,991.49,918.49,58.91,160.19,0.7341,-1,-1,-1
186,4,1721.37,459.15,73.59,208.75,0.5033,-1,-1,-1
186,13,410.85,640.89,90.61,254.25,0.7943,-1,-1,-1
186,2,98.83,546.45,70.83,246.54,0.6452,-1,-1,-1
186,6,230.06,564.73,68.32,208.47,0.5833,-1,-1,-1
186,12,869.60,176.11,70.95,190.47,0.5612,-1,-1,-1
186,20,13.94,620.11,98.84,236.27,0.6575,-1,-1,-1
187,1,415.90,225.32,74.24,209.05,0.6014,-1,-1,-1
187,3,990.09,918.93,58.84,159.54,0.7347,-1,-1,-1
187,13,410.41,639.14,91.41,255.66,0.7812,-1,-1,-1
187,2,98.38,546.52,70.28,244.18,0.6377,-1,-1,-1
187,6,229.13,563.92,68.48,209.29,0.6350,-1,-1,-1
187,12,869.24,176.13,71.65,191.34,0.5617,-1,-1,-1
187,20,19.88,620.03,99.96,239.43,0.6872,-1,-1,-1
187,5,1356.06,573.41,86.97,224.20,0.5044,-1,-1,-1
187,16,526.07,302.06,59.25,205.04,0.5400,-1,-1,-1
188,1,416.25,225.68,73.87,207.72,0.5946,-1,-1,-1
188,3,989.28,919.28,58.88,159.23,0.7218,-1,-1,-1
188,13,410.84,637.45,91.64,256.18,0.7685,-1,-1,-1
188,2,97.81,546.31,69.97,242.33,0.5923,-1,-1,-1
188,6,228.27,562.04,68.95,210.91,0.6183,-1,-1,-1
188,20,24.34,619.07,100.85,240.85,0.7143,-1,-1,-1
188,16,525.02,301.00,60.26,206.92,0.5397,-1,-1,-1
188,4,1721.43,460.08,73.21,207.53,0.5075,-1,-1,-1
189,1,416.20,224.65,73.88,207.65,0.5819,-1,-1,-1
189,3,987.95,919.81,58.82,158.86,0.7122,-1,-1,-1
189,13,410.09,634.39,92.29,258.12,0.7985,-1,-1,-1
189,2,96.35,546.52,69.21,239.07,0.5354,-1,-1,-1
189,6,228.11,558.48,68.24,209.78,0.5553,-1,-1,-1
189,20,27.72,619.56,102.08,242.24,0.6902,-1,-1,-1
189,16,524.41,303.78,60.70,206.73,0.5648,-1,-1,-1
190,1,416.70,224.30,73.79,207.46,0.5687,-1,-1,-1
190,3,986.87,920.71,58.48,157.65,0.7264,-1,-1,-1
190,13,410.42,633.50,91.42,256.71,0.7853,-1,-1,-1
190,6,228.31,555.54,67.35,207.93,0.5731,-1,-1,-1
190,20,31.37,621.17,104.05,245.21,0.6737,-1,-1,-1
190,16,523.79,303.39,61.94,209.07,0.5938,-1,-1,-1
190,12,872.57,178.46,71.06,185.53,0.5122,-1,-1,-1
191,1,417.30,223.16,73.81,207.57,0.5656,-1,-1,-1
191,3,985.95,921.75,57.96,155.84,0.7426,-1,-1,-1
191,13,410.21,630.79,90.63,255.75,0.7833,-1,-1,-1
191,6,228.12,552.21,66.51,206.34,0.5918,-1,-1,-1
191,20,35.67,622.25,106.93,249.18,0.6087,-1,-1,-1
191,16,523.61,303.39,62.87,210.38,0.5484,-1,-1,-1
191,2,100.96,545.68,58.30,195.76,0.5734,-1,-1,-1
192,1,418.16,222.84,73.83,207.67,0.5437,-1,-1,-1
192,3,984.97,922.58,57.62,154.73,0.7447,-1,-1,-1
192,13,410.49,626.25,89.26,253.08,0.7717,-1,-1,-1
192,6,227.98,550.37,66.04,204.96,0.6324,-1,-1,-1
192,20,38.90,624.87,108.97,251.45,0.5943,-1,-1,-1
192,16,523.89,304.74,63.06,209.27,0.5989,-1,-1,-1
192,2,101.65,545.06,56.61,185.12,0.5979,-1,-1,-1
192,4,1720.99,460.00,73.34,207.48,0.5382,-1,-1,-1
192,12,874.56,173.62,71.84,185.73,0.5071,-1,-1,-1
193,1,418.10,221.32,74.12,208.35,0.5236,-1,-1,-1
193,3,983.89,922.39,57.73,155.23,0.7164,-1,-1,-1
193,13,410.79,622.60,87.66,249.58,0.7896,-1,-1,-1
193,6,227.75,547.33,66.30,206.33,0.6395,-1,-1,-1
193,20,41.24,628.39,108.08,248.10,0.5098,-1,-1,-1
193,16,523.65,307.67,62.93,206.36,0.5524,-1,-1,-1
193,2,101.03,544.95,56.41,179.98,0.5867,-1,-1,-1
193,4,1720.97,459.58,73.41,207.51,0.5201,-1,-1,-1
194,1,418.68,221.55,73.87,207.03,0.5100,-1,-1,-1
194,3,982.57,922.05,58.21,156.02,0.7386,-1,-1,-1
194,13,410.55,619.21,86.48,248.25,0.7743,-1,-1,-1
194,6,227.65,545.69,65.99,205.74,0.6429,-1,-1,-1
194,20,44.13,631.23,106.78,243.87,0.5885,-1,-1,-1
194,16,522.62,308.81,63.43,205.65,0.5770,-1,-1,-1
194,2,100.16,544.70,56.63,175.83,0.6222,-1,-1,-1
194,4,1720.98,459.84,73.49,207.57,0.5017,-1,-1,-1
195,1,418.76,219.56,74.76,209.58,0.5585,-1,-1,-1
195,3,982.15,922.26,58.15,155.78,0.7299,-1,-1,-1
195,13,410.56,617.31,85.62,247.29,0.7846,-1,-1,-1
195,6,227.18,544.31,66.14,207.24,0.6471,-1,-1,-1
195,20,46.50,633.38,104.64,237.44,0.6656,-1,-1,-1
195,16,520.91,308.84,64.69,206.81,0.6708,-1,-1,-1
195,2,99.32,544.44,57.57,174.74,0.6015,-1,-1,-1
195,4,1721.02,459.54,73.68,208.14,0.5215,-1,-1,-1
195,5,1356.66,570.39,84.55,218.25,0.5590,-1,-1,-1
196,1,419.19,217.97,74.66,209.75,0.5386,-1,-1,-1
196,3,981.23,921.90,58.68,156.48,0.7311,-1,-1,-1
196,13,408.78,614.24,85.80,248.14,0.7515,-1,-1,-1
196,6,226.22,543.81,65.91,207.22,0.6475,-1,-1,-1
196,20,47.44,635.82,106.56,241.92,0.6668,-1,-1,-1
196,16,520.66,310.45,65.49,207.09,0.6012,-1,-1,-1
196,2,98.44,544.17,58.70,175.10,0.5414,-1,-1,-1
196,4,1720.48,458.70,74.04,209.52,0.5037,-1,-1,-1
196,5,1356.39,571.46,84.64,218.76,0.5213,-1,-1,-1
197,1,419.84,216.56,74.73,209.43,0.5739,-1,-1,-1
197,3,979.71,922.01,59.16,156.48,0.7374,-1,-1,-1
197,13,406.21,611.19,86.34,249.32,0.7413,-1,-1,-1
197,6,225.44,543.23,66.18,208.79,0.6860,-1,-1,-1
197,20,50.75,638.92,108.58,246.78,0.6736,-1,-1,-1
197,16,518.82,308.35,67.44,210.86,0.6745,-1,-1,-1
197,2,98.51,543.97,58.35,171.34,0.5280,-1,-1,-1
197,4,1720.92,458.75,73.97,209.52,0.5006,-1,-1,-1
197,5,1356.41,571.52,84.34,218.10,0.5401,-1,-1,-1
198,1,420.88,215.42,74.61,208.73,0.5656,-1,-1,-1
198,3,977.75,921.50,59.66,157.26,0.7018,-1,-1,-1
198,13,403.31,610.53,87.17,250.73,0.7492,-1,-1,-1
198,6,225.23,542.41,66.29,209.64,0.6939,-1,-1,-1
198,20,54.24,641.72,108.77,247.57,0.6953,-1,-1,-1
198,16,518.17,311.54,67.96,210.66,0.6261,-1,-1,-1
198,2,98.83,543.86,58.46,169.96,0.5198,-1,-1,-1
198,5,1356.56,571.80,84.62,218.74,0.5586,-1,-1,-1
199,1,420.86,214.26,74.17,206.43,0.5663,-1,-1,-1
199,3,975.85,921.35,60.18,157.45,0.7289,-1,-1,-1
199,13,401.09,609.86,88.26,252.51,0.7422,-1,-1,-1
199,6,225.45,542.47,66.00,209.19,0.7028,-1,-1,-1
199,20,56.63,644.00,108.81,248.05,0.7226,-1,-1,-1
199,16,518.00,314.32,68.25,210.27,0.6018,-1,-1,-1
199,2,98.43,544.16,58.98,169.93,0.5182,-1,-1,-1
199,5,1355.46,571.15,85.66,221.48,0.5205,-1,-1,-1
199,4,1720.56,458.67,73.81,209.29,0.5286,-1,-1,-1
200,1,420.78,212.52,74.27,205.69,0.5739,-1,-1,-1
200,3,974.14,920.56,60.58,157.68,0.7147,-1,-1,-1
200,13,399.66,609.32,88.57,252.29,0.7471,-1,-1,-1
200,6,225.04,541.89,65.61,208.69,0.7167,-1,-1,-1
200,20,58.86,648.01,107.10,245.06,0.7122,-1,-1,-1
200,16,518.07,317.71,68.02,209.57,0.5842,-1,-1,-1
200,2,98.56,543.76,58.48,166.69,0.5372,-1,-1,-1
200,5,1355.36,571.32,84.19,218.29,0.5400,-1,-1,-1
200,4,1720.57,458.70,73.54,208.81,0.5340,-1,-1,-1
201,1,421.24,211.38,74.82,206.02,0.5669,-1,-1,-1
201,3,972.84,920.06,60.89,158.01,0.7218,-1,-1,-1
201,13,398.00,608.88,89.02,252.23,0.7428,-1,-1,-1
201,6,224.85,541.14,65.43,209.04,0.7041,-1,-1,-1
201,20,61.91,653.14,104.50,240.61,0.7342,-1,-1,-1
201,16,517.09,318.83,68.99,212.13,0.5941,-1,-1,-1
201,5,1354.73,571.10,84.21,219.27,0.5451,-1,-1,-1
201,4,1720.54,458.32,73.50,209.02,0.5539,-1,-1,-1
202,1,421.76,210.21,75.15,205.54,0.5610,-1,-1,-1
202,3,971.50,919.49,61.21,158.72,0.7279,-1,-1,-1
202,13,397.84,608.28,88.89,250.85,0.7354,-1,-1,-1
202,6,224.43,539.93,65.63,210.30,0.7057,-1,-1,-1
202,20,63.99,655.99,102.56,237.74,0.7427,-1,-1,-1
202,16,516.98,318.41,70.08,214.82,0.6122,-1,-1,-1
202,5,1354.53,571.09,83.03,216.66,0.5172,-1,-1,-1
202,4,1720.85,458.36,73.54,209.44,0.5819,-1,-1,-1
203,3,970.93,918.96,61.49,159.03,0.7357,-1,-1,-1
203,13,396.76,606.89,88.66,249.21,0.7339,-1,-1,-1
203,6,223.23,537.70,65.99,211.63,0.6996,-1,-1,-1
203,20,66.30,657.60,100.99,235.42,0.6964,-1,-1,-1
203,16,516.66,318.39,70.64,216.02,0.5676,-1,-1,-1
203,5,1355.98,571.98,81.47,212.44,0.5458,-1,-1,-1
203,4,1720.72,458.35,73.53,209.55,0.5910,-1,-1,-1
204,3,968.80,916.79,62.31,161.06,0.7307,-1,-1,-1
204,13,396.79,603.20,88.89,249.93,0.7216,-1,-1,-1
204,6,222.54,535.47,65.77,211.29,0.6727,-1,-1,-1
204,20,68.34,658.70,99.78,233.52,0.6856,-1,-1,-1
204,16,514.62,318.23,71.59,218.03,0.5869,-1,-1,-1
204,5,1356.77,571.63,81.96,213.49,0.5603,-1,-1,-1
204,4,1720.87,458.84,73.39,209.18,0.5781,-1,-1,-1
204,12,887.02,157.31,71.95,186.02,0.5037,-1,-1,-1
205,3,967.07,915.69,62.74,162.38,0.7310,-1,-1,-1
205,13,395.30,600.19,89.47,251.19,0.7193,-1,-1,-1
205,6,221.02,531.85,65.60,210.42,0.6652,-1,-1,-1
205,20,70.30,657.79,100.01,234.37,0.7375,-1,-1,-1
205,16,515.04,318.34,71.91,218.41,0.5049,-1,-1,-1
205,5,1356.47,571.65,82.30,214.32,0.5317,-1,-1,-1
205,4,1720.56,458.78,73.64,209.76,0.5665,-1,-1,-1
206,3,965.43,914.98,62.95,162.95,0.7458,-1,-1,-1
206,13,395.01,597.90,89.58,251.98,0.7334,-1,-1,-1
206,6,221.13,529.27,63.96,205.01,0.6692,-1,-1,-1
206,20,74.03,657.43,99.88,234.49,0.7627,-1,-1,-1
206,16,514.35,319.50,72.17,218.17,0.5080,-1,-1,-1
206,5,1355.52,571.45,82.55,215.21,0.5380,-1,-1,-1
206,4,1720.69,458.99,73.70,209.61,0.5679,-1,-1,-1
206,1,424.06,205.21,76.50,208.22,0.5126,-1,-1,-1
206,12,889.46,156.03,70.79,184.30,0.5184,-1,-1,-1
207,3,963.79,913.61,63.39,164.45,0.7476,-1,-1,-1
207,13,395.53,596.31,88.25,248.42,0.7456,-1,-1,-1
207,6,221.41,526.91,63.15,202.53,0.6494,-1,-1,-1
207,20,80.49,659.05,100.66,235.49,0.7234,-1,-1,-1
207,16,513.04,319.84,72.32,217.50,0.5340,-1,-1,-1
207,4,1720.81,458.93,73.50,208.99,0.5735,-1,-1,-1
207,12,890.28,154.55,72.17,188.47,0.5108,-1,-1,-1
208,3,961.71,912.77,63.81,165.59,0.7408,-1,-1,-1
208,13,396.61,593.62,86.99,245.54,0.7482,-1,-1,-1
208,6,220.76,524.85,63.25,202.40,0.6129,-1,-1,-1
208,20,85.95,660.33,102.87,239.41,0.7345,-1,-1,-1
208,16,511.35,322.67,71.69,213.95,0.5138,-1,-1,-1
208,4,1721.07,458.85,73.63,209.56,0.5807,-1,-1,-1
208,5,1356.23,570.60,82.01,214.42,0.5151,-1,-1,-1
209,3,960.09,912.40,63.78,166.15,0.7305,-1,-1,-1
209,13,397.42,591.13,85.35,241.76,0.7519,-1,-1,-1
209,6,220.49,523.14,63.23,202.27,0.6256,-1,-1,-1
209,20,90.73,664.26,104.17,239.81,0.7617,-1,-1,-1
209,16,510.25,323.48,71.74,213.14,0.5572,-1,-1,-1
209,4,1721.11,457.94,73.77,210.28,0.5548,-1,-1,-1
210,3,957.90,912.04,64.02,166.96,0.7292,-1,-1,-1
210,13,398.60,589.76,83.92,238.66,0.7551,-1,-1,-1
210,6,219.83,522.08,63.66,203.16,0.6205,-1,-1,-1
210,20,92.68,666.68,105.94,240.36,0.7543,-1,-1,-1
210,16,509.30,323.94,71.94,213.30,0.5971,-1,-1,-1
210,4,1721.00,458.14,73.76,210.38,0.5698,-1,-1,-1
210,21,2.51,607.01,83.53,234.31,0.5913,-1,-1,-1
210,5,1355.52,570.81,81.79,214.98,0.5190,-1,-1,-1
211,3,956.07,912.11,63.96,166.65,0.7376,-1,-1,-1
211,13,399.01,587.24,83.36,238.18,0.7515,-1,-1,-1
211,6,218.62,520.77,64.19,204.37,0.5994,-1,-1,-1
211,20,95.64,668.78,106.97,241.13,0.7521,-1,-1,-1
211,16,508.87,324.19,71.65,212.05,0.5998,-1,-1,-1
211,4,1721.12,458.87,73.22,208.61,0.5500,-1,-1,-1
211,21,3.92,611.24,82.10,229.89,0.5870,-1,-1,-1
211,5,1354.43,570.36,82.50,218.37,0.5124,-1,-1,-1
212,3,954.10,911.11,64.64,168.48,0.7329,-1,-1,-1
212,13,398.99,585.20,83.30,238.60,0.7133,-1,-1,-1
212,6,217.41,519.46,64.65,205.47,0.6211,-1,-1,-1
212,20,98.34,670.15,108.06,243.67,0.7423,-1,-1,-1
212,16,508.13,325.38,71.38,210.89,0.5918,-1,-1,-1
212,4,1720.94,459.30,73.54,209.37,0.5753,-1,-1,-1
212,21,14.61,610.37,83.26,233.20,0.5596,-1,-1,-1
212,5,1354.32,570.78,82.37,219.39,0.5009,-1,-1,-1
213,3,951.93,910.12,65.12,169.78,0.7463,-1,-1,-1
213,13,399.01,582.85,83.91,241.01,0.7104,-1,-1,-1
213,6,216.54,518.83,64.54,204.68,0.6150,-1,-1,-1
213,20,99.72,669.99,109.59,248.08,0.7477,-1,-1,-1
213,16,507.48,326.03,71.43,211.25,0.6299,-1,-1,-1
213,4,1720.96,459.12,73.76,209.74,0.5666,-1,-1,-1
213,21,21.54,610.30,83.32,234.10,0.5290,-1,-1,-1
213,5,1354.04,570.56,82.48,220.90,0.5398,-1,-1,-1
213,12,897.88,145.08,69.93,184.10,0.5013,-1,-1,-1
214,3,950.56,908.96,65.45,171.06,0.7357,-1,-1,-1
214,13,399.00,580.24,84.81,243.50,0.6935,-1,-1,-1
214,6,216.44,518.39,64.38,203.61,0.5915,-1,-1,-1
214,20,102.03,667.73,110.64,252.71,0.7556,-1,-1,-1
214,16,508.21,325.19,71.46,211.28,0.7047,-1,-1,-1
214,4,1721.56,459.41,73.20,207.97,0.5645,-1,-1,-1
214,21,27.95,613.02,82.22,233.02,0.5563,-1,-1,-1
214,5,1354.01,571.03,81.45,218.86,0.5271,-1,-1,-1
215,3,948.92,908.86,65.27,171.20,0.7452,-1,-1,-1
215,13,399.15,578.66,85.50,244.90,0.7152,-1,-1,-1
215,6,216.27,517.54,64.47,203.69,0.5843,-1,-1,-1
215,20,104.51,666.02,110.65,256.33,0.7662,-1,-1,-1
215,16,508.22,325.40,71.96,213.21,0.6742,-1,-1,-1
215,4,1721.67,459.63,73.15,207.67,0.5782,-1,-1,-1
215,21,35.84,612.87,82.31,235.03,0.5209,-1,-1,-1
215,5,1355.07,571.47,80.30,216.17,0.5403,-1,-1,-1
216,3,948.17,908.90,64.97,171.16,0.7376,-1,-1,-1
216,13,399.77,577.97,86.00,245.91,0.7187,-1,-1,-1
216,6,215.57,516.69,64.07,201.98,0.5842,-1,-1,-1
216,20,106.79,664.15,109.96,259.11,0.7806,-1,-1,-1
216,16,507.36,326.90,72.51,215.59,0.6221,-1,-1,-1
216,4,1721.51,459.08,73.40,208.58,0.5417,-1,-1,-1
216,21,39.96,611.64,83.02,239.22,0.6183,-1,-1,-1
216,5,1355.17,571.16,80.70,217.56,0.5404,-1,-1,-1
216,12,899.82,140.96,69.95,186.20,0.5114,-1,-1,-1
217,3,947.53,908.69,64.66,171.37,0.7374,-1,-1,-1
217,13,400.01,576.75,86.51,246.58,0.7099,-1,-1,-1
217,6,216.18,515.74,64.11,203.46,0.5800,-1,-1,-1
217,20,108.10,663.44,108.79,259.92,0.7908,-1,-1,-1
217,16,507.29,328.96,72.72,217.28,0.5991,-1,-1,-1
217,4,1721.26,459.06,73.50,208.85,0.5315,-1,-1,-1
217,21,45.36,613.30,82.65,239.77,0.6280,-1,-1,-1
217,5,1355.22,571.51,81.07,218.28,0.5258,-1,-1,-1
218,3,946.08,908.28,64.73,171.78,0.7344,-1,-1,-1
218,13,399.96,576.17,86.83,246.48,0.7189,-1,-1,-1
218,6,216.15,514.20,64.00,205.33,0.5482,-1,-1,-1
218,20,111.50,664.06,106.93,258.98,0.7803,-1,-1,-1
218,16,507.29,330.13,72.87,219.50,0.6173,-1,-1,-1
218,4,1721.24,459.26,73.61,209.35,0.5225,-1,-1,-1
219,3,943.84,907.52,65.17,172.53,0.7538,-1,-1,-1
219,13,400.27,575.12,86.73,245.75,0.6946,-1,-1,-1
219,6,215.06,512.02,63.00,203.52,0.5354,-1,-1,-1
219,20,114.76,663.26,105.28,258.59,0.7718,-1,-1,-1
219,16,507.58,331.66,72.44,220.09,0.6280,-1,-1,-1
219,4,1721.08,458.95,73.72,209.85,0.5485,-1,-1,-1
219,21,58.25,624.09,78.74,227.10,0.5830,-1,-1,-1
219,5,1355.28,571.90,80.73,217.11,0.5037,-1,-1,-1
220,3,942.06,905.99,65.95,174.06,0.7481,-1,-1,-1
220,13,399.18,572.48,87.23,246.89,0.7156,-1,-1,-1
220,6,213.32,508.29,62.29,202.29,0.5506,-1,-1,-1
220,20,119.45,665.30,102.55,253.11,0.7425,-1,-1,-1
220,16,507.62,333.95,71.30,218.45,0.6369,-1,-1,-1
220,4,1721.24,459.02,73.57,209.39,0.5642,-1,-1,-1
220,21,62.90,629.81,77.89,222.21,0.6052,-1,-1,-1
220,5,1355.29,571.14,81.33,218.18,0.5130,-1,-1,-1
220,12,899.83,140.87,70.93,187.74,0.5145,-1,-1,-1
221,3,939.51,905.00,66.61,175.04,0.7478,-1,-1,-1
221,13,398.88,569.64,87.41,248.02,0.6923,-1,-1,-1
221,6,212.20,504.92,61.93,201.54,0.5997,-1,-1,-1
221,20,124.10,667.11,101.83,252.23,0.7301,-1,-1,-1
221,16,508.15,336.16,70.97,218.68,0.6034,-1,-1,-1
221,4,1721.00,458.63,73.55,209.33,0.5864,-1,-1,-1
221,21,67.53,634.20,77.85,219.41,0.6305,-1,-1,-1
221,5,1355.20,571.42,81.44,218.04,0.5156,-1,-1,-1
221,22,597.76,343.75,58.14,199.95,0.5801,-1,-1,-1
221,12,900.59,141.12,70.87,188.11,0.5417,-1,-1,-1
222,3,938.02,904.86,67.20,175.18,0.7533,-1,-1,-1
222,13,398.08,566.01,87.72,249.92,0.7094,-1,-1,-1
222,6,210.57,503.41,62.12,200.85,0.5618,-1,-1,-1
222,20,131.10,668.76,102.34,251.80,0.7160,-1,-1,-1
222,16,508.72,336.83,70.49,218.95,0.5869,-1,-1,-1
222,4,1721.42,458.56,73.44,208.95,0.5638,-1,-1,-1
222,21,72.12,632.85,80.50,223.62,0.5137,-1,-1,-1
222,22,597.26,345.06,57.94,199.21,0.5701,-1,-1,-1
223,3,936.94,904.59,67.78,175.44,0.7456,-1,-1,-1
223,13,398.05,564.10,86.40,246.80,0.7257,-1,-1,-1
223,6,210.06,502.30,62.28,200.30,0.5643,-1,-1,-1
223,20,135.10,670.39,104.87,255.93,0.6903,-1,-1,-1
223,16,509.25,337.45,70.06,218.67,0.5835,-1,-1,-1
223,4,1721.60,458.01,73.39,209.22,0.5424,-1,-1,-1
223,21,73.92,634.22,81.52,224.52,0.5791,-1,-1,-1
223,22,596.41,346.07,57.75,198.37,0.5594,-1,-1,-1
224,3,936.25,904.31,68.19,175.72,0.7161,-1,-1,-1
224,13,397.90,560.96,84.46,241.67,0.7171,-1,-1,-1
224,6,210.37,500.78,62.18,201.40,0.5535,-1,-1,-1
224,20,138.97,674.38,107.19,258.68,0.7254,-1,-1,-1
224,16,510.21,338.19,69.78,218.38,0.5859,-1,-1,-1
224,4,1721.59,458.72,73.32,208.97,0.5487,-1,-1,-1
224,21,75.78,635.48,81.12,222.75,0.5422,-1,-1,-1
224,22,595.73,346.56,57.69,197.91,0.5603,-1,-1,-1
225,3,935.67,903.41,68.77,176.56,0.7277,-1,-1,-1
225,13,397.05,557.99,82.98,238.03,0.7170,-1,-1,-1
225,6,210.54,499.43,61.78,200.96,0.6084,-1,-1,-1
225,20,140.70,677.36,109.71,262.79,0.7732,-1,-1,-1
225,16,511.36,338.78,69.61,217.80,0.5865,-1,-1,-1
225,4,1721.42,458.73,73.54,209.43,0.5840,-1,-1,-1
225,21,78.50,638.49,81.58,225.45,0.5941,-1,-1,-1
225,22,595.17,347.78,57.27,196.09,0.5705,-1,-1,-1
226,3,934.37,902.32,69.64,177.68,0.7226,-1,-1,-1
226,13,394.67,555.52,83.22,237.96,0.7250,-1,-1,-1
226,6,208.75,499.05,62.44,201.50,0.6060,-1,-1,-1
226,20,142.13,680.13,111.07,264.70,0.7539,-1,-1,-1
226,16,510.93,339.59,69.84,217.32,0.6155,-1,-1,-1
226,4,1721.41,458.27,73.88,210.29,0.5769,-1,-1,-1
226,21,82.77,640.35,81.60,226.68,0.6079,-1,-1,-1
226,22,593.92,347.73,57.41,195.96,0.5807,-1,-1,-1
227,3,933.64,901.94,70.07,178.07,0.7081,-1,-1,-1
227,13,392.63,553.14,83.69,238.73,0.7344,-1,-1,-1
227,6,208.56,498.03,63.23,203.22,0.6048,-1,-1,-1
227,20,144.31,682.61,112.56,268.14,0.7643,-1,-1,-1
227,16,511.30,342.38,69.26,213.92,0.6181,-1,-1,-1
227,4,1721.39,458.24,73.76,210.04,0.5957,-1,-1,-1
227,21,88.85,639.71,81.40,227.84,0.5921,-1,-1,-1
227,22,592.46,347.64,57.98,196.87,0.5905,-1,-1,-1
228,3,933.23,901.13,70.56,178.87,0.6954,-1,-1,-1
228,13,389.95,551.81,84.47,239.41,0.7352,-1,-1,-1
228,6,208.86,496.90,63.64,203.70,0.6215,-1,-1,-1
228,20,145.85,686.57,111.32,266.97,0.7345,-1,-1,-1
228,16,510.66,342.06,69.43,213.85,0.6387,-1,-1,-1
228,4,1721.70,459.16,73.35,208.65,0.5956,-1,-1,-1
228,21,93.84,640.22,81.88,230.44,0.6010,-1,-1,-1
228,22,591.52,348.74,57.97,195.58,0.5721,-1,-1,-1
229,3,932.57,900.35,71.07,179.66,0.7155,-1,-1,-1
229,13,387.53,549.61,85.90,241.68,0.7255,-1,-1,-1
229,6,208.17,495.83,64.29,204.91,0.5912,-1,-1,-1
229,20,146.12,689.74,109.96,265.91,0.7290,-1,-1,-1
229,16,510.82,343.67,69.37,212.49,0.6495,-1,-1,-1
229,4,1721.28,459.32,73.51,208.86,0.6028,-1,-1,-1
229,21,100.54,642.83,79.99,226.30,0.5913,-1,-1,-1
229,22,590.90,349.55,58.08,194.65,0.5615,-1,-1,-1
230,3,932.47,899.69,71.41,180.32,0.7126,-1,-1,-1
230,13,385.34,546.68,87.91,245.78,0.7325,-1,-1,-1
230,6,207.46,494.59,64.64,204.76,0.5886,-1,-1,-1
230,20,147.31,693.01,109.32,264.75,0.7489,-1,-1,-1
230,16,510.91,344.44,69.85,213.21,0.6390,-1,-1,-1
230,4,1721.29,459.55,73.46,208.49,0.5841,-1,-1,-1
230,21,106.54,645.12,77.01,218.61,0.5594,-1,-1,-1
230,22,590.39,350.98,58.24,193.59,0.5281,-1,-1,-1
231,3,932.06,899.29,71.71,180.67,0.7279,-1,-1,-1
231,13,383.31,545.13,89.23,247.75,0.7377,-1,-1,-1
231,6,209.82,493.31,64.52,204.50,0.5610,-1,-1,-1
231,20,150.05,695.36,108.04,263.28,0.7687,-1,-1,-1
231,16,510.16,345.43,70.17,213.02,0.6584,-1,-1,-1
231,4,1721.34,458.82,73.81,209.51,0.6109,-1,-1,-1
231,22,589.81,350.48,58.77,193.33,0.5485,-1,-1,-1
232,3,932.03,899.25,71.88,180.74,0.7215,-1,-1,-1
232,13,380.79,544.56,90.24,248.30,0.7132,-1,-1,-1
232,6,213.15,492.22,63.78,203.51,0.5231,-1,-1,-1
232,20,155.72,697.68,105.68,260.51,0.7634,-1,-1,-1
232,16,508.93,345.95,70.85,215.08,0.6662,-1,-1,-1
232,4,1721.45,458.09,73.97,210.21,0.6170,-1,-1,-1
232,22,590.00,351.80,58.59,191.10,0.5231,-1,-1,-1
232,21,112.85,647.90,78.67,227.21,0.5335,-1,-1,-1
233,3,932.29,898.96,71.95,181.04,0.7089,-1,-1,-1
233,13,378.99,544.19,90.60,247.15,0.6917,-1,-1,-1
233,6,213.03,490.66,64.02,203.60,0.5892,-1,-1,-1
233,20,160.30,699.88,103.47,258.01,0.7783,-1,-1,-1
233,16,507.87,346.85,71.80,218.18,0.6781,-1,-1,-1
233,4,1721.63,458.35,73.73,209.53,0.5951,-1,-1,-1
233,22,589.72,353.39,58.90,190.74,0.5164,-1,-1,-1
233,21,114.20,648.48,77.58,227.34,0.5440,-1,-1,-1
234,3,933.29,899.80,71.31,180.20,0.6985,-1,-1,-1
234,13,377.69,542.74,90.73,245.23,0.7133,-1,-1,-1
234,6,214.78,488.68,63.07,200.37,0.5975,-1,-1,-1
234,20,163.07,701.25,102.06,257.11,0.7941,-1,-1,-1
234,16,506.64,347.78,72.28,220.32,0.6880,-1,-1,-1
234,4,1721.96,458.25,73.75,209.69,0.6140,-1,-1,-1
234,22,589.06,354.35,59.90,192.89,0.5440,-1,-1,-1
234,5,1359.49,575.25,91.79,239.54,0.5107,-1,-1,-1
235,3,933.31,900.36,70.72,179.65,0.6793,-1,-1,-1
235,13,376.05,541.54,91.27,245.30,0.7200,-1,-1,-1
235,6,215.97,486.20,62.40,198.47,0.5967,-1,-1,-1
235,20,166.53,702.64,99.72,254.47,0.7767,-1,-1,-1
235,16,505.79,350.07,72.24,220.86,0.6852,-1,-1,-1
235,4,1721.99,458.70,73.55,209.33,0.5925,-1,-1,-1
235,22,589.28,356.35,60.01,192.42,0.5304,-1,-1,-1
235,21,117.49,652.91,74.99,221.61,0.5006,-1,-1,-1
236,3,933.66,900.37,70.27,179.64,0.6705,-1,-1,-1
236,13,375.22,540.79,91.29,244.25,0.7202,-1,-1,-1
236,6,216.83,483.97,62.08,197.04,0.5818,-1,-1,-1
236,20,169.82,703.16,98.17,253.90,0.7783,-1,-1,-1
236,16,505.28,352.73,71.41,219.06,0.6844,-1,-1,-1
236,4,1721.91,459.11,73.35,209.05,0.6041,-1,-1,-1
236,22,588.94,358.45,59.10,188.68,0.5084,-1,-1,-1
236,21,120.68,656.70,73.81,219.54,0.5671,-1,-1,-1
237,3,933.95,900.37,69.74,179.63,0.6756,-1,-1,-1
237,13,374.84,538.01,91.59,244.86,0.7035,-1,-1,-1
237,6,218.00,482.45,61.96,196.40,0.5577,-1,-1,-1
237,20,173.13,703.80,96.26,251.74,0.7906,-1,-1,-1
237,16,504.14,355.39,70.83,217.38,0.6776,-1,-1,-1
237,4,1721.64,458.52,73.47,209.52,0.5917,-1,-1,-1
237,22,588.56,360.64,59.29,188.63,0.5128,-1,-1,-1
237,21,124.39,655.44,73.76,221.15,0.6008,-1,-1,-1
237,23,106.65,560.14,83.30,142.89,0.5160,-1,-1,-1
238,3,933.68,900.37,69.16,179.63,0.6801,-1,-1,-1
238,13,375.65,535.62,91.12,243.86,0.7075,-1,-1,-1
238,6,218.05,480.35,62.22,196.98,0.5441,-1,-1,-1
238,20,176.98,703.96,95.53,252.59,0.7751,-1,-1,-1
238,16,502.93,356.95,70.99,218.12,0.6982,-1,-1,-1
238,4,1721.56,459.53,73.07,208.33,0.6043,-1,-1,-1
238,22,588.52,362.03,59.34,187.95,0.5444,-1,-1,-1
239,3,933.53,900.17,68.60,179.84,0.7089,-1,-1,-1
239,13,377.88,531.61,89.55,240.74,0.7622,-1,-1,-1
239,6,218.53,479.54,62.42,197.47,0.5839,-1,-1,-1
239,20,181.03,705.60,94.26,251.40,0.7562,-1,-1,-1
239,16,501.86,357.98,70.59,216.68,0.6809,-1,-1,-1
239,4,1721.71,458.86,73.30,209.14,0.6240,-1,-1,-1
239,22,589.00,362.56,59.57,187.61,0.5599,-1,-1,-1
239,21,134.73,657.09,72.49,219.47,0.5325,-1,-1,-1
240,3,933.78,900.28,67.75,179.32,0.7054,-1,-1,-1
240,13,380.88,528.64,87.45,236.85,0.7467,-1,-1,-1
240,6,218.39,478.26,62.95,199.06,0.5943,-1,-1,-1
240,20,185.65,707.06,95.13,253.86,0.7576,-1,-1,-1
240,16,500.31,358.65,71.24,217.95,0.6509,-1,-1,-1
240,4,1721.66,459.12,73.37,208.96,0.5960,-1,-1,-1
240,22,588.97,363.90,58.79,185.41,0.5469,-1,-1,-1
240,21,140.32,655.45,72.65,221.18,0.5604,-1,-1,-1
241,3,933.51,900.25,67.21,179.60,0.7162,-1,-1,-1
241,13,383.36,526.04,85.78,234.38,0.7304,-1,-1,-1
241,6,218.06,476.68,63.67,201.42,0.6210,-1,-1,-1
241,20,190.03,709.38,96.41,256.26,0.7769,-1,-1,-1
241,16,498.62,359.14,71.73,218.85,0.6603,-1,-1,-1
241,4,1721.67,458.80,73.29,208.90,0.6290,-1,-1,-1
241,22,589.31,365.56,58.13,182.94,0.5622,-1,-1,-1
241,5,1366.78,572.53,98.50,242.22,0.5078,-1,-1,-1
241,23,108.51,562.77,86.85,149.32,0.5324,-1,-1,-1
242,3,933.85,900.62,66.63,179.33,0.7259,-1,-1,-1
242,13,384.34,523.08,85.00,233.81,0.6991,-1,-1,-1
242,6,218.06,475.15,63.79,201.81,0.5969,-1,-1,-1
242,20,194.51,711.82,96.64,256.45,0.7483,-1,-1,-1
242,16,497.07,360.81,71.72,217.95,0.6504,-1,-1,-1
242,4,1721.49,459.25,73.10,208.50,0.6144,-1,-1,-1
242,22,588.41,365.57,59.47,186.77,0.5493,-1,-1,-1
242,5,1365.71,570.77,102.92,243.41,0.5357,-1,-1,-1
243,3,933.47,900.44,66.19,179.55,0.7104,-1,-1,-1
243,13,385.21,520.21,84.74,235.23,0.6883,-1,-1,-1
243,6,217.94,474.34,64.05,202.42,0.6049,-1,-1,-1
243,20,198.72,716.39,96.77,255.89,0.6950,-1,-1,-1
243,16,495.09,361.03,71.99,218.36,0.6476,-1,-1,-1
243,4,1721.58,458.96,72.94,207.77,0.6317,-1,-1,-1
243,22,587.53,365.66,61.19,192.13,0.5771,-1,-1,-1
243,5,1363.93,568.87,106.18,245.60,0.5380,-1,-1,-1
243,12,929.16,119.98,65.67,179.01,0.5040,-1,-1,-1
243,23,91.68,560.98,124.19,218.97,0.5381,-1,-1,-1
244,3,933.72,901.02,65.66,178.98,0.7835,-1,-1,-1
244,13,385.87,518.00,84.55,236.62,0.6919,-1,-1,-1
244,6,217.76,472.68,63.43,200.09,0.5755,-1,-1,-1
244,20,201.78,725.37,95.36,250.93,0.7041,-1,-1,-1
244,16,493.32,361.76,71.49,216.28,0.6436,-1,-1,-1
244,4,1721.29,458.89,72.97,207.74,0.6061,-1,-1,-1
244,22,585.69,366.84,62.31,196.29,0.5805,-1,-1,-1
244,5,1362.75,569.81,107.44,244.35,0.5077,-1,-1,-1
244,23,88.98,562.06,132.15,239.60,0.5662,-1,-1,-1
244,21,170.41,654.46,58.67,165.49,0.5560,-1,-1,-1
245,3,934.05,902.25,65.09,177.75,0.7905,-1,-1,-1
245,13,386.38,517.62,84.33,237.42,0.6787,-1,-1,-1
245,6,217.36,471.32,63.72,200.89,0.5674,-1,-1,-1
245,20,201.28,729.07,95.69,250.64,0.7023,-1,-1,-1
245,16,491.93,362.06,72.20,218.45,0.6682,-1,-1,-1
245,4,1721.03,458.98,73.09,207.93,0.5892,-1,-1,-1
245,22,584.77,368.99,62.73,198.64,0.5897,-1,-1,-1
245,23,90.38,564.94,132.92,248.16,0.6234,-1,-1,-1
245,21,174.76,655.33,57.47,153.48,0.5935,-1,-1,-1
246,3,934.74,903.23,64.68,176.77,0.7800,-1,-1,-1
246,13,386.87,517.07,84.44,238.91,0.6971,-1,-1,-1
246,6,218.49,470.28,64.31,203.49,0.5838,-1,-1,-1
246,20,202.20,731.16,96.92,254.66,0.6849,-1,-1,-1
246,16,490.19,363.39,71.61,215.77,0.6925,-1,-1,-1
246,4,1720.98,458.51,73.62,209.38,0.6068,-1,-1,-1
246,22,583.98,370.70,62.99,200.16,0.6292,-1,-1,-1
246,23,93.16,564.71,131.15,252.43,0.6373,-1,-1,-1
246,21,179.64,655.31,58.71,151.24,0.6018,-1,-1,-1
247,3,935.25,903.75,64.41,176.26,0.7677,-1,-1,-1
247,13,387.38,516.79,84.50,240.20,0.7037,-1,-1,-1
247,6,218.33,468.94,64.63,205.32,0.5815,-1,-1,-1
247,20,203.89,733.28,97.26,256.07,0.6711,-1,-1,-1
247,16,488.74,364.42,71.64,215.10,0.7434,-1,-1,-1
247,4,1720.67,458.44,73.59,208.95,0.6209,-1,-1,-1
247,22,583.32,372.28,63.78,203.36,0.6803,-1,-1,-1
247,23,96.54,564.06,129.26,256.02,0.6223,-1,-1,-1
247,5,1369.02,567.87,108.71,248.43,0.5719,-1,-1,-1
248,3,936.10,904.86,64.06,175.07,0.7521,-1,-1,-1
248,13,387.74,516.45,84.28,240.55,0.6928,-1,-1,-1
248,6,218.91,467.61,63.80,203.91,0.5748,-1,-1,-1
248,20,203.25,735.06,97.42,257.37,0.5897,-1,-1,-1
248,16,487.61,365.85,71.62,214.91,0.7417,-1,-1,-1
248,4,1720.19,459.21,73.65,208.49,0.6282,-1,-1,-1
248,22,582.52,374.37,64.16,205.97,0.6461,-1,-1,-1
248,23,101.42,563.86,125.05,254.78,0.6796,-1,-1,-1
248,5,1372.35,569.36,107.18,246.47,0.5477,-1,-1,-1
249,3,936.78,905.31,64.08,174.67,0.7497,-1,-1,-1
249,13,387.95,515.74,84.15,240.37,0.6853,-1,-1,-1
249,6,219.82,466.78,61.62,197.38,0.5555,-1,-1,-1
249,16,486.70,367.20,71.88,215.66,0.7132,-1,-1,-1
249,4,1720.40,459.51,73.44,207.83,0.5910,-1,-1,-1
249,22,581.93,377.78,63.61,205.38,0.6023,-1,-1,-1
249,23,104.88,564.26,121.68,255.35,0.6679,-1,-1,-1
249,5,1375.47,570.04,105.59,247.17,0.5262,-1,-1,-1
249,12,936.52,110.97,64.02,179.58,0.5151,-1,-1,-1
250,3,937.46,905.73,64.21,174.26,0.7302,-1,-1,-1
250,13,388.64,515.51,83.87,239.32,0.6793,-1,-1,-1
250,6,221.07,465.04,60.99,195.86,0.5543,-1,-1,-1
250,16,486.15,368.90,72.52,217.82,0.6858,-1,-1,-1
250,4,1720.74,458.61,73.71,208.70,0.5973,-1,-1,-1
250,22,581.33,380.72,62.87,203.63,0.6331,-1,-1,-1
250,23,109.74,565.77,117.11,252.47,0.6766,-1,-1,-1
250,5,1378.59,569.87,103.32,246.58,0.5921,-1,-1,-1
251,3,938.82,907.17,63.94,172.82,0.7400,-1,-1,-1
251,13,388.77,513.05,84.10,239.65,0.6654,-1,-1,-1
251,6,221.38,461.92,61.06,196.69,0.5620,-1,-1,-1
251,16,486.63,369.37,73.81,223.70,0.6535,-1,-1,-1
251,4,1720.70,459.07,73.68,208.04,0.6042,-1,-1,-1
251,22,580.67,382.92,62.61,203.55,0.6521,-1,-1,-1
251,23,114.25,565.58,114.39,253.32,0.7000,-1,-1,-1
251,5,1381.17,569.06,101.81,247.03,0.6259,-1,-1,-1
251,21,200.94,672.44,59.57,139.74,0.5093,-1,-1,-1
251,20,209.23,743.79,94.04,249.90,0.5578,-1,-1,-1
252,3,939.66,907.95,63.97,172.05,0.7127,-1,-1,-1
252,13,389.21,510.34,84.31,240.63,0.6639,-1,-1,-1
252,6,220.46,457.24,61.92,200.43,0.5736,-1,-1,-1
252,16,486.62,371.81,74.06,226.36,0.6547,-1,-1,-1
252,4,1720.81,459.49,73.53,207.43,0.5840,-1,-1,-1
252,22,579.98,383.93,62.87,204.87,0.6667,-1,-1,-1
252,23,119.06,566.18,111.07,251.69,0.7027,-1,-1,-1
252,5,1382.49,569.72,99.33,244.12,0.5677,-1,-1,-1
252,20,211.10,742.53,94.47,250.05,0.6631,-1,-1,-1
253,3,940.42,908.26,64.28,171.74,0.7335,-1,-1,-1
253,13,389.14,507.63,84.05,240.06,0.6689,-1,-1,-1
253,6,221.22,456.57,61.58,199.09,0.6017,-1,-1,-1
253,16,486.80,374.06,73.63,226.28,0.6621,-1,-1,-1
253,4,1720.98,458.46,73.92,208.71,0.5705,-1,-1,-1
253,22,578.48,384.13,63.44,207.27,0.6810,-1,-1,-1
253,23,123.66,566.17,108.03,249.78,0.6960,-1,-1,-1
253,5,1383.45,570.36,98.71,245.87,0.6154,-1,-1,-1
253,20,214.91,739.96,94.47,251.06,0.7348,-1,-1,-1
254,3,941.43,909.33,64.30,170.67,0.7320,-1,-1,-1
254,13,389.24,504.98,83.29,238.76,0.6362,-1,-1,-1
254,6,221.32,455.74,61.57,198.80,0.5801,-1,-1,-1
254,16,486.23,374.21,74.11,229.48,0.6529,-1,-1,-1
254,4,1720.70,458.69,73.89,208.69,0.5815,-1,-1,-1
254,22,577.43,385.81,63.46,207.52,0.6923,-1,-1,-1
254,23,127.29,566.03,105.23,247.56,0.6677,-1,-1,-1
254,5,1384.86,570.20,97.47,245.73,0.6186,-1,-1,-1
254,20,218.27,738.32,94.44,253.16,0.7766,-1,-1,-1
255,3,942.08,909.70,64.58,169.74,0.7317,-1,-1,-1
255,13,390.69,502.42,81.71,234.38,0.6715,-1,-1,-1
255,6,221.54,455.22,61.53,198.06,0.6188,-1,-1,-1
255,16,486.00,374.92,73.99,230.54,0.6682,-1,-1,-1
255,4,1720.83,459.12,73.51,207.81,0.6054,-1,-1,-1
255,22,576.33,386.28,63.51,208.03,0.7296,-1,-1,-1
255,23,130.44,564.61,103.07,246.61,0.6900,-1,-1,-1
255,5,1385.75,569.70,97.18,248.02,0.6545,-1,-1,-1
255,20,219.44,736.75,96.05,258.99,0.7280,-1,-1,-1
256,3,942.34,909.96,65.27,169.83,0.7425,-1,-1,-1
256,13,391.18,499.02,80.70,231.80,0.6527,-1,-1,-1
256,6,221.76,454.60,61.33,196.83,0.5989,-1,-1,-1
256,16,486.69,375.63,73.36,230.38,0.6657,-1,-1,-1
256,4,1720.42,459.06,73.77,208.42,0.5660,-1,-1,-1
256,22,575.61,387.10,63.34,207.72,0.7454,-1,-1,-1
256,23,133.05,564.70,101.08,245.40,0.6533,-1,-1,-1
256,5,1388.04,568.97,95.79,246.68,0.6370,-1,-1,-1
256,20,222.66,736.85,97.11,264.95,0.7174,-1,-1,-1
256,21,214.30,677.22,67.12,147.56,0.5373,-1,-1,-1
257,3,942.86,910.96,65.72,168.78,0.7509,-1,-1,-1
257,13,391.72,495.07,80.69,231.99,0.6817,-1,-1,-1
257,6,221.78,453.93,61.84,197.51,0.5734,-1,-1,-1
257,16,486.68,378.12,72.53,228.43,0.6771,-1,-1,-1
257,4,1720.26,459.71,73.51,207.56,0.5789,-1,-1,-1
257,22,574.89,387.52,62.98,206.66,0.7588,-1,-1,-1
257,23,135.52,564.61,99.93,245.00,0.6210,-1,-1,-1
257,5,1390.29,567.90,94.38,245.19,0.6262,-1,-1,-1
257,20,227.52,743.33,96.53,266.86,0.7338,-1,-1,-1
257,21,213.28,678.12,71.85,152.01,0.5771,-1,-1,-1
258,3,943.09,912.42,65.79,166.60,0.7498,-1,-1,-1
258,13,390.66,492.67,81.00,233.04,0.6806,-1,-1,-1
258,6,222.39,452.96,62.07,197.51,0.5340,-1,-1,-1
258,16,487.12,377.64,72.24,228.94,0.6611,-1,-1,-1
258,4,1720.49,459.52,73.55,207.60,0.5669,-1,-1,-1
258,22,574.75,388.10,62.46,205.23,0.7465,-1,-1,-1
258,23,137.95,564.54,99.83,246.97,0.5900,-1,-1,-1
258,5,1392.40,566.95,92.47,241.94,0.6219,-1,-1,-1
258,20,229.17,747.64,96.34,269.33,0.7663,-1,-1,-1
258,21,215.75,679.38,74.54,155.58,0.5357,-1,-1,-1
259,3,943.63,913.85,66.20,164.85,0.7305,-1,-1,-1
259,13,389.43,491.39,81.31,233.47,0.6567,-1,-1,-1
259,6,223.01,452.15,61.88,196.73,0.5074,-1,-1,-1
259,16,486.70,380.78,71.13,225.50,0.6670,-1,-1,-1
259,4,1720.35,459.39,73.89,208.28,0.5631,-1,-1,-1
259,22,574.58,389.56,61.96,203.12,0.7487,-1,-1,-1
259,23,141.06,565.51,98.92,245.97,0.6283,-1,-1,-1
259,5,1395.93,566.63,90.20,238.35,0.5865,-1,-1,-1
259,20,231.36,753.03,94.41,265.87,0.7464,-1,-1,-1
260,3,944.97,914.78,66.66,162.83,0.7217,-1,-1,-1
260,13,386.86,490.18,82.30,234.79,0.6631,-1,-1,-1
260,6,223.25,451.32,61.57,195.18,0.5083,-1,-1,-1
260,16,487.84,380.72,70.94,226.00,0.6626,-1,-1,-1
260,4,1720.02,459.37,74.01,208.46,0.5879,-1,-1,-1
260,22,574.12,390.85,61.33,200.64,0.7529,-1,-1,-1
260,23,145.45,565.06,98.13,246.63,0.6318,-1,-1,-1
260,5,1398.12,565.96,89.37,239.18,0.5573,-1,-1,-1
260,20,233.40,756.92,93.84,266.82,0.7298,-1,-1,-1
260,21,225.86,682.28,66.75,131.30,0.5331,-1,-1,-1
261,3,945.46,915.16,68.05,163.05,0.7260,-1,-1,-1
261,13,383.27,488.25,83.91,236.93,0.6510,-1,-1,-1
261,16,487.36,383.43,69.86,222.40,0.6898,-1,-1,-1
261,4,1720.33,459.54,74.05,208.73,0.5983,-1,-1,-1
261,22,574.05,392.57,60.64,197.96,0.7489,-1,-1,-1
261,23,150.07,565.07,96.96,248.11,0.6509,-1,-1,-1
261,5,1401.89,565.73,87.99,239.53,0.5527,-1,-1,-1
261,20,236.24,762.35,90.83,260.28,0.6983,-1,-1,-1
261,21,227.51,684.31,67.53,127.42,0.6275,-1,-1,-1
262,3,945.13,916.95,68.52,160.41,0.7269,-1,-1,-1
262,13,381.11,486.96,85.01,237.53,0.6311,-1,-1,-1
262,16,487.55,384.74,69.32,220.84,0.7157,-1,-1,-1
262,4,1720.40,459.89,73.97,208.39,0.5945,-1,-1,-1
262,22,573.70,394.89,60.38,196.71,0.7372,-1,-1,-1
262,23,154.81,565.36,96.45,250.38,0.6473,-1,-1,-1
262,5,1404.96,564.23,87.13,239.96,0.5657,-1,-1,-1
262,20,238.52,764.56,91.25,263.22,0.6922,-1,-1,-1
262,21,229.68,686.98,68.31,125.50,0.5634,-1,-1,-1
262,6,223.33,448.89,61.27,193.48,0.5126,-1,-1,-1
263,3,944.59,918.17,69.48,158.73,0.7392,-1,-1,-1
263,13,379.54,485.54,86.10,238.51,0.6100,-1,-1,-1
263,16,487.50,385.24,69.07,220.07,0.6995,-1,-1,-1
263,4,1720.32,460.01,74.01,208.20,0.5727,-1,-1,-1
263,22,573.10,396.51,60.95,198.14,0.7084,-1,-1,-1
263,23,158.34,565.43,95.24,251.56,0.6833,-1,-1,-1
263,5,1406.62,564.89,85.32,237.42,0.5933,-1,-1,-1
263,20,240.74,767.99,90.67,262.92,0.6713,-1,-1,-1
263,6,224.32,446.54,60.88,191.73,0.5247,-1,-1,-1
264,3,944.62,919.53,70.13,156.67,0.7567,-1,-1,-1
264,13,378.08,484.75,86.84,238.45,0.6064,-1,-1,-1
264,16,487.12,385.51,68.81,218.59,0.6892,-1,-1,-1
264,4,1720.64,459.83,74.10,208.49,0.5835,-1,-1,-1
264,22,571.63,397.49,61.47,199.52,0.6841,-1,-1,-1
264,23,161.58,564.76,94.07,252.93,0.6903,-1,-1,-1
264,5,1408.52,565.16,84.70,236.94,0.6156,-1,-1,-1
264,20,244.10,771.62,89.82,261.28,0.7472,-1,-1,-1
264,6,226.00,447.06,59.94,188.32,0.5598,-1,-1,-1
264,21,237.80,691.66,66.71,120.28,0.6105,-1,-1,-1
265,3,944.97,920.07,71.33,156.24,0.7554,-1,-1,-1
265,13,376.93,483.99,87.56,238.54,0.6553,-1,-1,-1
265,16,486.54,385.71,68.81,218.35,0.6718,-1,-1,-1
265,4,1720.64,460.02,74.03,208.33,0.6007,-1,-1,-1
265,22,570.89,398.95,61.50,198.98,0.7247,-1,-1,-1
265,23,164.78,565.36,92.80,254.38,0.6907,-1,-1,-1
265,5,1408.86,565.48,84.82,238.96,0.5871,-1,-1,-1
265,20,245.59,772.49,89.48,261.33,0.7680,-1,-1,-1
265,6,227.04,444.57,60.08,188.59,0.5294,-1,-1,-1
265,21,240.80,694.44,67.06,120.21,0.5715,-1,-1,-1
266,3,944.82,920.58,72.54,155.86,0.7624,-1,-1,-1
266,13,376.58,483.50,87.91,237.70,0.6407,-1,-1,-1
266,16,484.98,385.45,69.25,219.85,0.6286,-1,-1,-1
266,4,1720.52,460.32,73.99,208.15,0.5899,-1,-1,-1
266,22,569.13,400.82,62.46,201.50,0.6708,-1,-1,-1
266,23,168.63,566.06,91.94,256.02,0.6934,-1,-1,-1
266,5,1408.99,565.52,85.53,242.88,0.5707,-1,-1,-1
266,20,250.41,774.49,89.23,259.44,0.7715,-1,-1,-1
266,21,245.79,697.75,65.99,118.49,0.5293,-1,-1,-1
267,3,944.90,920.55,73.83,156.13,0.7636,-1,-1,-1
267,13,375.69,481.37,88.56,238.24,0.6064,-1,-1,-1
267,16,482.59,386.00,69.78,221.30,0.6257,-1,-1,-1
267,4,1720.64,460.09,74.11,208.18,0.5666,-1,-1,-1
267,22,567.83,402.26,63.39,204.13,0.6510,-1,-1,-1
267,23,171.76,567.03,91.76,259.66,0.6873,-1,-1,-1
267,5,1409.37,565.32,85.31,244.27,0.5651,-1,-1,-1
267,20,250.99,773.52,90.15,260.96,0.7581,-1,-1,-1
267,21,250.04,700.99,64.67,115.44,0.5142,-1,-1,-1
268,3,945.43,920.38,74.84,156.50,0.7583,-1,-1,-1
268,13,374.80,479.55,88.97,238.80,0.6349,-1,-1,-1
268,16,480.62,387.94,70.50,222.85,0.6267,-1,-1,-1
268,4,1720.44,460.05,74.07,208.14,0.5799,-1,-1,-1
268,22,566.76,403.31,64.06,205.59,0.6221,-1,-1,-1
268,23,175.15,568.57,90.23,259.42,0.7073,-1,-1,-1
268,5,1409.79,564.77,84.86,245.03,0.5938,-1,-1,-1
268,20,251.04,771.16,90.69,263.40,0.7429,-1,-1,-1
268,21,254.50,703.71,63.73,113.27,0.5485,-1,-1,-1
268,6,226.06,439.59,60.23,187.51,0.5369,-1,-1,-1
269,3,946.53,920.52,75.60,156.69,0.7533,-1,-1,-1
269,13,374.87,477.79,89.19,239.18,0.6510,-1,-1,-1
269,16,478.54,389.47,70.77,222.11,0.6336,-1,-1,-1
269,4,1720.72,460.49,73.76,207.21,0.5951,-1,-1,-1
269,22,566.22,401.34,65.12,208.43,0.6021,-1,-1,-1
269,23,179.33,570.85,87.97,255.06,0.7132,-1,-1,-1
269,5,1411.23,566.03,84.01,244.11,0.5817,-1,-1,-1
269,20,252.51,773.51,89.99,261.14,0.7193,-1,-1,-1
269,21,258.16,705.55,64.04,113.20,0.5752,-1,-1,-1
269,6,226.08,437.45,61.17,189.45,0.5009,-1,-1,-1
270,3,947.07,920.85,76.33,157.16,0.7538,-1,-1,-1
270,13,375.46,475.61,88.34,236.70,0.6327,-1,-1,-1
270,16,477.08,391.92,71.05,221.56,0.6353,-1,-1,-1
270,4,1720.79,460.96,73.62,206.69,0.5596,-1,-1,-1
270,22,565.31,401.72,66.25,211.42,0.6105,-1,-1,-1
270,23,183.51,572.15,85.94,249.63,0.6871,-1,-1,-1
270,5,1414.55,569.06,82.91,241.49,0.5699,-1,-1,-1
270,20,254.80,770.81,90.21,263.14,0.7716,-1,-1,-1
270,21,262.53,706.49,62.97,109.70,0.5492,-1,-1,-1
271,3,947.86,921.50,76.55,156.66,0.7319,-1,-1,-1
271,13,377.86,472.56,86.24,231.32,0.6257,-1,-1,-1
271,16,476.01,393.60,71.14,220.13,0.6234,-1,-1,-1
271,4,1720.32,460.45,74.14,207.91,0.5710,-1,-1,-1
271,22,565.13,402.47,65.88,210.04,0.6058,-1,-1,-1
271,23,186.87,574.05,85.05,246.75,0.6547,-1,-1,-1
271,5,1418.21,572.49,81.95,239.23,0.5320,-1,-1,-1
271,20,257.23,771.98,89.33,261.72,0.7423,-1,-1,-1
271,12,943.37,91.05,64.34,177.48,0.5078,-1,-1,-1
272,3,948.08,921.78,76.85,156.42,0.7196,-1,-1,-1
272,13,382.29,469.01,84.42,227.62,0.5986,-1,-1,-1
272,16,474.64,395.14,71.48,219.58,0.5954,-1,-1,-1
272,4,1720.27,460.29,73.97,207.30,0.5510,-1,-1,-1
272,22,564.23,402.93,66.52,212.38,0.5543,-1,-1,-1
272,23,189.68,574.47,85.14,246.32,0.6721,-1,-1,-1
272,5,1420.66,574.71,82.12,240.44,0.5202,-1,-1,-1
272,20,259.45,778.78,88.42,258.83,0.7314,-1,-1,-1
272,21,269.72,707.97,67.65,117.20,0.5237,-1,-1,-1
273,3,947.98,922.09,77.22,156.28,0.7230,-1,-1,-1
273,13,384.69,465.59,83.32,226.30,0.5863,-1,-1,-1
273,16,473.18,396.37,71.58,218.79,0.6026,-1,-1,-1
273,4,1720.06,460.49,73.97,207.33,0.5611,-1,-1,-1
273,22,562.90,404.13,66.66,212.57,0.5500,-1,-1,-1
273,23,192.64,575.32,85.54,245.87,0.6831,-1,-1,-1
273,20,259.62,781.29,89.52,261.06,0.7240,-1,-1,-1
273,21,273.35,708.19,71.97,124.63,0.5733,-1,-1,-1
274,3,947.86,922.31,77.63,156.37,0.7052,-1,-1,-1
274,13,385.08,462.24,83.27,227.56,0.6227,-1,-1,-1
274,16,471.91,397.42,71.77,218.68,0.6236,-1,-1,-1
274,4,1720.25,460.36,73.98,207.51,0.5941,-1,-1,-1
274,22,560.92,404.97,66.51,211.87,0.5339,-1,-1,-1
274,23,195.23,576.31,86.43,246.98,0.6954,-1,-1,-1
274,20,263.14,785.35,90.27,262.12,0.7130,-1,-1,-1
274,21,274.70,708.47,78.32,136.77,0.6443,-1,-1,-1
274,12,942.77,88.16,65.11,179.57,0.5138,-1,-1,-1
274,5,1423.68,578.32,81.75,240.42,0.5281,-1,-1,-1
275,3,947.32,922.38,78.17,156.46,0.7234,-1,-1,-1
275,13,385.30,461.17,82.63,226.66,0.6139,-1,-1,-1
275,16,470.90,397.77,71.38,216.98,0.6620,-1,-1,-1
275,4,1720.27,460.16,73.96,207.56,0.5895,-1,-1,-1
275,22,559.87,405.79,65.85,209.49,0.5952,-1,-1,-1
275,23,197.66,577.92,87.94,249.36,0.6725,-1,-1,-1
275,20,266.17,783.38,91.84,266.96,0.7037,-1,-1,-1
275,5,1426.13,579.70,81.20,240.09,0.5103,-1,-1,-1
276,3,946.78,922.83,78.57,156.11,0.7484,-1,-1,-1
276,13,385.73,459.73,82.32,226.92,0.6325,-1,-1,-1
276,16,469.42,398.78,71.49,216.75,0.6650,-1,-1,-1
276,4,1720.00,460.42,73.84,206.98,0.5906,-1,-1,-1
276,22,558.84,407.17,65.33,206.99,0.6338,-1,-1,-1
276,23,198.97,577.95,88.53,249.19,0.6740,-1,-1,-1
276,20,269.67,783.64,92.93,270.87,0.6299,-1,-1,-1
276,5,1428.60,579.35,81.02,241.69,0.5310,-1,-1,-1
277,3,946.59,923.45,78.68,155.10,0.7527,-1,-1,-1
277,13,386.63,458.89,82.18,227.61,0.6088,-1,-1,-1
277,16,467.43,400.78,71.43,216.35,0.6852,-1,-1,-1
277,4,1719.51,459.91,74.32,208.16,0.5905,-1,-1,-1
277,22,558.03,409.39,64.75,204.55,0.6591,-1,-1,-1
277,23,198.37,577.35,88.81,249.69,0.6507,-1,-1,-1
277,20,270.31,784.09,94.04,276.30,0.6519,-1,-1,-1
277,21,285.75,718.07,82.39,142.04,0.5265,-1,-1,-1
278,3,946.43,923.71,78.86,154.28,0.7646,-1,-1,-1
278,13,387.52,458.67,81.72,226.85,0.5992,-1,-1,-1
278,16,465.62,401.43,71.42,216.75,0.6676,-1,-1,-1
278,4,1719.54,459.53,74.67,208.99,0.5593,-1,-1,-1
278,22,556.58,411.05,64.97,204.45,0.6520,-1,-1,-1
278,23,197.53,576.51,88.82,250.92,0.6512,-1,-1,-1
278,20,271.02,788.33,92.44,274.72,0.6252,-1,-1,-1
278,21,289.72,721.41,85.00,143.56,0.6426,-1,-1,-1
279,3,945.86,923.99,79.33,154.02,0.7570,-1,-1,-1
279,13,387.51,458.14,82.19,228.33,0.5898,-1,-1,-1
279,16,465.06,403.69,70.25,213.38,0.6848,-1,-1,-1
279,4,1720.01,459.39,74.64,209.33,0.5667,-1,-1,-1
279,22,555.51,412.74,65.06,204.25,0.6604,-1,-1,-1
279,23,198.06,577.20,87.66,250.71,0.5896,-1,-1,-1
279,20,272.41,792.73,92.50,277.87,0.6414,-1,-1,-1
279,21,294.41,725.49,86.72,142.49,0.6490,-1,-1,-1
280,3,945.41,924.42,79.72,153.35,0.7599,-1,-1,-1
280,13,387.65,457.32,82.54,229.99,0.6086,-1,-1,-1
280,16,464.39,404.99,69.76,212.86,0.7120,-1,-1,-1
280,4,1720.01,459.11,74.53,209.49,0.5722,-1,-1,-1
280,22,554.36,414.84,65.69,206.18,0.6500,-1,-1,-1
280,23,200.73,581.43,83.91,245.34,0.5344,-1,-1,-1
280,20,273.31,796.37,91.88,278.72,0.6422,-1,-1,-1
280,21,298.19,727.15,89.20,142.91,0.6615,-1,-1,-1
281,3,944.52,923.99,80.69,154.06,0.7632,-1,-1,-1
281,13,388.43,456.61,82.09,229.99,0.6385,-1,-1,-1
281,16,463.54,405.62,69.44,212.89,0.6512,-1,-1,-1
281,4,1719.84,459.57,74.40,209.08,0.5691,-1,-1,-1
281,22,553.32,417.38,65.73,206.54,0.6400,-1,-1,-1
281,23,202.54,581.19,83.68,248.78,0.5730,-1,-1,-1
281,20,276.17,798.41,90.98,278.20,0.6532,-1,-1,-1
281,21,301.56,730.04,90.40,141.70,0.6484,-1,-1,-1
282,3,943.89,924.02,81.19,153.80,0.7612,-1,-1,-1
282,13,388.36,455.37,81.25,229.08,0.6571,-1,-1,-1
282,16,463.36,406.32,68.54,211.43,0.6620,-1,-1,-1
282,4,1719.57,460.18,74.34,209.10,0.6168,-1,-1,-1
282,22,552.28,419.17,65.21,205.04,0.6606,-1,-1,-1
282,23,207.21,584.23,80.68,245.08,0.6071,-1,-1,-1
282,20,278.67,800.32,90.06,277.18,0.7255,-1,-1,-1
282,21,304.96,733.46,93.31,144.05,0.6510,-1,-1,-1
283,3,943.61,923.88,81.78,153.77,0.7738,-1,-1,-1
283,13,387.66,452.16,81.54,230.90,0.6525,-1,-1,-1
283,16,463.49,407.50,68.31,212.07,0.6540,-1,-1,-1
283,4,1719.99,459.69,74.34,209.40,0.6041,-1,-1,-1
283,22,551.43,420.94,65.03,205.67,0.6496,-1,-1,-1
283,23,211.24,584.41,79.16,245.10,0.5963,-1,-1,-1
283,20,280.71,800.29,89.70,277.52,0.7057,-1,-1,-1
283,21,309.70,736.50,92.21,139.75,0.5674,-1,-1,-1
284,3,942.35,923.23,82.86,154.57,0.7676,-1,-1,-1
284,13,388.41,449.70,81.24,232.02,0.6483,-1,-1,-1
284,16,463.10,409.10,68.96,214.86,0.6215,-1,-1,-1
284,4,1720.11,460.02,74.21,209.04,0.5969,-1,-1,-1
284,22,550.72,423.16,65.64,208.55,0.6629,-1,-1,-1
284,23,214.73,581.17,79.65,252.04,0.5659,-1,-1,-1
284,20,281.95,801.26,89.33,277.12,0.7167,-1,-1,-1
284,21,313.09,738.84,92.25,138.05,0.5649,-1,-1,-1
285,3,941.21,922.61,83.67,154.95,0.7723,-1,-1,-1
285,13,388.86,448.16,80.57,232.11,0.6452,-1,-1,-1
285,16,462.84,410.01,69.40,217.33,0.6051,-1,-1,-1
285,4,1720.48,460.27,74.03,208.44,0.5914,-1,-1,-1
285,22,549.19,424.18,65.78,210.65,0.6517,-1,-1,-1
285,23,219.00,579.96,78.74,254.19,0.5491,-1,-1,-1
285,20,283.45,802.32,88.99,276.27,0.6994,-1,-1,-1
285,21,313.87,741.05,93.25,137.75,0.5574,-1,-1,-1
285,5,1443.25,579.37,81.91,246.18,0.5650,-1,-1,-1
286,3,940.92,922.18,84.17,155.49,0.7622,-1,-1,-1
286,13,389.19,445.96,79.66,231.35,0.6347,-1,-1,-1
286,16,461.99,411.10,70.43,222.01,0.6053,-1,-1,-1
286,4,1720.51,460.07,73.93,208.51,0.6184,-1,-1,-1
286,22,547.52,425.35,65.80,211.48,0.6244,-1,-1,-1
286,23,223.42,578.53,77.84,256.21,0.5470,-1,-1,-1
286,20,285.48,804.19,88.58,273.79,0.7233,-1,-1,-1
286,21,313.81,742.98,94.07,137.44,0.5544,-1,-1,-1
287,3,940.41,922.17,84.44,155.70,0.7800,-1,-1,-1
287,13,390.43,444.00,77.53,226.00,0.6042,-1,-1,-1
287,16,461.56,412.25,70.55,224.06,0.5960,-1,-1,-1
287,4,1720.24,459.79,74.00,208.94,0.6068,-1,-1,-1
287,22,545.18,426.04,65.77,211.33,0.6319,-1,-1,-1
287,23,226.81,579.65,76.33,255.32,0.5447,-1,-1,-1
287,20,288.11,807.96,87.76,268.94,0.7517,-1,-1,-1
287,21,313.98,742.90,95.58,138.76,0.5582,-1,-1,-1
287,5,1448.42,579.72,81.80,246.95,0.5470,-1,-1,-1
288,3,940.27,921.83,84.49,155.92,0.7600,-1,-1,-1
288,13,391.39,441.59,76.08,222.79,0.6231,-1,-1,-1
288,16,459.79,409.61,71.10,227.49,0.5782,-1,-1,-1
288,4,1720.24,460.02,73.80,208.59,0.6026,-1,-1,-1
288,22,543.29,426.65,65.76,210.78,0.6145,-1,-1,-1
288,23,229.23,579.46,75.57,255.66,0.5792,-1,-1,-1
288,20,289.71,811.43,87.98,267.35,0.7661,-1,-1,-1
288,21,312.59,743.51,95.57,138.57,0.5782,-1,-1,-1
288,5,1451.18,582.63,80.38,241.76,0.5275,-1,-1,-1
288,12,936.83,74.42,62.46,176.28,0.5023,-1,-1,-1
289,3,939.72,921.28,84.32,156.30,0.7492,-1,-1,-1
289,13,391.99,439.39,75.32,221.37,0.6236,-1,-1,-1
289,16,459.18,411.41,70.65,227.87,0.6396,-1,-1,-1
289,4,1719.84,459.30,74.33,210.16,0.5915,-1,-1,-1
289,22,541.68,427.40,65.89,210.38,0.6193,-1,-1,-1
289,23,232.07,580.13,74.62,254.24,0.5509,-1,-1,-1
289,20,292.26,812.68,88.55,266.79,0.7543,-1,-1,-1
289,21,311.07,743.78,97.71,141.84,0.5943,-1,-1,-1
289,12,936.56,73.56,61.15,175.50,0.5159,-1,-1,-1
290,3,939.28,920.47,83.92,156.65,0.7535,-1,-1,-1
290,13,390.13,437.41,76.13,223.64,0.6009,-1,-1,-1
290,16,458.00,411.84,70.97,230.49,0.6796,-1,-1,-1
290,4,1720.09,459.42,74.13,209.60,0.5992,-1,-1,-1
290,22,540.40,427.62,66.02,210.04,0.6300,-1,-1,-1
290,23,233.83,581.40,73.74,253.37,0.5761,-1,-1,-1
290,20,294.61,815.67,88.76,264.66,0.7199,-1,-1,-1
290,21,310.24,744.61,98.26,143.85,0.6312,-1,-1,-1
290,12,936.27,72.37,60.15,175.50,0.5210,-1,-1,-1
291,3,939.13,919.92,83.43,156.92,0.7535,-1,-1,-1
291,13,387.69,435.45,77.33,226.06,0.5969,-1,-1,-1
291,16,457.97,412.70,70.72,231.07,0.6569,-1,-1,-1
291,4,1720.92,459.75,73.87,209.06,0.5849,-1,-1,-1
291,22,538.34,428.19,66.19,209.57,0.6354,-1,-1,-1
291,23,236.06,581.11,73.36,254.04,0.5583,-1,-1,-1
291,20,296.77,819.74,88.31,260.86,0.7040,-1,-1,-1
291,21,310.20,746.30,97.52,143.90,0.6181,-1,-1,-1
291,12,936.03,71.02,59.98,177.60,0.5073,-1,-1,-1
292,3,938.81,919.71,82.90,157.37,0.7396,-1,-1,-1
292,13,386.00,434.82,78.07,227.26,0.5705,-1,-1,-1
292,16,458.26,414.09,70.21,230.69,0.5968,-1,-1,-1
292,4,1720.54,460.39,73.82,208.64,0.5782,-1,-1,-1
292,22,538.30,429.69,65.99,208.03,0.6525,-1,-1,-1
292,23,240.05,581.30,73.20,253.36,0.5465,-1,-1,-1
292,20,300.91,825.98,87.31,253.60,0.6388,-1,-1,-1
292,21,311.90,748.98,95.41,142.09,0.5284,-1,-1,-1
292,12,936.47,69.89,59.04,175.90,0.5262,-1,-1,-1
293,3,937.62,918.79,82.43,158.76,0.7357,-1,-1,-1
293,13,384.13,433.21,78.89,228.36,0.5399,-1,-1,-1
293,16,458.85,415.09,69.41,228.43,0.5789,-1,-1,-1
293,4,1720.71,460.72,73.58,208.03,0.5612,-1,-1,-1
293,22,537.05,432.04,65.94,206.82,0.6788,-1,-1,-1
293,23,245.00,581.88,74.18,253.66,0.5522,-1,-1,-1
293,20,300.89,831.18,85.96,247.33,0.6655,-1,-1,-1
293,6,232.45,406.04,59.82,183.96,0.5320,-1,-1,-1
294,3,936.24,918.03,81.55,159.96,0.7533,-1,-1,-1
294,13,382.04,432.64,79.82,229.65,0.5556,-1,-1,-1
294,16,458.88,415.65,69.12,227.35,0.6217,-1,-1,-1
294,4,1720.38,459.92,74.10,209.45,0.5845,-1,-1,-1
294,22,536.32,434.16,66.70,208.51,0.6737,-1,-1,-1
294,23,248.38,582.55,75.45,253.51,0.6085,-1,-1,-1
294,20,301.96,836.05,85.02,242.53,0.7191,-1,-1,-1
294,6,232.89,404.73,59.46,181.30,0.5104,-1,-1,-1
294,5,1462.92,592.94,80.06,231.84,0.5253,-1,-1,-1
295,3,934.80,916.88,80.83,161.60,0.7396,-1,-1,-1
295,13,379.97,432.78,80.82,230.49,0.5365,-1,-1,-1
295,16,459.16,416.19,68.58,225.53,0.6009,-1,-1,-1
295,4,1720.13,460.19,74.12,209.33,0.5886,-1,-1,-1
295,22,534.88,436.09,67.27,209.90,0.6699,-1,-1,-1
295,23,250.67,582.92,76.86,252.67,0.6484,-1,-1,-1
295,20,303.46,839.81,84.53,239.55,0.7003,-1,-1,-1
295,21,320.37,759.20,91.43,139.09,0.5066,-1,-1,-1
296,3,933.71,915.93,79.57,162.50,0.7561,-1,-1,-1
296,13,378.55,431.25,81.78,232.13,0.5342,-1,-1,-1
296,16,459.27,418.45,68.39,223.79,0.6248,-1,-1,-1
296,4,1720.12,460.08,74.04,209.22,0.5955,-1,-1,-1
296,22,535.08,438.51,66.47,206.96,0.6740,-1,-1,-1
296,23,251.06,583.39,78.03,251.91,0.6710,-1,-1,-1
296,20,305.36,842.90,84.20,236.53,0.7255,-1,-1,-1
296,6,232.94,400.92,60.03,181.34,0.5077,-1,-1,-1
297,3,933.29,915.13,78.51,163.86,0.7559,-1,-1,-1
297,13,377.85,429.95,82.37,233.19,0.5012,-1,-1,-1
297,16,458.31,419.52,68.06,222.31,0.6301,-1,-1,-1
297,4,1719.75,460.33,73.94,208.98,0.5756,-1,-1,-1
297,22,534.45,440.81,66.04,205.88,0.6665,-1,-1,-1
297,23,251.73,584.82,78.96,250.82,0.6618,-1,-1,-1
297,20,306.72,843.86,84.67,235.94,0.7409,-1,-1,-1
297,6,233.44,399.82,60.54,182.67,0.5714,-1,-1,-1
297,5,1469.56,596.00,83.06,230.37,0.5440,-1,-1,-1
297,21,325.15,765.13,90.10,139.65,0.5168,-1,-1,-1
298,3,933.30,914.59,77.51,164.96,0.7687,-1,-1,-1
298,13,377.62,429.42,81.81,230.61,0.5243,-1,-1,-1
298,16,457.51,420.07,67.97,221.70,0.6303,-1,-1,-1
298,4,1720.56,460.80,73.66,208.30,0.5996,-1,-1,-1
298,22,534.60,442.81,65.10,202.87,0.6479,-1,-1,-1
298,23,251.91,584.92,79.84,250.07,0.6280,-1,-1,-1
298,20,308.45,845.34,85.08,234.79,0.7523,-1,-1,-1
298,6,234.16,398.45,61.05,184.31,0.5572,-1,-1,-1
298,5,1471.23,598.17,85.98,229.86,0.5540,-1,-1,-1
298,21,327.65,767.52,90.71,143.05,0.5770,-1,-1,-1
299,3,932.92,913.76,76.25,165.50,0.7748,-1,-1,-1
299,13,378.08,428.31,81.33,228.83,0.5592,-1,-1,-1
299,16,456.78,421.08,68.39,223.18,0.6464,-1,-1,-1
299,4,1720.55,461.37,73.46,207.71,0.5952,-1,-1,-1
299,22,534.50,444.39,65.05,203.18,0.6516,-1,-1,-1
299,23,252.92,584.07,80.67,250.38,0.6829,-1,-1,-1
299,20,309.59,846.56,85.49,233.68,0.7641,-1,-1,-1
299,6,234.08,397.43,61.12,184.18,0.5951,-1,-1,-1
299,5,1470.34,594.20,89.96,234.86,0.5895,-1,-1,-1
299,21,332.23,770.47,89.96,144.28,0.6277,-1,-1,-1
300,3,933.05,913.85,74.66,165.28,0.7696,-1,-1,-1
300,13,379.57,426.13,80.10,225.23,0.5439,-1,-1,-1
300,16,456.26,423.16,68.56,223.82,0.6617,-1,-1,-1
300,4,1720.98,460.90,73.48,208.22,0.5807,-1,-1,-1
300,22,534.14,445.77,65.22,204.06,0.6557,-1,-1,-1
300,23,254.19,583.67,81.32,249.71,0.6895,-1,-1,-1
300,20,311.19,847.36,86.08,232.89,0.7498,-1,-1,-1
300,6,233.88,397.21,61.01,184.15,0.5750,-1,-1,-1
300,5,1470.33,591.20,92.93,238.49,0.5963,-1,-1,-1
300,21,336.68,772.68,89.38,146.04,0.6383,-1,-1,-1
301,3,933.70,913.97,73.04,165.32,0.7693,-1,-1,-1
301,13,380.90,423.14,79.56,224.56,0.5512,-1,-1,-1
301,16,456.28,426.56,68.08,222.21,0.6715,-1,-1,-1
301,4,1720.90,460.93,73.31,207.94,0.5919,-1,-1,-1
301,22,533.97,446.44,65.58,205.87,0.6671,-1,-1,-1
301,23,255.37,582.06,82.29,250.42,0.6660,-1,-1,-1
301,20,312.04,848.07,86.72,232.17,0.7489,-1,-1,-1
301,6,233.87,396.67,60.90,184.49,0.5645,-1,-1,-1
301,5,1470.42,588.31,95.68,242.83,0.6005,-1,-1,-1
301,21,341.35,774.71,87.23,144.25,0.5974,-1,-1,-1
302,3,933.76,912.65,72.17,167.14,0.7518,-1,-1,-1
302,13,383.32,421.97,77.51,220.17,0.5318,-1,-1,-1
302,16,456.09,428.84,67.95,221.85,0.6197,-1,-1,-1
302,4,1720.95,460.22,73.58,209.16,0.5722,-1,-1,-1
302,22,534.02,447.13,65.18,205.06,0.6401,-1,-1,-1
302,23,257.00,580.92,83.27,251.66,0.6766,-1,-1,-1
302,20,314.00,848.22,87.70,231.99,0.7381,-1,-1,-1
302,6,233.18,396.24,61.00,185.29,0.5497,-1,-1,-1
302,5,1471.84,589.25,96.09,242.05,0.5663,-1,-1,-1
302,21,344.69,776.01,88.16,147.08,0.6332,-1,-1,-1
303,3,933.57,912.71,70.75,167.26,0.7241,-1,-1,-1
303,13,384.57,416.94,76.27,218.43,0.5974,-1,-1,-1
303,16,455.51,430.50,67.64,221.44,0.6295,-1,-1,-1
303,4,1720.85,460.11,73.54,209.36,0.5830,-1,-1,-1
303,22,533.82,447.67,65.81,207.59,0.6541,-1,-1,-1
303,23,259.85,579.75,84.15,253.14,0.6385,-1,-1,-1
303,20,315.95,848.68,88.48,231.50,0.7381,-1,-1,-1
303,6,232.92,395.25,61.20,186.80,0.5517,-1,-1,-1
303,21,348.51,776.98,89.31,149.52,0.6873,-1,-1,-1
303,26,895.12,420.98,61.70,195.41,0.5198,-1,-1,-1
304,3,933.44,911.99,69.89,168.05,0.7402,-1,-1,-1
304,13,385.12,412.85,76.18,220.37,0.5725,-1,-1,-1
304,16,454.69,432.33,67.06,220.14,0.6324,-1,-1,-1
304,4,1720.95,460.01,73.67,210.08,0.5905,-1,-1,-1
304,22,533.83,448.36,65.65,207.23,0.6425,-1,-1,-1
304,23,264.35,579.86,83.80,251.85,0.6160,-1,-1,-1
304,20,317.38,849.87,89.02,230.29,0.7474,-1,-1,-1
304,6,233.41,393.93,61.35,188.21,0.5433,-1,-1,-1
304,21,352.63,778.00,90.51,152.04,0.6167,-1,-1,-1
304,12,934.01,62.30,57.79,174.37,0.5339,-1,-1,-1
304,5,1474.81,582.90,98.93,249.13,0.5025,-1,-1,-1
305,3,932.67,910.33,69.64,169.73,0.7406,-1,-1,-1
305,13,385.87,409.46,76.06,222.28,0.5620,-1,-1,-1
305,16,453.89,434.76,66.68,219.31,0.6627,-1,-1,-1
305,4,1720.59,460.28,73.42,209.59,0.5762,-1,-1,-1
305,22,533.70,448.89,65.83,207.97,0.6385,-1,-1,-1
305,23,270.80,580.83,82.53,249.54,0.5990,-1,-1,-1
305,20,319.77,851.57,89.20,228.58,0.7613,-1,-1,-1
305,6,232.41,391.33,61.98,191.37,0.5357,-1,-1,-1
305,21,354.89,779.11,93.17,156.57,0.6138,-1,-1,-1
306,3,932.51,909.34,69.50,170.69,0.7182,-1,-1,-1
306,13,386.22,407.72,75.38,222.43,0.5313,-1,-1,-1
306,16,452.63,436.39,66.42,219.15,0.6821,-1,-1,-1
306,4,1720.70,460.57,73.22,209.13,0.5687,-1,-1,-1
306,22,533.47,449.42,65.05,205.13,0.6218,-1,-1,-1
306,23,279.23,581.59,80.96,248.04,0.5436,-1,-1,-1
306,20,321.94,857.08,87.58,223.05,0.7690,-1,-1,-1
306,6,231.59,389.54,62.46,193.59,0.5649,-1,-1,-1
306,21,358.54,780.53,92.22,154.13,0.6553,-1,-1,-1
306,27,835.27,403.90,72.77,220.77,0.5006,-1,-1,-1
306,5,1480.13,587.64,97.83,246.18,0.5165,-1,-1,-1
307,3,932.21,908.24,69.57,171.70,0.7119,-1,-1,-1
307,13,387.58,407.16,74.62,222.29,0.5570,-1,-1,-1
307,16,451.19,438.50,65.99,217.83,0.6757,-1,-1,-1
307,4,1720.67,459.91,73.41,209.81,0.5595,-1,-1,-1
307,22,532.63,449.80,65.13,205.28,0.6415,-1,-1,-1
307,23,288.93,581.04,79.31,246.03,0.5695,-1,-1,-1
307,20,323.77,861.13,86.85,218.98,0.7755,-1,-1,-1
307,6,231.41,387.78,62.18,193.56,0.5266,-1,-1,-1
307,21,361.56,781.94,93.52,155.11,0.6473,-1,-1,-1
307,28,1003.21,83.62,60.78,169.97,0.5635,-1,-1,-1
307,5,1482.19,588.77,97.33,245.36,0.5470,-1,-1,-1
308,3,931.54,907.89,69.71,172.13,0.7209,-1,-1,-1
308,13,388.25,406.13,74.55,223.57,0.5705,-1,-1,-1
308,16,449.77,440.52,65.34,215.96,0.6790,-1,-1,-1
308,4,1720.71,459.33,73.46,210.27,0.5808,-1,-1,-1
308,22,531.48,451.37,65.17,204.46,0.6571,-1,-1,-1
308,23,298.17,580.50,78.04,244.56,0.6439,-1,-1,-1
308,20,326.50,866.26,85.86,213.84,0.7753,-1,-1,-1
308,6,230.67,386.02,61.76,191.89,0.5575,-1,-1,-1
308,21,364.71,784.53,95.02,155.97,0.6934,-1,-1,-1
308,28,1002.26,83.04,61.48,171.95,0.6041,-1,-1,-1
308,5,1484.03,592.16,96.09,242.37,0.6302,-1,-1,-1
308,12,935.05,56.25,56.11,169.60,0.5064,-1,-1,-1
309,3,930.70,907.27,70.08,172.72,0.7368,-1,-1,-1
309,13,388.92,406.34,73.91,222.47,0.5209,-1,-1,-1
309,16,447.89,441.94,65.31,216.14,0.6596,-1,-1,-1
309,4,1720.37,458.67,73.68,211.21,0.5735,-1,-1,-1
309,22,529.98,454.25,66.06,206.71,0.6705,-1,-1,-1
309,23,305.75,579.92,78.55,246.89,0.6485,-1,-1,-1
309,20,328.67,871.09,84.86,209.00,0.7802,-1,-1,-1
309,6,230.72,383.91,61.31,190.12,0.5283,-1,-1,-1
309,21,369.45,789.13,94.85,153.55,0.6760,-1,-1,-1
309,28,1001.54,81.65,62.65,175.37,0.6234,-1,-1,-1
309,5,1485.59,590.44,96.57,244.09,0.5929,-1,-1,-1
310,3,929.99,907.49,70.42,172.53,0.7483,-1,-1,-1
310,13,389.25,405.70,74.20,225.23,0.5017,-1,-1,-1
310,16,446.28,439.98,66.26,220.60,0.6519,-1,-1,-1
310,4,1720.34,458.41,73.46,210.88,0.5750,-1,-1,-1
310,22,528.62,455.97,66.96,209.36,0.6984,-1,-1,-1
310,23,311.49,579.56,79.14,248.72,0.6942,-1,-1,-1
310,20,331.34,873.66,84.72,206.41,0.7566,-1,-1,-1
310,6,230.76,381.09,60.32,187.38,0.5567,-1,-1,-1
310,21,372.42,793.58,94.72,151.13,0.6772,-1,-1,-1
310,28,1000.74,80.24,63.07,176.65,0.6478,-1,-1,-1
310,5,1487.22,588.96,96.73,244.71,0.5556,-1,-1,-1
310,12,934.21,51.18,56.38,170.91,0.5422,-1,-1,-1
311,3,929.38,907.07,70.99,172.96,0.7625,-1,-1,-1
311,16,444.79,440.23,66.37,221.70,0.6842,-1,-1,-1
311,4,1720.42,458.27,73.37,210.77,0.5783,-1,-1,-1
311,22,527.44,457.44,67.62,211.73,0.6759,-1,-1,-1
311,23,316.80,579.67,79.25,247.81,0.7417,-1,-1,-1
311,20,334.73,876.39,84.71,203.67,0.7339,-1,-1,-1
311,6,230.84,379.09,59.85,186.75,0.5299,-1,-1,-1
311,21,375.09,798.01,94.39,148.04,0.6622,-1,-1,-1
311,28,1000.31,79.78,62.86,176.07,0.6266,-1,-1,-1
311,5,1490.25,589.36,97.14,244.09,0.5832,-1,-1,-1
311,12,933.63,49.45,56.43,171.41,0.5087,-1,-1,-1
312,3,929.02,906.12,71.70,173.91,0.7517,-1,-1,-1
312,16,443.52,441.88,66.18,221.62,0.6668,-1,-1,-1
312,4,1720.94,458.65,73.04,209.98,0.5817,-1,-1,-1
312,22,526.50,460.33,68.42,214.84,0.6739,-1,-1,-1
312,23,322.07,580.97,79.51,245.00,0.7537,-1,-1,-1
312,20,338.52,879.19,84.83,200.86,0.7442,-1,-1,-1
312,6,230.47,376.44,59.98,187.76,0.5372,-1,-1,-1
312,21,374.87,801.28,95.83,148.19,0.6513,-1,-1,-1
312,28,1000.50,79.83,62.63,175.25,0.6073,-1,-1,-1
312,5,1492.37,592.14,96.38,240.41,0.6264,-1,-1,-1
312,12,933.59,48.54,56.64,172.11,0.5143,-1,-1,-1
313,3,928.76,905.48,72.31,174.55,0.7549,-1,-1,-1
313,16,441.73,446.11,66.14,221.87,0.6858,-1,-1,-1
313,4,1721.46,457.97,73.03,210.33,0.5767,-1,-1,-1
313,22,526.35,463.04,68.25,214.96,0.6592,-1,-1,-1
313,23,325.52,583.35,80.30,241.91,0.7642,-1,-1,-1
313,20,343.07,882.57,84.96,197.48,0.7359,-1,-1,-1
313,6,230.16,374.66,60.12,188.90,0.5227,-1,-1,-1
313,21,375.35,804.78,96.54,147.24,0.6929,-1,-1,-1
313,28,1000.58,80.22,62.16,173.87,0.5993,-1,-1,-1
313,5,1495.28,596.74,95.59,235.91,0.6175,-1,-1,-1
313,12,933.27,47.75,56.70,172.73,0.5205,-1,-1,-1
314,3,929.00,905.15,72.85,174.88,0.7554,-1,-1,-1
314,16,440.39,447.43,66.12,221.88,0.6997,-1,-1,-1
314,4,1721.77,457.86,73.03,210.96,0.5739,-1,-1,-1
314,22,525.92,464.72,68.20,215.60,0.6575,-1,-1,-1
314,23,326.98,584.57,81.78,240.55,0.7642,-1,-1,-1
314,20,346.60,886.39,84.57,193.65,0.7245,-1,-1,-1
314,6,229.89,373.80,60.14,189.33,0.5528,-1,-1,-1
314,21,376.11,808.14,98.18,147.77,0.6970,-1,-1,-1
314,28,999.45,79.95,61.83,173.44,0.5512,-1,-1,-1
314,5,1497.62,599.19,95.46,233.91,0.5484,-1,-1,-1
314,12,932.67,47.01,56.90,173.04,0.5235,-1,-1,-1
315,3,928.26,904.87,73.41,175.16,0.7592,-1,-1,-1
315,16,438.80,448.18,66.28,221.85,0.7304,-1,-1,-1
315,4,1721.64,457.70,73.01,211.40,0.5547,-1,-1,-1
315,22,525.16,466.47,67.79,216.06,0.6693,-1,-1,-1
315,23,329.03,585.26,84.20,240.25,0.7693,-1,-1,-1
315,20,349.28,889.31,84.60,190.73,0.7273,-1,-1,-1
315,6,230.06,373.42,60.28,189.44,0.5637,-1,-1,-1
315,21,376.53,809.14,99.52,148.26,0.6414,-1,-1,-1
315,28,998.18,79.59,61.75,173.98,0.5357,-1,-1,-1
315,5,1499.26,601.72,94.70,231.60,0.5579,-1,-1,-1
315,12,932.12,46.43,57.06,173.44,0.5311,-1,-1,-1
316,3,928.05,905.08,73.69,174.95,0.7542,-1,-1,-1
316,16,437.19,449.36,66.65,222.39,0.7150,-1,-1,-1
316,4,1721.46,458.14,73.06,211.75,0.5329,-1,-1,-1
316,22,523.94,469.04,67.93,218.59,0.6475,-1,-1,-1
316,23,330.95,585.41,86.70,239.64,0.7697,-1,-1,-1
316,20,351.03,892.27,84.42,187.76,0.7154,-1,-1,-1
316,6,230.66,372.68,60.39,189.19,0.5838,-1,-1,-1
316,21,376.08,809.96,102.11,151.50,0.6638,-1,-1,-1
316,28,997.59,80.13,61.51,174.14,0.5942,-1,-1,-1
316,5,1501.33,602.32,94.65,232.19,0.6161,-1,-1,-1
316,12,932.23,46.04,56.99,172.46,0.5317,-1,-1,-1
317,3,928.25,905.55,73.93,174.47,0.7524,-1,-1,-1
317,16,435.49,449.94,66.23,219.95,0.7120,-1,-1,-1
317,4,1721.45,458.13,73.06,211.93,0.5641,-1,-1,-1
317,22,522.08,471.79,67.73,219.25,0.6927,-1,-1,-1
317,23,331.43,584.96,89.89,241.07,0.7698,-1,-1,-1
317,20,351.19,890.07,86.11,189.95,0.7233,-1,-1,-1
317,6,230.80,372.04,60.27,188.29,0.5717,-1,-1,-1
317,21,376.52,812.93,102.03,151.18,0.5635,-1,-1,-1
317,28,996.11,79.60,61.23,173.98,0.5707,-1,-1,-1
317,5,1504.83,609.28,91.56,226.02,0.5588,-1,-1,-1
317,12,931.89,45.52,57.33,172.83,0.5148,-1,-1,-1
318,3,928.03,905.49,74.34,174.52,0.7456,-1,-1,-1
318,16,434.74,451.39,66.23,219.13,0.7241,-1,-1,-1
318,4,1721.62,458.39,72.82,211.34,0.5710,-1,-1,-1
318,22,520.67,472.15,67.28,218.58,0.6656,-1,-1,-1
318,23,331.06,585.22,91.82,240.72,0.7561,-1,-1,-1
318,20,353.66,890.27,86.90,189.76,0.7071,-1,-1,-1
318,6,231.00,371.51,59.83,186.87,0.5601,-1,-1,-1
318,21,376.02,813.18,103.13,153.52,0.6272,-1,-1,-1
318,28,994.42,78.51,61.35,174.49,0.5958,-1,-1,-1
318,5,1507.16,603.99,93.37,233.12,0.5667,-1,-1,-1
318,12,931.94,44.98,57.85,173.63,0.5129,-1,-1,-1
319,3,928.44,905.61,74.48,174.41,0.7319,-1,-1,-1
319,16,434.19,454.49,66.40,218.79,0.7253,-1,-1,-1
319,4,1722.05,458.91,72.43,210.82,0.5789,-1,-1,-1
319,22,518.45,470.44,67.51,218.30,0.6753,-1,-1,-1
319,23,330.66,584.34,94.05,241.51,0.7529,-1,-1,-1
319,20,355.60,891.41,87.32,188.61,0.7008,-1,-1,-1
319,6,231.08,370.67,60.18,188.36,0.5898,-1,-1,-1
319,21,375.88,813.29,103.69,155.51,0.6723,-1,-1,-1
319,28,993.32,77.40,61.38,174.86,0.5780,-1,-1,-1
319,5,1509.71,602.72,93.26,236.17,0.5144,-1,-1,-1
320,3,929.77,905.96,74.32,174.06,0.7356,-1,-1,-1
320,16,434.22,459.40,66.08,216.62,0.7187,-1,-1,-1
320,4,1722.18,458.66,72.27,210.58,0.6019,-1,-1,-1
320,22,516.00,470.81,67.94,218.82,0.6947,-1,-1,-1
320,23,332.42,583.77,95.53,240.79,0.7204,-1,-1,-1
320,20,358.52,894.90,87.04,185.11,0.7051,-1,-1,-1
320,6,231.65,370.28,60.08,188.56,0.5843,-1,-1,-1
320,21,376.92,814.16,101.25,152.95,0.6427,-1,-1,-1
320,28,992.27,77.79,61.11,174.33,0.5754,-1,-1,-1
320,27,836.04,432.83,66.69,201.15,0.5107,-1,-1,-1
320,12,930.36,41.98,58.78,175.72,0.5036,-1,-1,-1
321,3,930.17,906.88,73.91,172.94,0.7303,-1,-1,-1
321,16,431.21,459.37,68.51,224.04,0.6417,-1,-1,-1
321,4,1721.91,458.72,72.28,210.77,0.5723,-1,-1,-1
321,22,513.82,471.09,68.52,220.17,0.6686,-1,-1,-1
321,23,332.26,582.75,96.71,241.34,0.6803,-1,-1,-1
321,20,362.13,898.06,87.17,181.95,0.7175,-1,-1,-1
321,6,232.32,369.95,59.68,188.25,0.5606,-1,-1,-1
321,21,379.08,816.28,98.44,150.31,0.6005,-1,-1,-1
321,28,991.71,77.40,61.45,175.02,0.5977,-1,-1,-1
322,3,931.24,906.95,73.66,172.99,0.7237,-1,-1,-1
322,16,429.95,460.30,69.14,224.97,0.6778,-1,-1,-1
322,4,1721.72,459.24,71.95,209.68,0.5999,-1,-1,-1
322,22,512.42,470.91,68.50,219.38,0.7140,-1,-1,-1
322,23,332.25,580.73,97.51,243.61,0.7095,-1,-1,-1
322,20,364.11,902.82,86.32,177.19,0.7082,-1,-1,-1
322,6,233.01,368.28,59.57,189.13,0.5620,-1,-1,-1
322,21,381.97,817.50,96.66,149.90,0.5596,-1,-1,-1
322,28,990.36,76.36,61.34,174.88,0.6150,-1,-1,-1
322,27,837.75,433.03,70.72,207.81,0.5745,-1,-1,-1
323,3,932.41,906.64,73.07,173.19,0.6961,-1,-1,-1
323,16,429.41,462.31,69.56,225.52,0.6871,-1,-1,-1
323,4,1721.82,458.94,72.12,210.11,0.6019,-1,-1,-1
323,22,512.04,471.01,68.81,219.72,0.7252,-1,-1,-1
323,23,335.97,579.58,96.73,244.18,0.6237,-1,-1,-1
323,20,365.54,906.00,85.75,173.73,0.7787,-1,-1,-1
323,6,232.78,364.88,60.06,191.53,0.5719,-1,-1,-1
323,21,384.26,820.27,94.77,149.53,0.5613,-1,-1,-1
323,28,990.15,75.34,60.96,173.58,0.6174,-1,-1,-1
323,27,837.40,433.01,73.06,210.47,0.5686,-1,-1,-1
324,3,932.57,905.75,72.58,174.19,0.7032,-1,-1,-1
324,16,428.23,463.47,70.46,226.84,0.7029,-1,-1,-1
324,4,1721.71,459.01,72.00,209.78,0.6027,-1,-1,-1
324,22,511.00,471.39,69.13,219.61,0.7513,-1,-1,-1
324,23,341.32,580.35,94.77,242.83,0.6271,-1,-1,-1
324,20,367.02,909.73,84.90,169.50,0.7840,-1,-1,-1
324,6,232.68,362.33,60.00,191.90,0.5171,-1,-1,-1
324,21,388.16,824.01,92.33,148.25,0.5875,-1,-1,-1
324,28,989.44,73.72,60.96,173.38,0.5738,-1,-1,-1
325,3,933.79,907.29,71.18,172.36,0.7032,-1,-1,-1
325,16,427.95,463.18,71.36,228.49,0.7081,-1,-1,-1
325,4,1721.94,459.26,71.73,208.71,0.6108,-1,-1,-1
325,22,510.29,473.77,68.95,218.01,0.7633,-1,-1,-1
325,23,346.93,580.32,92.35,241.33,0.6582,-1,-1,-1
325,20,370.53,914.39,83.88,164.71,0.7716,-1,-1,-1
325,21,393.29,829.26,87.25,142.37,0.5963,-1,-1,-1
325,28,989.03,72.34,60.93,172.83,0.5539,-1,-1,-1
325,27,838.80,434.20,74.58,210.48,0.5013,-1,-1,-1
326,3,934.37,907.93,69.98,171.94,0.6765,-1,-1,-1
326,16,428.09,466.11,71.12,226.98,0.7035,-1,-1,-1
326,4,1721.99,459.48,71.80,208.51,0.6200,-1,-1,-1
326,22,509.89,475.94,69.07,217.32,0.7602,-1,-1,-1
326,23,357.49,578.82,90.59,242.05,0.6431,-1,-1,-1
326,20,372.13,917.22,83.91,162.43,0.7177,-1,-1,-1
326,21,396.33,832.94,85.68,142.03,0.5904,-1,-1,-1
326,28,987.39,71.31,60.99,172.68,0.5740,-1,-1,-1
326,27,840.58,434.30,76.00,210.12,0.5790,-1,-1,-1
326,6,233.20,358.69,59.13,189.54,0.5024,-1,-1,-1
327,3,935.74,909.16,68.28,170.72,0.6689,-1,-1,-1
327,16,427.48,467.07,71.22,226.52,0.7145,-1,-1,-1
327,4,1722.11,459.67,71.60,207.67,0.6306,-1,-1,-1
327,22,510.17,477.63,69.75,218.85,0.7048,-1,-1,-1
327,23,364.82,576.77,89.07,243.59,0.5869,-1,-1,-1
327,20,374.41,918.30,84.91,161.59,0.7018,-1,-1,-1
327,21,399.69,836.76,84.21,141.52,0.5759,-1,-1,-1
327,28,987.24,70.26,60.74,171.53,0.5282,-1,-1,-1
327,27,841.38,434.99,76.69,208.47,0.5363,-1,-1,-1
327,6,233.55,357.09,59.00,189.09,0.5189,-1,-1,-1
328,3,936.11,909.79,66.82,169.67,0.6784,-1,-1,-1
328,16,426.56,467.84,70.85,222.67,0.7039,-1,-1,-1
328,4,1722.32,460.41,71.52,207.23,0.6374,-1,-1,-1
328,22,509.43,479.01,70.44,221.07,0.7042,-1,-1,-1
328,23,372.82,575.07,87.80,246.01,0.5859,-1,-1,-1
328,20,375.28,921.10,84.68,158.87,0.6851,-1,-1,-1
328,21,403.08,839.72,85.49,146.08,0.5482,-1,-1,-1
328,6,232.78,356.11,58.74,187.53,0.5472,-1,-1,-1
328,5,1531.82,610.64,89.51,230.59,0.5006,-1,-1,-1
329,3,938.50,911.82,65.11,167.29,0.6978,-1,-1,-1
329,16,424.71,469.30,70.97,219.44,0.6909,-1,-1,-1
329,4,1722.20,459.18,71.94,208.55,0.6111,-1,-1,-1
329,22,508.76,482.31,70.40,221.17,0.7129,-1,-1,-1
329,23,379.00,577.24,86.22,246.65,0.5797,-1,-1,-1
329,20,376.78,923.42,84.77,156.59,0.6869,-1,-1,-1
329,21,407.65,843.18,85.36,147.43,0.5571,-1,-1,-1
329,6,232.80,355.61,58.50,186.27,0.5482,-1,-1,-1
330,3,939.81,913.79,63.86,164.95,0.6933,-1,-1,-1
330,16,420.58,469.96,73.62,222.74,0.6676,-1,-1,-1
330,4,1722.37,459.81,71.79,207.95,0.6315,-1,-1,-1
330,22,508.59,485.14,69.98,220.21,0.7320,-1,-1,-1
330,20,378.02,924.67,84.62,154.37,0.6374,-1,-1,-1
330,21,398.05,845.30,113.14,203.68,0.5932,-1,-1,-1
330,6,232.56,354.77,58.13,185.03,0.5660,-1,-1,-1
331,3,939.97,913.58,63.78,165.28,0.7369,-1,-1,-1
331,4,1722.33,458.08,72.50,209.97,0.6495,-1,-1,-1
331,22,507.82,487.71,69.65,219.87,0.7408,-1,-1,-1
331,20,379.71,924.78,83.34,149.91,0.6460,-1,-1,-1
331,21,399.19,847.66,118.94,222.38,0.6612,-1,-1,-1
331,6,231.52,354.03,58.86,187.56,0.5210,-1,-1,-1
331,28,982.96,67.23,61.75,174.54,0.5001,-1,-1,-1
331,5,1535.13,613.29,87.50,229.32,0.5352,-1,-1,-1
331,23,386.99,495.12,113.36,329.77,0.5988,-1,-1,-1
332,3,941.09,914.71,62.93,163.45,0.7210,-1,-1,-1
332,4,1722.70,458.63,72.61,210.21,0.6395,-1,-1,-1
332,22,507.54,489.87,69.73,220.32,0.7418,-1,-1,-1
332,20,381.39,925.44,82.10,145.91,0.6350,-1,-1,-1
332,21,403.53,849.54,118.40,229.03,0.6643,-1,-1,-1
332,6,230.68,352.73,59.53,189.29,0.5018,-1,-1,-1
332,28,982.25,67.36,61.97,175.36,0.5243,-1,-1,-1
332,23,388.63,478.54,117.88,347.75,0.6044,-1,-1,-1
333,3,942.28,915.14,62.41,162.72,0.7332,-1,-1,-1
333,4,1723.14,458.92,72.45,209.95,0.6222,-1,-1,-1
333,22,506.94,491.46,69.94,221.17,0.7448,-1,-1,-1
333,20,383.89,925.52,83.53,146.38,0.6697,-1,-1,-1
333,21,417.86,850.82,96.81,185.33,0.5855,-1,-1,-1
333,6,229.90,352.15,59.83,190.45,0.5167,-1,-1,-1
333,28,982.01,66.48,61.92,177.07,0.5050,-1,-1,-1
333,23,389.93,472.84,118.91,354.53,0.6423,-1,-1,-1
334,3,943.58,916.30,61.71,161.18,0.7180,-1,-1,-1
334,4,1722.52,459.63,72.34,209.54,0.6197,-1,-1,-1
334,22,506.38,492.26,70.17,222.48,0.7312,-1,-1,-1
334,20,386.42,927.90,83.48,143.92,0.6547,-1,-1,-1
334,21,425.24,851.96,87.45,165.02,0.5495,-1,-1,-1
334,23,392.18,470.87,119.17,357.67,0.6301,-1,-1,-1
334,5,1538.72,616.19,87.46,230.75,0.5666,-1,-1,-1
335,3,944.78,917.96,61.23,159.95,0.7188,-1,-1,-1
335,4,1722.59,459.78,72.07,208.79,0.6220,-1,-1,-1
335,22,505.39,493.06,70.12,222.72,0.7262,-1,-1,-1
335,20,389.61,930.89,83.56,141.50,0.6631,-1,-1,-1
335,21,429.87,851.45,87.39,162.55,0.5658,-1,-1,-1
335,23,392.86,472.12,119.31,357.53,0.6712,-1,-1,-1
335,5,1538.68,614.69,89.37,238.21,0.5471,-1,-1,-1
336,3,945.62,918.91,61.14,159.52,0.7165,-1,-1,-1
336,4,1722.16,459.44,72.20,208.86,0.6377,-1,-1,-1
336,22,504.67,493.40,69.93,222.13,0.7201,-1,-1,-1
336,20,392.85,935.70,81.39,135.27,0.6730,-1,-1,-1
336,21,432.17,852.74,89.93,164.40,0.5338,-1,-1,-1
336,23,398.38,475.86,117.90,352.67,0.7020,-1,-1,-1
336,5,1538.93,615.35,89.46,241.18,0.5850,-1,-1,-1
336,6,228.06,348.99,61.05,193.69,0.5092,-1,-1,-1
337,3,947.53,919.58,60.75,158.83,0.6831,-1,-1,-1
337,4,1722.45,459.34,71.99,208.11,0.6125,-1,-1,-1
337,22,504.24,493.58,69.79,221.78,0.7002,-1,-1,-1
337,20,395.12,940.91,81.27,132.26,0.6905,-1,-1,-1
337,23,403.98,480.24,117.24,347.47,0.7104,-1,-1,-1
337,5,1539.20,616.03,88.10,239.97,0.6444,-1,-1,-1
338,3,948.98,921.26,60.20,157.01,0.7041,-1,-1,-1
338,4,1722.43,458.97,72.12,208.23,0.5862,-1,-1,-1
338,22,503.83,493.62,69.61,221.14,0.6971,-1,-1,-1
338,20,397.11,944.55,81.51,130.03,0.7150,-1,-1,-1
338,23,406.91,482.79,117.18,344.34,0.7124,-1,-1,-1
338,5,1539.62,616.04,87.59,241.52,0.6080,-1,-1,-1
338,29,964.91,392.02,58.62,193.16,0.5275,-1,-1,-1
338,21,442.41,860.33,90.09,160.17,0.6328,-1,-1,-1
338,6,227.17,347.09,60.04,188.89,0.5266,-1,-1,-1
339,3,951.13,922.30,59.83,155.21,0.7037,-1,-1,-1
339,4,1722.45,459.62,72.08,207.52,0.6069,-1,-1,-1
339,22,502.92,494.24,69.48,221.12,0.6891,-1,-1,-1
339,20,399.79,948.44,81.51,127.36,0.7279,-1,-1,-1
339,23,407.62,483.92,117.09,342.06,0.7391,-1,-1,-1
339,5,1540.35,616.48,87.21,242.90,0.6253,-1,-1,-1
339,29,967.82,394.26,58.93,194.10,0.5963,-1,-1,-1
339,21,446.88,865.84,91.00,158.20,0.6151,-1,-1,-1
339,6,226.34,346.15,59.49,185.11,0.5265,-1,-1,-1
340,3,952.39,923.08,59.76,154.16,0.6989,-1,-1,-1
340,4,1721.97,458.43,72.68,209.21,0.6069,-1,-1,-1
340,22,501.98,496.44,68.86,218.16,0.6595,-1,-1,-1
340,20,402.10,950.95,82.56,126.86,0.7110,-1,-1,-1
340,23,408.59,485.12,117.39,340.76,0.6977,-1,-1,-1
340,5,1541.60,615.98,86.80,244.22,0.6002,-1,-1,-1
340,29,970.73,396.79,59.17,194.69,0.5861,-1,-1,-1
340,21,451.16,871.26,90.63,152.81,0.6901,-1,-1,-1
340,6,225.01,344.40,59.45,183.14,0.5185,-1,-1,-1
341,3,953.02,924.04,59.73,153.12,0.7038,-1,-1,-1
341,4,1721.88,458.67,72.68,209.07,0.6055,-1,-1,-1
341,22,500.25,498.40,68.44,216.03,0.6819,-1,-1,-1
341,20,405.74,954.73,82.15,123.91,0.6939,-1,-1,-1
341,5,1542.72,616.27,86.18,243.92,0.6541,-1,-1,-1
341,29,974.72,398.29,59.40,195.25,0.5525,-1,-1,-1
341,21,453.76,875.56,90.76,148.23,0.6956,-1,-1,-1
341,6,224.30,342.62,59.92,182.85,0.5232,-1,-1,-1
342,3,953.88,924.39,60.17,152.77,0.6960,-1,-1,-1
342,4,1722.51,457.62,73.22,210.83,0.6238,-1,-1,-1
342,22,499.29,500.56,68.11,213.67,0.6917,-1,-1,-1
342,20,410.09,959.97,80.88,119.24,0.7165,-1,-1,-1
342,5,1543.96,617.60,85.02,241.36,0.6389,-1,-1,-1
342,29,977.13,400.41,59.73,195.81,0.6030,-1,-1,-1
342,21,455.27,878.96,91.91,145.42,0.6867,-1,-1,-1
342,6,222.57,341.14,61.02,184.44,0.5138,-1,-1,-1
342,16,402.73,487.13,80.69,241.76,0.5927,-1,-1,-1
343,3,954.40,925.06,60.32,151.68,0.7070,-1,-1,-1
343,4,1722.33,457.88,72.78,209.65,0.5943,-1,-1,-1
343,22,497.64,502.15,68.55,213.33,0.6723,-1,-1,-1
343,20,412.99,963.07,80.82,116.40,0.7208,-1,-1,-1
343,5,1544.89,617.82,84.82,241.02,0.5991,-1,-1,-1
343,29,980.82,401.93,59.29,193.86,0.6358,-1,-1,-1
343,21,455.09,882.02,93.81,143.81,0.6736,-1,-1,-1
343,6,221.69,339.96,61.91,184.86,0.5042,-1,-1,-1
343,16,400.29,486.76,81.08,243.09,0.5738,-1,-1,-1
344,3,954.98,925.22,60.76,151.00,0.6952,-1,-1,-1
344,4,1722.02,458.89,72.29,207.86,0.6047,-1,-1,-1
344,22,497.22,503.43,68.24,211.58,0.6449,-1,-1,-1
344,20,415.66,964.98,80.50,113.61,0.7272,-1,-1,-1
344,5,1546.41,617.80,84.30,239.15,0.5899,-1,-1,-1
344,29,984.36,405.49,59.05,192.08,0.5797,-1,-1,-1
344,21,456.61,883.93,96.33,144.39,0.6799,-1,-1,-1
344,6,221.34,339.19,62.48,185.60,0.5436,-1,-1,-1
344,16,398.38,487.06,80.42,242.54,0.6259,-1,-1,-1
345,3,955.75,925.77,61.11,149.99,0.6993,-1,-1,-1
345,4,1721.73,458.67,72.21,207.14,0.6117,-1,-1,-1
345,22,496.99,505.46,67.89,210.81,0.5651,-1,-1,-1
345,20,418.50,965.35,81.47,112.66,0.7052,-1,-1,-1
345,5,1547.13,618.61,84.59,239.90,0.5660,-1,-1,-1
345,29,986.58,407.31,59.71,193.24,0.5287,-1,-1,-1
345,21,457.01,885.45,100.67,148.68,0.6598,-1,-1,-1
345,6,220.64,338.55,62.65,185.42,0.5140,-1,-1,-1
345,16,398.20,487.84,79.28,239.30,0.6667,-1,-1,-1
346,3,956.28,926.41,61.66,149.38,0.7130,-1,-1,-1
346,4,1722.08,458.01,72.46,207.70,0.6133,-1,-1,-1
346,22,491.90,507.62,67.90,207.41,0.5514,-1,-1,-1
346,20,422.02,965.76,83.94,112.95,0.7048,-1,-1,-1
346,5,1551.17,620.12,83.05,237.25,0.5691,-1,-1,-1
346,21,457.92,886.25,103.65,152.06,0.6693,-1,-1,-1
346,6,220.50,337.59,63.44,186.58,0.5116,-1,-1,-1
346,16,397.34,487.70,78.62,236.31,0.7008,-1,-1,-1
347,3,956.61,927.29,62.28,148.44,0.7031,-1,-1,-1
347,4,1722.57,458.16,72.73,208.70,0.6247,-1,-1,-1
347,22,488.93,510.47,67.55,202.49,0.5342,-1,-1,-1
347,20,422.82,966.26,85.57,112.84,0.6975,-1,-1,-1
347,5,1551.62,621.21,82.73,235.77,0.5572,-1,-1,-1
347,21,458.20,887.84,105.11,153.81,0.6729,-1,-1,-1
347,16,397.14,488.92,78.27,233.87,0.7110,-1,-1,-1
347,29,991.66,409.88,60.00,193.01,0.5305,-1,-1,-1
348,3,956.26,927.56,63.20,148.57,0.7289,-1,-1,-1
348,4,1722.55,457.92,72.85,208.90,0.6153,-1,-1,-1
348,20,424.07,967.46,86.20,111.55,0.7086,-1,-1,-1
348,5,1553.59,621.80,82.17,233.66,0.5380,-1,-1,-1
348,21,455.08,890.37,108.64,159.88,0.6440,-1,-1,-1
348,16,395.72,489.79,78.48,233.21,0.7211,-1,-1,-1
348,29,995.13,410.63,60.07,192.80,0.5836,-1,-1,-1
348,23,466.39,565.52,86.59,254.25,0.5979,-1,-1,-1
349,3,956.88,927.94,64.02,147.78,0.7385,-1,-1,-1
349,4,1722.65,457.85,72.71,208.54,0.6026,-1,-1,-1
349,20,425.33,969.43,86.50,109.92,0.7049,-1,-1,-1
349,5,1553.99,622.19,83.40,236.33,0.5481,-1,-1,-1
349,21,454.26,892.51,109.71,163.24,0.6408,-1,-1,-1
349,16,394.20,489.79,78.63,233.37,0.7185,-1,-1,-1
349,29,997.70,411.61,60.41,193.03,0.6044,-1,-1,-1
349,23,472.05,577.02,81.62,242.31,0.6646,-1,-1,-1
350,3,957.00,928.67,64.87,146.87,0.7283,-1,-1,-1
350,4,1722.55,457.73,72.56,207.73,0.6070,-1,-1,-1
350,20,427.08,972.10,86.57,107.69,0.6934,-1,-1,-1
350,5,1555.20,623.17,84.68,239.25,0.5350,-1,-1,-1
350,21,456.12,894.74,106.30,160.43,0.6168,-1,-1,-1
350,16,392.41,491.22,78.58,232.81,0.6654,-1,-1,-1
350,29,1001.28,411.33,60.93,193.96,0.6154,-1,-1,-1
350,23,477.38,580.18,80.02,238.92,0.5705,-1,-1,-1
351,3,957.29,929.70,66.12,146.61,0.7362,-1,-1,-1
351,4,1722.41,457.91,72.79,208.49,0.5800,-1,-1,-1
351,20,428.96,975.54,85.73,104.24,0.6975,-1,-1,-1
351,5,1555.76,623.85,85.15,237.54,0.5587,-1,-1,-1
351,21,458.97,897.99,102.07,156.45,0.5868,-1,-1,-1
351,16,391.50,493.48,78.52,233.31,0.6816,-1,-1,-1
351,29,1003.27,409.76,61.42,194.90,0.5936,-1,-1,-1
351,23,478.79,542.02,91.37,275.55,0.6589,-1,-1,-1
352,3,957.00,930.03,67.60,147.04,0.7255,-1,-1,-1
352,4,1722.70,457.27,73.03,209.22,0.5956,-1,-1,-1
352,20,432.57,979.46,85.11,100.46,0.6904,-1,-1,-1
352,5,1555.08,625.52,86.35,238.58,0.5540,-1,-1,-1
352,21,461.82,900.23,97.99,152.35,0.5720,-1,-1,-1
352,16,390.57,495.15,78.57,234.22,0.7085,-1,-1,-1
352,29,1007.29,410.31,61.29,194.29,0.5951,-1,-1,-1
352,23,487.20,555.22,88.90,261.09,0.6566,-1,-1,-1
353,3,957.06,930.39,69.00,147.25,0.7475,-1,-1,-1
353,4,1722.23,457.88,73.18,209.64,0.6057,-1,-1,-1
353,20,434.44,983.26,84.57,96.77,0.6864,-1,-1,-1
353,5,1560.66,625.06,86.36,239.94,0.5149,-1,-1,-1
353,16,389.71,496.81,78.60,235.30,0.7021,-1,-1,-1
353,29,1010.27,411.08,61.63,194.34,0.6474,-1,-1,-1
353,23,493.22,569.27,87.33,246.26,0.7219,-1,-1,-1
354,3,957.03,930.84,70.06,147.01,0.7472,-1,-1,-1
354,4,1722.10,458.04,73.19,209.88,0.5894,-1,-1,-1
354,20,437.26,988.90,82.23,91.17,0.6513,-1,-1,-1
354,5,1563.71,625.98,87.45,244.31,0.5241,-1,-1,-1
354,16,389.09,498.43,78.70,235.44,0.6843,-1,-1,-1
354,29,1013.75,413.30,61.98,194.00,0.5958,-1,-1,-1
354,23,495.01,575.71,88.23,239.57,0.7361,-1,-1,-1
354,21,465.01,907.64,94.52,149.29,0.5197,-1,-1,-1
355,3,956.76,930.14,71.52,147.63,0.7464,-1,-1,-1
355,4,1722.32,458.18,72.72,208.98,0.6057,-1,-1,-1
355,20,441.53,993.93,79.15,85.32,0.6170,-1,-1,-1
355,5,1566.47,627.90,87.54,245.59,0.5546,-1,-1,-1
355,16,388.49,500.67,79.14,236.29,0.6944,-1,-1,-1
355,29,1016.84,416.35,61.84,191.96,0.5705,-1,-1,-1
355,23,494.84,579.59,89.98,236.25,0.7571,-1,-1,-1
355,21,464.72,910.42,97.97,157.82,0.5779,-1,-1,-1
356,3,956.45,929.34,72.41,147.58,0.7432,-1,-1,-1
356,4,1722.22,458.25,72.54,208.74,0.6058,-1,-1,-1
356,20,444.73,998.06,77.15,81.05,0.6165,-1,-1,-1
356,5,1568.05,627.85,87.63,246.46,0.5845,-1,-1,-1
356,16,386.87,503.15,79.23,236.40,0.6989,-1,-1,-1
356,29,1019.15,418.45,62.19,190.89,0.5037,-1,-1,-1
356,23,494.14,577.84,93.15,237.94,0.7304,-1,-1,-1
356,21,467.02,914.82,96.62,157.80,0.5490,-1,-1,-1
357,3,956.44,928.28,73.64,148.61,0.7290,-1,-1,-1
357,4,1722.38,458.29,72.23,208.06,0.5888,-1,-1,-1
357,20,448.90,1003.03,74.38,76.00,0.5528,-1,-1,-1
357,5,1570.00,629.97,86.91,244.80,0.5878,-1,-1,-1
357,16,385.22,504.99,79.40,236.83,0.6875,-1,-1,-1
357,23,494.52,575.71,96.32,240.21,0.7084,-1,-1,-1
357,21,471.38,919.20,94.89,157.28,0.5160,-1,-1,-1
358,3,956.35,927.65,75.24,151.27,0.7234,-1,-1,-1
358,4,1722.70,458.10,72.17,208.14,0.5798,-1,-1,-1
358,20,449.87,1006.76,72.60,72.41,0.5573,-1,-1,-1
358,5,1570.76,632.23,86.20,243.10,0.5366,-1,-1,-1
358,16,383.49,506.32,80.39,240.11,0.6983,-1,-1,-1
358,23,496.09,578.59,97.22,237.07,0.7534,-1,-1,-1
358,21,477.77,921.62,93.12,155.60,0.5998,-1,-1,-1
358,22,473.37,521.53,71.69,218.08,0.5417,-1,-1,-1
358,29,1024.05,422.71,64.52,193.19,0.5047,-1,-1,-1
359,3,956.77,927.36,75.23,150.24,0.7142,-1,-1,-1
359,4,1722.41,457.36,72.45,208.97,0.5837,-1,-1,-1
359,20,453.51,1010.99,71.13,68.66,0.5407,-1,-1,-1
359,5,1570.90,634.64,86.10,242.68,0.5839,-1,-1,-1
359,16,382.06,507.34,80.91,241.99,0.6909,-1,-1,-1
359,23,496.20,579.89,98.15,235.44,0.7390,-1,-1,-1
359,21,480.65,923.18,91.78,154.13,0.5679,-1,-1,-1
359,22,473.06,523.69,70.72,217.59,0.5348,-1,-1,-1
359,27,844.39,475.17,77.76,217.19,0.5529,-1,-1,-1
360,3,956.95,926.87,75.69,150.61,0.7148,-1,-1,-1
360,4,1722.52,457.56,72.19,208.22,0.6175,-1,-1,-1
360,20,454.90,1012.70,71.42,67.17,0.5192,-1,-1,-1
360,5,1569.76,635.44,86.18,244.07,0.5803,-1,-1,-1
360,16,380.52,508.29,81.19,242.51,0.7215,-1,-1,-1
360,23,497.39,581.38,98.84,234.28,0.6955,-1,-1,-1
360,21,485.19,924.54,91.03,153.89,0.6046,-1,-1,-1
360,22,472.49,527.22,69.81,219.11,0.6201,-1,-1,-1
360,27,845.85,476.19,77.44,219.11,0.5622,-1,-1,-1
360,29,1029.10,425.45,67.21,197.60,0.5173,-1,-1,-1
361,3,957.40,926.44,76.14,151.16,0.7188,-1,-1,-1
361,4,1722.74,457.69,72.30,208.63,0.6122,-1,-1,-1
361,5,1568.57,636.06,85.83,243.64,0.6137,-1,-1,-1
361,16,379.10,509.07,81.04,242.63,0.7080,-1,-1,-1
361,23,500.22,579.12,99.78,236.47,0.6562,-1,-1,-1
361,21,489.57,925.05,91.20,155.33,0.6524,-1,-1,-1
361,22,471.69,528.82,71.47,226.84,0.6367,-1,-1,-1
361,27,847.51,477.47,76.47,219.42,0.6195,-1,-1,-1
361,31,427.29,328.71,78.55,207.71,0.5139,-1,-1,-1
362,3,958.24,926.25,76.13,151.44,0.6825,-1,-1,-1
362,4,1722.88,457.86,72.39,208.70,0.5889,-1,-1,-1
362,5,1569.58,635.41,85.89,244.92,0.5535,-1,-1,-1
362,16,377.27,510.05,80.41,241.25,0.6908,-1,-1,-1
362,23,507.15,578.39,98.28,234.98,0.6012,-1,-1,-1
362,21,494.71,926.98,90.78,154.04,0.6729,-1,-1,-1
362,22,469.71,527.34,72.65,233.42,0.6950,-1,-1,-1
362,27,848.28,478.04,75.45,218.92,0.5482,-1,-1,-1
363,3,959.25,926.06,75.90,151.52,0.6450,-1,-1,-1
363,4,1722.98,458.08,72.34,208.46,0.5977,-1,-1,-1
363,5,1570.99,635.25,85.50,244.59,0.5801,-1,-1,-1
363,16,375.80,510.28,80.11,240.56,0.7083,-1,-1,-1
363,23,513.36,577.58,96.99,233.31,0.6178,-1,-1,-1
363,21,499.32,928.84,90.70,152.31,0.6548,-1,-1,-1
363,22,470.06,533.32,71.02,229.28,0.7131,-1,-1,-1
363,27,849.77,478.96,73.97,217.45,0.5921,-1,-1,-1
363,20,460.66,1018.03,68.74,61.94,0.5111,-1,-1,-1
363,29,1037.37,429.64,67.25,196.03,0.5349,-1,-1,-1
364,3,960.50,925.44,76.01,152.49,0.6626,-1,-1,-1
364,4,1722.47,458.01,72.43,208.33,0.5894,-1,-1,-1
364,5,1571.30,634.32,85.40,245.98,0.5528,-1,-1,-1
364,16,373.98,511.41,79.84,239.92,0.6917,-1,-1,-1
364,23,519.82,576.83,96.48,234.82,0.6583,-1,-1,-1
364,21,504.54,931.85,90.14,149.25,0.6698,-1,-1,-1
364,22,469.39,538.05,69.66,225.97,0.7209,-1,-1,-1
364,27,850.93,478.61,73.68,217.61,0.5556,-1,-1,-1
364,29,1041.27,430.34,67.12,194.57,0.6047,-1,-1,-1
365,3,961.01,924.00,76.40,154.32,0.6770,-1,-1,-1
365,4,1722.51,457.17,72.69,209.22,0.5713,-1,-1,-1
365,5,1572.39,635.26,84.20,243.93,0.6048,-1,-1,-1
365,16,371.28,512.55,79.46,238.51,0.6926,-1,-1,-1
365,23,528.26,574.71,95.34,236.52,0.6433,-1,-1,-1
365,21,509.38,934.09,90.20,146.90,0.6750,-1,-1,-1
365,22,468.46,538.38,69.68,227.41,0.7146,-1,-1,-1
365,27,850.92,479.25,73.19,216.34,0.5337,-1,-1,-1
365,29,1044.78,431.12,67.10,193.84,0.6229,-1,-1,-1
365,31,431.93,317.57,78.62,209.34,0.5329,-1,-1,-1
366,3,962.34,923.10,76.44,155.55,0.7050,-1,-1,-1
366,4,1722.20,457.30,72.66,209.18,0.5805,-1,-1,-1
366,5,1573.45,633.98,84.71,246.08,0.5604,-1,-1,-1
366,16,368.05,512.67,79.40,237.64,0.7386,-1,-1,-1
366,23,534.31,573.43,93.91,238.40,0.7075,-1,-1,-1
366,21,514.46,936.68,90.13,144.20,0.6744,-1,-1,-1
366,22,467.05,539.49,70.05,230.75,0.7373,-1,-1,-1
366,27,850.69,479.91,72.89,215.61,0.5810,-1,-1,-1
366,29,1047.60,430.94,67.57,194.96,0.6339,-1,-1,-1
366,31,433.93,315.96,78.03,209.20,0.5350,-1,-1,-1
367,3,963.43,921.79,76.27,156.39,0.7096,-1,-1,-1
367,4,1721.79,457.54,72.66,209.45,0.5755,-1,-1,-1
367,5,1576.55,639.25,83.90,241.83,0.5770,-1,-1,-1
367,16,365.32,514.32,79.45,235.98,0.7544,-1,-1,-1
367,23,537.80,572.56,92.98,241.30,0.6913,-1,-1,-1
367,21,516.28,940.51,89.70,140.26,0.6848,-1,-1,-1
367,22,465.55,540.44,70.12,232.90,0.7385,-1,-1,-1
367,27,851.05,480.10,73.34,217.16,0.5989,-1,-1,-1
367,29,1050.72,431.18,67.42,194.45,0.6265,-1,-1,-1
367,31,435.13,313.89,77.49,209.17,0.5601,-1,-1,-1
368,3,964.92,921.29,76.08,157.11,0.6915,-1,-1,-1
368,4,1722.43,457.86,72.37,208.13,0.5794,-1,-1,-1
368,5,1578.49,643.50,83.01,236.65,0.5187,-1,-1,-1
368,16,363.01,515.25,79.97,235.20,0.7695,-1,-1,-1
368,23,541.40,572.12,91.38,241.08,0.6900,-1,-1,-1
368,21,519.32,943.21,89.94,137.45,0.6921,-1,-1,-1
368,22,464.18,541.11,69.99,233.56,0.7517,-1,-1,-1
368,27,850.72,480.89,73.00,217.40,0.6341,-1,-1,-1
368,29,1054.04,432.17,68.06,196.63,0.6633,-1,-1,-1
368,31,436.13,312.44,76.71,208.39,0.5695,-1,-1,-1
369,3,966.32,920.94,75.98,157.89,0.7150,-1,-1,-1
369,4,1723.22,458.12,72.28,206.90,0.5701,-1,-1,-1
369,5,1578.48,645.10,83.45,236.45,0.5141,-1,-1,-1
369,16,360.20,516.14,81.78,238.09,0.7539,-1,-1,-1
369,23,543.67,572.46,90.26,240.90,0.6850,-1,-1,-1
369,21,523.27,946.09,90.27,134.48,0.6971,-1,-1,-1
369,22,463.15,541.47,69.58,233.31,0.7328,-1,-1,-1
369,27,849.67,482.11,72.76,218.97,0.5734,-1,-1,-1
369,29,1057.67,433.02,67.66,194.97,0.6209,-1,-1,-1
369,31,436.75,310.41,76.46,209.63,0.5335,-1,-1,-1
370,3,967.32,919.84,76.06,158.62,0.7278,-1,-1,-1
370,4,1722.95,457.74,72.67,207.81,0.5860,-1,-1,-1
370,16,356.67,518.44,83.61,241.35,0.7171,-1,-1,-1
370,23,545.50,572.63,89.60,240.73,0.6620,-1,-1,-1
370,21,527.56,950.73,89.91,129.77,0.6847,-1,-1,-1
370,22,461.98,541.79,69.30,232.95,0.7271,-1,-1,-1
370,29,1059.85,434.69,68.47,197.71,0.6176,-1,-1,-1
370,31,437.51,308.99,76.67,212.20,0.5436,-1,-1,-1
371,3,968.56,918.06,76.56,160.30,0.7223,-1,-1,-1
371,4,1723.11,457.74,72.78,207.57,0.5573,-1,-1,-1
371,16,353.22,521.54,84.72,242.05,0.6988,-1,-1,-1
371,23,549.77,572.41,90.34,241.23,0.6371,-1,-1,-1
371,21,530.26,954.50,90.17,125.93,0.6957,-1,-1,-1
371,22,460.70,542.14,69.08,232.70,0.7148,-1,-1,-1
371,29,1062.84,435.95,68.93,198.84,0.6657,-1,-1,-1
371,31,438.65,309.36,75.60,210.49,0.5039,-1,-1,-1
372,3,970.25,917.22,76.99,161.18,0.7405,-1,-1,-1
372,4,1723.13,458.50,72.96,206.95,0.5365,-1,-1,-1
372,16,351.52,524.30,85.79,242.79,0.7195,-1,-1,-1
372,23,555.49,571.55,92.44,242.40,0.6555,-1,-1,-1
372,21,532.52,958.64,89.96,121.73,0.6824,-1,-1,-1
372,22,459.66,542.52,68.64,231.23,0.7108,-1,-1,-1
372,29,1064.81,438.48,70.04,202.12,0.6598,-1,-1,-1
372,31,439.85,309.83,74.86,209.76,0.5496,-1,-1,-1
373,3,971.84,915.93,77.51,162.17,0.7324,-1,-1,-1
373,4,1722.95,458.15,73.70,207.69,0.5363,-1,-1,-1
373,16,350.07,526.61,85.81,240.69,0.6988,-1,-1,-1
373,23,558.34,571.21,94.31,242.80,0.6639,-1,-1,-1
373,21,533.53,962.31,90.12,118.00,0.6650,-1,-1,-1
373,22,458.60,543.49,68.19,230.03,0.7047,-1,-1,-1
373,29,1067.45,440.81,70.38,202.93,0.6469,-1,-1,-1
373,31,440.54,309.24,74.44,209.99,0.5553,-1,-1,-1
374,3,972.75,915.40,77.88,162.84,0.7307,-1,-1,-1
374,4,1722.23,457.25,74.25,207.88,0.5488,-1,-1,-1
374,16,348.11,527.82,85.78,238.92,0.7001,-1,-1,-1
374,23,561.26,570.03,95.91,243.74,0.6560,-1,-1,-1
374,21,534.52,964.76,90.70,115.51,0.6549,-1,-1,-1
374,22,457.40,545.15,67.40,227.08,0.7049,-1,-1,-1
374,29,1071.40,442.81,69.80,202.22,0.6222,-1,-1,-1
374,31,441.59,308.61,73.71,209.11,0.5965,-1,-1,-1
375,3,973.27,914.38,78.63,164.37,0.7215,-1,-1,-1
375,4,1720.99,457.09,74.81,208.39,0.5773,-1,-1,-1
375,16,346.53,528.87,86.12,238.19,0.6902,-1,-1,-1
375,23,565.50,568.51,97.46,244.95,0.6324,-1,-1,-1
375,21,535.52,966.82,91.13,113.41,0.6393,-1,-1,-1
375,22,456.74,546.78,66.88,223.90,0.7348,-1,-1,-1
375,29,1075.45,444.16,69.83,203.00,0.5902,-1,-1,-1
375,31,443.20,307.34,73.35,209.23,0.6044,-1,-1,-1
375,32,913.72,506.83,69.92,205.68,0.5549,-1,-1,-1
376,3,974.10,912.92,79.37,166.19,0.7171,-1,-1,-1
376,4,1720.38,456.85,75.10,209.34,0.6119,-1,-1,-1
376,16,344.33,531.40,86.14,236.54,0.6838,-1,-1,-1
376,23,568.54,565.63,99.56,248.79,0.5840,-1,-1,-1
376,21,537.40,969.32,90.69,110.87,0.6359,-1,-1,-1
376,22,455.29,548.97,66.97,223.67,0.7416,-1,-1,-1
376,29,1078.91,445.05,69.35,201.77,0.5825,-1,-1,-1
376,31,444.91,306.33,72.95,209.06,0.5908,-1,-1,-1
376,32,913.48,506.94,70.08,206.30,0.5748,-1,-1,-1
377,3,974.07,911.74,80.23,167.46,0.7053,-1,-1,-1
377,4,1720.28,456.74,74.92,209.05,0.6236,-1,-1,-1
377,16,342.09,533.77,85.56,233.00,0.6855,-1,-1,-1
377,23,571.39,564.74,100.27,249.41,0.5901,-1,-1,-1
377,21,537.63,970.15,91.28,110.02,0.6485,-1,-1,-1
377,22,453.80,550.67,67.86,226.65,0.7338,-1,-1,-1
377,29,1080.98,447.01,69.10,201.14,0.5975,-1,-1,-1
377,31,445.78,304.21,73.01,210.36,0.6378,-1,-1,-1
377,32,913.19,507.95,69.66,205.23,0.5751,-1,-1,-1
377,33,853.13,495.44,64.85,214.41,0.5071,-1,-1,-1
378,3,974.67,910.34,81.25,169.42,0.7159,-1,-1,-1
378,4,1720.28,456.52,75.06,209.34,0.6188,-1,-1,-1
378,16,340.25,534.94,85.37,231.23,0.6962,-1,-1,-1
378,23,573.25,563.48,99.93,249.02,0.5010,-1,-1,-1
378,21,538.72,971.72,91.02,108.42,0.6423,-1,-1,-1
378,22,452.42,552.83,68.59,229.07,0.7250,-1,-1,-1
378,29,1084.43,449.10,68.24,198.72,0.6358,-1,-1,-1
378,31,447.02,302.83,72.78,210.02,0.6321,-1,-1,-1
378,32,913.79,509.01,69.21,204.26,0.5561,-1,-1,-1
378,33,851.50,492.41,67.38,222.85,0.5067,-1,-1,-1
379,3,975.46,909.66,81.82,170.06,0.7198,-1,-1,-1
379,4,1720.50,456.90,75.03,208.70,0.6199,-1,-1,-1
379,16,339.30,536.16,84.77,228.55,0.6948,-1,-1,-1
379,21,539.85,973.18,90.56,106.94,0.6109,-1,-1,-1
379,22,451.13,554.88,69.53,232.14,0.7144,-1,-1,-1
379,29,1088.86,449.10,68.13,199.82,0.6337,-1,-1,-1
379,31,447.53,301.19,72.41,208.85,0.6428,-1,-1,-1
379,32,914.23,508.78,69.19,204.66,0.5595,-1,-1,-1
379,33,850.70,492.06,68.51,226.59,0.5169,-1,-1,-1
380,3,976.17,908.81,82.32,170.63,0.7103,-1,-1,-1
380,4,1720.28,456.55,75.31,209.37,0.6107,-1,-1,-1
380,16,338.25,537.24,84.66,227.22,0.7025,-1,-1,-1
380,21,541.22,974.55,90.04,105.56,0.6081,-1,-1,-1
380,22,449.66,558.04,69.26,231.12,0.7314,-1,-1,-1
380,29,1091.46,449.52,67.76,199.32,0.6023,-1,-1,-1
380,31,448.10,299.26,71.73,206.37,0.5915,-1,-1,-1
381,3,976.67,907.90,82.86,171.50,0.7045,-1,-1,-1
381,4,1719.90,456.37,75.25,209.49,0.6324,-1,-1,-1
381,16,336.12,537.92,86.48,232.55,0.7547,-1,-1,-1
381,21,543.61,977.27,88.32,102.83,0.6081,-1,-1,-1
381,22,448.45,560.93,69.76,233.37,0.7347,-1,-1,-1
381,29,1093.57,449.69,67.45,198.56,0.6688,-1,-1,-1
381,31,448.43,297.70,71.02,203.84,0.6312,-1,-1,-1
382,3,977.07,907.16,83.18,171.83,0.7193,-1,-1,-1
382,4,1719.41,456.73,74.85,208.42,0.6005,-1,-1,-1
382,16,334.82,539.26,86.99,234.84,0.7804,-1,-1,-1
382,21,546.51,980.42,86.13,99.66,0.5994,-1,-1,-1
382,22,447.44,562.27,70.08,234.90,0.7429,-1,-1,-1
382,29,1095.33,449.27,67.71,199.58,0.6667,-1,-1,-1
382,31,448.90,294.99,71.14,203.52,0.6233,-1,-1,-1
383,3,978.02,906.30,83.32,172.29,0.6950,-1,-1,-1
383,4,1719.20,456.54,74.98,209.17,0.6006,-1,-1,-1
383,16,333.82,540.18,86.86,235.22,0.7797,-1,-1,-1
383,21,550.71,987.68,80.85,92.39,0.5859,-1,-1,-1
383,22,446.71,562.07,70.67,236.60,0.7658,-1,-1,-1
383,29,1097.90,449.40,67.41,198.60,0.6580,-1,-1,-1
383,31,449.33,292.24,71.56,203.92,0.5802,-1,-1,-1
384,3,978.91,906.07,83.42,172.59,0.6984,-1,-1,-1
384,4,1718.87,456.75,74.44,208.52,0.5856,-1,-1,-1
384,16,332.88,540.83,86.97,236.91,0.7748,-1,-1,-1
384,21,555.18,992.68,77.56,87.38,0.5777,-1,-1,-1
384,22,445.25,564.15,70.63,235.53,0.7714,-1,-1,-1
384,29,1101.06,452.90,67.50,197.68,0.6481,-1,-1,-1
384,31,449.30,290.12,72.23,205.30,0.6012,-1,-1,-1
384,32,916.52,512.84,68.31,201.82,0.5728,-1,-1,-1
385,3,979.62,905.68,83.36,172.94,0.7089,-1,-1,-1
385,4,1718.31,456.91,74.15,208.20,0.6486,-1,-1,-1
385,16,332.13,541.57,87.22,238.64,0.7686,-1,-1,-1
385,21,558.90,997.23,74.82,82.81,0.5668,-1,-1,-1
385,22,444.58,564.52,70.92,235.97,0.7674,-1,-1,-1
385,29,1103.84,454.24,68.59,199.63,0.5821,-1,-1,-1
385,31,447.93,288.90,73.24,207.02,0.5651,-1,-1,-1
385,32,918.69,514.54,68.59,203.30,0.5243,-1,-1,-1
386,3,980.56,905.03,83.10,173.34,0.6759,-1,-1,-1
386,4,1718.80,457.27,73.81,207.62,0.5985,-1,-1,-1
386,16,331.52,543.84,87.26,239.02,0.7442,-1,-1,-1
386,21,563.69,1001.92,72.05,78.12,0.5119,-1,-1,-1
386,22,443.14,565.46,71.00,235.72,0.7521,-1,-1,-1
386,29,1108.34,455.93,69.05,200.02,0.5336,-1,-1,-1
386,31,447.01,287.92,74.22,208.01,0.5690,-1,-1,-1
387,3,981.67,904.52,82.58,173.39,0.6608,-1,-1,-1
387,4,1719.02,458.06,73.45,206.72,0.5508,-1,-1,-1
387,16,330.50,545.46,88.35,242.60,0.7475,-1,-1,-1
387,21,567.23,1005.56,70.29,74.48,0.5012,-1,-1,-1
387,22,441.10,565.70,71.01,235.88,0.7457,-1,-1,-1
387,29,1112.41,458.14,69.92,199.47,0.5176,-1,-1,-1
387,31,447.03,287.69,75.02,208.19,0.5789,-1,-1,-1
388,3,982.45,904.25,82.41,173.78,0.6202,-1,-1,-1
388,4,1718.85,457.48,73.43,207.08,0.5456,-1,-1,-1
388,16,328.29,549.17,89.65,246.23,0.7585,-1,-1,-1
388,22,439.62,567.25,70.71,234.81,0.7461,-1,-1,-1
388,29,1114.96,461.76,70.96,198.62,0.5451,-1,-1,-1
388,31,446.71,287.22,75.86,208.52,0.5925,-1,-1,-1
389,3,983.31,904.40,82.22,173.74,0.6536,-1,-1,-1
389,4,1719.27,457.47,73.62,208.09,0.5552,-1,-1,-1
389,16,326.95,551.71,89.83,246.18,0.7756,-1,-1,-1
389,22,438.55,568.20,70.56,233.44,0.7651,-1,-1,-1
389,31,445.66,286.73,76.77,208.98,0.6108,-1,-1,-1
389,32,922.33,524.32,68.58,202.50,0.5317,-1,-1,-1
390,3,983.52,904.30,82.18,173.75,0.6174,-1,-1,-1
390,4,1719.12,456.89,73.62,208.72,0.5492,-1,-1,-1
390,16,324.91,553.59,89.81,245.84,0.7912,-1,-1,-1
390,22,437.43,569.25,70.51,232.30,0.7766,-1,-1,-1
390,31,445.03,286.58,77.43,209.12,0.6382,-1,-1,-1
390,32,923.57,526.10,68.43,201.30,0.5937,-1,-1,-1
390,33,853.80,503.90,65.81,215.64,0.5204,-1,-1,-1
391,3,982.65,904.52,82.50,174.43,0.6166,-1,-1,-1
391,4,1719.15,456.81,73.98,210.05,0.5625,-1,-1,-1
391,16,323.29,556.07,89.99,245.83,0.7920,-1,-1,-1
391,22,436.26,571.87,70.30,230.11,0.8020,-1,-1,-1
391,31,444.87,284.97,77.94,209.30,0.6376,-1,-1,-1
391,32,923.62,527.63,70.27,206.48,0.6189,-1,-1,-1
391,33,853.98,506.67,65.92,213.26,0.5873,-1,-1,-1
392,3,982.21,904.76,82.46,173.81,0.6710,-1,-1,-1
392,4,1720.20,456.81,73.53,209.41,0.5862,-1,-1,-1
392,16,321.62,557.33,90.88,247.60,0.8023,-1,-1,-1
392,22,435.34,573.79,70.67,229.89,0.8104,-1,-1,-1
392,31,444.84,283.08,78.48,210.45,0.6669,-1,-1,-1
392,32,923.32,528.75,71.25,208.47,0.6076,-1,-1,-1
392,33,852.40,508.41,69.04,223.29,0.5647,-1,-1,-1
392,29,1129.19,467.78,71.26,198.43,0.5122,-1,-1,-1
393,3,981.93,905.44,82.29,172.86,0.6830,-1,-1,-1
393,4,1720.61,456.68,73.40,209.73,0.5854,-1,-1,-1
393,16,320.65,559.43,91.32,247.85,0.7958,-1,-1,-1
393,22,433.91,576.43,71.15,230.56,0.8171,-1,-1,-1
393,31,445.51,280.09,78.71,211.61,0.6620,-1,-1,-1
393,32,924.62,529.68,71.95,210.28,0.6582,-1,-1,-1
393,33,851.92,510.49,69.12,222.37,0.5589,-1,-1,-1
393,29,1132.51,467.11,72.05,200.95,0.5165,-1,-1,-1
394,3,982.25,906.38,81.93,171.71,0.6815,-1,-1,-1
394,4,1719.78,456.31,73.51,210.60,0.5811,-1,-1,-1
394,16,320.05,560.77,91.55,247.96,0.7911,-1,-1,-1
394,22,432.67,579.20,71.17,230.42,0.8000,-1,-1,-1
394,31,446.52,277.76,78.50,212.07,0.6724,-1,-1,-1
394,32,925.56,526.34,72.50,212.71,0.6616,-1,-1,-1
394,33,851.55,511.96,70.74,227.42,0.5168,-1,-1,-1
394,29,1137.01,467.46,71.87,201.60,0.5342,-1,-1,-1
395,3,982.82,906.69,82.00,171.36,0.6671,-1,-1,-1
395,4,1719.65,456.10,73.54,211.39,0.5830,-1,-1,-1
395,16,318.36,561.15,91.84,248.81,0.7875,-1,-1,-1
395,22,431.40,582.54,71.40,231.50,0.7920,-1,-1,-1
395,31,447.80,275.76,77.54,210.54,0.6572,-1,-1,-1
395,32,927.19,525.85,72.48,212.48,0.6760,-1,-1,-1
395,33,853.43,515.16,69.53,222.66,0.5649,-1,-1,-1
396,3,982.81,907.45,81.98,170.67,0.6858,-1,-1,-1
396,4,1720.12,457.24,72.88,209.75,0.6232,-1,-1,-1
396,16,315.85,562.33,91.50,248.95,0.7875,-1,-1,-1
396,22,430.50,585.13,71.28,231.18,0.7760,-1,-1,-1
396,31,448.90,274.06,75.98,207.34,0.6752,-1,-1,-1
396,32,928.30,526.35,72.39,212.40,0.6931,-1,-1,-1
396,33,854.50,517.67,70.13,224.56,0.6069,-1,-1,-1
397,3,982.69,908.05,82.14,170.36,0.7022,-1,-1,-1
397,4,1720.31,457.63,72.76,209.38,0.6301,-1,-1,-1
397,16,313.81,562.64,91.15,249.47,0.7930,-1,-1,-1
397,22,429.44,587.45,71.18,231.39,0.7713,-1,-1,-1
397,31,450.26,272.11,74.24,203.46,0.6855,-1,-1,-1
397,32,929.44,527.73,71.79,210.26,0.6868,-1,-1,-1
397,33,856.45,519.69,67.21,212.02,0.6179,-1,-1,-1
398,3,982.68,908.19,82.14,170.31,0.7214,-1,-1,-1
398,4,1720.33,458.47,72.50,208.53,0.5912,-1,-1,-1
398,16,311.71,563.30,90.45,248.99,0.7893,-1,-1,-1
398,22,427.53,589.12,71.62,234.88,0.7511,-1,-1,-1
398,31,451.00,270.36,73.37,201.16,0.6636,-1,-1,-1
398,32,930.87,530.21,70.61,207.42,0.6510,-1,-1,-1
398,33,856.61,519.94,70.02,220.92,0.6068,-1,-1,-1
398,29,1152.32,469.48,71.93,200.71,0.5295,-1,-1,-1
399,3,983.00,908.53,82.34,170.97,0.7311,-1,-1,-1
399,4,1720.48,458.59,72.38,208.25,0.5767,-1,-1,-1
399,16,310.48,563.74,89.45,247.42,0.7838,-1,-1,-1
399,22,426.65,591.07,71.53,236.33,0.7535,-1,-1,-1
399,31,451.99,267.44,73.64,202.14,0.6445,-1,-1,-1
399,32,932.51,531.47,70.24,206.52,0.6660,-1,-1,-1
399,33,857.15,520.67,70.50,221.79,0.6084,-1,-1,-1
399,29,1155.51,467.81,73.52,204.67,0.5756,-1,-1,-1
400,3,983.67,909.25,81.89,170.31,0.7246,-1,-1,-1
400,4,1720.41,457.98,72.38,208.33,0.5436,-1,-1,-1
400,16,310.11,565.13,87.95,244.22,0.7863,-1,-1,-1
400,22,425.84,592.67,71.17,237.03,0.7664,-1,-1,-1
400,31,452.18,266.26,73.87,202.83,0.6444,-1,-1,-1
400,32,932.14,533.10,70.38,206.38,0.6484,-1,-1,-1
400,33,857.66,521.54,71.14,223.44,0.6055,-1,-1,-1
400,29,1158.08,469.90,73.72,205.49,0.5751,-1,-1,-1
401,3,983.29,910.57,81.02,168.95,0.7077,-1,-1,-1
401,4,1720.19,456.83,72.63,209.83,0.5082,-1,-1,-1
401,16,309.50,566.64,86.54,240.35,0.7850,-1,-1,-1
401,22,425.62,593.93,70.84,237.33,0.7536,-1,-1,-1
401,31,452.18,265.65,74.05,202.86,0.6432,-1,-1,-1
401,32,934.13,534.86,70.25,206.40,0.6574,-1,-1,-1
401,33,857.58,521.45,72.27,226.77,0.6110,-1,-1,-1
401,29,1162.21,471.25,73.93,206.86,0.6032,-1,-1,-1
402,3,983.70,912.05,80.09,167.72,0.7041,-1,-1,-1
402,4,1720.32,455.93,72.85,210.91,0.5201,-1,-1,-1
402,16,308.39,568.40,86.69,240.59,0.7815,-1,-1,-1
402,22,425.35,595.11,70.21,236.81,0.7496,-1,-1,-1
402,31,452.50,264.93,74.56,203.98,0.6368,-1,-1,-1
402,32,934.74,536.18,70.95,208.42,0.6376,-1,-1,-1
402,33,857.42,522.40,72.75,227.59,0.6058,-1,-1,-1
402,29,1166.97,474.46,72.75,201.99,0.5433,-1,-1,-1
403,3,983.68,913.46,78.93,165.95,0.7161,-1,-1,-1
403,4,1721.10,458.47,72.11,208.83,0.5068,-1,-1,-1
403,16,306.52,570.87,87.45,243.50,0.7803,-1,-1,-1
403,22,424.47,596.36,69.60,236.33,0.7420,-1,-1,-1
403,31,452.89,264.64,74.87,204.54,0.6439,-1,-1,-1
403,32,934.79,537.92,70.82,207.33,0.6351,-1,-1,-1
403,33,858.01,523.10,72.97,227.41,0.6415,-1,-1,-1
404,3,983.94,915.37,77.66,164.00,0.6959,-1,-1,-1
404,16,305.21,573.76,87.81,245.63,0.7799,-1,-1,-1
404,22,423.88,597.19,69.11,235.54,0.7299,-1,-1,-1
404,31,453.04,263.79,75.38,206.22,0.6609,-1,-1,-1
404,32,933.64,539.77,72.12,211.17,0.6119,-1,-1,-1
404,33,858.40,523.35,73.13,227.01,0.6506,-1,-1,-1
405,3,984.10,917.66,76.28,161.60,0.6974,-1,-1,-1
405,16,303.58,575.59,88.14,248.23,0.7703,-1,-1,-1
405,22,422.40,598.49,68.80,234.52,0.7476,-1,-1,-1
405,31,453.18,263.44,75.37,206.13,0.6715,-1,-1,-1
405,32,934.42,541.22,72.58,213.31,0.6423,-1,-1,-1
405,33,860.15,524.05,73.72,227.29,0.6712,-1,-1,-1
405,29,1176.37,483.02,73.61,201.46,0.5425,-1,-1,-1
406,3,983.91,918.81,75.74,160.44,0.7103,-1,-1,-1
406,16,302.66,577.59,87.96,249.47,0.7537,-1,-1,-1
406,22,420.74,600.18,68.34,232.63,0.7347,-1,-1,-1
406,31,453.72,262.87,75.14,204.62,0.6597,-1,-1,-1
406,32,933.88,543.70,72.99,213.82,0.6615,-1,-1,-1
406,33,861.41,525.83,74.14,227.16,0.6863,-1,-1,-1
407,3,983.43,920.37,74.95,158.58,0.6981,-1,-1,-1
407,16,302.12,579.85,87.15,248.83,0.7589,-1,-1,-1
407,22,418.28,600.70,67.98,231.80,0.7571,-1,-1,-1
407,31,454.30,262.60,75.07,203.99,0.6780,-1,-1,-1
407,32,933.18,545.67,73.63,216.22,0.6853,-1,-1,-1
407,33,859.66,526.45,76.57,233.86,0.6437,-1,-1,-1
408,3,983.20,922.45,73.81,155.61,0.7116,-1,-1,-1
408,16,300.74,582.77,86.98,249.94,0.7557,-1,-1,-1
408,22,417.82,603.48,67.96,230.84,0.7636,-1,-1,-1
408,31,454.52,261.28,75.50,204.94,0.6792,-1,-1,-1
408,32,932.33,547.39,73.39,215.07,0.6936,-1,-1,-1
408,33,859.61,527.31,77.83,237.75,0.6623,-1,-1,-1
409,3,983.03,924.01,73.36,153.90,0.6881,-1,-1,-1
409,16,299.36,585.20,86.54,250.25,0.7667,-1,-1,-1
409,22,416.44,607.51,68.26,231.13,0.7629,-1,-1,-1
409,31,455.95,260.12,74.88,203.44,0.6621,-1,-1,-1
409,32,933.02,548.90,72.84,213.32,0.6870,-1,-1,-1
409,33,860.10,529.86,78.60,240.09,0.6322,-1,-1,-1
409,4,1720.87,453.24,73.44,213.43,0.5249,-1,-1,-1
410,3,982.79,925.20,73.08,152.60,0.6906,-1,-1,-1
410,16,297.15,586.55,86.72,251.30,0.7945,-1,-1,-1
410,22,414.46,609.72,68.97,233.54,0.7295,-1,-1,-1
410,31,457.45,259.24,73.74,200.49,0.6667,-1,-1,-1
410,32,933.64,550.66,72.43,212.53,0.7032,-1,-1,-1
410,33,859.30,532.33,79.08,242.72,0.6341,-1,-1,-1
410,4,1720.81,450.56,74.07,216.47,0.5461,-1,-1,-1
411,3,982.19,925.81,73.26,151.73,0.6895,-1,-1,-1
411,16,295.72,587.86,86.04,250.14,0.7970,-1,-1,-1
411,22,412.46,612.41,69.06,233.84,0.7072,-1,-1,-1
411,31,457.99,257.48,72.70,197.64,0.6786,-1,-1,-1
411,32,933.80,551.58,71.87,211.24,0.6876,-1,-1,-1
411,33,859.77,535.08,78.73,243.69,0.6578,-1,-1,-1
411,4,1720.69,449.27,74.48,218.70,0.5377,-1,-1,-1
412,3,981.85,925.94,74.13,152.02,0.7054,-1,-1,-1
412,16,294.09,588.53,85.44,249.38,0.7994,-1,-1,-1
412,22,408.64,614.39,69.81,235.53,0.7283,-1,-1,-1
412,31,457.41,254.66,72.75,197.52,0.6563,-1,-1,-1
412,32,935.01,553.02,71.15,210.01,0.6721,-1,-1,-1
412,33,861.10,537.89,76.73,238.29,0.6554,-1,-1,-1
412,4,1720.82,448.37,74.46,219.57,0.5731,-1,-1,-1
412,29,1206.96,486.66,73.48,205.63,0.5110,-1,-1,-1
413,3,981.56,926.92,74.40,150.68,0.6954,-1,-1,-1
413,16,292.36,589.90,84.88,247.74,0.7894,-1,-1,-1
413,22,407.11,616.43,69.91,235.37,0.7389,-1,-1,-1
413,31,456.66,251.90,73.14,198.40,0.6538,-1,-1,-1
413,32,936.56,553.47,70.69,209.61,0.6480,-1,-1,-1
413,33,861.68,539.62,76.61,239.62,0.6424,-1,-1,-1
413,4,1721.68,450.23,73.71,217.91,0.5495,-1,-1,-1
413,29,1212.73,493.34,70.22,199.71,0.5866,-1,-1,-1
414,3,981.33,927.40,75.10,150.10,0.7040,-1,-1,-1
414,16,291.24,590.46,84.72,247.35,0.7820,-1,-1,-1
414,22,406.12,618.40,70.19,236.16,0.7248,-1,-1,-1
414,31,454.86,249.46,74.04,200.42,0.6629,-1,-1,-1
414,32,935.11,555.66,70.45,206.57,0.6700,-1,-1,-1
414,33,862.08,540.78,76.75,242.42,0.6481,-1,-1,-1
414,29,1218.07,488.45,71.23,204.72,0.5254,-1,-1,-1
415,3,982.05,928.50,75.70,148.93,0.7249,-1,-1,-1
415,16,290.34,591.99,84.26,245.82,0.7816,-1,-1,-1
415,22,404.04,620.02,70.65,237.67,0.7211,-1,-1,-1
415,31,453.71,248.93,74.18,199.32,0.6195,-1,-1,-1
415,32,935.77,557.17,70.88,205.68,0.6420,-1,-1,-1
415,33,862.81,542.26,76.46,243.80,0.6306,-1,-1,-1
415,29,1222.14,492.94,70.66,202.40,0.5825,-1,-1,-1
415,34,1575.15,614.45,109.29,242.15,0.5361,-1,-1,-1
416,3,981.71,928.94,76.69,148.50,0.7303,-1,-1,-1
416,16,290.32,593.12,83.47,243.35,0.7907,-1,-1,-1
416,22,402.22,621.32,70.96,238.13,0.7395,-1,-1,-1
416,31,452.26,248.67,74.68,198.93,0.6009,-1,-1,-1
416,32,936.22,558.70,71.60,206.32,0.6430,-1,-1,-1
416,33,863.37,543.29,75.64,243.32,0.6034,-1,-1,-1
416,34,1574.99,613.67,109.80,243.31,0.5601,-1,-1,-1
417,3,981.68,929.91,77.33,147.40,0.7107,-1,-1,-1
417,16,290.20,595.53,82.97,241.03,0.7693,-1,-1,-1
417,22,400.33,623.58,70.57,235.57,0.7413,-1,-1,-1
417,31,450.71,249.41,75.11,197.95,0.5980,-1,-1,-1
417,32,937.02,560.82,71.61,204.53,0.6163,-1,-1,-1
417,33,864.79,544.44,71.84,232.34,0.5605,-1,-1,-1
417,34,1572.78,610.70,111.05,246.28,0.5615,-1,-1,-1
417,29,1233.59,491.97,73.91,207.06,0.5257,-1,-1,-1
418,3,981.21,930.57,78.45,147.03,0.7074,-1,-1,-1
418,16,289.47,597.24,83.36,241.49,0.7827,-1,-1,-1
418,22,397.54,624.02,70.91,235.61,0.7810,-1,-1,-1
418,31,449.37,249.30,76.06,198.38,0.5497,-1,-1,-1
418,32,938.14,562.35,72.13,205.01,0.6010,-1,-1,-1
418,33,866.76,545.85,68.49,221.16,0.5149,-1,-1,-1
418,34,1572.46,613.47,109.42,243.05,0.5849,-1,-1,-1
418,29,1236.70,491.41,77.22,210.52,0.5416,-1,-1,-1
419,3,980.79,931.30,79.49,146.26,0.7164,-1,-1,-1
419,16,288.53,599.23,84.50,244.34,0.7873,-1,-1,-1
419,22,395.14,624.00,71.28,236.15,0.7939,-1,-1,-1
419,31,448.96,249.09,76.92,198.96,0.5466,-1,-1,-1
419,32,940.41,564.00,73.73,211.20,0.5486,-1,-1,-1
419,33,868.16,546.71,66.98,215.61,0.5412,-1,-1,-1
419,34,1572.88,614.80,108.65,241.56,0.5873,-1,-1,-1
419,4,1720.42,447.59,74.35,220.36,0.5305,-1,-1,-1
420,3,980.82,931.45,81.00,146.39,0.7010,-1,-1,-1
420,16,287.51,601.02,85.73,247.84,0.7782,-1,-1,-1
420,22,393.67,624.75,71.55,235.83,0.7863,-1,-1,-1
420,31,449.38,248.79,77.28,198.63,0.5255,-1,-1,-1
420,32,942.31,567.10,73.39,211.12,0.5340,-1,-1,-1
420,33,868.67,546.05,67.66,217.21,0.5591,-1,-1,-1
420,34,1572.50,615.00,107.98,240.77,0.5887,-1,-1,-1
421,3,980.27,932.04,82.03,146.07,0.7085,-1,-1,-1
421,16,286.30,602.76,87.30,252.24,0.7641,-1,-1,-1
421,22,392.26,625.23,71.81,235.58,0.7875,-1,-1,-1
421,31,448.40,247.12,78.17,199.35,0.5855,-1,-1,-1
421,33,868.87,546.89,68.43,218.71,0.5200,-1,-1,-1
421,34,1572.82,622.35,104.43,233.33,0.5485,-1,-1,-1
422,3,979.94,931.72,83.23,146.42,0.7210,-1,-1,-1
422,16,285.74,604.61,89.14,256.64,0.7470,-1,-1,-1
422,22,391.94,627.06,71.61,233.41,0.7814,-1,-1,-1
422,31,447.85,245.30,78.81,200.90,0.6082,-1,-1,-1
422,4,1721.90,458.18,70.75,207.97,0.5261,-1,-1,-1
422,32,945.29,574.13,72.22,209.32,0.5531,-1,-1,-1
423,3,980.21,931.31,84.22,146.57,0.6958,-1,-1,-1
423,16,285.92,607.09,89.84,257.70,0.7405,-1,-1,-1
423,22,390.90,629.49,71.97,233.14,0.7808,-1,-1,-1
423,31,447.42,243.25,78.91,201.41,0.5941,-1,-1,-1
423,36,734.32,560.96,68.24,228.21,0.6165,-1,-1,-1
423,4,1722.13,458.92,70.95,207.33,0.5458,-1,-1,-1
423,32,946.08,576.34,71.82,209.12,0.5579,-1,-1,-1
424,3,980.31,931.74,84.69,146.06,0.7093,-1,-1,-1
424,16,285.31,609.39,89.92,257.40,0.7514,-1,-1,-1
424,22,389.56,631.78,73.57,235.39,0.7808,-1,-1,-1
424,31,446.79,242.55,78.77,201.69,0.5972,-1,-1,-1
424,36,737.49,560.23,69.10,230.82,0.6618,-1,-1,-1
424,4,1722.21,460.90,70.87,205.88,0.5562,-1,-1,-1
424,32,947.22,578.07,71.71,209.04,0.5913,-1,-1,-1
425,3,981.15,931.86,85.37,146.13,0.6975,-1,-1,-1
425,16,284.87,611.35,90.67,258.70,0.7281,-1,-1,-1
425,22,388.00,633.50,74.92,237.38,0.7597,-1,-1,-1
425,31,446.32,239.92,78.69,202.25,0.6361,-1,-1,-1
425,36,740.99,559.35,70.93,236.37,0.6251,-1,-1,-1
425,4,1721.80,460.60,71.51,206.77,0.5447,-1,-1,-1
425,32,948.61,577.21,71.84,208.23,0.5781,-1,-1,-1
426,3,982.16,931.91,86.15,146.51,0.7120,-1,-1,-1
426,16,284.30,613.58,90.89,259.01,0.7227,-1,-1,-1
426,22,386.69,635.38,75.85,238.60,0.7307,-1,-1,-1
426,31,446.32,237.92,77.38,199.46,0.6273,-1,-1,-1
426,36,743.55,559.71,72.08,239.35,0.6269,-1,-1,-1
426,4,1722.34,460.31,72.09,207.13,0.5635,-1,-1,-1
426,32,949.57,577.60,72.16,208.02,0.6223,-1,-1,-1
427,3,982.87,931.06,87.20,147.67,0.7067,-1,-1,-1
427,16,283.35,615.10,91.47,259.82,0.7049,-1,-1,-1
427,22,387.03,637.75,77.54,240.37,0.6814,-1,-1,-1
427,31,446.92,236.94,76.00,196.17,0.6148,-1,-1,-1
427,36,745.10,560.07,73.34,242.76,0.5611,-1,-1,-1
427,4,1721.36,461.84,72.07,205.87,0.5424,-1,-1,-1
427,32,950.86,578.35,72.78,208.82,0.6070,-1,-1,-1
427,33,871.65,557.02,70.38,222.93,0.5286,-1,-1,-1
428,3,983.71,930.37,88.00,148.42,0.7258,-1,-1,-1
428,16,282.72,617.66,91.65,259.35,0.7028,-1,-1,-1
428,22,382.77,641.28,76.64,238.35,0.7222,-1,-1,-1
428,31,447.26,235.02,75.03,193.88,0.6391,-1,-1,-1
428,36,748.43,561.19,74.17,243.93,0.6019,-1,-1,-1
428,4,1720.14,462.61,72.37,204.85,0.5272,-1,-1,-1
428,32,952.49,578.81,73.36,210.09,0.6468,-1,-1,-1
428,33,872.25,559.93,72.56,228.40,0.6007,-1,-1,-1
429,3,984.56,930.38,88.24,148.38,0.7322,-1,-1,-1
429,16,281.95,618.41,91.34,257.27,0.7233,-1,-1,-1
429,22,380.49,644.17,76.24,238.13,0.7132,-1,-1,-1
429,31,447.09,234.12,74.61,192.54,0.5974,-1,-1,-1
429,36,751.80,562.11,75.85,247.50,0.6671,-1,-1,-1
429,4,1720.73,461.58,73.45,206.75,0.5470,-1,-1,-1
429,32,954.51,579.66,73.21,209.91,0.6488,-1,-1,-1
429,33,873.25,562.71,72.38,225.96,0.6410,-1,-1,-1
430,3,986.58,929.77,88.39,148.90,0.7070,-1,-1,-1
430,16,280.56,620.23,91.18,256.18,0.7242,-1,-1,-1
430,22,377.76,646.71,76.65,240.92,0.7087,-1,-1,-1
430,31,446.53,232.34,74.93,193.13,0.5610,-1,-1,-1
430,36,755.00,563.10,76.32,246.54,0.6755,-1,-1,-1
430,4,1721.93,464.05,72.79,203.63,0.5222,-1,-1,-1
430,32,956.76,580.95,72.76,208.12,0.6310,-1,-1,-1
430,33,873.85,564.34,72.68,225.69,0.5902,-1,-1,-1
431,3,987.82,929.03,88.50,149.58,0.6962,-1,-1,-1
431,16,280.38,621.58,90.78,254.63,0.7542,-1,-1,-1
431,22,375.95,648.77,76.22,240.48,0.7412,-1,-1,-1
431,31,445.54,230.59,75.26,193.98,0.5680,-1,-1,-1
431,36,757.33,563.43,76.90,245.92,0.6968,-1,-1,-1
431,4,1721.81,462.57,73.61,206.64,0.5384,-1,-1,-1
431,32,958.87,582.04,72.29,207.04,0.6157,-1,-1,-1
431,33,874.39,566.39,73.18,225.51,0.6155,-1,-1,-1
432,3,988.97,927.70,88.70,150.89,0.7002,-1,-1,-1
432,16,279.90,623.17,90.10,252.01,0.7414,-1,-1,-1
432,22,375.67,650.30,75.75,239.45,0.7334,-1,-1,-1
432,31,444.70,228.56,75.92,195.80,0.5819,-1,-1,-1
432,36,758.69,564.18,77.88,246.78,0.7274,-1,-1,-1
432,4,1721.50,462.47,73.31,206.09,0.5636,-1,-1,-1
432,32,960.13,583.15,72.33,207.13,0.6274,-1,-1,-1
432,33,874.75,568.92,73.14,224.79,0.6105,-1,-1,-1
433,3,990.54,927.72,88.09,150.65,0.6875,-1,-1,-1
433,16,279.21,623.22,89.36,249.92,0.7520,-1,-1,-1
433,22,374.93,651.98,75.34,238.52,0.7008,-1,-1,-1
433,31,444.32,227.29,76.33,196.93,0.6027,-1,-1,-1
433,36,759.36,564.75,79.17,249.02,0.7079,-1,-1,-1
433,4,1722.65,463.18,73.09,204.83,0.5227,-1,-1,-1
433,32,961.74,583.96,72.85,209.36,0.5926,-1,-1,-1
433,33,876.56,570.37,72.61,222.26,0.6065,-1,-1,-1
434,3,992.65,927.87,87.42,150.23,0.7308,-1,-1,-1
434,16,278.81,624.08,88.95,248.66,0.7393,-1,-1,-1
434,22,373.81,653.01,75.27,237.69,0.7259,-1,-1,-1
434,31,444.38,226.43,76.57,197.92,0.5977,-1,-1,-1
434,36,759.95,566.05,79.81,249.65,0.7276,-1,-1,-1
434,32,962.70,585.93,73.28,210.99,0.6025,-1,-1,-1
434,33,878.95,571.41,72.65,222.00,0.6033,-1,-1,-1
435,3,994.49,926.87,87.42,151.14,0.7072,-1,-1,-1
435,16,278.17,624.88,88.89,248.46,0.7551,-1,-1,-1
435,22,371.74,653.38,75.71,238.51,0.7217,-1,-1,-1
435,31,444.17,225.63,76.78,198.85,0.5998,-1,-1,-1
435,36,760.44,566.43,80.14,250.18,0.7064,-1,-1,-1
435,32,963.30,587.21,74.40,215.79,0.6062,-1,-1,-1
435,33,880.61,572.34,72.48,220.10,0.6096,-1,-1,-1
436,3,996.70,926.47,87.14,151.27,0.6918,-1,-1,-1
436,16,276.75,625.73,89.68,250.92,0.7627,-1,-1,-1
436,22,369.58,654.10,75.61,237.82,0.7305,-1,-1,-1
436,31,443.94,224.95,77.00,199.91,0.6232,-1,-1,-1
436,36,760.69,566.71,80.42,250.99,0.6867,-1,-1,-1
436,32,964.51,588.08,75.68,221.60,0.6187,-1,-1,-1
436,33,882.26,573.56,70.56,212.38,0.6295,-1,-1,-1
437,3,998.63,925.35,87.41,152.41,0.7146,-1,-1,-1
437,16,274.93,627.51,91.02,255.21,0.7763,-1,-1,-1
437,22,368.52,655.11,75.31,236.46,0.7367,-1,-1,-1
437,31,444.42,223.78,76.63,199.91,0.6121,-1,-1,-1
437,36,761.17,566.88,80.62,251.59,0.6855,-1,-1,-1
437,32,964.80,589.76,75.67,223.66,0.6094,-1,-1,-1
437,33,882.59,574.43,71.83,215.46,0.6402,-1,-1,-1
437,4,1724.18,465.53,71.94,200.94,0.5036,-1,-1,-1
438,3,1001.51,925.49,87.02,152.40,0.7073,-1,-1,-1
438,16,272.72,630.07,92.20,259.45,0.7686,-1,-1,-1
438,22,367.12,656.45,75.10,236.09,0.7399,-1,-1,-1
438,31,445.16,224.16,75.88,198.74,0.6165,-1,-1,-1
438,36,762.02,567.33,80.58,252.17,0.6778,-1,-1,-1
438,32,965.35,591.71,75.85,225.36,0.5798,-1,-1,-1
438,33,882.20,575.16,73.95,221.63,0.6689,-1,-1,-1
438,4,1722.81,464.27,72.67,203.68,0.5341,-1,-1,-1
439,3,1004.13,925.51,86.92,152.68,0.6935,-1,-1,-1
439,16,271.76,631.56,92.26,261.87,0.7550,-1,-1,-1
439,22,365.71,657.25,75.17,236.16,0.7629,-1,-1,-1
439,31,445.89,223.93,75.76,199.55,0.6157,-1,-1,-1
439,36,763.40,568.48,80.07,251.40,0.6470,-1,-1,-1
439,32,965.70,594.67,75.53,225.33,0.5633,-1,-1,-1
439,33,882.91,575.98,75.15,224.91,0.6671,-1,-1,-1
439,4,1722.15,462.35,72.87,204.93,0.5582,-1,-1,-1
440,3,1006.36,925.36,86.90,152.88,0.6972,-1,-1,-1
440,16,270.55,633.73,92.12,262.17,0.7626,-1,-1,-1
440,22,365.03,657.48,76.00,240.23,0.7498,-1,-1,-1
440,31,446.02,223.06,75.45,199.38,0.6124,-1,-1,-1
440,36,765.26,568.87,79.45,250.62,0.6693,-1,-1,-1
440,32,966.47,596.68,75.32,224.85,0.5853,-1,-1,-1
440,33,883.86,576.69,75.48,225.34,0.6684,-1,-1,-1
440,4,1722.37,461.40,72.76,205.38,0.6071,-1,-1,-1
441,3,1008.44,924.52,87.32,154.10,0.7325,-1,-1,-1
441,16,269.59,636.23,91.42,260.24,0.7676,-1,-1,-1
441,22,363.46,659.36,76.91,244.78,0.7757,-1,-1,-1
441,31,445.78,220.82,75.33,199.89,0.6134,-1,-1,-1
441,36,766.98,569.86,78.62,250.84,0.6537,-1,-1,-1
441,32,966.34,598.90,74.88,222.65,0.5202,-1,-1,-1
441,33,885.95,577.12,73.51,219.57,0.6603,-1,-1,-1
441,4,1722.36,460.11,72.84,206.40,0.5941,-1,-1,-1
442,3,1010.58,924.31,87.20,154.18,0.7427,-1,-1,-1
442,16,266.90,638.59,91.46,260.57,0.7724,-1,-1,-1
442,22,361.81,662.14,76.84,245.32,0.7717,-1,-1,-1
442,31,446.05,218.88,74.36,197.82,0.5449,-1,-1,-1
442,36,769.32,570.65,77.74,251.35,0.6382,-1,-1,-1
442,32,967.12,599.91,74.63,221.53,0.5358,-1,-1,-1
442,33,887.19,578.00,73.03,217.73,0.6405,-1,-1,-1
442,4,1722.74,459.47,72.78,207.55,0.5854,-1,-1,-1
443,3,1012.42,924.34,87.31,154.54,0.7337,-1,-1,-1
443,16,263.44,640.78,91.57,260.82,0.7559,-1,-1,-1
443,22,359.52,665.14,76.89,245.60,0.7663,-1,-1,-1
443,31,447.01,217.42,73.21,194.95,0.5325,-1,-1,-1
443,36,772.00,570.84,76.64,250.41,0.6221,-1,-1,-1
443,33,885.72,580.12,75.95,226.29,0.6011,-1,-1,-1
443,4,1723.10,459.39,72.41,207.65,0.5816,-1,-1,-1
444,3,1014.45,924.75,87.04,154.43,0.7497,-1,-1,-1
444,16,260.83,643.28,91.21,258.90,0.7690,-1,-1,-1
444,22,358.01,667.97,77.10,246.71,0.7725,-1,-1,-1
444,31,446.90,215.64,72.27,191.95,0.5111,-1,-1,-1
444,36,774.41,570.98,76.26,252.13,0.6432,-1,-1,-1
444,33,885.50,582.55,76.74,229.30,0.6191,-1,-1,-1
444,4,1723.49,458.98,72.23,208.27,0.5788,-1,-1,-1
445,3,1015.38,923.94,87.37,155.48,0.7426,-1,-1,-1
445,16,258.17,644.20,91.09,257.65,0.7529,-1,-1,-1
445,22,357.52,671.71,76.16,244.09,0.7518,-1,-1,-1
445,31,445.99,214.07,72.14,191.13,0.5377,-1,-1,-1
445,36,776.95,571.48,75.72,251.99,0.6488,-1,-1,-1
445,33,885.18,584.41,76.73,229.47,0.6495,-1,-1,-1
445,4,1723.26,458.27,71.97,208.37,0.5721,-1,-1,-1
445,32,967.72,602.61,74.91,221.61,0.5778,-1,-1,-1
446,3,1017.34,923.58,86.80,155.17,0.7476,-1,-1,-1
446,16,255.66,645.56,91.17,256.34,0.7522,-1,-1,-1
446,22,355.85,674.47,76.22,244.96,0.7413,-1,-1,-1
446,31,445.04,212.33,72.48,191.84,0.5334,-1,-1,-1
446,36,780.31,572.09,74.99,250.41,0.6330,-1,-1,-1
446,33,884.23,586.24,78.29,234.61,0.6286,-1,-1,-1
446,4,1723.24,457.79,71.83,209.03,0.5625,-1,-1,-1
446,32,966.96,603.59,74.68,219.43,0.5974,-1,-1,-1
447,3,1018.06,922.20,87.32,157.07,0.7501,-1,-1,-1
447,16,254.50,647.26,91.35,255.10,0.7632,-1,-1,-1
447,22,354.52,676.55,76.02,244.68,0.7557,-1,-1,-1
447,31,444.33,210.89,73.00,193.32,0.5186,-1,-1,-1
447,36,783.45,572.41,74.49,249.23,0.6364,-1,-1,-1
447,33,883.94,588.61,78.49,235.72,0.6176,-1,-1,-1
447,4,1722.05,458.04,71.97,209.51,0.5636,-1,-1,-1
447,32,969.09,607.18,72.84,212.44,0.5581,-1,-1,-1
448,3,1019.35,921.42,86.98,157.70,0.7502,-1,-1,-1
448,16,253.14,648.03,91.46,253.93,0.7706,-1,-1,-1
448,22,353.12,678.48,75.57,243.74,0.7585,-1,-1,-1
448,31,443.16,210.09,73.06,193.41,0.5446,-1,-1,-1
448,36,786.51,572.25,74.56,248.78,0.6536,-1,-1,-1
448,33,882.73,590.64,80.21,241.11,0.6489,-1,-1,-1
448,4,1721.02,457.95,72.21,209.79,0.5695,-1,-1,-1
448,32,969.33,608.36,73.03,211.91,0.6531,-1,-1,-1
449,3,1020.61,921.77,86.22,157.34,0.7503,-1,-1,-1
449,16,252.81,648.44,91.53,253.04,0.7614,-1,-1,-1
449,22,350.93,679.35,75.46,243.11,0.7629,-1,-1,-1
449,31,442.68,209.61,72.97,193.31,0.5240,-1,-1,-1
449,36,788.27,572.83,74.61,247.99,0.6551,-1,-1,-1
449,33,882.17,593.17,81.46,244.88,0.6599,-1,-1,-1
449,4,1723.00,457.33,72.43,209.81,0.5459,-1,-1,-1
449,32,969.25,610.02,73.35,210.88,0.6526,-1,-1,-1
450,3,1021.53,920.79,85.84,157.93,0.7473,-1,-1,-1
450,16,251.81,649.99,91.06,250.07,0.7589,-1,-1,-1
450,22,349.11,679.44,75.72,243.11,0.7609,-1,-1,-1
450,31,442.10,209.13,73.10,194.11,0.5358,-1,-1,-1
450,36,789.51,573.57,74.64,246.93,0.6372,-1,-1,-1
450,33,882.20,594.38,81.93,245.92,0.6518,-1,-1,-1
450,4,1723.45,457.28,72.57,209.93,0.5642,-1,-1,-1
450,32,970.15,611.39,73.68,211.13,0.6552,-1,-1,-1
451,3,1022.79,921.60,85.08,157.89,0.7439,-1,-1,-1
451,16,251.09,651.83,90.27,247.22,0.7250,-1,-1,-1
451,22,347.00,680.49,76.05,243.74,0.7554,-1,-1,-1
451,31,441.05,208.91,73.10,193.96,0.5076,-1,-1,-1
451,36,790.65,575.05,74.16,244.76,0.6333,-1,-1,-1
451,33,882.16,596.94,81.56,244.45,0.6080,-1,-1,-1
451,4,1721.15,457.86,72.54,209.11,0.5199,-1,-1,-1
451,32,971.21,612.52,74.97,215.10,0.6075,-1,-1,-1
452,3,1023.83,921.83,84.40,158.02,0.7639,-1,-1,-1
452,16,249.89,653.47,91.03,249.34,0.7525,-1,-1,-1
452,22,345.05,680.83,76.05,242.33,0.7864,-1,-1,-1
452,36,792.50,575.56,74.31,245.02,0.6450,-1,-1,-1
452,33,883.54,598.23,81.41,244.60,0.6392,-1,-1,-1
452,4,1720.22,458.27,72.69,208.79,0.5371,-1,-1,-1
452,32,972.24,614.06,76.29,219.01,0.6030,-1,-1,-1
453,3,1024.52,921.53,83.90,158.46,0.7543,-1,-1,-1
453,16,248.60,655.92,91.74,251.83,0.7495,-1,-1,-1
453,22,343.51,681.02,76.29,241.63,0.7834,-1,-1,-1
453,36,795.10,576.99,74.44,244.92,0.6387,-1,-1,-1
453,33,886.21,599.78,80.34,242.73,0.6336,-1,-1,-1
453,4,1719.61,458.71,72.91,208.54,0.5330,-1,-1,-1
453,32,972.84,616.71,76.81,220.49,0.6078,-1,-1,-1
454,3,1024.66,921.10,83.54,158.94,0.7552,-1,-1,-1
454,16,247.33,657.37,92.66,254.72,0.7521,-1,-1,-1
454,22,342.54,681.73,76.72,240.91,0.7978,-1,-1,-1
454,36,796.42,578.01,74.13,244.09,0.6215,-1,-1,-1
454,33,885.40,600.74,80.24,241.49,0.6417,-1,-1,-1
454,4,1718.43,458.01,73.36,208.57,0.5616,-1,-1,-1
454,32,975.08,618.77,76.38,220.29,0.6455,-1,-1,-1
454,37,937.41,0.00,52.45,155.85,0.5302,-1,-1,-1
455,3,1025.71,921.66,82.70,158.39,0.7529,-1,-1,-1
455,16,246.32,658.48,93.80,258.03,0.7569,-1,-1,-1
455,22,340.98,683.05,77.33,242.06,0.7862,-1,-1,-1
455,36,797.91,579.40,73.93,242.89,0.6459,-1,-1,-1
455,33,886.51,601.58,79.15,237.54,0.6320,-1,-1,-1
455,4,1717.55,457.82,74.19,209.63,0.5581,-1,-1,-1
455,32,977.20,621.56,75.52,217.32,0.6435,-1,-1,-1
455,37,937.33,0.11,52.28,155.40,0.5346,-1,-1,-1
456,3,1026.58,921.79,82.20,158.26,0.7448,-1,-1,-1
456,16,245.04,660.43,94.65,260.86,0.7581,-1,-1,-1
456,22,338.63,684.43,78.61,245.57,0.7767,-1,-1,-1
456,36,799.02,580.87,73.60,241.56,0.6527,-1,-1,-1
456,33,887.26,602.11,79.35,236.54,0.6556,-1,-1,-1
456,4,1717.42,457.90,74.53,209.75,0.5721,-1,-1,-1
456,32,978.72,623.68,76.18,219.27,0.6811,-1,-1,-1
456,37,937.54,0.04,51.93,154.43,0.5443,-1,-1,-1
456,31,440.37,203.78,73.63,197.89,0.5163,-1,-1,-1
457,3,1026.99,921.99,81.74,158.06,0.7306,-1,-1,-1
457,16,244.02,662.53,95.00,261.86,0.7619,-1,-1,-1
457,22,336.18,687.56,79.38,248.17,0.7935,-1,-1,-1
457,36,799.88,581.53,73.38,241.40,0.6690,-1,-1,-1
457,33,888.31,602.85,79.97,237.20,0.6549,-1,-1,-1
457,4,1717.03,458.00,74.84,209.43,0.6010,-1,-1,-1
457,32,979.49,625.08,76.65,221.19,0.6708,-1,-1,-1
457,37,937.71,0.01,51.41,152.91,0.5351,-1,-1,-1
457,31,441.08,201.74,72.82,198.27,0.5362,-1,-1,-1
458,3,1027.40,921.69,81.69,158.35,0.7396,-1,-1,-1
458,16,243.34,665.23,95.30,262.27,0.7638,-1,-1,-1
458,22,334.91,690.93,79.29,247.98,0.7933,-1,-1,-1
458,36,802.19,583.25,73.32,240.77,0.6576,-1,-1,-1
458,33,891.77,603.98,80.13,238.53,0.6841,-1,-1,-1
458,4,1716.70,458.10,75.43,210.02,0.5700,-1,-1,-1
458,32,980.59,625.83,77.05,222.08,0.6740,-1,-1,-1
458,31,442.35,199.95,71.15,196.08,0.5317,-1,-1,-1
459,3,1027.43,921.33,81.71,158.62,0.7310,-1,-1,-1
459,16,242.32,667.69,96.15,264.69,0.7719,-1,-1,-1
459,22,333.65,694.65,78.73,246.73,0.8080,-1,-1,-1
459,36,804.77,584.03,73.54,240.56,0.6422,-1,-1,-1
459,33,894.24,605.51,79.80,238.38,0.6813,-1,-1,-1
459,4,1717.52,458.28,75.39,209.63,0.5413,-1,-1,-1
459,32,981.93,627.63,77.21,221.75,0.6877,-1,-1,-1
460,3,1027.65,921.35,81.64,158.64,0.7354,-1,-1,-1
460,16,241.71,668.64,96.88,266.92,0.7748,-1,-1,-1
460,22,333.74,698.17,77.78,243.74,0.8116,-1,-1,-1
460,36,807.47,584.21,74.03,240.66,0.6625,-1,-1,-1
460,33,896.38,607.00,80.08,239.89,0.7076,-1,-1,-1
460,4,1717.64,457.30,75.87,211.02,0.5457,-1,-1,-1
460,32,983.06,628.58,77.14,221.11,0.6722,-1,-1,-1
460,37,936.75,0.04,50.03,147.66,0.5077,-1,-1,-1
460,31,443.40,195.80,69.11,191.31,0.5144,-1,-1,-1
461,3,1027.87,921.63,81.52,158.38,0.7365,-1,-1,-1
461,16,241.88,670.14,96.96,266.69,0.7844,-1,-1,-1
461,22,333.60,701.66,77.94,244.57,0.8070,-1,-1,-1
461,36,809.93,583.61,74.48,240.44,0.6707,-1,-1,-1
461,33,897.93,609.44,80.07,240.18,0.7093,-1,-1,-1
461,4,1718.69,457.51,75.51,210.39,0.5476,-1,-1,-1
461,32,983.89,629.60,77.27,221.02,0.6586,-1,-1,-1
461,31,443.55,193.67,68.43,190.30,0.5138,-1,-1,-1
462,3,1027.67,921.60,81.46,158.37,0.7498,-1,-1,-1
462,16,241.31,671.72,96.22,265.28,0.7662,-1,-1,-1
462,22,332.52,703.77,78.78,247.15,0.8079,-1,-1,-1
462,36,812.22,583.63,75.53,241.75,0.6680,-1,-1,-1
462,33,899.09,611.33,79.87,239.75,0.7144,-1,-1,-1
462,4,1719.13,455.83,76.13,212.85,0.5332,-1,-1,-1
462,32,985.20,630.87,77.09,219.66,0.6686,-1,-1,-1
462,31,443.30,192.68,68.01,189.52,0.5091,-1,-1,-1
463,3,1027.44,921.38,81.54,158.62,0.7400,-1,-1,-1
463,16,240.83,673.54,95.80,264.99,0.7677,-1,-1,-1
463,22,331.76,704.66,79.33,248.98,0.8071,-1,-1,-1
463,36,814.53,583.65,76.67,242.67,0.6871,-1,-1,-1
463,33,900.88,613.48,78.95,236.91,0.7067,-1,-1,-1
463,4,1719.31,456.42,75.66,211.82,0.5607,-1,-1,-1
463,32,987.31,631.50,76.23,216.53,0.6904,-1,-1,-1
464,3,1027.07,921.09,81.68,158.93,0.7489,-1,-1,-1
464,16,240.89,675.37,95.75,264.61,0.7494,-1,-1,-1
464,22,332.10,705.91,79.37,250.34,0.8035,-1,-1,-1
464,36,816.71,584.47,78.22,244.08,0.6955,-1,-1,-1
464,33,902.46,615.85,78.19,234.72,0.6802,-1,-1,-1
464,4,1718.97,455.84,75.75,212.26,0.5242,-1,-1,-1
464,32,987.21,632.35,76.51,216.93,0.6616,-1,-1,-1
465,3,1026.67,921.72,81.37,158.29,0.7429,-1,-1,-1
465,16,240.61,677.44,94.90,261.80,0.7564,-1,-1,-1
465,22,331.96,706.98,78.80,250.66,0.7918,-1,-1,-1
465,36,818.19,585.26,79.33,243.63,0.6829,-1,-1,-1
465,33,904.09,618.07,77.46,231.99,0.6821,-1,-1,-1
465,4,1719.40,456.02,75.59,212.35,0.5301,-1,-1,-1
465,32,988.54,634.67,76.17,215.77,0.6505,-1,-1,-1
465,31,444.27,190.97,69.14,191.29,0.5128,-1,-1,-1
466,3,1026.62,922.17,81.18,157.84,0.7224,-1,-1,-1
466,16,238.59,679.44,93.00,257.88,0.7708,-1,-1,-1
466,22,331.72,707.30,78.05,249.96,0.7793,-1,-1,-1
466,36,818.61,584.90,80.63,243.37,0.7228,-1,-1,-1
466,33,904.99,620.45,77.63,232.01,0.6907,-1,-1,-1
466,4,1719.97,455.95,75.02,211.68,0.5422,-1,-1,-1
466,32,989.43,637.01,76.70,217.69,0.6281,-1,-1,-1
466,31,444.68,190.69,69.36,190.84,0.5269,-1,-1,-1
467,3,1026.80,922.26,80.68,156.50,0.7228,-1,-1,-1
467,16,237.88,680.85,91.05,252.83,0.7722,-1,-1,-1
467,22,331.65,707.46,77.41,249.86,0.7877,-1,-1,-1
467,36,817.70,584.77,82.39,244.64,0.7365,-1,-1,-1
467,33,905.10,621.65,78.76,235.44,0.7204,-1,-1,-1
467,4,1719.88,454.74,75.40,213.57,0.5504,-1,-1,-1
467,32,990.29,637.97,77.13,219.36,0.5957,-1,-1,-1
467,31,445.77,190.73,69.54,190.20,0.5819,-1,-1,-1
468,3,1027.10,922.50,80.40,155.78,0.7187,-1,-1,-1
468,16,236.46,681.64,90.63,251.95,0.7835,-1,-1,-1
468,22,331.71,708.63,76.18,247.28,0.7651,-1,-1,-1
468,36,817.26,584.84,84.41,246.46,0.7377,-1,-1,-1
468,33,906.59,622.68,78.24,233.62,0.6928,-1,-1,-1
468,4,1719.96,455.53,74.78,212.33,0.5397,-1,-1,-1
468,32,990.81,640.37,76.95,218.98,0.5687,-1,-1,-1
468,31,447.41,190.57,69.35,189.47,0.5440,-1,-1,-1
469,3,1027.21,922.75,80.16,155.54,0.7272,-1,-1,-1
469,16,234.89,683.51,90.85,252.19,0.7806,-1,-1,-1
469,22,331.43,710.53,75.84,247.05,0.7775,-1,-1,-1
469,36,816.74,584.95,86.56,248.71,0.7287,-1,-1,-1
469,33,908.27,623.63,77.57,231.25,0.6868,-1,-1,-1
469,4,1720.12,454.48,74.64,212.61,0.5332,-1,-1,-1
469,32,991.28,642.61,75.34,212.86,0.5474,-1,-1,-1
469,31,448.68,189.42,69.16,189.00,0.5631,-1,-1,-1
470,3,1026.42,922.46,80.40,156.04,0.7225,-1,-1,-1
470,16,233.44,685.83,91.60,254.29,0.7879,-1,-1,-1
470,22,330.53,712.21,75.32,245.89,0.7976,-1,-1,-1
470,36,815.55,585.07,88.90,251.83,0.7260,-1,-1,-1
470,33,910.35,624.72,76.71,228.49,0.6452,-1,-1,-1
470,4,1720.57,455.15,74.17,211.78,0.5311,-1,-1,-1
470,31,448.68,188.32,69.55,189.65,0.5750,-1,-1,-1
471,3,1025.64,923.41,80.35,156.05,0.7271,-1,-1,-1
471,16,231.77,687.84,93.17,258.47,0.7879,-1,-1,-1
471,22,328.93,714.26,75.14,245.00,0.8037,-1,-1,-1
471,36,815.00,585.55,91.19,254.84,0.7076,-1,-1,-1
471,33,912.81,625.32,75.28,223.15,0.5912,-1,-1,-1
471,4,1720.35,455.18,74.39,212.85,0.5355,-1,-1,-1
471,31,449.21,185.79,70.36,192.58,0.5805,-1,-1,-1
472,3,1025.27,924.09,80.07,155.73,0.7042,-1,-1,-1
472,16,229.81,690.06,94.65,262.85,0.7863,-1,-1,-1
472,22,327.91,716.37,75.46,245.67,0.8164,-1,-1,-1
472,36,813.93,586.41,92.83,256.95,0.7262,-1,-1,-1
472,33,914.27,626.13,74.94,221.62,0.6320,-1,-1,-1
472,4,1719.97,455.30,74.53,213.38,0.5548,-1,-1,-1
472,31,449.81,184.15,70.60,194.43,0.5978,-1,-1,-1
472,32,989.78,647.37,78.82,222.75,0.5033,-1,-1,-1
473,3,1024.68,925.16,79.70,154.80,0.7215,-1,-1,-1
473,16,228.14,693.04,95.23,264.49,0.7660,-1,-1,-1
473,22,326.17,720.02,76.11,247.20,0.8012,-1,-1,-1
473,36,812.42,587.03,93.74,257.78,0.7552,-1,-1,-1
473,33,914.74,627.27,76.32,225.49,0.6851,-1,-1,-1
473,4,1719.31,454.66,75.25,215.39,0.5501,-1,-1,-1
473,31,450.75,181.76,69.72,192.25,0.5696,-1,-1,-1
473,32,989.79,648.70,79.10,223.87,0.5336,-1,-1,-1
474,3,1024.62,925.06,79.55,154.62,0.7101,-1,-1,-1
474,16,226.28,694.74,96.27,267.54,0.7615,-1,-1,-1
474,22,324.45,723.08,77.06,249.87,0.7889,-1,-1,-1
474,36,811.28,587.70,94.16,257.63,0.7578,-1,-1,-1
474,33,915.39,628.02,76.89,226.28,0.6430,-1,-1,-1
474,4,1718.34,454.92,75.43,215.30,0.5399,-1,-1,-1
474,31,452.16,179.34,68.95,190.71,0.5176,-1,-1,-1
474,32,989.92,649.99,79.57,226.04,0.5512,-1,-1,-1
475,3,1024.39,925.35,79.24,154.35,0.7104,-1,-1,-1
475,16,224.30,697.03,96.90,269.80,0.7566,-1,-1,-1
475,22,322.94,726.11,77.59,251.18,0.7796,-1,-1,-1
475,36,810.23,588.52,94.09,256.76,0.7549,-1,-1,-1
475,33,915.70,629.61,78.36,231.22,0.6726,-1,-1,-1
475,4,1718.00,455.39,75.89,214.84,0.5218,-1,-1,-1
475,31,452.93,179.87,67.32,186.87,0.5141,-1,-1,-1
475,32,991.06,652.17,79.17,225.44,0.5985,-1,-1,-1
476,3,1024.15,926.20,78.81,153.53,0.7218,-1,-1,-1
476,16,223.29,699.92,96.66,269.42,0.7453,-1,-1,-1
476,22,321.93,728.24,77.47,250.48,0.7718,-1,-1,-1
476,36,808.70,589.07,93.92,256.43,0.7432,-1,-1,-1
476,33,916.29,631.19,78.36,231.10,0.6058,-1,-1,-1
476,31,453.20,179.49,66.60,185.16,0.5311,-1,-1,-1
476,32,993.16,654.25,78.02,223.64,0.5613,-1,-1,-1
477,3,1023.84,926.78,78.61,153.13,0.7135,-1,-1,-1
477,16,222.23,701.95,95.95,267.65,0.7464,-1,-1,-1
477,22,320.32,730.44,77.80,251.63,0.7649,-1,-1,-1
477,36,807.78,589.84,93.31,255.45,0.7750,-1,-1,-1
477,33,917.02,633.35,78.42,230.54,0.6560,-1,-1,-1
477,31,451.86,176.07,67.72,187.98,0.5386,-1,-1,-1
477,32,994.49,656.00,77.00,222.48,0.5793,-1,-1,-1
477,4,1717.06,456.88,76.03,212.58,0.5110,-1,-1,-1
478,3,1023.47,928.10,78.02,151.89,0.7246,-1,-1,-1
478,16,220.66,703.54,95.60,266.47,0.7401,-1,-1,-1
478,22,319.78,732.86,78.05,252.64,0.7587,-1,-1,-1
478,36,806.23,590.39,92.71,255.13,0.7848,-1,-1,-1
478,33,916.21,635.24,78.58,229.58,0.6714,-1,-1,-1
478,31,453.07,177.02,66.83,185.58,0.5338,-1,-1,-1
478,32,996.02,656.74,76.01,221.09,0.5603,-1,-1,-1
479,3,1022.57,929.31,77.47,150.71,0.7199,-1,-1,-1
479,16,220.65,704.47,95.37,265.25,0.7293,-1,-1,-1
479,22,318.29,734.81,78.72,254.33,0.7569,-1,-1,-1
479,36,804.55,591.11,91.79,254.41,0.7851,-1,-1,-1
479,33,915.73,638.43,79.31,231.46,0.7042,-1,-1,-1
479,31,452.69,176.65,67.06,185.92,0.5666,-1,-1,-1
479,32,995.86,657.14,76.08,222.27,0.6304,-1,-1,-1
480,3,1021.66,931.49,76.61,148.53,0.7371,-1,-1,-1
480,16,219.38,704.85,94.77,263.79,0.7455,-1,-1,-1
480,22,315.33,736.67,78.98,253.67,0.7508,-1,-1,-1
480,36,803.29,591.98,91.06,254.01,0.7775,-1,-1,-1
480,33,914.10,640.87,81.42,237.09,0.6699,-1,-1,-1
480,31,449.71,173.45,69.34,190.50,0.5275,-1,-1,-1
480,32,996.72,658.16,75.10,220.89,0.6105,-1,-1,-1
480,40,1785.10,359.73,83.07,206.69,0.5200,-1,-1,-1
481,3,1020.65,931.32,76.88,148.70,0.7375,-1,-1,-1
481,16,218.39,705.12,94.34,263.22,0.7620,-1,-1,-1
481,22,310.58,737.76,80.18,254.75,0.7765,-1,-1,-1
481,36,802.33,593.19,90.19,253.51,0.7920,-1,-1,-1
481,33,912.49,643.76,81.75,236.70,0.6780,-1,-1,-1
481,31,448.55,171.56,70.58,192.52,0.5352,-1,-1,-1
481,32,994.57,659.99,75.23,220.97,0.5935,-1,-1,-1
481,40,1784.51,358.47,82.19,204.95,0.5711,-1,-1,-1
482,3,1020.49,932.54,76.50,147.48,0.7318,-1,-1,-1
482,16,218.09,706.43,93.53,261.69,0.7567,-1,-1,-1
482,22,308.70,738.74,81.02,255.73,0.7730,-1,-1,-1
482,36,801.41,594.13,89.49,253.33,0.7817,-1,-1,-1
482,33,909.97,645.89,84.71,244.37,0.6959,-1,-1,-1
482,31,450.66,174.31,69.23,188.19,0.5106,-1,-1,-1
482,32,994.90,662.31,75.29,221.73,0.6288,-1,-1,-1
482,40,1782.26,356.69,82.23,205.80,0.5449,-1,-1,-1
483,3,1020.22,933.06,76.51,146.96,0.7341,-1,-1,-1
483,16,218.01,707.53,92.76,259.83,0.7560,-1,-1,-1
483,22,305.87,739.74,81.56,255.84,0.7747,-1,-1,-1
483,36,800.09,595.18,88.74,252.48,0.7749,-1,-1,-1
483,33,909.60,648.44,85.42,246.16,0.7108,-1,-1,-1
483,31,452.35,173.34,69.18,188.52,0.5149,-1,-1,-1
483,32,996.51,664.29,75.01,221.96,0.6214,-1,-1,-1
483,40,1780.46,355.56,82.17,206.53,0.5061,-1,-1,-1
484,3,1019.95,933.53,76.66,146.49,0.7211,-1,-1,-1
484,16,217.82,709.08,91.87,257.66,0.7553,-1,-1,-1
484,22,304.36,740.96,81.64,254.83,0.7661,-1,-1,-1
484,36,799.65,596.29,88.19,251.36,0.7704,-1,-1,-1
484,33,909.44,649.51,86.42,249.35,0.7006,-1,-1,-1
484,31,453.64,172.85,68.68,188.84,0.5114,-1,-1,-1
484,32,997.27,667.10,75.16,223.39,0.6051,-1,-1,-1
484,40,1779.62,353.95,81.05,205.44,0.5102,-1,-1,-1
485,3,1019.91,933.94,76.88,146.07,0.7110,-1,-1,-1
485,16,217.58,710.87,91.47,256.70,0.7631,-1,-1,-1
485,22,302.75,742.26,81.56,253.16,0.7637,-1,-1,-1
485,36,799.18,597.10,87.96,250.72,0.7825,-1,-1,-1
485,33,910.11,650.46,85.74,248.18,0.7237,-1,-1,-1
485,31,453.98,171.07,68.62,190.25,0.5326,-1,-1,-1
485,32,997.72,668.78,75.66,225.73,0.6333,-1,-1,-1
486,3,1019.39,934.34,77.18,145.67,0.7146,-1,-1,-1
486,16,216.35,712.67,91.97,258.52,0.7752,-1,-1,-1
486,22,301.65,742.88,81.56,252.02,0.7718,-1,-1,-1
486,36,799.09,597.57,88.20,251.13,0.7894,-1,-1,-1
486,33,910.25,651.38,84.98,246.23,0.7323,-1,-1,-1
486,31,454.50,164.98,69.73,196.14,0.5532,-1,-1,-1
486,32,999.26,671.01,74.46,223.18,0.6571,-1,-1,-1
487,3,1019.72,935.01,77.32,145.01,0.7063,-1,-1,-1
487,16,215.95,713.79,93.06,262.28,0.7684,-1,-1,-1
487,22,301.79,744.37,81.20,250.68,0.7635,-1,-1,-1
487,36,799.53,598.27,88.64,251.09,0.7921,-1,-1,-1
487,33,911.11,652.19,83.91,242.85,0.7372,-1,-1,-1
487,31,455.04,163.40,68.72,196.13,0.5256,-1,-1,-1
487,32,1001.44,673.14,73.98,223.65,0.6621,-1,-1,-1
488,3,1020.04,936.04,77.27,143.97,0.7178,-1,-1,-1
488,16,214.97,715.79,94.84,268.52,0.7674,-1,-1,-1
488,22,300.79,747.69,80.47,247.73,0.7647,-1,-1,-1
488,36,799.47,599.70,88.78,249.92,0.7807,-1,-1,-1
488,33,912.24,653.24,83.62,241.27,0.7077,-1,-1,-1
488,32,1003.54,675.40,73.57,224.09,0.6982,-1,-1,-1
489,3,1019.95,936.53,77.60,143.48,0.7169,-1,-1,-1
489,16,214.17,717.95,95.40,271.50,0.7681,-1,-1,-1
489,22,299.88,749.95,81.17,249.78,0.7600,-1,-1,-1
489,36,799.02,600.64,89.66,251.46,0.7879,-1,-1,-1
489,33,913.44,654.28,83.34,239.20,0.6961,-1,-1,-1
489,32,1005.50,677.07,73.46,225.24,0.6841,-1,-1,-1
490,3,1019.05,937.03,78.13,142.97,0.6999,-1,-1,-1
490,16,213.34,720.49,96.26,274.81,0.7642,-1,-1,-1
490,22,298.97,751.82,81.55,251.60,0.7510,-1,-1,-1
490,36,798.53,601.19,91.08,254.64,0.7887,-1,-1,-1
490,33,915.73,655.62,82.06,234.48,0.6985,-1,-1,-1
490,32,1007.44,678.22,73.43,226.57,0.7207,-1,-1,-1
491,3,1019.48,937.72,78.35,142.29,0.6963,-1,-1,-1
491,16,212.40,722.89,96.78,277.36,0.7583,-1,-1,-1
491,22,297.10,754.00,83.27,257.48,0.7472,-1,-1,-1
491,36,798.49,602.09,92.41,257.80,0.7815,-1,-1,-1
491,33,918.01,659.58,82.98,238.26,0.7045,-1,-1,-1
491,32,1009.39,679.67,73.05,226.26,0.6897,-1,-1,-1
492,3,1019.57,938.10,78.68,141.90,0.7052,-1,-1,-1
492,16,212.00,724.89,97.40,279.45,0.7728,-1,-1,-1
492,22,296.44,756.46,83.12,257.90,0.7411,-1,-1,-1
492,36,799.21,603.38,92.79,258.26,0.7873,-1,-1,-1
492,33,918.99,661.48,83.12,239.62,0.7229,-1,-1,-1
492,32,1011.60,681.98,72.58,224.74,0.6817,-1,-1,-1
493,3,1019.51,938.28,79.13,141.73,0.6854,-1,-1,-1
493,16,211.50,727.83,96.90,278.39,0.7795,-1,-1,-1
493,22,297.61,759.35,82.40,256.00,0.7377,-1,-1,-1
493,36,800.41,604.55,92.88,258.13,0.7696,-1,-1,-1
493,33,919.35,663.44,83.58,241.70,0.7047,-1,-1,-1
493,32,1013.88,682.47,73.05,226.24,0.6374,-1,-1,-1
494,3,1019.51,938.64,79.44,141.37,0.6785,-1,-1,-1
494,16,211.65,730.08,96.73,278.42,0.7788,-1,-1,-1
494,22,297.59,762.75,81.90,255.38,0.7432,-1,-1,-1
494,36,801.58,605.82,92.59,256.79,0.7555,-1,-1,-1
494,33,920.70,665.90,82.99,240.42,0.6696,-1,-1,-1
494,32,1016.63,684.40,72.20,222.25,0.6311,-1,-1,-1
494,4,1717.40,453.00,77.77,217.87,0.5248,-1,-1,-1
495,3,1019.77,938.10,80.15,141.90,0.6710,-1,-1,-1
495,16,211.19,732.29,95.97,276.79,0.7754,-1,-1,-1
495,22,296.91,766.46,82.39,258.30,0.7373,-1,-1,-1
495,36,803.21,606.35,91.75,254.81,0.7531,-1,-1,-1
495,33,920.64,667.87,83.82,243.60,0.6567,-1,-1,-1
495,32,1019.16,685.50,72.30,221.57,0.5849,-1,-1,-1
495,4,1719.74,451.60,77.03,217.65,0.6053,-1,-1,-1
496,3,1020.74,939.00,79.96,141.00,0.6835,-1,-1,-1
496,16,211.09,735.35,95.04,274.14,0.7731,-1,-1,-1
496,22,296.02,768.72,82.48,259.12,0.7489,-1,-1,-1
496,36,806.06,606.39,89.94,251.15,0.7422,-1,-1,-1
496,33,922.17,670.72,82.35,239.14,0.6905,-1,-1,-1
496,32,1020.06,686.87,72.39,221.03,0.5953,-1,-1,-1
496,4,1721.98,451.77,76.22,217.39,0.5829,-1,-1,-1
497,3,1021.47,939.13,80.00,140.88,0.6768,-1,-1,-1
497,16,211.71,736.91,93.62,270.77,0.7466,-1,-1,-1
497,22,294.59,770.48,82.60,259.25,0.7609,-1,-1,-1
497,36,809.53,606.57,88.27,248.79,0.7183,-1,-1,-1
497,33,923.09,673.47,81.87,237.79,0.6546,-1,-1,-1
497,32,1021.13,687.80,72.49,221.22,0.5564,-1,-1,-1
497,4,1723.29,452.44,75.21,217.09,0.5619,-1,-1,-1
498,3,1021.45,938.51,80.47,141.49,0.6604,-1,-1,-1
498,16,211.99,738.56,92.38,267.63,0.7399,-1,-1,-1
498,22,294.47,772.21,82.24,258.03,0.7493,-1,-1,-1
498,36,811.93,606.68,86.98,247.28,0.7065,-1,-1,-1
498,33,924.07,675.54,82.15,239.10,0.6437,-1,-1,-1
498,32,1022.12,689.34,73.01,221.03,0.5130,-1,-1,-1
498,4,1725.15,453.32,74.09,215.77,0.5067,-1,-1,-1
499,3,1022.19,937.88,80.66,142.12,0.6733,-1,-1,-1
499,16,211.84,740.74,91.73,265.89,0.7516,-1,-1,-1
499,22,294.05,773.34,82.00,257.00,0.7413,-1,-1,-1
499,36,814.75,607.51,85.65,246.34,0.6843,-1,-1,-1
499,33,924.98,677.82,81.84,238.36,0.6096,-1,-1,-1
499,32,1023.94,693.23,72.36,218.98,0.5118,-1,-1,-1
500,3,1023.47,936.50,81.06,143.50,0.6737,-1,-1,-1
500,16,210.21,742.17,92.15,266.63,0.7710,-1,-1,-1
500,22,293.53,774.16,81.63,255.88,0.7339,-1,-1,-1
500,36,816.82,607.91,84.32,245.03,0.6898,-1,-1,-1
500,33,924.73,679.35,84.32,245.67,0.6173,-1,-1,-1
501,3,1025.35,935.63,81.00,144.37,0.6431,-1,-1,-1
501,16,209.76,743.45,91.44,263.74,0.7791,-1,-1,-1
501,22,292.91,774.99,81.35,255.42,0.7207,-1,-1,-1
501,36,818.22,608.65,83.40,244.97,0.7016,-1,-1,-1
501,33,926.08,680.09,85.54,250.55,0.6007,-1,-1,-1
501,32,1025.47,698.32,70.89,213.51,0.5119,-1,-1,-1
502,3,1026.80,934.98,80.90,145.02,0.6754,-1,-1,-1
502,16,209.40,744.96,91.35,262.70,0.7750,-1,-1,-1
502,22,292.44,775.60,81.02,254.34,0.7334,-1,-1,-1
502,36,818.75,609.11,82.89,245.99,0.7026,-1,-1,-1
502,33,926.19,681.73,86.62,254.63,0.6319,-1,-1,-1
502,32,1027.14,700.96,69.96,209.27,0.5835,-1,-1,-1
503,3,1028.16,934.26,80.84,145.75,0.6440,-1,-1,-1
503,16,208.97,746.55,91.71,263.51,0.7599,-1,-1,-1
503,22,289.61,776.46,81.06,254.52,0.7495,-1,-1,-1
503,36,818.96,609.38,82.30,246.43,0.7175,-1,-1,-1
503,33,927.65,683.16,86.18,253.73,0.6169,-1,-1,-1
503,32,1028.55,703.59,68.67,203.71,0.5887,-1,-1,-1
504,3,1029.71,933.45,80.67,146.55,0.6368,-1,-1,-1
504,16,208.74,747.93,92.93,268.02,0.7556,-1,-1,-1
504,22,287.06,777.50,80.84,253.53,0.7734,-1,-1,-1
504,36,819.00,609.71,81.83,247.35,0.6927,-1,-1,-1
504,33,928.23,684.30,85.89,252.13,0.5844,-1,-1,-1
504,32,1028.54,704.96,71.00,211.57,0.5908,-1,-1,-1
505,3,1030.79,933.75,79.99,146.26,0.6742,-1,-1,-1
505,16,207.26,749.81,93.91,272.60,0.7347,-1,-1,-1
505,22,284.85,778.93,81.31,253.35,0.7731,-1,-1,-1
505,36,819.18,610.06,81.52,248.72,0.6718,-1,-1,-1
505,33,928.64,684.83,85.86,251.82,0.5511,-1,-1,-1
505,32,1029.04,706.46,72.09,216.00,0.6070,-1,-1,-1
506,3,1032.18,932.96,79.86,147.04,0.6656,-1,-1,-1
506,16,205.92,751.49,94.69,277.37,0.7277,-1,-1,-1
506,22,282.53,780.45,82.47,254.92,0.7597,-1,-1,-1
506,36,819.44,610.23,81.38,250.20,0.6797,-1,-1,-1
506,33,926.04,686.48,86.06,248.63,0.6131,-1,-1,-1
506,32,1029.62,707.58,72.97,219.55,0.6350,-1,-1,-1
507,3,1034.18,933.70,79.09,146.30,0.6482,-1,-1,-1
507,16,205.15,753.45,94.42,278.94,0.7257,-1,-1,-1
507,22,280.82,782.11,84.38,259.30,0.7620,-1,-1,-1
507,36,820.17,611.24,80.41,249.55,0.6979,-1,-1,-1
507,33,929.68,687.48,85.55,246.24,0.6068,-1,-1,-1
507,32,1029.46,708.80,73.68,222.51,0.6134,-1,-1,-1
508,3,1035.63,933.51,78.89,146.49,0.6493,-1,-1,-1
508,16,204.92,755.51,93.86,279.07,0.7430,-1,-1,-1
508,22,279.58,784.02,86.17,263.12,0.7674,-1,-1,-1
508,36,821.36,611.61,79.51,249.19,0.7005,-1,-1,-1
508,33,928.37,688.59,86.84,247.50,0.6068,-1,-1,-1
508,32,1029.70,710.23,73.93,223.78,0.6238,-1,-1,-1
509,3,1037.15,933.24,78.71,146.76,0.6428,-1,-1,-1
509,16,204.03,758.20,92.23,275.88,0.7324,-1,-1,-1
509,22,279.61,787.48,85.63,261.13,0.7676,-1,-1,-1
509,36,822.27,611.73,78.89,249.62,0.7007,-1,-1,-1
509,33,931.06,690.33,87.57,248.77,0.6219,-1,-1,-1
509,32,1030.59,710.68,75.32,228.16,0.6290,-1,-1,-1
510,3,1038.91,934.09,78.13,145.91,0.6352,-1,-1,-1
510,16,202.12,761.31,91.15,275.83,0.7396,-1,-1,-1
510,22,280.11,791.03,84.69,257.65,0.7570,-1,-1,-1
510,36,822.88,611.82,78.20,249.89,0.7005,-1,-1,-1
510,33,931.35,692.00,88.47,249.66,0.6185,-1,-1,-1
510,32,1031.22,711.81,75.94,228.28,0.5969,-1,-1,-1
511,3,1039.86,932.47,78.61,147.53,0.6252,-1,-1,-1
511,16,202.07,763.33,91.16,276.77,0.7621,-1,-1,-1
511,22,280.06,795.95,83.78,255.29,0.7810,-1,-1,-1
511,36,823.64,612.10,77.49,249.73,0.6950,-1,-1,-1
511,33,933.39,694.83,90.58,255.86,0.6370,-1,-1,-1
511,32,1033.08,713.61,73.99,220.45,0.5886,-1,-1,-1
511,45,1746.94,202.07,57.39,162.83,0.5114,-1,-1,-1
512,3,1040.42,931.79,78.60,148.15,0.6333,-1,-1,-1
512,16,202.35,765.92,91.06,276.11,0.7600,-1,-1,-1
512,22,279.08,798.53,84.44,258.44,0.7715,-1,-1,-1
512,36,824.17,612.26,76.74,249.39,0.6945,-1,-1,-1
512,33,934.36,697.42,92.10,260.58,0.6314,-1,-1,-1
512,32,1034.35,715.37,72.87,215.61,0.5685,-1,-1,-1
512,45,1748.38,203.12,57.47,163.33,0.5362,-1,-1,-1
513,3,1041.13,932.61,77.82,146.87,0.6101,-1,-1,-1
513,16,201.69,767.41,91.05,275.69,0.7576,-1,-1,-1
513,22,277.81,800.60,85.12,262.38,0.7784,-1,-1,-1
513,36,824.36,611.93,76.29,250.19,0.6786,-1,-1,-1
513,33,935.43,700.79,91.54,260.51,0.6128,-1,-1,-1
513,32,1034.95,717.27,75.16,222.90,0.5635,-1,-1,-1
513,45,1749.03,203.42,58.31,166.15,0.5080,-1,-1,-1
514,3,1041.50,932.17,77.63,147.02,0.6357,-1,-1,-1
514,16,199.69,769.74,91.05,275.00,0.7548,-1,-1,-1
514,22,276.16,801.42,84.88,263.64,0.7985,-1,-1,-1
514,36,824.50,611.79,75.78,250.42,0.6590,-1,-1,-1
514,33,938.64,703.86,90.56,260.66,0.6248,-1,-1,-1
514,32,1035.45,718.72,75.79,225.34,0.5792,-1,-1,-1
515,3,1042.16,932.28,77.29,146.78,0.6428,-1,-1,-1
515,16,198.79,771.21,90.92,273.18,0.7595,-1,-1,-1
515,22,274.47,802.21,84.63,263.85,0.8024,-1,-1,-1
515,36,824.91,611.92,75.10,250.23,0.6516,-1,-1,-1
515,33,938.04,706.23,89.59,257.38,0.5981,-1,-1,-1
515,32,1034.81,719.97,77.16,229.63,0.6182,-1,-1,-1
516,3,1042.86,932.36,77.04,146.85,0.6137,-1,-1,-1
516,16,196.89,772.79,90.83,270.83,0.7638,-1,-1,-1
516,22,272.71,802.66,84.15,263.06,0.8159,-1,-1,-1
516,36,825.36,612.26,74.32,249.85,0.6382,-1,-1,-1
516,33,939.30,708.89,88.59,253.87,0.6531,-1,-1,-1
516,32,1034.41,721.51,79.29,237.90,0.6360,-1,-1,-1
517,3,1043.27,931.79,76.93,147.27,0.6179,-1,-1,-1
517,16,195.30,775.10,89.73,266.19,0.7599,-1,-1,-1
517,22,271.99,803.73,83.77,262.60,0.8187,-1,-1,-1
517,36,825.15,611.78,74.07,250.60,0.6499,-1,-1,-1
517,33,939.61,711.22,88.86,253.90,0.6462,-1,-1,-1
517,32,1034.97,723.74,78.82,238.78,0.6404,-1,-1,-1
518,3,1042.97,930.21,77.16,148.65,0.6506,-1,-1,-1
518,16,193.19,776.70,89.20,263.84,0.7939,-1,-1,-1
518,22,271.02,804.18,83.41,261.60,0.8227,-1,-1,-1
518,36,825.18,611.20,73.63,251.07,0.6394,-1,-1,-1
518,33,941.13,712.87,90.02,257.47,0.6353,-1,-1,-1
518,32,1036.95,726.24,76.48,233.37,0.6212,-1,-1,-1
519,3,1042.74,929.20,77.11,149.49,0.6273,-1,-1,-1
519,16,191.76,778.46,88.96,262.11,0.7920,-1,-1,-1
519,22,270.23,805.38,83.08,260.49,0.8200,-1,-1,-1
519,36,825.21,610.80,73.05,251.09,0.6207,-1,-1,-1
519,33,942.25,714.20,90.27,259.02,0.6377,-1,-1,-1
519,32,1037.47,730.27,74.14,226.47,0.5525,-1,-1,-1
520,3,1042.34,926.99,77.80,151.92,0.6478,-1,-1,-1
520,16,190.68,780.01,89.15,261.73,0.7899,-1,-1,-1
520,22,269.42,807.63,82.85,259.08,0.8219,-1,-1,-1
520,36,825.36,608.70,72.81,251.89,0.5866,-1,-1,-1
520,33,942.57,715.17,90.06,259.53,0.6922,-1,-1,-1
520,32,1040.94,733.43,70.13,211.54,0.5963,-1,-1,-1
521,3,1042.55,927.32,77.37,151.99,0.6577,-1,-1,-1
521,16,189.92,780.75,91.04,266.37,0.7921,-1,-1,-1
521,22,268.18,810.15,82.78,258.17,0.8145,-1,-1,-1
521,36,825.69,608.01,72.53,253.07,0.6094,-1,-1,-1
521,33,945.42,717.65,88.99,257.90,0.6590,-1,-1,-1
521,32,1043.20,735.63,68.40,203.66,0.6012,-1,-1,-1
522,3,1042.69,928.51,76.55,151.13,0.6439,-1,-1,-1
522,16,189.54,782.02,92.66,270.29,0.7774,-1,-1,-1
522,22,268.24,812.95,82.40,256.54,0.7974,-1,-1,-1
522,36,825.59,607.10,72.22,254.08,0.6268,-1,-1,-1
522,33,946.51,719.21,88.23,256.39,0.6857,-1,-1,-1
522,32,1044.34,738.73,68.89,202.83,0.6260,-1,-1,-1
522,46,1737.18,635.25,88.54,213.81,0.5509,-1,-1,-1
523,3,1042.82,929.15,75.76,150.26,0.6096,-1,-1,-1
523,16,188.91,783.52,94.05,273.64,0.7728,-1,-1,-1
523,22,267.34,816.25,82.43,255.69,0.8006,-1,-1,-1
523,36,825.90,607.37,71.68,254.12,0.6329,-1,-1,-1
523,33,948.53,720.05,87.90,256.11,0.6343,-1,-1,-1
523,32,1045.58,740.26,70.17,206.04,0.6184,-1,-1,-1
524,3,1042.92,929.97,74.95,149.33,0.5853,-1,-1,-1
524,16,187.89,785.13,94.35,275.51,0.7695,-1,-1,-1
524,22,264.85,819.23,83.22,256.54,0.8094,-1,-1,-1
524,36,825.28,607.95,70.99,253.42,0.6287,-1,-1,-1
524,33,951.42,720.69,85.95,251.16,0.5977,-1,-1,-1
524,32,1045.12,742.62,73.53,216.18,0.6168,-1,-1,-1
525,3,1043.24,931.25,74.35,148.44,0.5426,-1,-1,-1
525,16,187.43,786.18,95.72,280.03,0.7708,-1,-1,-1
525,22,264.60,822.08,83.49,256.60,0.8099,-1,-1,-1
525,36,825.19,607.83,70.53,253.28,0.6574,-1,-1,-1
525,33,956.43,721.36,82.10,240.35,0.5087,-1,-1,-1
525,32,1045.20,743.68,76.12,224.28,0.6214,-1,-1,-1
526,3,1042.70,929.99,74.76,149.92,0.6021,-1,-1,-1
526,16,187.05,788.14,95.69,281.00,0.7714,-1,-1,-1
526,22,263.19,824.74,83.54,254.90,0.8044,-1,-1,-1
526,36,824.91,606.73,70.53,254.67,0.6678,-1,-1,-1
526,32,1049.29,743.97,73.84,217.10,0.5205,-1,-1,-1
527,3,1041.80,927.82,75.45,152.16,0.6514,-1,-1,-1
527,16,186.92,789.08,96.02,283.06,0.7836,-1,-1,-1
527,22,262.26,827.09,83.37,252.37,0.7869,-1,-1,-1
527,36,825.00,606.04,69.78,252.93,0.6680,-1,-1,-1
527,32,1053.75,744.60,70.58,205.44,0.5252,-1,-1,-1
528,3,1040.59,924.72,76.27,155.29,0.6971,-1,-1,-1
528,16,186.54,790.61,95.37,283.00,0.7786,-1,-1,-1
528,22,260.91,828.54,83.53,250.62,0.7950,-1,-1,-1
528,36,824.98,605.53,69.46,252.60,0.6926,-1,-1,-1
528,32,1056.66,745.42,69.28,199.43,0.5259,-1,-1,-1
528,4,1716.98,459.95,72.89,206.90,0.5019,-1,-1,-1
528,45,1771.06,214.85,59.84,167.42,0.5166,-1,-1,-1
529,3,1039.72,924.81,75.78,155.21,0.7088,-1,-1,-1
529,16,187.27,791.92,94.38,282.14,0.7743,-1,-1,-1
529,22,259.96,829.63,83.46,248.55,0.7873,-1,-1,-1
529,36,824.71,605.51,69.16,252.12,0.7107,-1,-1,-1
529,32,1058.28,746.18,70.39,201.33,0.5672,-1,-1,-1
529,4,1716.50,460.39,73.95,206.70,0.5138,-1,-1,-1
529,45,1769.94,213.79,62.48,172.84,0.5195,-1,-1,-1
530,3,1039.24,926.51,74.76,153.52,0.6416,-1,-1,-1
530,16,187.87,793.05,93.57,281.62,0.7637,-1,-1,-1
530,22,259.44,831.56,83.46,246.37,0.7871,-1,-1,-1
530,36,823.31,604.98,68.92,251.94,0.7131,-1,-1,-1
530,32,1059.44,747.84,70.43,199.49,0.5644,-1,-1,-1
530,4,1715.87,459.71,74.92,208.02,0.5285,-1,-1,-1
530,45,1769.34,214.04,63.83,174.08,0.5135,-1,-1,-1
530,33,961.37,731.79,85.08,252.22,0.6288,-1,-1,-1
531,3,1038.93,928.89,73.53,151.13,0.6540,-1,-1,-1
531,16,188.57,794.77,92.52,280.11,0.7521,-1,-1,-1
531,22,259.15,832.97,83.67,245.27,0.7844,-1,-1,-1
531,36,821.44,604.18,69.08,252.74,0.7079,-1,-1,-1
531,32,1059.93,749.28,72.40,204.52,0.5973,-1,-1,-1
531,4,1715.92,460.39,75.00,207.17,0.5389,-1,-1,-1
531,45,1768.46,214.43,64.74,173.84,0.5200,-1,-1,-1
531,33,962.65,733.00,84.62,253.41,0.6366,-1,-1,-1
532,3,1039.84,934.48,70.99,145.54,0.6097,-1,-1,-1
532,16,189.37,796.57,91.22,277.31,0.7768,-1,-1,-1
532,22,259.07,834.01,84.00,244.57,0.7899,-1,-1,-1
532,36,819.27,603.32,68.96,251.83,0.7099,-1,-1,-1
532,32,1059.99,750.67,74.04,208.67,0.6405,-1,-1,-1
532,4,1714.48,459.98,75.91,210.21,0.6018,-1,-1,-1
532,45,1768.23,215.30,66.01,174.61,0.5165,-1,-1,-1
532,33,965.23,735.63,84.74,254.30,0.6743,-1,-1,-1
533,3,1041.10,942.39,67.72,137.63,0.5311,-1,-1,-1
533,16,189.96,798.05,90.49,274.99,0.7658,-1,-1,-1
533,22,258.83,835.32,84.25,243.76,0.7916,-1,-1,-1
533,36,815.01,602.68,69.48,253.61,0.7122,-1,-1,-1
533,32,1061.36,753.03,74.77,210.17,0.6015,-1,-1,-1
533,4,1713.99,458.97,76.02,211.07,0.6038,-1,-1,-1
533,33,968.77,738.48,83.98,250.76,0.6902,-1,-1,-1
534,16,190.71,799.51,89.75,271.71,0.7755,-1,-1,-1
534,22,259.15,836.59,84.29,242.09,0.7829,-1,-1,-1
534,36,810.97,601.56,70.16,255.91,0.7300,-1,-1,-1
534,32,1062.75,754.94,75.66,213.52,0.5560,-1,-1,-1
534,4,1713.51,458.88,76.04,210.84,0.5888,-1,-1,-1
534,33,969.79,740.43,84.10,249.17,0.6799,-1,-1,-1
534,45,1769.98,219.33,66.03,171.54,0.5252,-1,-1,-1
535,16,191.21,800.02,90.19,271.63,0.7963,-1,-1,-1
535,22,259.42,837.68,84.37,240.49,0.7887,-1,-1,-1
535,36,807.14,600.27,70.30,255.15,0.7457,-1,-1,-1
535,4,1713.24,457.64,76.38,212.42,0.6176,-1,-1,-1
535,33,970.69,742.71,84.10,247.57,0.6599,-1,-1,-1
536,16,191.18,800.75,91.23,273.98,0.8008,-1,-1,-1
536,22,259.31,838.91,84.40,239.36,0.7894,-1,-1,-1
536,36,804.34,599.77,70.33,254.07,0.7305,-1,-1,-1
536,4,1713.85,458.44,75.84,211.10,0.6237,-1,-1,-1
536,33,972.85,743.33,85.18,250.44,0.6402,-1,-1,-1
536,45,1769.86,222.63,65.96,168.52,0.5121,-1,-1,-1
537,16,191.49,801.61,92.21,276.94,0.7857,-1,-1,-1
537,22,259.02,840.92,84.13,237.75,0.7763,-1,-1,-1
537,36,801.07,599.68,71.17,254.99,0.7274,-1,-1,-1
537,4,1714.76,459.72,75.40,210.32,0.6184,-1,-1,-1
537,33,974.68,745.58,85.24,248.87,0.6561,-1,-1,-1
537,45,1770.70,223.51,66.54,167.88,0.5019,-1,-1,-1
537,32,1063.37,762.33,79.36,225.57,0.5254,-1,-1,-1
538,16,192.36,802.95,92.22,277.06,0.7956,-1,-1,-1
538,22,258.34,843.70,83.87,235.78,0.7830,-1,-1,-1
538,36,799.71,600.00,71.71,254.60,0.7362,-1,-1,-1
538,4,1715.56,460.53,74.75,209.31,0.6259,-1,-1,-1
538,33,977.05,747.48,85.09,246.56,0.6989,-1,-1,-1
538,45,1771.85,223.87,66.47,167.43,0.5207,-1,-1,-1
538,32,1062.47,764.80,79.42,225.99,0.5723,-1,-1,-1
539,16,193.12,804.67,91.83,275.84,0.7848,-1,-1,-1
539,22,257.15,846.34,83.60,233.49,0.7834,-1,-1,-1
539,36,797.57,599.83,72.37,254.93,0.7297,-1,-1,-1
539,4,1715.60,460.44,74.57,209.10,0.6110,-1,-1,-1
539,33,978.17,748.83,85.01,244.85,0.7038,-1,-1,-1
539,32,1061.69,767.31,80.24,227.78,0.6095,-1,-1,-1
539,3,1034.71,940.63,70.35,139.60,0.5008,-1,-1,-1
540,16,193.41,806.12,91.32,273.98,0.7671,-1,-1,-1
540,22,256.38,848.71,82.86,230.10,0.7685,-1,-1,-1
540,36,795.60,599.67,72.91,254.39,0.7462,-1,-1,-1
540,4,1715.52,459.67,74.66,209.78,0.6306,-1,-1,-1
540,33,979.93,749.35,84.90,243.08,0.6745,-1,-1,-1
540,32,1063.15,769.40,78.99,223.07,0.5426,-1,-1,-1
541,16,195.61,808.76,90.43,271.44,0.7777,-1,-1,-1
541,22,256.46,850.52,82.65,228.37,0.7680,-1,-1,-1
541,36,794.62,599.72,73.01,252.58,0.7224,-1,-1,-1
541,4,1715.66,458.99,74.54,209.87,0.6412,-1,-1,-1
541,33,982.52,750.92,83.82,239.49,0.6863,-1,-1,-1
541,32,1059.97,770.38,80.11,223.23,0.6325,-1,-1,-1
541,3,1032.41,939.54,72.43,140.64,0.5404,-1,-1,-1
542,16,198.43,810.55,89.58,269.87,0.7557,-1,-1,-1
542,22,256.99,852.67,82.23,226.73,0.7469,-1,-1,-1
542,36,792.91,599.22,73.38,252.08,0.7132,-1,-1,-1
542,4,1715.40,458.19,74.70,210.64,0.5984,-1,-1,-1
542,33,984.43,751.39,83.39,239.20,0.6710,-1,-1,-1
542,32,1064.99,771.71,79.83,223.90,0.5655,-1,-1,-1
543,16,201.01,811.87,88.81,268.60,0.7123,-1,-1,-1
543,22,257.05,856.67,81.05,223.10,0.7136,-1,-1,-1
543,36,791.20,599.13,73.97,251.64,0.7077,-1,-1,-1
543,4,1714.95,457.07,75.08,211.65,0.5699,-1,-1,-1
543,33,988.21,753.05,81.43,233.39,0.6377,-1,-1,-1
543,32,1067.31,772.63,80.41,227.29,0.5949,-1,-1,-1
544,16,203.72,813.17,87.95,267.28,0.7178,-1,-1,-1
544,22,257.57,861.51,79.47,217.70,0.6976,-1,-1,-1
544,36,788.36,598.88,74.96,252.11,0.7251,-1,-1,-1
544,4,1714.52,456.92,75.30,212.08,0.5608,-1,-1,-1
544,33,990.35,755.11,80.17,227.67,0.6524,-1,-1,-1
544,32,1069.27,773.21,80.08,227.32,0.5996,-1,-1,-1
545,16,205.89,814.72,86.96,265.69,0.6978,-1,-1,-1
545,22,256.54,865.46,78.61,213.64,0.7242,-1,-1,-1
545,36,783.57,598.45,76.69,253.05,0.7364,-1,-1,-1
545,4,1714.28,457.87,74.70,209.85,0.6114,-1,-1,-1
545,33,992.81,756.85,79.68,225.28,0.6540,-1,-1,-1
545,32,1070.11,775.57,79.67,226.04,0.5953,-1,-1,-1
545,3,1026.34,942.07,73.98,138.02,0.5469,-1,-1,-1
546,16,207.78,815.87,86.20,264.49,0.6788,-1,-1,-1
546,22,255.09,868.58,78.22,210.97,0.7188,-1,-1,-1
546,36,779.21,598.32,78.30,253.04,0.7461,-1,-1,-1
546,4,1713.13,457.54,75.42,210.82,0.6235,-1,-1,-1
546,33,994.66,759.16,80.10,225.19,0.6304,-1,-1,-1
546,32,1071.82,776.97,80.02,227.54,0.6101,-1,-1,-1
546,3,1026.00,942.63,75.36,137.43,0.5612,-1,-1,-1
547,16,209.69,817.35,85.45,262.97,0.6817,-1,-1,-1
547,22,254.96,872.18,77.70,207.75,0.6903,-1,-1,-1
547,36,777.05,597.95,80.13,254.63,0.7605,-1,-1,-1
547,4,1714.39,457.11,76.32,211.17,0.5921,-1,-1,-1
547,33,997.91,761.48,79.18,220.46,0.6357,-1,-1,-1
547,32,1073.21,779.07,80.52,229.68,0.6291,-1,-1,-1
547,3,1028.44,944.19,75.22,135.86,0.5319,-1,-1,-1
548,16,211.05,818.57,84.69,261.71,0.6488,-1,-1,-1
548,22,254.17,875.23,77.01,204.82,0.6880,-1,-1,-1
548,36,775.14,597.98,81.70,255.62,0.7462,-1,-1,-1
548,4,1715.13,458.16,75.98,210.88,0.5886,-1,-1,-1
548,33,998.72,765.04,78.90,217.13,0.6599,-1,-1,-1
548,32,1070.80,781.34,83.11,235.65,0.6415,-1,-1,-1
548,3,1027.65,940.41,77.55,139.62,0.5494,-1,-1,-1
549,16,212.59,820.00,84.02,260.25,0.5254,-1,-1,-1
549,22,251.67,874.67,77.55,205.42,0.6309,-1,-1,-1
549,36,774.13,598.77,82.53,254.71,0.7488,-1,-1,-1
549,4,1717.45,458.86,74.77,209.34,0.6295,-1,-1,-1
549,33,1000.08,768.12,77.82,212.49,0.5850,-1,-1,-1
549,32,1069.87,783.33,85.27,241.41,0.6419,-1,-1,-1
549,3,1025.91,936.47,79.97,143.56,0.5255,-1,-1,-1
550,22,249.31,874.73,77.86,205.36,0.5721,-1,-1,-1
550,36,772.60,599.57,83.31,253.44,0.7335,-1,-1,-1
550,4,1717.28,458.62,74.57,209.75,0.6131,-1,-1,-1
550,33,1002.35,772.21,74.40,201.17,0.5128,-1,-1,-1
550,32,1069.70,786.35,86.54,244.17,0.5967,-1,-1,-1
550,3,1024.81,935.22,80.85,144.81,0.5165,-1,-1,-1
551,22,245.49,874.98,78.85,205.11,0.5715,-1,-1,-1
551,36,770.78,598.86,84.54,254.65,0.7295,-1,-1,-1
551,4,1718.28,459.04,73.86,209.29,0.6051,-1,-1,-1
551,32,1074.17,789.52,86.06,242.88,0.5681,-1,-1,-1
551,3,1022.55,936.02,81.15,144.00,0.5713,-1,-1,-1
552,22,241.59,875.48,80.12,204.60,0.6563,-1,-1,-1
552,36,769.67,598.19,85.15,254.32,0.7420,-1,-1,-1
552,4,1720.06,458.56,72.83,208.78,0.6062,-1,-1,-1
552,32,1075.58,792.64,86.28,241.81,0.5720,-1,-1,-1
552,3,1018.21,934.79,82.92,145.23,0.5270,-1,-1,-1
553,22,239.78,876.13,80.98,203.94,0.6737,-1,-1,-1
553,36,768.87,596.51,85.81,254.41,0.7524,-1,-1,-1
553,4,1720.08,458.74,72.12,208.25,0.5768,-1,-1,-1
553,32,1076.59,794.97,87.71,243.39,0.5789,-1,-1,-1
553,3,1009.32,930.14,87.85,149.74,0.5364,-1,-1,-1
553,33,1014.66,777.61,64.21,169.89,0.5104,-1,-1,-1
554,22,233.53,847.91,91.92,232.15,0.6351,-1,-1,-1
554,36,767.88,595.86,85.44,252.42,0.7511,-1,-1,-1
554,4,1720.38,458.97,71.49,207.86,0.5985,-1,-1,-1
554,32,1081.65,797.19,87.86,242.95,0.5158,-1,-1,-1
555,22,232.23,838.68,95.52,241.38,0.7003,-1,-1,-1
555,36,766.50,595.82,85.48,251.47,0.7344,-1,-1,-1
555,4,1720.50,457.72,71.30,208.94,0.6001,-1,-1,-1
555,32,1085.95,799.07,86.78,240.27,0.6162,-1,-1,-1
555,47,376.27,218.01,67.53,188.81,0.5312,-1,-1,-1
556,22,238.03,862.50,87.24,217.38,0.6131,-1,-1,-1
556,36,764.40,594.31,85.40,250.54,0.7562,-1,-1,-1
556,4,1720.82,456.48,70.49,208.25,0.6181,-1,-1,-1
556,32,1091.74,799.79,86.03,239.49,0.5739,-1,-1,-1
556,47,376.55,219.81,67.73,189.48,0.5016,-1,-1,-1
557,22,237.60,845.33,93.94,234.64,0.7365,-1,-1,-1
557,36,762.19,593.77,84.79,247.98,0.7159,-1,-1,-1
557,4,1722.60,457.36,69.90,207.24,0.6170,-1,-1,-1
557,32,1097.16,800.99,84.51,236.94,0.5541,-1,-1,-1
557,47,376.28,222.38,66.87,186.97,0.5111,-1,-1,-1
558,22,238.95,839.92,96.33,240.10,0.7190,-1,-1,-1
558,36,759.43,593.85,84.15,245.08,0.7109,-1,-1,-1
558,4,1720.57,456.30,70.17,209.06,0.6835,-1,-1,-1
558,32,1100.35,801.16,83.55,235.07,0.6042,-1,-1,-1
558,47,375.96,223.29,67.05,187.44,0.5429,-1,-1,-1
558,48,1668.12,271.90,78.19,193.81,0.5492,-1,-1,-1
558,3,979.62,798.40,154.00,280.52,0.5358,-1,-1,-1
559,22,244.39,871.08,85.86,208.95,0.7282,-1,-1,-1
559,36,755.52,593.41,83.42,243.20,0.6848,-1,-1,-1
559,4,1722.67,457.57,68.95,206.51,0.6567,-1,-1,-1
559,32,1102.43,801.94,83.36,234.05,0.6068,-1,-1,-1
559,47,375.60,225.35,66.93,187.00,0.5571,-1,-1,-1
559,48,1668.04,271.93,78.21,194.01,0.5372,-1,-1,-1
560,22,246.32,885.12,81.65,194.91,0.7417,-1,-1,-1
560,36,751.51,591.48,83.24,243.89,0.6902,-1,-1,-1
560,4,1724.13,458.48,67.72,203.66,0.6607,-1,-1,-1
560,32,1103.97,802.42,83.15,232.97,0.5581,-1,-1,-1
560,47,373.98,226.03,67.45,188.56,0.5476,-1,-1,-1
560,48,1666.99,271.34,77.75,193.08,0.5489,-1,-1,-1
560,33,1021.08,785.85,75.26,197.09,0.5257,-1,-1,-1
561,22,248.29,892.69,79.79,187.26,0.6748,-1,-1,-1
561,36,747.07,590.95,81.91,242.37,0.6932,-1,-1,-1
561,4,1723.17,458.29,67.22,203.32,0.6692,-1,-1,-1
561,32,1105.14,803.30,82.94,232.46,0.5990,-1,-1,-1
561,47,373.63,227.92,67.24,188.02,0.5728,-1,-1,-1
561,48,1665.86,271.26,77.60,192.88,0.5644,-1,-1,-1
562,22,250.18,897.67,78.94,181.92,0.6623,-1,-1,-1
562,36,743.93,592.32,79.52,237.69,0.6951,-1,-1,-1
562,4,1721.81,457.32,67.48,205.38,0.6457,-1,-1,-1
562,32,1106.65,805.21,83.77,234.13,0.6008,-1,-1,-1
562,47,373.73,230.61,66.86,186.74,0.5958,-1,-1,-1
562,48,1664.16,270.84,77.35,192.25,0.5677,-1,-1,-1
562,33,1020.93,790.40,76.43,197.81,0.6257,-1,-1,-1
563,22,248.52,902.03,77.64,177.78,0.6873,-1,-1,-1
563,36,739.39,591.20,79.78,239.95,0.7023,-1,-1,-1
563,4,1722.33,456.59,68.37,206.80,0.6362,-1,-1,-1
563,32,1108.13,808.57,84.79,235.95,0.5827,-1,-1,-1
563,47,374.83,233.83,66.35,185.25,0.5617,-1,-1,-1
563,48,1663.16,270.51,76.37,189.85,0.5080,-1,-1,-1
563,49,989.89,936.65,105.35,142.33,0.5193,-1,-1,-1
563,33,1018.59,793.09,83.07,215.35,0.5468,-1,-1,-1
564,22,248.34,905.56,76.50,174.36,0.7043,-1,-1,-1
564,36,735.11,590.02,80.16,241.68,0.6926,-1,-1,-1
564,4,1721.06,454.67,68.82,208.17,0.6452,-1,-1,-1
564,32,1107.45,811.35,86.39,240.45,0.5645,-1,-1,-1
564,47,374.53,234.75,67.27,188.20,0.6126,-1,-1,-1
564,48,1662.65,269.80,75.97,189.05,0.5098,-1,-1,-1
564,49,988.62,936.12,105.69,142.67,0.5763,-1,-1,-1
564,33,1016.12,796.01,90.66,239.92,0.5989,-1,-1,-1
564,50,269.36,842.49,84.10,230.22,0.5922,-1,-1,-1
565,22,249.55,907.30,76.01,172.45,0.7141,-1,-1,-1
565,36,732.66,589.37,80.20,242.11,0.6092,-1,-1,-1
565,4,1721.59,455.94,69.33,207.74,0.6391,-1,-1,-1
565,32,1107.83,813.88,87.30,242.38,0.6163,-1,-1,-1
565,47,373.95,235.97,67.71,190.30,0.6520,-1,-1,-1
565,33,1015.03,798.10,96.05,258.52,0.6417,-1,-1,-1
565,50,271.85,843.64,84.71,231.48,0.5832,-1,-1,-1
566,22,250.42,909.31,75.60,170.60,0.7456,-1,-1,-1
566,36,731.62,590.13,79.49,240.87,0.6116,-1,-1,-1
566,4,1720.97,456.06,70.11,208.19,0.6350,-1,-1,-1
566,32,1106.12,816.79,88.49,243.67,0.6226,-1,-1,-1
566,47,373.69,235.96,67.74,191.37,0.6633,-1,-1,-1
566,33,1016.02,800.85,97.08,265.42,0.5945,-1,-1,-1
566,50,276.04,845.92,85.39,232.24,0.6399,-1,-1,-1
566,48,1664.47,269.75,73.30,183.33,0.5109,-1,-1,-1
566,49,983.16,933.09,108.06,146.08,0.5274,-1,-1,-1
567,22,250.94,911.44,75.09,168.54,0.7539,-1,-1,-1
567,36,729.37,590.38,79.70,242.00,0.5696,-1,-1,-1
567,4,1720.55,456.63,71.37,209.44,0.6463,-1,-1,-1
567,47,373.25,236.71,67.47,191.56,0.6653,-1,-1,-1
567,50,279.09,847.84,86.06,232.08,0.6446,-1,-1,-1
567,48,1664.90,269.94,72.05,181.63,0.5393,-1,-1,-1
567,49,981.58,931.72,108.33,146.94,0.6045,-1,-1,-1
568,22,251.57,913.34,74.88,166.66,0.7605,-1,-1,-1
568,36,728.08,589.38,79.88,243.67,0.6217,-1,-1,-1
568,4,1719.62,456.59,72.17,210.15,0.6965,-1,-1,-1
568,47,373.71,237.91,66.91,190.78,0.6409,-1,-1,-1
568,50,281.63,849.28,86.57,230.84,0.6575,-1,-1,-1
568,48,1664.76,270.22,71.28,181.73,0.5738,-1,-1,-1
569,22,251.90,914.84,74.85,165.17,0.7553,-1,-1,-1
569,36,725.70,588.28,80.34,245.28,0.6255,-1,-1,-1
569,4,1718.78,457.18,72.73,209.91,0.6937,-1,-1,-1
569,47,373.98,237.47,67.31,192.32,0.6382,-1,-1,-1
569,50,286.58,851.15,87.02,229.11,0.6480,-1,-1,-1
569,48,1663.52,267.87,71.16,183.59,0.5477,-1,-1,-1
569,33,1025.46,810.46,95.04,264.68,0.5718,-1,-1,-1
570,22,251.85,916.24,74.82,163.77,0.7440,-1,-1,-1
570,36,723.75,586.85,81.21,248.19,0.6121,-1,-1,-1
570,4,1717.94,457.09,73.23,209.55,0.6843,-1,-1,-1
570,47,374.46,237.59,67.31,192.67,0.6360,-1,-1,-1
570,50,290.34,852.65,87.81,227.79,0.6638,-1,-1,-1
570,48,1663.00,266.38,69.99,182.43,0.5398,-1,-1,-1
570,33,1028.32,812.93,93.28,264.25,0.6019,-1,-1,-1
570,32,1116.88,826.32,87.49,242.21,0.5841,-1,-1,-1
571,22,251.27,918.84,74.39,161.17,0.7474,-1,-1,-1
571,36,721.29,587.24,81.42,247.39,0.5525,-1,-1,-1
571,4,1717.99,456.10,73.93,209.46,0.6716,-1,-1,-1
571,47,374.72,237.01,67.13,192.22,0.6212,-1,-1,-1
571,50,292.52,855.10,88.14,225.34,0.6721,-1,-1,-1
571,48,1661.45,263.81,68.65,180.48,0.5539,-1,-1,-1
571,33,1032.77,815.03,91.13,263.18,0.6702,-1,-1,-1
571,52,1565.07,588.64,109.89,236.51,0.5822,-1,-1,-1
571,32,1121.93,828.64,86.16,242.47,0.6648,-1,-1,-1
572,22,252.30,919.59,74.71,160.27,0.7480,-1,-1,-1
572,36,718.00,586.86,82.66,249.17,0.5177,-1,-1,-1
572,4,1717.93,457.20,74.27,208.59,0.6369,-1,-1,-1
572,47,376.14,238.46,65.98,189.25,0.6144,-1,-1,-1
572,50,298.28,857.08,88.12,223.32,0.6897,-1,-1,-1
572,48,1661.07,261.03,68.22,180.39,0.5111,-1,-1,-1
572,33,1036.78,817.78,88.64,259.52,0.6373,-1,-1,-1
572,52,1566.96,589.97,109.61,235.81,0.5144,-1,-1,-1
572,32,1122.06,830.10,85.26,241.66,0.6073,-1,-1,-1
572,49,979.14,929.34,107.79,149.48,0.5683,-1,-1,-1
573,22,252.16,924.19,73.67,155.76,0.7368,-1,-1,-1
573,36,715.30,586.92,83.31,249.60,0.6433,-1,-1,-1
573,4,1717.87,457.07,75.37,209.83,0.6214,-1,-1,-1
573,47,376.96,240.08,64.78,185.87,0.6200,-1,-1,-1
573,50,297.96,859.12,87.71,220.81,0.6913,-1,-1,-1
573,48,1658.74,258.82,68.55,182.40,0.5203,-1,-1,-1
573,33,1040.91,819.96,86.47,255.29,0.6230,-1,-1,-1
573,32,1122.28,831.80,85.28,244.01,0.6401,-1,-1,-1
573,49,980.74,929.49,105.30,149.32,0.6001,-1,-1,-1
574,22,252.66,927.70,73.07,152.29,0.7365,-1,-1,-1
574,36,712.32,585.78,83.94,249.62,0.6973,-1,-1,-1
574,4,1718.26,457.56,75.45,208.55,0.6429,-1,-1,-1
574,47,377.42,241.12,64.27,184.67,0.6426,-1,-1,-1
574,50,300.86,860.85,87.89,219.29,0.6987,-1,-1,-1
574,48,1658.49,257.11,68.90,183.91,0.5341,-1,-1,-1
574,33,1044.25,820.89,85.04,252.27,0.6010,-1,-1,-1
574,32,1123.07,832.75,85.01,244.63,0.6194,-1,-1,-1
574,49,982.72,928.98,102.92,149.55,0.6000,-1,-1,-1
575,22,252.48,926.82,74.11,153.18,0.7335,-1,-1,-1
575,36,710.62,584.57,84.45,249.53,0.6841,-1,-1,-1
575,4,1718.00,456.78,75.95,208.65,0.6428,-1,-1,-1
575,47,377.47,240.97,64.81,186.45,0.6438,-1,-1,-1
575,50,301.99,862.96,87.70,217.25,0.6977,-1,-1,-1
575,48,1657.63,255.54,69.39,185.63,0.5477,-1,-1,-1
575,33,1045.98,821.62,84.85,252.27,0.6199,-1,-1,-1
575,32,1123.63,834.49,85.29,244.08,0.6431,-1,-1,-1
575,49,985.48,928.50,100.18,149.50,0.5780,-1,-1,-1
575,52,1568.76,599.89,105.92,227.09,0.5406,-1,-1,-1
576,22,252.97,929.63,73.63,150.37,0.7418,-1,-1,-1
576,36,708.76,583.23,85.34,250.86,0.7062,-1,-1,-1
576,4,1718.16,456.71,76.72,209.52,0.6138,-1,-1,-1
576,47,377.49,243.53,64.97,187.08,0.6619,-1,-1,-1
576,50,301.93,865.53,87.23,214.57,0.6981,-1,-1,-1
576,48,1656.91,254.03,69.53,185.91,0.5612,-1,-1,-1
576,33,1046.96,822.22,84.36,251.74,0.5828,-1,-1,-1
576,32,1125.86,835.58,85.27,242.55,0.5978,-1,-1,-1
576,52,1569.04,599.32,105.74,226.29,0.6099,-1,-1,-1
577,22,253.88,934.42,72.50,145.59,0.7432,-1,-1,-1
577,36,706.78,581.33,85.38,249.64,0.7005,-1,-1,-1
577,4,1718.42,457.45,76.89,208.82,0.5880,-1,-1,-1
577,47,377.85,246.66,64.91,187.31,0.6273,-1,-1,-1
577,50,303.67,869.49,86.64,210.45,0.6998,-1,-1,-1
577,48,1655.77,251.95,70.18,187.28,0.5222,-1,-1,-1
577,33,1048.67,823.76,83.16,249.02,0.5016,-1,-1,-1
577,32,1126.60,837.79,85.66,239.93,0.5126,-1,-1,-1
577,52,1567.93,600.48,106.05,225.98,0.5659,-1,-1,-1
577,49,989.09,927.21,97.23,150.07,0.5718,-1,-1,-1
578,22,254.63,939.60,71.19,140.41,0.7391,-1,-1,-1
578,36,705.04,578.03,85.00,247.36,0.6775,-1,-1,-1
578,4,1718.24,458.22,77.38,209.26,0.5575,-1,-1,-1
578,47,377.40,249.12,65.02,188.06,0.6461,-1,-1,-1
578,50,303.45,871.93,86.41,207.63,0.6970,-1,-1,-1
578,48,1655.11,250.38,70.99,188.92,0.5596,-1,-1,-1
578,52,1566.23,601.62,106.35,225.66,0.5775,-1,-1,-1
578,49,992.00,926.66,94.80,150.56,0.5379,-1,-1,-1
579,22,254.73,943.67,70.40,136.34,0.7279,-1,-1,-1
579,36,704.13,575.83,81.65,236.76,0.5908,-1,-1,-1
579,4,1718.25,458.86,77.60,209.12,0.5637,-1,-1,-1
579,47,377.32,250.53,64.86,187.95,0.6678,-1,-1,-1
579,50,303.23,873.89,86.30,205.13,0.6986,-1,-1,-1
579,48,1653.04,248.66,72.59,191.73,0.5490,-1,-1,-1
579,52,1566.18,602.22,106.56,225.10,0.6078,-1,-1,-1
579,49,995.51,925.74,92.82,151.01,0.5378,-1,-1,-1
579,32,1130.37,839.91,85.70,238.13,0.5749,-1,-1,-1
580,22,253.74,946.15,70.28,133.46,0.7220,-1,-1,-1
580,36,701.31,575.14,83.87,245.22,0.5795,-1,-1,-1
580,4,1717.80,459.02,78.33,210.80,0.5831,-1,-1,-1
580,47,377.15,252.49,64.53,187.35,0.6868,-1,-1,-1
580,50,301.28,874.99,87.03,204.73,0.7240,-1,-1,-1
580,48,1651.77,248.10,73.06,191.28,0.5543,-1,-1,-1
580,52,1565.51,602.40,107.27,225.24,0.6064,-1,-1,-1
580,49,998.03,925.66,91.21,150.82,0.5670,-1,-1,-1
580,32,1129.19,841.47,85.37,238.07,0.5564,-1,-1,-1
581,22,253.89,948.09,70.44,131.59,0.7270,-1,-1,-1
581,36,699.11,573.92,83.86,248.32,0.6000,-1,-1,-1
581,4,1717.67,458.31,78.21,210.75,0.5733,-1,-1,-1
581,47,377.09,254.69,63.92,185.51,0.6495,-1,-1,-1
581,50,300.71,876.25,87.75,203.66,0.7253,-1,-1,-1
581,52,1565.37,601.79,107.98,225.58,0.5761,-1,-1,-1
581,49,999.79,925.36,90.11,151.03,0.5918,-1,-1,-1
581,32,1133.87,841.90,86.58,238.30,0.5224,-1,-1,-1
581,33,1058.24,831.66,80.90,242.19,0.5535,-1,-1,-1
582,22,253.11,949.11,71.02,130.59,0.7115,-1,-1,-1
582,4,1719.13,458.10,77.41,208.65,0.5333,-1,-1,-1
582,47,376.44,255.80,64.14,186.06,0.6421,-1,-1,-1
582,50,302.01,877.78,88.36,202.25,0.7379,-1,-1,-1
582,52,1566.07,603.03,107.69,223.90,0.5262,-1,-1,-1
582,49,1001.06,925.45,90.06,151.95,0.6060,-1,-1,-1
582,32,1135.02,844.56,87.06,235.97,0.5294,-1,-1,-1
582,33,1060.93,834.67,79.23,236.76,0.5550,-1,-1,-1
583,22,251.92,949.67,71.85,130.19,0.7088,-1,-1,-1
583,4,1719.38,457.79,77.28,208.63,0.5856,-1,-1,-1
583,47,375.46,256.87,64.88,187.92,0.6739,-1,-1,-1
583,50,302.67,879.67,88.48,200.40,0.7513,-1,-1,-1
583,49,1000.86,926.02,89.10,152.01,0.5773,-1,-1,-1
583,32,1140.64,845.81,86.84,234.79,0.6566,-1,-1,-1
583,33,1063.39,838.03,79.32,237.45,0.6572,-1,-1,-1
584,22,250.61,950.46,72.39,129.50,0.7005,-1,-1,-1
584,4,1718.79,455.10,78.40,211.57,0.6184,-1,-1,-1
584,47,373.86,257.65,65.51,189.43,0.6968,-1,-1,-1
584,50,303.40,881.39,88.49,198.68,0.7555,-1,-1,-1
584,49,995.88,926.22,86.78,152.18,0.5637,-1,-1,-1
584,32,1141.96,847.94,86.55,232.64,0.6701,-1,-1,-1
584,33,1063.27,841.42,79.71,237.52,0.6877,-1,-1,-1
584,48,1649.01,246.95,73.11,188.91,0.5106,-1,-1,-1
584,52,1563.85,602.66,108.39,224.61,0.5065,-1,-1,-1
585,22,250.16,951.50,72.62,128.30,0.7086,-1,-1,-1
585,4,1719.36,456.02,77.36,209.07,0.6331,-1,-1,-1
585,47,372.96,258.23,65.54,189.24,0.7123,-1,-1,-1
585,50,303.50,883.31,88.36,196.76,0.7540,-1,-1,-1
585,49,994.53,927.00,84.05,151.04,0.5902,-1,-1,-1
585,32,1143.17,851.07,85.87,229.46,0.7216,-1,-1,-1
585,33,1062.78,843.86,79.21,235.97,0.7316,-1,-1,-1
585,48,1648.38,247.05,73.95,188.10,0.5317,-1,-1,-1
586,22,249.21,952.90,72.90,126.91,0.7044,-1,-1,-1
586,4,1719.03,456.53,76.40,207.01,0.6221,-1,-1,-1
586,47,372.26,258.48,65.63,189.61,0.7196,-1,-1,-1
586,50,304.34,885.93,87.86,194.13,0.7595,-1,-1,-1
586,49,994.46,927.85,81.40,150.26,0.6019,-1,-1,-1
586,32,1146.57,854.16,85.08,226.30,0.6960,-1,-1,-1
586,33,1063.72,846.12,78.51,233.05,0.7109,-1,-1,-1
586,48,1648.74,247.36,74.32,187.03,0.5339,-1,-1,-1
586,52,1565.54,603.09,108.82,224.33,0.5337,-1,-1,-1
587,22,250.30,954.95,72.72,124.99,0.7236,-1,-1,-1
587,4,1719.60,455.43,76.75,209.06,0.6410,-1,-1,-1
587,47,371.45,258.85,65.59,189.48,0.7010,-1,-1,-1
587,50,305.69,888.35,87.44,191.59,0.7587,-1,-1,-1
587,49,994.74,928.88,79.15,149.26,0.6297,-1,-1,-1
587,32,1150.55,857.63,84.27,222.78,0.6704,-1,-1,-1
587,33,1065.89,847.86,77.81,230.64,0.7135,-1,-1,-1
587,48,1648.76,247.16,74.66,186.08,0.5087,-1,-1,-1
587,52,1562.77,602.95,110.18,226.77,0.5409,-1,-1,-1
588,22,251.00,957.44,72.31,122.54,0.7202,-1,-1,-1
588,4,1717.95,453.63,76.92,212.36,0.6281,-1,-1,-1
588,47,371.22,259.01,65.62,189.55,0.7073,-1,-1,-1
588,50,306.25,890.92,87.02,189.09,0.7552,-1,-1,-1
588,49,994.52,929.86,77.72,149.42,0.6196,-1,-1,-1
588,32,1153.19,858.41,84.83,221.95,0.6634,-1,-1,-1
588,33,1067.23,849.73,76.92,227.89,0.7055,-1,-1,-1
588,52,1563.95,602.84,109.84,225.34,0.5299,-1,-1,-1
589,22,251.89,960.58,71.65,119.42,0.7211,-1,-1,-1
589,4,1720.35,455.11,75.37,209.46,0.6433,-1,-1,-1
589,47,370.79,259.98,65.10,187.86,0.7045,-1,-1,-1
589,50,306.61,894.31,86.29,185.71,0.7672,-1,-1,-1
589,49,994.94,930.55,76.07,149.24,0.6252,-1,-1,-1
589,32,1156.68,858.70,85.29,221.62,0.6849,-1,-1,-1
589,33,1068.16,851.04,76.80,226.89,0.7150,-1,-1,-1
589,52,1561.48,603.38,110.52,226.36,0.5504,-1,-1,-1
589,48,1651.36,243.36,73.74,183.03,0.5037,-1,-1,-1
590,22,251.78,963.09,71.32,116.91,0.6994,-1,-1,-1
590,4,1721.16,455.58,75.01,209.15,0.6039,-1,-1,-1
590,47,370.34,261.39,64.67,186.43,0.7152,-1,-1,-1
590,50,308.02,895.98,86.00,183.67,0.7620,-1,-1,-1
590,49,995.04,931.03,74.56,148.95,0.6389,-1,-1,-1
590,32,1159.49,861.39,84.79,218.88,0.6945,-1,-1,-1
590,33,1069.59,852.51,76.94,225.94,0.7313,-1,-1,-1
590,52,1560.56,603.82,110.63,226.22,0.5481,-1,-1,-1
590,48,1653.11,241.07,73.83,183.46,0.5250,-1,-1,-1
591,22,251.89,966.24,70.66,113.76,0.7018,-1,-1,-1
591,4,1721.90,457.04,74.12,207.33,0.6259,-1,-1,-1
591,47,369.79,262.64,64.50,185.31,0.7217,-1,-1,-1
591,50,309.43,898.05,85.15,180.35,0.7609,-1,-1,-1
591,49,994.84,931.94,72.75,148.10,0.6280,-1,-1,-1
591,32,1161.61,863.09,84.73,217.15,0.6913,-1,-1,-1
591,33,1071.20,853.53,77.29,225.27,0.7235,-1,-1,-1
591,52,1560.80,603.81,110.67,225.94,0.5709,-1,-1,-1
591,48,1654.56,239.73,73.58,183.04,0.5817,-1,-1,-1
592,22,253.61,968.84,70.33,111.16,0.7213,-1,-1,-1
592,4,1721.62,457.29,73.74,206.87,0.6256,-1,-1,-1
592,47,369.36,264.28,63.88,182.83,0.7176,-1,-1,-1
592,50,310.95,901.43,84.24,177.02,0.7391,-1,-1,-1
592,49,994.81,932.76,71.17,147.30,0.5837,-1,-1,-1
592,32,1162.22,865.64,84.71,214.57,0.6864,-1,-1,-1
592,33,1072.23,854.78,76.97,223.00,0.7154,-1,-1,-1
592,52,1560.82,603.34,111.13,226.63,0.5074,-1,-1,-1
592,48,1655.54,237.90,74.42,185.46,0.6350,-1,-1,-1
593,22,255.07,971.39,70.03,108.61,0.7289,-1,-1,-1
593,4,1719.17,455.47,74.71,211.20,0.6501,-1,-1,-1
593,47,368.61,265.26,64.34,183.60,0.7253,-1,-1,-1
593,50,312.31,906.68,83.15,172.77,0.7728,-1,-1,-1
593,49,995.34,933.35,69.66,146.42,0.5825,-1,-1,-1
593,32,1164.59,868.16,84.33,212.02,0.6762,-1,-1,-1
593,33,1073.47,855.79,76.79,221.39,0.7240,-1,-1,-1
593,48,1655.56,235.81,74.33,185.56,0.6653,-1,-1,-1
594,22,257.32,974.82,69.57,105.18,0.7218,-1,-1,-1
594,4,1718.47,455.06,74.65,212.47,0.6487,-1,-1,-1
594,47,367.61,266.71,64.96,185.41,0.7209,-1,-1,-1
594,50,314.20,909.96,82.88,169.87,0.7756,-1,-1,-1
594,49,995.98,934.69,68.08,145.26,0.5750,-1,-1,-1
594,32,1166.14,870.37,84.03,209.79,0.6682,-1,-1,-1
594,33,1074.20,856.91,77.06,221.58,0.7187,-1,-1,-1
594,48,1655.86,233.38,74.36,186.52,0.6364,-1,-1,-1
595,22,257.64,978.26,68.81,101.75,0.7018,-1,-1,-1
595,4,1718.76,454.00,74.53,213.31,0.6796,-1,-1,-1
595,47,366.45,269.07,65.74,187.64,0.7235,-1,-1,-1
595,50,315.85,911.89,83.26,168.08,0.7620,-1,-1,-1
595,49,995.92,935.43,66.79,144.59,0.5936,-1,-1,-1
595,32,1167.81,872.11,83.79,208.03,0.6596,-1,-1,-1
595,33,1075.61,858.75,77.16,220.90,0.7198,-1,-1,-1
595,48,1656.15,231.22,74.54,188.08,0.6287,-1,-1,-1
596,22,258.57,981.12,68.48,98.89,0.7023,-1,-1,-1
596,4,1718.08,453.31,74.79,214.53,0.7018,-1,-1,-1
596,47,365.19,269.98,66.70,190.70,0.7263,-1,-1,-1
596,50,317.32,913.15,83.78,166.87,0.7688,-1,-1,-1
596,49,996.10,935.34,65.45,143.32,0.5730,-1,-1,-1
596,32,1170.26,873.92,83.10,206.20,0.6872,-1,-1,-1
596,33,1076.65,860.88,77.08,219.19,0.7210,-1,-1,-1
596,48,1656.13,229.68,74.10,187.88,0.6107,-1,-1,-1
597,22,258.87,982.74,68.92,97.26,0.6963,-1,-1,-1
597,4,1717.69,454.00,74.55,213.68,0.6876,-1,-1,-1
597,47,364.37,271.66,66.84,191.17,0.7106,-1,-1,-1
597,50,318.79,913.73,84.48,166.30,0.7388,-1,-1,-1
597,49,996.44,935.82,64.35,142.08,0.6177,-1,-1,-1
597,32,1172.33,875.74,82.41,204.37,0.6498,-1,-1,-1
597,33,1077.45,863.23,76.48,216.97,0.6754,-1,-1,-1
597,48,1656.53,227.69,74.00,188.70,0.5942,-1,-1,-1
598,22,259.24,984.36,69.29,95.65,0.6773,-1,-1,-1
598,4,1716.80,453.85,74.72,213.50,0.7063,-1,-1,-1
598,47,363.91,272.69,66.76,190.91,0.7063,-1,-1,-1
598,50,320.16,914.26,85.24,165.11,0.7353,-1,-1,-1
598,49,997.82,936.44,63.79,141.23,0.6250,-1,-1,-1
598,32,1172.42,877.68,82.26,202.41,0.6631,-1,-1,-1
598,33,1078.94,865.03,76.24,215.20,0.6628,-1,-1,-1
598,48,1655.69,226.59,73.79,189.28,0.5918,-1,-1,-1
599,22,258.92,985.50,69.50,94.50,0.6593,-1,-1,-1
599,4,1716.11,453.81,75.08,213.20,0.7033,-1,-1,-1
599,47,363.98,273.13,66.89,191.64,0.6714,-1,-1,-1
599,50,321.23,916.02,85.74,162.85,0.7269,-1,-1,-1
599,49,997.39,936.84,63.30,140.77,0.6461,-1,-1,-1
599,32,1173.97,880.43,81.67,199.65,0.6585,-1,-1,-1
599,33,1080.98,867.24,76.11,212.99,0.6202,-1,-1,-1
599,48,1653.69,226.90,73.30,188.66,0.5505,-1,-1,-1
600,22,259.59,986.50,70.13,93.50,0.6489,-1,-1,-1
600,4,1716.06,453.87,75.13,212.06,0.7201,-1,-1,-1
600,47,364.25,274.73,66.90,192.03,0.6770,-1,-1,-1
600,50,323.13,918.00,86.25,160.09,0.7043,-1,-1,-1
600,49,997.53,938.26,62.51,139.44,0.6405,-1,-1,-1
600,32,1177.36,883.91,80.28,196.16,0.6587,-1,-1,-1
600,33,1082.71,869.36,75.97,210.84,0.6532,-1,-1,-1
600,48,1651.99,226.61,72.29,186.14,0.5433,-1,-1,-1
601,22,259.89,986.87,71.23,93.14,0.6263,-1,-1,-1
601,4,1716.05,453.93,75.88,212.91,0.7016,-1,-1,-1
601,47,363.04,274.94,67.87,195.73,0.7021,-1,-1,-1
601,50,323.24,919.73,87.05,158.37,0.7216,-1,-1,-1
601,49,997.25,939.55,61.61,138.15,0.6213,-1,-1,-1
601,32,1177.87,886.42,79.70,193.64,0.6561,-1,-1,-1
601,33,1085.10,871.92,76.06,208.26,0.6059,-1,-1,-1
601,48,1649.11,226.38,72.46,186.39,0.5767,-1,-1,-1
602,22,260.31,988.59,71.36,91.41,0.6100,-1,-1,-1
602,4,1715.24,454.94,76.33,212.23,0.6954,-1,-1,-1
602,47,363.14,274.84,67.74,196.61,0.6821,-1,-1,-1
602,50,324.45,921.48,87.59,156.11,0.7223,-1,-1,-1
602,49,996.03,940.32,61.22,137.51,0.6516,-1,-1,-1
602,32,1178.27,888.55,79.45,191.50,0.6497,-1,-1,-1
602,33,1085.61,874.89,76.26,205.27,0.6725,-1,-1,-1
602,48,1648.21,226.87,71.66,184.14,0.5898,-1,-1,-1
602,52,1563.95,599.13,111.88,226.80,0.5916,-1,-1,-1
603,22,260.98,991.00,70.95,89.00,0.6235,-1,-1,-1
603,4,1714.28,455.18,77.54,213.68,0.7157,-1,-1,-1
603,47,363.05,276.30,67.33,195.69,0.6959,-1,-1,-1
603,50,324.98,924.23,88.01,153.80,0.7365,-1,-1,-1
603,49,995.38,940.94,60.79,136.90,0.6627,-1,-1,-1
603,32,1178.77,890.87,78.93,189.18,0.6049,-1,-1,-1
603,33,1086.48,877.76,76.41,202.38,0.6606,-1,-1,-1
603,48,1646.94,227.55,71.13,183.17,0.6220,-1,-1,-1
604,22,261.56,992.81,70.98,87.19,0.6277,-1,-1,-1
604,4,1713.43,454.82,77.90,212.33,0.7131,-1,-1,-1
604,47,363.45,276.85,67.23,196.28,0.6813,-1,-1,-1
604,50,325.93,926.92,88.27,151.30,0.7546,-1,-1,-1
604,49,995.81,942.18,60.30,136.01,0.6399,-1,-1,-1
604,32,1179.87,893.17,78.14,186.87,0.5312,-1,-1,-1
604,33,1087.37,880.66,76.88,199.46,0.6017,-1,-1,-1
604,48,1646.96,227.47,70.27,182.26,0.6060,-1,-1,-1
605,22,261.88,994.68,71.02,85.32,0.6278,-1,-1,-1
605,4,1713.43,454.33,78.83,213.25,0.7033,-1,-1,-1
605,47,363.20,276.99,67.16,196.04,0.6851,-1,-1,-1
605,50,326.80,929.77,88.09,148.68,0.7468,-1,-1,-1
605,49,996.04,943.37,59.90,135.29,0.6214,-1,-1,-1
605,32,1181.39,895.91,76.62,184.12,0.5162,-1,-1,-1
605,33,1090.31,883.09,77.19,197.01,0.5588,-1,-1,-1
605,48,1646.87,227.93,68.99,179.63,0.5553,-1,-1,-1
606,22,261.76,997.35,70.41,82.66,0.6128,-1,-1,-1
606,4,1713.89,454.70,79.31,213.05,0.6995,-1,-1,-1
606,47,362.95,277.44,66.99,195.49,0.6935,-1,-1,-1
606,50,327.62,932.88,87.86,146.47,0.7544,-1,-1,-1
606,49,995.67,944.56,59.55,134.76,0.5915,-1,-1,-1
606,32,1181.72,898.17,75.75,181.86,0.5178,-1,-1,-1
606,33,1093.46,885.84,76.94,194.25,0.5627,-1,-1,-1
606,48,1646.17,228.04,68.24,178.13,0.5478,-1,-1,-1
606,52,1561.66,606.68,110.01,222.89,0.5028,-1,-1,-1
607,22,261.37,1000.07,69.61,79.93,0.6117,-1,-1,-1
607,4,1713.40,455.06,79.87,212.61,0.7107,-1,-1,-1
607,47,363.27,278.19,66.62,194.49,0.6974,-1,-1,-1
607,50,327.97,935.70,87.38,144.11,0.7348,-1,-1,-1
607,49,995.32,945.34,59.27,134.21,0.5981,-1,-1,-1
607,33,1097.38,887.44,76.97,192.64,0.5634,-1,-1,-1
607,48,1645.39,227.40,67.83,177.69,0.5484,-1,-1,-1
608,22,261.11,1002.27,69.33,77.73,0.6197,-1,-1,-1
608,4,1712.99,454.63,80.69,213.17,0.7104,-1,-1,-1
608,47,362.59,278.12,66.42,193.75,0.6765,-1,-1,-1
608,50,328.80,939.94,86.15,140.04,0.7450,-1,-1,-1
608,49,995.20,945.77,59.26,134.12,0.5930,-1,-1,-1
608,33,1100.69,889.38,76.60,190.69,0.5824,-1,-1,-1
608,48,1643.84,226.36,68.22,180.13,0.5322,-1,-1,-1
608,32,1183.26,899.42,75.13,180.85,0.5002,-1,-1,-1
609,22,261.41,1005.09,68.35,74.74,0.6135,-1,-1,-1
609,4,1713.30,454.48,80.83,212.59,0.7434,-1,-1,-1
609,47,362.40,277.70,66.46,193.98,0.6860,-1,-1,-1
609,50,328.48,942.74,84.70,135.12,0.7327,-1,-1,-1
609,49,994.67,946.57,59.15,133.44,0.6183,-1,-1,-1
609,33,1102.77,890.31,76.62,189.75,0.5874,-1,-1,-1
609,48,1641.27,223.81,69.74,185.04,0.5487,-1,-1,-1
609,32,1185.00,900.01,75.64,180.42,0.5185,-1,-1,-1
610,22,261.01,1008.22,66.61,71.17,0.5548,-1,-1,-1
610,4,1713.35,454.34,81.07,212.27,0.7385,-1,-1,-1
610,47,361.88,278.32,66.42,193.82,0.6984,-1,-1,-1
610,50,328.22,945.43,83.96,131.69,0.7272,-1,-1,-1
610,49,993.58,946.57,59.38,133.48,0.6246,-1,-1,-1
610,33,1103.82,890.65,76.86,189.40,0.5694,-1,-1,-1
610,48,1639.79,221.97,69.10,183.79,0.5339,-1,-1,-1
610,32,1185.28,900.34,76.00,180.13,0.5102,-1,-1,-1
611,22,260.47,1011.51,64.55,67.64,0.5000,-1,-1,-1
611,4,1712.81,454.54,81.71,212.96,0.7411,-1,-1,-1
611,47,361.48,279.95,66.33,193.04,0.7044,-1,-1,-1
611,50,326.26,948.15,84.59,130.82,0.7304,-1,-1,-1
611,49,992.60,946.40,59.69,133.66,0.6313,-1,-1,-1
611,33,1105.49,891.33,77.17,188.72,0.5769,-1,-1,-1
611,48,1638.55,219.18,68.94,184.07,0.5441,-1,-1,-1
611,32,1185.84,901.69,76.10,178.75,0.5078,-1,-1,-1
611,53,587.78,549.21,88.46,232.96,0.5637,-1,-1,-1
611,52,1564.37,595.73,113.04,229.58,0.5345,-1,-1,-1
612,4,1712.05,453.94,82.26,213.13,0.7544,-1,-1,-1
612,47,360.65,282.26,66.27,192.29,0.6710,-1,-1,-1
612,50,325.38,949.46,85.34,130.22,0.7591,-1,-1,-1
612,49,991.93,946.31,59.98,133.76,0.6087,-1,-1,-1
612,33,1107.44,892.49,76.93,187.55,0.5754,-1,-1,-1
612,48,1636.92,216.55,69.24,185.43,0.5590,-1,-1,-1
612,32,1185.18,903.64,76.16,176.76,0.5083,-1,-1,-1
612,53,585.02,548.53,89.14,234.27,0.6284,-1,-1,-1
613,4,1712.19,453.49,82.53,213.44,0.7486,-1,-1,-1
613,47,359.99,285.29,66.47,192.95,0.6754,-1,-1,-1
613,50,325.12,951.78,85.07,128.16,0.7302,-1,-1,-1
613,49,991.13,947.05,60.00,133.01,0.6227,-1,-1,-1
613,33,1108.48,893.61,76.81,186.43,0.5127,-1,-1,-1
613,48,1635.32,213.78,69.92,187.98,0.5704,-1,-1,-1
613,53,584.30,548.28,89.70,234.99,0.6566,-1,-1,-1
613,52,1563.45,604.42,110.03,223.93,0.5298,-1,-1,-1
614,4,1712.39,453.13,82.59,213.41,0.7400,-1,-1,-1
614,47,358.67,285.84,67.47,196.08,0.6760,-1,-1,-1
614,50,325.04,953.12,85.33,126.91,0.7285,-1,-1,-1
614,49,989.81,946.51,60.63,133.54,0.6450,-1,-1,-1
614,33,1110.48,896.26,76.45,183.77,0.5913,-1,-1,-1
614,48,1634.17,212.14,69.17,185.97,0.5782,-1,-1,-1
614,53,582.40,548.57,90.37,235.67,0.6421,-1,-1,-1
615,4,1712.25,452.52,83.06,214.74,0.7523,-1,-1,-1
615,47,357.42,286.68,67.89,197.39,0.6712,-1,-1,-1
615,50,324.97,955.67,84.67,124.38,0.7235,-1,-1,-1
615,49,988.72,946.25,61.02,133.80,0.6479,-1,-1,-1
615,33,1110.54,898.31,76.20,181.72,0.5788,-1,-1,-1
615,48,1632.51,210.39,68.95,185.14,0.5846,-1,-1,-1
615,53,581.21,548.41,90.70,235.50,0.6234,-1,-1,-1
616,4,1712.52,452.23,83.32,215.77,0.7282,-1,-1,-1
616,47,356.59,287.24,68.07,197.45,0.6786,-1,-1,-1
616,50,325.26,958.47,83.83,121.59,0.7304,-1,-1,-1
616,49,987.06,947.00,61.02,133.04,0.6756,-1,-1,-1
616,33,1112.70,900.97,75.94,179.06,0.6107,-1,-1,-1
616,48,1631.45,209.68,68.72,183.93,0.5463,-1,-1,-1
616,53,580.33,547.51,90.00,232.95,0.5548,-1,-1,-1
616,52,1561.90,605.41,110.31,224.22,0.5195,-1,-1,-1
617,4,1712.91,452.58,82.98,215.01,0.7014,-1,-1,-1
617,47,355.51,289.89,67.73,196.37,0.6572,-1,-1,-1
617,50,326.04,960.68,83.44,119.37,0.7207,-1,-1,-1
617,49,984.86,946.14,61.80,133.90,0.6921,-1,-1,-1
617,33,1113.10,902.94,75.68,177.08,0.6094,-1,-1,-1
617,48,1630.18,208.91,69.44,185.33,0.5325,-1,-1,-1
617,52,1560.99,602.36,111.84,227.17,0.5699,-1,-1,-1
618,4,1713.66,453.22,82.02,212.88,0.6878,-1,-1,-1
618,47,354.62,291.54,67.61,195.97,0.6649,-1,-1,-1
618,50,326.34,963.23,82.96,116.82,0.7010,-1,-1,-1
618,49,983.06,945.40,62.46,134.63,0.6971,-1,-1,-1
618,33,1114.12,906.46,74.61,173.56,0.6349,-1,-1,-1
618,53,568.17,542.09,89.43,234.82,0.5767,-1,-1,-1
619,4,1713.90,452.80,82.03,213.56,0.6913,-1,-1,-1
619,47,353.31,294.09,67.51,195.69,0.6102,-1,-1,-1
619,50,326.96,965.85,82.49,114.20,0.6981,-1,-1,-1
619,49,980.15,944.21,63.27,135.82,0.7036,-1,-1,-1
619,33,1115.22,910.35,73.57,169.66,0.6639,-1,-1,-1
619,53,564.05,540.92,88.72,236.69,0.6149,-1,-1,-1
619,32,1199.23,921.23,70.63,158.69,0.5310,-1,-1,-1
620,4,1714.38,453.10,81.50,212.59,0.6928,-1,-1,-1
620,47,352.60,294.78,67.70,196.90,0.5667,-1,-1,-1
620,50,328.25,968.63,81.73,110.97,0.6984,-1,-1,-1
620,49,977.36,943.70,63.77,136.32,0.6942,-1,-1,-1
620,33,1115.86,913.68,72.64,166.33,0.6598,-1,-1,-1
620,53,562.92,539.54,87.80,237.46,0.6439,-1,-1,-1
620,32,1198.77,922.37,72.24,157.62,0.5654,-1,-1,-1
621,4,1714.45,452.39,81.45,213.04,0.7084,-1,-1,-1
621,47,351.53,294.53,67.85,197.61,0.6335,-1,-1,-1
621,50,329.02,971.68,81.14,107.69,0.6487,-1,-1,-1
621,49,974.93,943.27,64.17,136.76,0.6659,-1,-1,-1
621,33,1115.62,916.00,71.97,163.99,0.6781,-1,-1,-1
621,53,560.86,538.31,86.46,237.84,0.6566,-1,-1,-1
622,4,1715.16,452.25,80.94,212.59,0.6977,-1,-1,-1
622,47,350.68,294.71,67.78,197.66,0.5798,-1,-1,-1
622,50,329.50,974.89,80.67,104.73,0.6335,-1,-1,-1
622,49,972.04,943.03,64.30,136.99,0.6660,-1,-1,-1
622,33,1115.57,917.70,71.32,162.07,0.6790,-1,-1,-1
622,53,556.40,537.25,84.66,238.35,0.7016,-1,-1,-1
623,4,1715.93,452.37,80.57,212.59,0.6935,-1,-1,-1
623,47,348.38,294.10,67.79,197.74,0.5878,-1,-1,-1
623,50,329.99,978.70,79.64,101.18,0.6840,-1,-1,-1
623,49,969.62,943.45,64.11,136.57,0.6761,-1,-1,-1
623,33,1116.90,919.04,71.13,160.43,0.6545,-1,-1,-1
623,53,551.89,537.51,83.73,241.65,0.6762,-1,-1,-1
624,4,1716.33,452.12,80.35,212.95,0.6891,-1,-1,-1
624,47,346.72,294.45,67.73,196.96,0.5785,-1,-1,-1
624,50,330.86,981.89,78.76,98.08,0.6977,-1,-1,-1
624,49,965.59,942.57,64.61,137.45,0.6751,-1,-1,-1
624,33,1117.24,920.42,71.20,159.39,0.6740,-1,-1,-1
624,53,549.61,537.15,82.11,242.35,0.6919,-1,-1,-1
625,4,1716.74,452.19,80.48,214.11,0.6915,-1,-1,-1
625,47,345.89,294.37,67.71,196.75,0.5616,-1,-1,-1
625,50,331.23,984.86,77.99,95.15,0.6973,-1,-1,-1
625,49,962.18,939.88,65.74,140.13,0.6794,-1,-1,-1
625,33,1118.06,922.12,71.05,157.82,0.6685,-1,-1,-1
625,53,546.22,537.33,80.56,242.36,0.7065,-1,-1,-1
625,32,1205.00,931.36,70.57,147.19,0.5396,-1,-1,-1
626,4,1717.15,451.97,80.16,213.98,0.6842,-1,-1,-1
626,47,344.31,294.70,67.80,196.69,0.6188,-1,-1,-1
626,50,331.79,987.86,77.28,92.16,0.6837,-1,-1,-1
626,49,958.73,938.64,66.26,141.37,0.6710,-1,-1,-1
626,33,1118.33,922.20,71.75,157.78,0.6546,-1,-1,-1
626,53,541.80,537.98,79.24,241.19,0.6980,-1,-1,-1
627,4,1717.50,452.81,79.82,213.56,0.6828,-1,-1,-1
627,47,343.67,295.46,67.72,195.98,0.6238,-1,-1,-1
627,50,333.22,990.85,76.55,89.17,0.6585,-1,-1,-1
627,49,956.82,937.56,66.43,142.45,0.6849,-1,-1,-1
627,33,1118.82,923.35,71.84,156.65,0.6883,-1,-1,-1
627,53,532.80,538.68,80.64,241.76,0.6546,-1,-1,-1
627,32,1203.36,933.61,73.15,145.22,0.6068,-1,-1,-1
628,4,1716.84,452.07,80.07,215.24,0.6621,-1,-1,-1
628,47,343.05,295.64,67.81,195.91,0.6479,-1,-1,-1
628,50,333.58,992.39,77.00,87.63,0.6304,-1,-1,-1
628,49,954.20,936.31,66.50,143.70,0.6828,-1,-1,-1
628,33,1119.22,924.40,72.27,155.61,0.6672,-1,-1,-1
628,53,523.97,538.57,82.88,241.33,0.7207,-1,-1,-1
628,32,1203.28,934.56,75.40,144.79,0.5781,-1,-1,-1
629,4,1717.16,451.70,79.94,215.75,0.6913,-1,-1,-1
629,47,342.77,296.46,67.74,195.54,0.6597,-1,-1,-1
629,50,333.67,994.83,76.76,85.18,0.6706,-1,-1,-1
629,49,951.75,934.97,66.59,145.04,0.6796,-1,-1,-1
629,33,1119.53,924.93,72.99,155.08,0.7073,-1,-1,-1
629,53,517.62,538.07,85.53,240.60,0.7400,-1,-1,-1
629,32,1203.05,935.97,77.71,143.94,0.6305,-1,-1,-1
630,4,1717.20,450.96,79.87,215.72,0.6904,-1,-1,-1
630,47,341.57,296.79,68.28,196.89,0.6676,-1,-1,-1
630,50,334.05,997.73,76.27,82.28,0.6843,-1,-1,-1
630,49,949.53,933.60,66.48,146.41,0.6849,-1,-1,-1
630,33,1120.22,926.28,73.53,153.73,0.7034,-1,-1,-1
630,53,512.93,537.84,87.94,239.26,0.7698,-1,-1,-1
630,32,1203.70,939.44,78.28,140.23,0.5785,-1,-1,-1
630,48,1625.83,200.74,69.65,186.31,0.5137,-1,-1,-1
631,4,1716.85,450.92,80.07,216.64,0.6824,-1,-1,-1
631,47,340.49,297.78,69.29,199.81,0.6773,-1,-1,-1
631,50,333.97,998.97,77.07,81.05,0.6658,-1,-1,-1
631,49,947.29,932.20,66.28,147.55,0.6879,-1,-1,-1
631,33,1121.30,927.74,74.21,152.27,0.6888,-1,-1,-1
631,53,510.80,539.00,89.96,237.34,0.7585,-1,-1,-1
631,32,1204.53,942.23,78.09,136.35,0.5439,-1,-1,-1
631,48,1626.52,199.69,68.74,183.72,0.5342,-1,-1,-1
632,4,1717.06,451.37,80.01,216.34,0.7065,-1,-1,-1
632,47,339.25,298.17,70.25,202.96,0.6922,-1,-1,-1
632,50,333.98,1001.32,77.00,78.69,0.6477,-1,-1,-1
632,49,945.29,930.79,66.28,149.12,0.7065,-1,-1,-1
632,33,1123.50,930.31,74.87,149.37,0.7012,-1,-1,-1
632,53,507.33,539.77,92.97,237.26,0.7760,-1,-1,-1
632,32,1204.54,944.19,78.06,133.53,0.5040,-1,-1,-1
632,48,1626.92,197.12,68.10,182.00,0.5563,-1,-1,-1
633,4,1717.40,451.15,79.91,216.14,0.7134,-1,-1,-1
633,47,338.55,299.03,70.48,204.29,0.6827,-1,-1,-1
633,50,334.19,1002.25,77.58,77.40,0.6305,-1,-1,-1
633,49,943.61,929.65,66.11,150.32,0.6643,-1,-1,-1
633,33,1125.64,933.51,75.47,145.77,0.6815,-1,-1,-1
633,53,504.60,540.00,95.41,236.95,0.7857,-1,-1,-1
633,48,1626.82,194.75,67.79,182.18,0.5706,-1,-1,-1
634,4,1717.23,450.38,79.93,215.96,0.7251,-1,-1,-1
634,47,338.07,299.93,70.56,205.16,0.7077,-1,-1,-1
634,50,334.63,1004.46,76.97,74.75,0.6331,-1,-1,-1
634,49,942.09,928.60,65.82,151.30,0.6844,-1,-1,-1
634,33,1126.21,937.49,75.96,141.71,0.7034,-1,-1,-1
634,53,503.30,540.04,97.75,236.84,0.7749,-1,-1,-1
634,48,1626.75,192.77,67.65,182.79,0.5690,-1,-1,-1
635,4,1717.08,450.52,79.84,215.40,0.7383,-1,-1,-1
635,47,337.77,301.99,70.29,205.37,0.7039,-1,-1,-1
635,50,335.17,1007.26,75.93,71.70,0.6349,-1,-1,-1
635,49,939.48,928.26,65.66,151.71,0.6760,-1,-1,-1
635,33,1126.05,940.11,77.34,139.44,0.6974,-1,-1,-1
635,53,501.69,538.83,100.45,238.29,0.7706,-1,-1,-1
635,48,1625.94,191.95,67.35,182.63,0.5665,-1,-1,-1
636,4,1716.94,450.85,80.06,215.60,0.7288,-1,-1,-1
636,47,337.66,305.17,69.92,204.69,0.7111,-1,-1,-1
636,50,335.75,1010.37,74.69,68.78,0.6310,-1,-1,-1
636,49,937.97,928.44,64.92,151.22,0.6554,-1,-1,-1
636,33,1125.83,943.02,78.46,136.83,0.6897,-1,-1,-1
636,53,500.54,538.80,101.62,237.81,0.7661,-1,-1,-1
636,48,1625.12,190.66,67.30,183.29,0.5488,-1,-1,-1
637,4,1716.84,450.68,80.38,216.29,0.7386,-1,-1,-1
637,47,337.99,307.27,69.62,204.29,0.7040,-1,-1,-1
637,50,336.68,1014.07,73.12,65.65,0.6051,-1,-1,-1
637,49,936.17,928.56,64.30,150.37,0.6502,-1,-1,-1
637,33,1126.54,946.48,79.36,133.47,0.6872,-1,-1,-1
637,53,500.59,538.79,102.34,236.96,0.7360,-1,-1,-1
637,48,1624.16,189.58,67.30,184.20,0.5964,-1,-1,-1
637,54,1493.48,959.49,99.66,119.38,0.5610,-1,-1,-1
638,4,1716.81,450.90,80.12,215.68,0.7214,-1,-1,-1
638,47,337.81,308.70,69.82,205.43,0.7074,-1,-1,-1
638,50,337.95,1018.96,69.85,60.96,0.5722,-1,-1,-1
638,49,934.83,928.77,63.94,150.42,0.6523,-1,-1,-1
638,33,1127.71,949.39,80.61,130.60,0.6372,-1,-1,-1
638,53,497.85,539.15,102.11,236.45,0.7293,-1,-1,-1
638,48,1623.76,190.25,66.51,182.97,0.5917,-1,-1,-1
638,54,1492.04,957.13,101.13,121.34,0.5613,-1,-1,-1
639,4,1716.85,451.58,80.16,215.92,0.7479,-1,-1,-1
639,47,337.64,309.83,69.76,205.88,0.7234,-1,-1,-1
639,50,339.27,1023.72,66.23,56.27,0.5290,-1,-1,-1
639,49,932.59,928.39,63.87,151.09,0.6439,-1,-1,-1
639,33,1130.33,951.56,82.64,128.44,0.5282,-1,-1,-1
639,53,496.20,539.72,101.13,235.83,0.7100,-1,-1,-1
639,48,1623.45,190.53,65.97,182.38,0.6118,-1,-1,-1
639,55,1419.22,978.87,75.69,101.13,0.5720,-1,-1,-1
640,4,1716.72,451.87,79.98,215.25,0.7387,-1,-1,-1
640,47,337.72,310.47,69.88,206.58,0.7183,-1,-1,-1
640,49,930.58,928.11,63.90,151.70,0.6263,-1,-1,-1
640,33,1129.65,954.09,83.47,125.92,0.5273,-1,-1,-1
640,53,493.93,539.78,99.80,236.05,0.7166,-1,-1,-1
640,48,1623.33,190.83,65.37,182.11,0.6058,-1,-1,-1
640,55,1415.92,977.74,76.56,102.26,0.5615,-1,-1,-1
641,4,1716.83,452.12,79.83,214.43,0.7378,-1,-1,-1
641,47,337.60,311.42,69.42,205.36,0.7134,-1,-1,-1
641,49,929.05,927.77,63.87,152.07,0.6147,-1,-1,-1
641,33,1127.62,956.31,83.38,123.70,0.6075,-1,-1,-1
641,53,491.76,539.53,98.08,236.13,0.7124,-1,-1,-1
641,48,1622.91,189.33,64.98,182.19,0.5626,-1,-1,-1
641,55,1412.49,975.55,78.17,104.45,0.5778,-1,-1,-1
641,54,1481.72,949.07,107.35,129.29,0.5458,-1,-1,-1
642,4,1716.59,452.51,79.87,214.41,0.7294,-1,-1,-1
642,47,337.80,311.67,69.28,204.95,0.7162,-1,-1,-1
642,49,926.43,927.56,63.87,152.39,0.6153,-1,-1,-1
642,33,1126.19,957.87,82.78,122.14,0.6291,-1,-1,-1
642,53,487.15,539.03,96.43,237.34,0.7326,-1,-1,-1
642,48,1622.99,189.87,63.81,180.38,0.5612,-1,-1,-1
642,55,1408.86,972.86,80.01,107.14,0.6042,-1,-1,-1
642,54,1478.66,946.69,108.60,131.75,0.5385,-1,-1,-1
642,32,1198.46,963.83,70.15,116.33,0.5282,-1,-1,-1
643,4,1716.27,453.64,79.68,213.48,0.7248,-1,-1,-1
643,47,337.97,312.55,68.97,203.88,0.6934,-1,-1,-1
643,49,924.74,927.38,63.51,151.89,0.6340,-1,-1,-1
643,33,1125.53,959.03,82.13,120.98,0.5928,-1,-1,-1
643,53,481.44,539.03,93.63,236.53,0.7055,-1,-1,-1
643,48,1621.91,189.66,63.89,182.30,0.5622,-1,-1,-1
643,55,1405.44,970.10,81.91,109.90,0.6171,-1,-1,-1
643,54,1475.38,944.61,108.98,133.40,0.6202,-1,-1,-1
644,4,1716.00,452.84,79.95,213.82,0.7200,-1,-1,-1
644,47,337.83,313.39,68.77,202.68,0.7101,-1,-1,-1
644,49,922.80,927.93,63.18,151.51,0.6790,-1,-1,-1
644,33,1125.33,960.18,81.78,119.82,0.5938,-1,-1,-1
644,53,474.31,539.26,91.27,237.24,0.7517,-1,-1,-1
644,48,1621.54,188.83,62.75,180.59,0.6121,-1,-1,-1
644,55,1401.31,966.54,84.31,113.46,0.6073,-1,-1,-1
644,54,1472.79,943.77,108.78,134.37,0.5813,-1,-1,-1
645,4,1716.22,452.89,80.06,213.85,0.7229,-1,-1,-1
645,47,338.05,314.69,68.33,200.73,0.6924,-1,-1,-1
645,49,921.16,928.44,62.87,150.85,0.6906,-1,-1,-1
645,53,467.95,539.72,89.55,238.12,0.7676,-1,-1,-1
645,48,1621.12,188.19,61.79,179.22,0.6223,-1,-1,-1
645,55,1397.28,963.56,86.09,116.44,0.6027,-1,-1,-1
645,54,1469.08,943.19,108.68,135.36,0.5267,-1,-1,-1
646,4,1716.21,453.81,80.07,213.34,0.7332,-1,-1,-1
646,47,337.85,316.92,67.93,198.66,0.7010,-1,-1,-1
646,49,919.28,928.33,62.85,150.82,0.6762,-1,-1,-1
646,53,463.26,539.04,88.54,239.05,0.7732,-1,-1,-1
646,48,1620.85,186.58,61.24,178.51,0.6405,-1,-1,-1
646,55,1392.30,959.67,88.59,120.33,0.6705,-1,-1,-1
646,33,1124.50,962.47,80.21,117.75,0.5773,-1,-1,-1
647,4,1716.23,453.33,80.44,213.88,0.7302,-1,-1,-1
647,47,337.13,319.61,67.67,197.29,0.7115,-1,-1,-1
647,49,916.06,928.49,62.96,150.23,0.6718,-1,-1,-1
647,53,460.45,538.54,87.51,239.43,0.7619,-1,-1,-1
647,48,1620.45,184.47,61.62,180.61,0.6471,-1,-1,-1
647,55,1387.77,955.49,91.25,124.27,0.7061,-1,-1,-1
647,33,1123.82,963.42,79.12,116.95,0.5147,-1,-1,-1
647,54,1460.66,940.02,110.38,139.45,0.5775,-1,-1,-1
648,4,1716.55,453.17,80.20,213.05,0.7300,-1,-1,-1
648,47,336.52,320.52,67.88,197.78,0.7189,-1,-1,-1
648,49,913.66,929.11,63.30,149.51,0.6892,-1,-1,-1
648,53,457.55,537.98,86.77,239.60,0.7499,-1,-1,-1
648,48,1620.15,182.77,60.59,177.68,0.6567,-1,-1,-1
648,55,1384.42,952.07,93.16,127.33,0.7037,-1,-1,-1
648,33,1124.55,965.33,77.83,115.07,0.5521,-1,-1,-1
648,54,1458.19,938.09,109.59,140.63,0.6301,-1,-1,-1
649,4,1717.43,453.57,80.51,213.21,0.7300,-1,-1,-1
649,47,335.24,321.41,68.43,199.55,0.7241,-1,-1,-1
649,49,910.30,929.46,63.88,149.17,0.7042,-1,-1,-1
649,53,455.71,538.49,85.70,238.31,0.7665,-1,-1,-1
649,48,1619.26,181.44,60.76,178.14,0.6595,-1,-1,-1
649,55,1380.96,950.31,93.66,128.53,0.6953,-1,-1,-1
649,33,1125.81,967.59,76.78,112.79,0.5285,-1,-1,-1
649,54,1454.33,934.35,110.20,143.35,0.6274,-1,-1,-1
650,4,1717.38,453.44,80.34,212.91,0.7358,-1,-1,-1
650,47,333.97,322.53,69.28,202.97,0.7115,-1,-1,-1
650,49,907.79,931.03,63.95,147.54,0.7192,-1,-1,-1
650,53,453.10,537.35,85.54,238.80,0.7775,-1,-1,-1
650,48,1618.66,180.12,61.13,178.95,0.6244,-1,-1,-1
650,55,1375.73,947.47,94.88,131.09,0.7016,-1,-1,-1
650,54,1449.04,930.49,111.62,147.22,0.6492,-1,-1,-1
651,4,1717.49,453.70,80.21,212.53,0.7262,-1,-1,-1
651,47,332.96,323.30,69.59,204.61,0.7222,-1,-1,-1
651,49,905.47,931.24,64.68,147.64,0.7264,-1,-1,-1
651,53,451.82,537.17,85.20,238.66,0.7802,-1,-1,-1
651,48,1618.15,177.92,61.23,178.31,0.6217,-1,-1,-1
651,55,1369.77,945.59,95.83,133.07,0.6956,-1,-1,-1
651,54,1446.57,927.76,112.46,150.91,0.6642,-1,-1,-1
651,33,1127.08,972.03,74.45,108.39,0.5221,-1,-1,-1
652,4,1717.15,453.79,80.06,212.41,0.7171,-1,-1,-1
652,47,332.17,325.23,69.50,205.26,0.7090,-1,-1,-1
652,49,903.19,931.01,65.11,147.23,0.6997,-1,-1,-1
652,53,450.77,536.76,85.06,238.61,0.7725,-1,-1,-1
652,48,1617.56,175.40,61.58,178.58,0.6510,-1,-1,-1
652,55,1365.79,943.60,96.83,135.07,0.6665,-1,-1,-1
652,54,1444.32,924.36,112.63,154.04,0.6132,-1,-1,-1
653,4,1717.63,453.24,80.12,212.94,0.7314,-1,-1,-1
653,47,331.77,326.96,69.17,205.52,0.7245,-1,-1,-1
653,49,900.86,931.55,65.05,146.24,0.6970,-1,-1,-1
653,53,450.00,536.56,85.06,238.33,0.7784,-1,-1,-1
653,48,1617.64,174.62,61.25,176.21,0.6819,-1,-1,-1
653,55,1362.38,941.59,97.57,136.75,0.7052,-1,-1,-1
653,54,1439.94,918.89,114.61,160.00,0.6484,-1,-1,-1
653,32,1199.29,988.80,59.53,90.44,0.5711,-1,-1,-1
653,33,1126.23,979.16,69.96,101.04,0.5599,-1,-1,-1
654,4,1718.18,452.88,79.97,212.83,0.7316,-1,-1,-1
654,47,331.49,328.62,68.81,206.11,0.7105,-1,-1,-1
654,49,898.89,932.23,64.72,145.49,0.6881,-1,-1,-1
654,53,450.65,536.32,85.03,238.48,0.7813,-1,-1,-1
654,48,1617.19,173.68,61.99,176.88,0.6421,-1,-1,-1
654,55,1358.58,939.88,97.56,137.45,0.6924,-1,-1,-1
654,54,1437.31,915.34,114.90,163.81,0.6315,-1,-1,-1
654,56,806.68,145.33,57.85,173.70,0.5031,-1,-1,-1
654,32,1201.23,991.33,59.98,87.11,0.5471,-1,-1,-1
654,33,1124.93,982.46,67.67,97.39,0.5158,-1,-1,-1
655,4,1718.03,452.65,80.01,213.21,0.7276,-1,-1,-1
655,47,331.07,330.31,68.09,205.27,0.6950,-1,-1,-1
655,49,895.95,932.28,64.73,145.28,0.6859,-1,-1,-1
655,53,450.75,536.17,84.81,238.59,0.7840,-1,-1,-1
655,48,1616.39,169.43,63.78,180.82,0.5920,-1,-1,-1
655,55,1356.08,938.14,98.18,139.21,0.6731,-1,-1,-1
655,54,1434.84,914.58,113.56,165.02,0.6456,-1,-1,-1
655,32,1203.82,993.64,59.99,84.51,0.5788,-1,-1,-1
655,33,1127.06,985.59,66.85,94.13,0.5832,-1,-1,-1
656,4,1718.00,452.27,80.07,213.89,0.7408,-1,-1,-1
656,47,330.29,331.62,68.02,206.02,0.6912,-1,-1,-1
656,49,892.90,932.45,64.80,144.93,0.7028,-1,-1,-1
656,53,451.39,535.15,84.60,239.40,0.7881,-1,-1,-1
656,48,1615.98,167.12,64.47,181.32,0.5936,-1,-1,-1
656,55,1354.25,935.91,98.97,141.45,0.6797,-1,-1,-1
656,54,1431.20,911.56,113.75,168.11,0.6134,-1,-1,-1
656,32,1204.86,995.26,60.71,83.11,0.5795,-1,-1,-1
656,33,1126.44,988.05,65.43,90.92,0.5592,-1,-1,-1
657,4,1718.16,452.15,80.02,213.91,0.7387,-1,-1,-1
657,47,329.08,332.96,67.76,205.99,0.6783,-1,-1,-1
657,49,889.51,932.11,65.40,145.60,0.6986,-1,-1,-1
657,53,451.73,535.04,84.10,239.62,0.7761,-1,-1,-1
657,48,1615.84,167.77,64.37,178.77,0.6008,-1,-1,-1
657,55,1353.13,933.15,100.07,144.54,0.6722,-1,-1,-1
657,54,1426.88,908.23,113.96,170.93,0.6414,-1,-1,-1
657,32,1203.81,996.67,61.87,81.89,0.5637,-1,-1,-1
657,33,1124.29,989.87,64.19,88.71,0.5343,-1,-1,-1
658,4,1718.09,451.98,80.06,214.69,0.7164,-1,-1,-1
658,47,327.71,333.78,67.49,205.78,0.6805,-1,-1,-1
658,49,886.92,932.42,65.79,145.71,0.7055,-1,-1,-1
658,53,450.74,534.07,83.88,240.54,0.7578,-1,-1,-1
658,48,1615.40,167.49,64.69,177.02,0.5999,-1,-1,-1
658,55,1349.95,929.69,101.14,147.64,0.6750,-1,-1,-1
658,54,1423.69,906.01,113.40,172.77,0.6657,-1,-1,-1
658,32,1202.97,998.16,63.24,80.67,0.5983,-1,-1,-1
658,33,1122.54,990.52,64.40,87.87,0.5450,-1,-1,-1
659,4,1718.08,452.15,80.05,214.67,0.7405,-1,-1,-1
659,47,325.66,333.20,67.81,206.40,0.7248,-1,-1,-1
659,49,884.13,932.66,65.83,145.23,0.7052,-1,-1,-1
659,53,449.70,531.81,83.82,241.72,0.7662,-1,-1,-1
659,48,1615.44,167.11,65.45,176.50,0.6066,-1,-1,-1
659,55,1347.01,926.84,102.02,150.57,0.6723,-1,-1,-1
659,54,1421.40,904.90,112.08,173.25,0.6155,-1,-1,-1
659,32,1202.90,999.52,65.05,80.15,0.6217,-1,-1,-1
659,33,1123.11,991.71,65.14,86.92,0.6017,-1,-1,-1
660,4,1717.78,451.88,79.92,214.59,0.7281,-1,-1,-1
660,47,323.87,333.45,67.82,205.87,0.7227,-1,-1,-1
660,49,881.47,932.29,65.99,145.30,0.6978,-1,-1,-1
660,53,447.34,530.63,82.82,240.56,0.7579,-1,-1,-1
660,48,1615.83,166.51,66.66,177.89,0.6504,-1,-1,-1
660,55,1344.66,923.62,102.54,152.99,0.6752,-1,-1,-1
660,54,1419.91,902.84,111.93,175.07,0.6228,-1,-1,-1
660,32,1202.86,1001.83,65.87,78.13,0.6206,-1,-1,-1
660,33,1121.94,993.43,65.34,85.25,0.6365,-1,-1,-1
661,4,1718.18,451.89,79.60,213.61,0.7519,-1,-1,-1
661,47,322.59,333.83,67.67,204.81,0.6933,-1,-1,-1
661,49,878.59,931.45,66.58,146.97,0.6722,-1,-1,-1
661,53,443.36,530.51,81.25,239.67,0.7663,-1,-1,-1
661,48,1617.21,166.44,66.72,175.88,0.6517,-1,-1,-1
661,55,1342.08,920.81,102.78,155.38,0.6756,-1,-1,-1
661,54,1418.72,901.01,111.59,176.55,0.6329,-1,-1,-1
661,32,1202.56,1004.75,66.22,75.31,0.5822,-1,-1,-1
661,33,1118.00,994.10,65.86,84.75,0.5997,-1,-1,-1
662,4,1718.08,451.76,79.66,213.67,0.7496,-1,-1,-1
662,47,321.51,333.95,67.76,204.61,0.7002,-1,-1,-1
662,49,875.37,930.28,67.10,148.71,0.6624,-1,-1,-1
662,53,439.07,530.16,80.31,240.02,0.7829,-1,-1,-1
662,48,1617.39,165.84,67.47,175.72,0.6382,-1,-1,-1
662,55,1337.86,916.33,103.93,159.93,0.6168,-1,-1,-1
662,32,1202.46,1005.74,67.40,73.98,0.5335,-1,-1,-1
662,33,1116.45,996.01,65.42,82.85,0.6012,-1,-1,-1
663,4,1718.67,452.29,79.66,212.97,0.7377,-1,-1,-1
663,47,321.02,334.26,67.68,204.14,0.7130,-1,-1,-1
663,49,872.96,929.65,66.91,149.21,0.6632,-1,-1,-1
663,53,434.67,529.30,79.08,239.59,0.8057,-1,-1,-1
663,48,1618.45,164.90,67.84,175.16,0.6153,-1,-1,-1
663,55,1333.37,911.64,105.64,165.69,0.6731,-1,-1,-1
663,32,1202.23,1007.77,67.31,71.53,0.5120,-1,-1,-1
663,33,1113.37,997.67,64.44,81.11,0.5350,-1,-1,-1
663,54,1414.04,896.33,113.60,182.76,0.6283,-1,-1,-1
664,4,1718.80,452.57,80.05,213.36,0.7252,-1,-1,-1
664,47,320.53,335.09,67.42,203.17,0.7015,-1,-1,-1
664,49,870.87,929.54,66.46,148.67,0.6802,-1,-1,-1
664,53,430.01,528.19,78.30,240.71,0.7957,-1,-1,-1
664,48,1618.64,163.91,69.34,178.04,0.6268,-1,-1,-1
664,55,1330.27,907.80,106.42,170.41,0.6328,-1,-1,-1
664,33,1110.89,1000.18,62.85,78.77,0.5255,-1,-1,-1
664,54,1412.01,893.40,113.35,185.98,0.6074,-1,-1,-1
665,4,1718.98,452.44,80.19,213.24,0.7288,-1,-1,-1
665,47,318.82,335.04,67.65,203.14,0.6931,-1,-1,-1
665,49,868.45,930.27,66.30,148.47,0.6747,-1,-1,-1
665,53,425.19,526.78,77.51,243.11,0.7424,-1,-1,-1
665,48,1618.71,162.50,71.00,182.13,0.5983,-1,-1,-1
665,55,1327.02,904.36,106.13,173.94,0.6500,-1,-1,-1
665,33,1111.48,1001.88,63.43,77.65,0.5655,-1,-1,-1
665,54,1408.73,887.42,115.05,192.08,0.6325,-1,-1,-1
666,4,1718.58,452.17,80.56,213.97,0.7037,-1,-1,-1
666,47,316.17,335.64,68.38,203.66,0.6713,-1,-1,-1
666,49,866.66,930.17,66.19,148.28,0.6917,-1,-1,-1
666,53,421.71,526.49,76.98,246.16,0.7489,-1,-1,-1
666,48,1619.27,161.12,71.41,182.99,0.6059,-1,-1,-1
666,55,1323.47,902.42,104.91,175.78,0.6548,-1,-1,-1
666,33,1111.62,1004.47,62.93,74.86,0.5717,-1,-1,-1
666,54,1406.16,883.47,115.84,196.09,0.6420,-1,-1,-1
667,4,1718.12,452.61,80.84,214.11,0.6936,-1,-1,-1
667,47,313.37,337.76,69.41,203.50,0.7022,-1,-1,-1
667,49,864.36,929.95,66.26,148.41,0.6827,-1,-1,-1
667,53,419.26,526.18,76.08,247.69,0.7494,-1,-1,-1
667,48,1620.02,159.66,71.78,183.96,0.6140,-1,-1,-1
667,55,1320.45,899.72,104.47,179.07,0.6582,-1,-1,-1
667,33,1109.04,1006.97,61.30,71.70,0.5468,-1,-1,-1
667,54,1401.41,880.65,115.68,198.96,0.6887,-1,-1,-1
667,32,1199.80,1016.89,60.62,63.34,0.5358,-1,-1,-1
668,4,1718.26,452.66,81.12,214.09,0.7211,-1,-1,-1
668,47,312.75,340.61,70.23,204.02,0.6965,-1,-1,-1
668,49,862.27,929.66,66.34,148.56,0.6842,-1,-1,-1
668,53,417.36,526.54,74.59,246.26,0.7642,-1,-1,-1
668,48,1621.76,157.26,71.59,183.30,0.5986,-1,-1,-1
668,55,1319.43,898.36,103.13,180.45,0.6540,-1,-1,-1
668,33,1108.85,1009.64,59.53,68.25,0.5577,-1,-1,-1
668,54,1398.25,877.21,115.81,202.45,0.6790,-1,-1,-1
668,32,1198.64,1019.71,58.44,60.30,0.5497,-1,-1,-1
669,4,1718.34,452.02,81.69,215.38,0.6930,-1,-1,-1
669,47,312.98,344.30,70.69,203.99,0.7222,-1,-1,-1
669,49,859.88,930.02,66.40,148.43,0.6618,-1,-1,-1
669,53,414.57,526.89,74.19,246.49,0.7522,-1,-1,-1
669,48,1622.61,154.23,72.01,184.28,0.6092,-1,-1,-1
669,55,1318.49,897.36,101.50,181.35,0.6975,-1,-1,-1
669,54,1396.03,874.78,115.38,204.92,0.7231,-1,-1,-1
670,4,1718.18,452.13,81.84,214.99,0.7121,-1,-1,-1
670,47,312.54,346.27,71.31,205.19,0.7317,-1,-1,-1
670,49,857.86,929.65,66.78,149.03,0.6724,-1,-1,-1
670,53,410.73,527.41,74.18,245.72,0.7736,-1,-1,-1
670,48,1623.80,153.10,71.95,184.15,0.6214,-1,-1,-1
670,55,1316.69,895.99,100.27,182.86,0.7181,-1,-1,-1
670,54,1394.26,871.40,115.84,208.33,0.6869,-1,-1,-1
671,4,1718.19,452.54,82.03,214.55,0.7191,-1,-1,-1
671,47,311.79,347.69,72.23,207.60,0.7608,-1,-1,-1
671,49,856.09,929.95,66.78,148.68,0.6828,-1,-1,-1
671,53,407.36,527.39,74.60,245.68,0.7843,-1,-1,-1
671,48,1624.94,152.04,71.32,182.71,0.6195,-1,-1,-1
671,55,1314.76,894.95,98.77,184.00,0.7093,-1,-1,-1
671,54,1392.52,867.12,116.45,212.48,0.6959,-1,-1,-1
671,33,1105.22,1019.48,51.25,58.34,0.5073,-1,-1,-1
672,4,1717.94,451.97,82.35,214.76,0.7041,-1,-1,-1
672,47,311.57,348.84,72.25,207.70,0.7650,-1,-1,-1
672,49,854.47,929.31,66.99,149.11,0.6779,-1,-1,-1
672,53,405.16,528.29,74.87,244.48,0.7850,-1,-1,-1
672,48,1626.75,154.73,69.16,177.15,0.5869,-1,-1,-1
672,55,1311.59,894.04,97.94,185.44,0.7340,-1,-1,-1
672,54,1391.64,862.64,117.09,217.07,0.7246,-1,-1,-1
673,4,1717.98,452.49,82.73,214.80,0.7261,-1,-1,-1
673,47,311.38,350.76,72.25,207.92,0.7739,-1,-1,-1
673,49,853.11,929.56,67.03,149.41,0.6823,-1,-1,-1
673,53,403.50,529.87,75.33,243.50,0.7856,-1,-1,-1
673,48,1627.29,155.59,68.61,175.90,0.5827,-1,-1,-1
673,55,1308.83,891.97,97.61,187.89,0.7126,-1,-1,-1
673,54,1391.36,860.89,115.81,218.87,0.6946,-1,-1,-1
674,4,1717.89,452.52,83.31,215.02,0.7271,-1,-1,-1
674,47,310.96,351.81,72.53,208.79,0.7630,-1,-1,-1
674,49,850.66,929.20,67.23,150.31,0.6870,-1,-1,-1
674,53,401.39,530.33,76.23,243.57,0.7802,-1,-1,-1
674,48,1627.86,156.02,67.84,173.99,0.5283,-1,-1,-1
674,55,1305.46,889.13,97.55,190.82,0.7251,-1,-1,-1
674,54,1389.46,859.04,114.49,220.77,0.5804,-1,-1,-1
675,4,1717.87,452.50,83.41,214.03,0.7088,-1,-1,-1
675,47,311.16,353.04,72.79,209.88,0.7547,-1,-1,-1
675,49,849.32,930.05,66.63,149.82,0.6792,-1,-1,-1
675,53,398.80,529.27,77.76,244.92,0.7812,-1,-1,-1
675,48,1627.63,155.99,67.79,174.08,0.5498,-1,-1,-1
675,55,1300.51,886.34,97.56,193.32,0.7486,-1,-1,-1
675,54,1389.43,860.74,113.13,219.10,0.5470,-1,-1,-1
676,4,1718.09,453.02,83.39,213.10,0.7210,-1,-1,-1
676,47,311.15,355.00,72.45,209.38,0.7454,-1,-1,-1
676,49,847.49,930.49,66.04,149.51,0.6678,-1,-1,-1
676,53,396.25,530.31,78.98,244.41,0.7890,-1,-1,-1
676,48,1626.66,155.11,69.13,178.53,0.5772,-1,-1,-1
676,55,1296.13,883.36,97.76,196.55,0.7680,-1,-1,-1
676,54,1381.40,860.99,112.48,218.87,0.6201,-1,-1,-1
677,4,1717.84,453.14,83.79,213.21,0.7146,-1,-1,-1
677,47,311.20,355.59,72.45,209.41,0.7470,-1,-1,-1
677,49,846.17,930.44,65.68,149.49,0.6736,-1,-1,-1
677,53,392.20,530.73,80.73,244.39,0.7918,-1,-1,-1
677,48,1626.31,155.93,67.92,175.82,0.5569,-1,-1,-1
677,55,1293.15,879.71,97.81,199.41,0.7790,-1,-1,-1
677,54,1373.06,859.44,112.62,220.44,0.6728,-1,-1,-1
678,4,1717.73,453.28,84.19,213.42,0.6945,-1,-1,-1
678,47,311.23,356.68,72.33,209.23,0.7369,-1,-1,-1
678,49,844.94,929.58,65.68,150.15,0.6766,-1,-1,-1
678,53,388.37,531.32,82.72,243.83,0.7888,-1,-1,-1
678,48,1625.57,156.32,67.25,174.05,0.5405,-1,-1,-1
678,55,1287.66,876.72,98.36,202.98,0.7790,-1,-1,-1
678,54,1368.53,859.12,112.31,220.77,0.6415,-1,-1,-1
679,4,1717.13,452.69,84.22,212.96,0.6947,-1,-1,-1
679,47,310.95,356.43,72.19,209.73,0.7147,-1,-1,-1
679,49,843.69,927.80,66.44,152.14,0.6984,-1,-1,-1
679,53,383.83,531.38,85.14,243.90,0.7829,-1,-1,-1
679,48,1625.07,156.54,67.04,173.58,0.5725,-1,-1,-1
679,55,1283.31,873.95,98.85,205.97,0.7926,-1,-1,-1
679,54,1366.41,857.94,112.05,221.97,0.6364,-1,-1,-1
680,4,1717.31,453.03,84.69,213.36,0.7332,-1,-1,-1
680,47,310.77,356.91,71.81,208.56,0.7214,-1,-1,-1
680,49,842.62,927.45,66.36,152.56,0.7235,-1,-1,-1
680,53,379.32,530.76,87.79,244.61,0.7842,-1,-1,-1
680,48,1624.70,155.51,66.75,172.88,0.5885,-1,-1,-1
680,55,1279.86,871.08,99.16,208.92,0.7654,-1,-1,-1
680,54,1363.09,857.00,111.42,222.92,0.6466,-1,-1,-1
681,4,1717.67,453.26,84.83,213.28,0.7224,-1,-1,-1
681,47,311.19,357.13,71.42,207.56,0.7005,-1,-1,-1
681,49,841.77,926.17,66.90,153.46,0.7214,-1,-1,-1
681,53,373.74,530.64,90.76,244.79,0.8075,-1,-1,-1
681,48,1623.84,156.36,66.37,171.97,0.6201,-1,-1,-1
681,55,1275.43,868.35,99.28,211.23,0.7400,-1,-1,-1
681,54,1361.21,854.52,110.98,225.40,0.6771,-1,-1,-1
682,4,1717.27,453.33,85.08,213.53,0.7354,-1,-1,-1
682,47,310.74,357.94,71.40,207.15,0.7168,-1,-1,-1
682,49,840.09,924.67,67.83,154.85,0.7307,-1,-1,-1
682,53,370.58,530.59,93.37,244.33,0.8010,-1,-1,-1
682,48,1623.30,155.56,66.84,173.38,0.5939,-1,-1,-1
682,55,1272.30,865.49,99.66,214.10,0.7595,-1,-1,-1
682,54,1360.30,851.16,110.49,228.77,0.7170,-1,-1,-1
683,4,1717.47,453.79,85.09,213.18,0.7296,-1,-1,-1
683,47,310.33,357.61,71.38,207.27,0.7243,-1,-1,-1
683,49,838.47,924.14,68.54,155.35,0.7290,-1,-1,-1
683,53,366.64,530.40,96.32,244.81,0.7991,-1,-1,-1
683,48,1621.44,155.31,67.50,175.71,0.5770,-1,-1,-1
683,55,1268.69,863.53,99.93,215.99,0.7655,-1,-1,-1
683,54,1357.28,846.22,110.76,233.72,0.7204,-1,-1,-1
684,4,1716.64,453.45,85.39,213.82,0.7205,-1,-1,-1
684,47,309.77,357.87,71.18,207.00,0.7256,-1,-1,-1
684,49,836.71,923.45,69.46,156.08,0.7274,-1,-1,-1
684,53,363.33,528.55,99.24,246.66,0.7919,-1,-1,-1
684,48,1619.66,155.28,67.77,177.33,0.5948,-1,-1,-1
684,55,1265.04,861.53,99.90,216.80,0.7917,-1,-1,-1
684,54,1352.33,841.38,111.21,238.56,0.7312,-1,-1,-1
685,4,1715.88,452.87,85.50,214.22,0.7321,-1,-1,-1
685,47,309.48,359.26,70.95,206.69,0.7166,-1,-1,-1
685,49,834.26,923.39,70.41,156.09,0.7385,-1,-1,-1
685,53,360.63,527.83,101.67,248.10,0.7988,-1,-1,-1
685,48,1618.21,154.24,68.48,180.66,0.5787,-1,-1,-1
685,55,1262.61,859.73,99.62,217.77,0.7938,-1,-1,-1
685,54,1349.37,838.30,110.66,241.65,0.7493,-1,-1,-1
686,4,1715.70,452.02,85.78,214.79,0.7436,-1,-1,-1
686,47,308.55,362.15,70.67,206.65,0.7138,-1,-1,-1
686,49,832.78,922.51,71.52,156.42,0.7459,-1,-1,-1
686,53,358.41,528.41,103.01,248.00,0.8008,-1,-1,-1
686,48,1617.29,152.39,68.45,181.60,0.5285,-1,-1,-1
686,55,1260.52,857.61,100.12,220.30,0.7990,-1,-1,-1
686,54,1346.98,834.50,110.31,245.22,0.7473,-1,-1,-1
687,4,1715.99,451.94,85.68,214.32,0.7522,-1,-1,-1
687,47,308.30,365.40,70.33,206.81,0.7049,-1,-1,-1
687,49,831.47,922.59,72.41,156.36,0.7347,-1,-1,-1
687,53,355.72,528.95,103.69,248.32,0.7980,-1,-1,-1
687,48,1615.94,150.55,68.21,182.18,0.5445,-1,-1,-1
687,55,1257.49,855.92,100.47,223.32,0.7733,-1,-1,-1
687,54,1343.77,830.77,109.95,248.78,0.7660,-1,-1,-1
688,4,1716.26,452.62,85.91,214.28,0.7611,-1,-1,-1
688,47,308.18,368.15,69.92,206.96,0.7048,-1,-1,-1
688,49,829.67,922.94,73.31,155.94,0.7342,-1,-1,-1
688,53,353.98,528.82,104.09,249.07,0.8145,-1,-1,-1
688,48,1614.45,148.10,66.52,177.99,0.5620,-1,-1,-1
688,55,1255.23,853.57,100.43,226.18,0.7828,-1,-1,-1
688,54,1340.21,829.70,108.76,250.11,0.7935,-1,-1,-1
689,4,1715.50,452.07,86.12,214.86,0.7512,-1,-1,-1
689,47,308.09,369.56,69.19,206.46,0.7069,-1,-1,-1
689,49,827.88,923.57,74.16,155.33,0.7300,-1,-1,-1
689,53,354.20,529.35,103.73,248.80,0.8144,-1,-1,-1
689,48,1613.68,145.57,66.34,177.82,0.5713,-1,-1,-1
689,55,1252.75,851.11,100.14,228.83,0.7728,-1,-1,-1
689,54,1337.67,827.36,108.36,252.55,0.7898,-1,-1,-1
690,4,1715.74,451.32,86.76,216.38,0.7242,-1,-1,-1
690,47,307.54,372.04,68.81,207.23,0.6977,-1,-1,-1
690,49,827.36,924.94,74.55,153.53,0.7442,-1,-1,-1
690,53,354.57,529.24,103.39,249.86,0.8186,-1,-1,-1
690,48,1612.41,143.80,66.42,178.25,0.5981,-1,-1,-1
690,55,1251.13,848.35,99.98,231.66,0.7244,-1,-1,-1
690,54,1333.62,824.43,108.02,255.52,0.7714,-1,-1,-1
691,4,1716.00,451.75,86.93,216.66,0.7420,-1,-1,-1
691,47,307.20,374.65,68.43,207.61,0.7123,-1,-1,-1
691,49,827.20,925.74,74.97,152.26,0.7384,-1,-1,-1
691,53,356.97,530.76,101.83,249.42,0.8249,-1,-1,-1
691,48,1610.46,141.93,66.47,178.77,0.6323,-1,-1,-1
691,55,1249.65,845.49,99.37,233.67,0.7877,-1,-1,-1
691,54,1330.16,823.14,107.54,256.83,0.7799,-1,-1,-1
692,4,1716.47,452.41,86.58,215.54,0.7367,-1,-1,-1
692,47,306.32,375.05,68.77,210.28,0.7244,-1,-1,-1
692,49,827.13,927.47,74.67,149.61,0.7439,-1,-1,-1
692,53,359.91,532.89,100.08,249.23,0.8117,-1,-1,-1
692,48,1608.98,140.63,66.59,179.22,0.6501,-1,-1,-1
692,55,1248.18,842.19,98.75,236.11,0.7949,-1,-1,-1
692,54,1327.00,822.36,106.77,257.62,0.7622,-1,-1,-1
693,4,1716.13,451.62,86.80,216.21,0.7273,-1,-1,-1
693,47,305.02,374.86,69.21,213.39,0.7135,-1,-1,-1
693,49,827.05,928.00,75.14,148.88,0.7416,-1,-1,-1
693,53,362.66,534.07,98.40,250.22,0.8112,-1,-1,-1
693,48,1607.98,138.79,66.41,178.91,0.6570,-1,-1,-1
693,55,1245.65,838.76,98.79,240.51,0.8201,-1,-1,-1
693,54,1323.82,820.62,106.20,259.36,0.7656,-1,-1,-1
694,4,1715.91,451.58,87.09,216.92,0.7418,-1,-1,-1
694,47,303.94,375.12,69.32,215.12,0.7027,-1,-1,-1
694,49,827.04,928.51,75.82,148.28,0.7642,-1,-1,-1
694,53,365.98,534.82,96.05,249.80,0.8163,-1,-1,-1
694,48,1606.57,136.35,66.48,179.18,0.6390,-1,-1,-1
694,55,1243.64,835.23,98.28,243.77,0.8163,-1,-1,-1
694,54,1321.57,819.01,105.64,260.98,0.7709,-1,-1,-1
695,4,1716.60,452.13,86.66,215.91,0.7253,-1,-1,-1
695,47,303.54,375.08,69.03,215.42,0.6669,-1,-1,-1
695,49,827.03,930.07,76.22,147.09,0.7505,-1,-1,-1
695,53,368.44,535.18,93.86,249.98,0.8111,-1,-1,-1
695,48,1605.97,135.37,66.31,178.94,0.6304,-1,-1,-1
695,55,1241.34,831.70,97.71,246.70,0.7898,-1,-1,-1
695,54,1320.66,817.60,104.90,262.30,0.7505,-1,-1,-1
695,63,481.39,142.65,56.73,176.68,0.5267,-1,-1,-1
696,4,1717.04,452.13,86.38,215.14,0.7146,-1,-1,-1
696,47,302.62,375.31,68.84,215.03,0.6333,-1,-1,-1
696,49,827.16,931.19,76.80,146.59,0.7368,-1,-1,-1
696,53,370.14,535.44,91.77,250.68,0.8032,-1,-1,-1
696,48,1604.90,134.58,66.50,179.67,0.6069,-1,-1,-1
696,55,1237.84,829.63,96.80,248.33,0.7861,-1,-1,-1
696,54,1319.15,815.50,104.50,264.46,0.7582,-1,-1,-1
696,63,482.45,146.70,55.59,172.99,0.5444,-1,-1,-1
697,4,1716.92,452.42,86.39,214.90,0.7071,-1,-1,-1
697,47,300.98,375.83,69.04,214.96,0.6338,-1,-1,-1
697,49,827.81,932.44,77.01,145.65,0.7474,-1,-1,-1
697,53,371.77,536.35,89.45,250.28,0.7921,-1,-1,-1
697,48,1603.36,134.70,66.33,178.66,0.5440,-1,-1,-1
697,55,1235.20,828.05,96.02,250.03,0.7670,-1,-1,-1
697,54,1316.65,812.67,104.60,267.31,0.7815,-1,-1,-1
697,63,482.14,149.25,55.29,171.72,0.5389,-1,-1,-1
698,4,1717.20,452.49,86.25,214.66,0.7369,-1,-1,-1
698,47,300.26,376.32,69.17,214.52,0.6217,-1,-1,-1
698,49,828.38,932.08,77.82,146.33,0.7641,-1,-1,-1
698,53,373.63,537.20,87.08,249.27,0.7955,-1,-1,-1
698,48,1602.96,134.46,66.33,178.34,0.5203,-1,-1,-1
698,55,1232.31,826.97,95.11,250.97,0.7712,-1,-1,-1
698,54,1313.81,809.85,104.76,270.13,0.7908,-1,-1,-1
698,63,481.59,150.70,55.05,170.63,0.5220,-1,-1,-1
699,4,1717.19,452.36,86.23,215.08,0.7188,-1,-1,-1
699,47,299.70,376.47,69.21,213.56,0.6502,-1,-1,-1
699,49,829.01,932.48,78.15,146.02,0.7653,-1,-1,-1
699,53,374.61,537.67,84.77,248.47,0.7807,-1,-1,-1
699,55,1228.94,824.97,94.89,252.69,0.7672,-1,-1,-1
699,54,1310.85,805.90,104.50,273.05,0.8004,-1,-1,-1
699,63,481.54,151.30,55.15,170.27,0.5514,-1,-1,-1
700,4,1717.36,452.57,85.78,214.18,0.7238,-1,-1,-1
700,47,298.54,376.42,69.42,213.17,0.6560,-1,-1,-1
700,49,830.30,932.78,78.46,145.90,0.7654,-1,-1,-1
700,53,375.80,538.75,82.63,247.64,0.7897,-1,-1,-1
700,55,1226.84,823.08,94.33,253.11,0.7665,-1,-1,-1
700,54,1308.30,802.56,103.72,274.56,0.7930,-1,-1,-1
700,63,481.33,150.60,55.67,171.24,0.5273,-1,-1,-1
701,4,1717.20,452.44,86.21,215.26,0.7201,-1,-1,-1
701,47,298.10,377.29,69.38,211.39,0.6498,-1,-1,-1
701,49,831.93,932.41,79.15,146.06,0.7711,-1,-1,-1
701,53,376.61,539.23,80.45,246.50,0.7570,-1,-1,-1
701,55,1224.36,820.13,94.88,256.01,0.8024,-1,-1,-1
701,54,1307.46,798.86,102.68,274.42,0.7865,-1,-1,-1
701,63,481.54,150.77,55.78,170.91,0.5429,-1,-1,-1
702,4,1717.23,451.73,86.39,215.66,0.7401,-1,-1,-1
702,47,297.63,376.78,69.97,211.96,0.6840,-1,-1,-1
702,49,833.80,933.14,79.20,145.45,0.7707,-1,-1,-1
702,53,377.30,539.83,78.27,245.43,0.7414,-1,-1,-1
702,55,1220.91,817.48,95.42,257.68,0.7633,-1,-1,-1
702,54,1307.19,794.06,99.39,266.84,0.7726,-1,-1,-1
702,63,481.55,149.78,56.01,171.25,0.5421,-1,-1,-1
703,4,1717.10,451.67,86.67,216.47,0.7372,-1,-1,-1
703,47,297.01,377.14,70.73,213.10,0.6903,-1,-1,-1
703,49,835.78,933.70,79.19,144.68,0.7770,-1,-1,-1
703,53,378.34,540.37,76.28,244.83,0.7364,-1,-1,-1
703,55,1218.64,815.68,95.24,258.48,0.7740,-1,-1,-1
703,54,1306.54,789.68,97.61,263.06,0.7814,-1,-1,-1
703,63,481.30,149.29,55.92,170.25,0.5236,-1,-1,-1
704,4,1717.35,451.48,86.34,215.23,0.7352,-1,-1,-1
704,47,296.14,378.52,71.49,214.29,0.6915,-1,-1,-1
704,49,837.91,933.95,79.52,144.38,0.7790,-1,-1,-1
704,53,379.47,540.68,74.91,245.70,0.7335,-1,-1,-1
704,55,1216.73,814.12,95.03,259.78,0.7759,-1,-1,-1
704,54,1305.91,786.33,97.17,263.64,0.7792,-1,-1,-1
704,63,480.96,149.45,55.92,169.26,0.5279,-1,-1,-1
704,48,1599.46,133.40,67.75,181.97,0.5396,-1,-1,-1
705,4,1717.81,452.13,85.76,213.61,0.7269,-1,-1,-1
705,47,296.34,379.13,72.95,218.20,0.7031,-1,-1,-1
705,49,839.99,934.10,79.88,144.35,0.7726,-1,-1,-1
705,53,381.07,540.60,73.59,246.47,0.7420,-1,-1,-1
705,55,1214.78,812.17,95.01,262.21,0.7859,-1,-1,-1
705,54,1305.77,784.28,96.72,265.14,0.7673,-1,-1,-1
705,63,480.75,149.86,56.55,169.88,0.5469,-1,-1,-1
705,48,1600.47,132.00,68.24,183.91,0.5506,-1,-1,-1
706,4,1717.59,452.27,85.92,213.88,0.7145,-1,-1,-1
706,47,295.64,382.40,73.76,219.28,0.7099,-1,-1,-1
706,49,841.26,933.70,80.61,145.16,0.7781,-1,-1,-1
706,53,382.60,540.87,72.05,245.60,0.7464,-1,-1,-1
706,55,1212.00,808.85,95.61,266.33,0.7791,-1,-1,-1
706,54,1304.09,782.71,95.97,266.08,0.7691,-1,-1,-1
706,63,480.59,151.41,56.28,168.23,0.5288,-1,-1,-1
706,48,1600.97,130.61,68.14,184.63,0.5993,-1,-1,-1
707,4,1717.87,452.77,85.71,213.41,0.7274,-1,-1,-1
707,47,295.63,386.94,73.20,216.74,0.7153,-1,-1,-1
707,49,843.18,934.11,81.14,145.52,0.7790,-1,-1,-1
707,53,383.40,541.29,70.83,245.52,0.7635,-1,-1,-1
707,55,1210.22,806.28,94.08,264.29,0.7616,-1,-1,-1
707,54,1301.94,781.74,95.15,266.48,0.7674,-1,-1,-1
707,63,480.23,151.82,56.41,168.38,0.5194,-1,-1,-1
707,48,1601.57,129.32,67.11,182.39,0.6222,-1,-1,-1
708,4,1717.61,452.71,85.84,213.72,0.7246,-1,-1,-1
708,47,295.53,389.85,72.87,215.35,0.7162,-1,-1,-1
708,49,844.60,934.27,81.60,145.65,0.7764,-1,-1,-1
708,53,384.48,541.71,69.72,246.02,0.7498,-1,-1,-1
708,55,1208.24,803.04,93.29,264.14,0.7514,-1,-1,-1
708,54,1299.63,780.43,94.29,265.95,0.7722,-1,-1,-1
708,48,1602.19,128.58,65.39,177.65,0.6095,-1,-1,-1
709,4,1717.69,451.89,85.98,214.08,0.7199,-1,-1,-1
709,47,295.20,392.21,72.61,214.53,0.7234,-1,-1,-1
709,49,845.86,934.39,82.02,145.63,0.7834,-1,-1,-1
709,53,386.13,542.26,68.44,245.00,0.7567,-1,-1,-1
709,55,1205.60,799.89,91.78,261.95,0.7683,-1,-1,-1
709,54,1296.64,780.49,93.57,263.93,0.7591,-1,-1,-1
709,48,1602.70,127.05,64.37,174.44,0.6340,-1,-1,-1
710,4,1718.19,452.02,85.90,213.93,0.7332,-1,-1,-1
710,47,295.15,393.91,72.69,215.10,0.7364,-1,-1,-1
710,49,846.85,935.29,81.91,144.77,0.7713,-1,-1,-1
710,53,387.66,542.66,67.35,243.29,0.7451,-1,-1,-1
710,55,1203.06,796.09,90.70,261.21,0.7846,-1,-1,-1
710,54,1291.15,780.27,94.15,264.12,0.7588,-1,-1,-1
710,48,1602.68,125.77,64.20,173.92,0.6536,-1,-1,-1
710,63,480.30,158.22,56.29,167.32,0.5061,-1,-1,-1
711,4,1718.33,452.38,85.85,213.73,0.7142,-1,-1,-1
711,47,294.44,394.51,73.47,218.36,0.7365,-1,-1,-1
711,49,847.31,934.68,82.52,145.38,0.7832,-1,-1,-1
711,53,389.22,543.54,66.77,241.92,0.7452,-1,-1,-1
711,55,1200.54,793.62,89.74,259.96,0.7883,-1,-1,-1
711,54,1283.56,780.05,95.70,265.33,0.7515,-1,-1,-1
711,48,1602.53,123.41,64.21,173.88,0.6322,-1,-1,-1
711,63,479.57,158.17,57.21,169.54,0.5222,-1,-1,-1
712,4,1717.84,451.71,86.71,215.79,0.7092,-1,-1,-1
712,47,295.24,395.69,73.51,219.28,0.7126,-1,-1,-1
712,49,848.37,934.55,82.79,145.52,0.7795,-1,-1,-1
712,53,390.70,544.09,66.53,241.11,0.7232,-1,-1,-1
712,55,1197.62,791.42,88.55,257.97,0.7992,-1,-1,-1
712,54,1279.41,779.34,96.53,265.91,0.7513,-1,-1,-1
712,48,1602.61,122.39,64.30,174.38,0.6190,-1,-1,-1
712,63,479.46,159.13,57.65,170.32,0.5244,-1,-1,-1
713,4,1717.97,451.73,86.31,214.84,0.6983,-1,-1,-1
713,47,295.31,398.84,73.80,221.43,0.6889,-1,-1,-1
713,49,849.58,934.31,83.03,145.75,0.7793,-1,-1,-1
713,53,393.26,544.50,66.60,239.71,0.6744,-1,-1,-1
713,55,1193.50,790.00,88.71,259.06,0.7920,-1,-1,-1
713,54,1277.25,778.44,96.00,263.76,0.7623,-1,-1,-1
713,48,1602.23,121.48,64.25,174.73,0.6737,-1,-1,-1
713,63,479.13,161.09,57.85,170.28,0.5193,-1,-1,-1
714,4,1718.13,451.65,86.27,214.69,0.6926,-1,-1,-1
714,47,295.81,400.89,73.66,221.62,0.6887,-1,-1,-1
714,49,851.43,934.43,82.92,145.62,0.7793,-1,-1,-1
714,53,394.75,544.92,67.32,239.15,0.6888,-1,-1,-1
714,55,1190.07,787.98,89.44,261.73,0.7901,-1,-1,-1
714,54,1275.13,776.55,94.81,259.88,0.7389,-1,-1,-1
714,48,1601.66,120.49,64.33,175.51,0.6533,-1,-1,-1
714,63,478.27,162.36,58.33,171.53,0.5314,-1,-1,-1
714,67,1569.87,597.24,107.70,226.87,0.6241,-1,-1,-1
715,4,1717.70,451.99,86.25,214.77,0.6745,-1,-1,-1
715,47,296.39,401.81,73.33,221.45,0.6818,-1,-1,-1
715,49,852.25,934.80,82.60,145.25,0.7796,-1,-1,-1
715,53,396.65,544.73,68.55,239.54,0.6993,-1,-1,-1
715,55,1187.00,786.54,89.03,262.91,0.7981,-1,-1,-1
715,54,1273.15,772.64,93.54,256.82,0.7946,-1,-1,-1
715,48,1600.84,119.87,64.81,177.26,0.6154,-1,-1,-1
715,63,478.07,163.85,58.55,172.24,0.5132,-1,-1,-1
715,67,1570.56,597.88,107.55,226.72,0.6117,-1,-1,-1
716,4,1717.41,452.30,86.04,214.05,0.6653,-1,-1,-1
716,47,296.89,402.24,73.03,221.10,0.6748,-1,-1,-1
716,49,853.02,935.28,82.24,144.76,0.7728,-1,-1,-1
716,53,398.31,545.68,69.91,239.25,0.7121,-1,-1,-1
716,55,1184.84,785.68,88.70,264.23,0.7998,-1,-1,-1
716,54,1271.20,769.21,92.85,255.75,0.8010,-1,-1,-1
716,48,1600.00,119.45,65.14,179.12,0.6098,-1,-1,-1
716,67,1570.25,598.52,107.10,226.00,0.5770,-1,-1,-1
717,4,1718.04,451.74,86.08,214.24,0.6949,-1,-1,-1
717,47,297.91,403.06,72.67,220.08,0.6754,-1,-1,-1
717,49,853.69,935.50,81.90,144.53,0.7801,-1,-1,-1
717,53,398.88,546.01,71.48,239.14,0.7082,-1,-1,-1
717,55,1183.13,784.56,88.29,264.59,0.8038,-1,-1,-1
717,54,1268.88,764.12,93.21,257.81,0.7825,-1,-1,-1
717,48,1599.18,119.11,64.93,179.50,0.5446,-1,-1,-1
717,67,1570.39,598.95,107.03,225.89,0.5809,-1,-1,-1
718,4,1718.23,450.84,86.26,214.87,0.6957,-1,-1,-1
718,47,298.38,403.57,72.50,219.44,0.6785,-1,-1,-1
718,49,853.77,935.71,81.69,144.33,0.7747,-1,-1,-1
718,53,398.87,546.46,73.04,239.40,0.7149,-1,-1,-1
718,55,1181.47,783.35,88.11,265.64,0.7978,-1,-1,-1
718,54,1265.70,759.97,92.05,255.87,0.7455,-1,-1,-1
718,48,1598.51,118.76,64.93,180.79,0.5508,-1,-1,-1
718,67,1570.58,599.78,106.42,224.65,0.5935,-1,-1,-1
718,63,475.07,162.02,60.81,178.10,0.5019,-1,-1,-1
719,4,1717.96,451.41,86.14,214.56,0.7019,-1,-1,-1
719,47,299.58,403.88,71.05,214.55,0.6651,-1,-1,-1
719,49,853.56,936.11,81.43,143.92,0.7828,-1,-1,-1
719,53,398.96,547.00,74.91,240.65,0.6979,-1,-1,-1
719,55,1180.22,782.62,87.38,264.96,0.7967,-1,-1,-1
719,54,1262.89,755.99,91.99,257.39,0.7407,-1,-1,-1
719,67,1568.86,596.95,107.84,227.67,0.5237,-1,-1,-1
720,4,1718.06,451.59,86.03,214.44,0.7063,-1,-1,-1
720,47,300.48,405.66,70.07,210.69,0.7027,-1,-1,-1
720,49,853.31,937.45,80.79,142.57,0.7854,-1,-1,-1
720,53,398.91,547.81,76.25,240.65,0.6963,-1,-1,-1
720,55,1178.77,781.25,87.15,265.60,0.7844,-1,-1,-1
720,54,1260.22,751.42,92.28,260.54,0.7350,-1,-1,-1
720,67,1572.07,600.25,106.31,226.20,0.5020,-1,-1,-1
721,4,1718.45,451.23,86.36,215.35,0.6963,-1,-1,-1
721,47,300.77,407.62,70.31,210.56,0.7199,-1,-1,-1
721,49,853.03,938.00,80.63,142.02,0.7845,-1,-1,-1
721,53,400.49,548.75,78.05,241.45,0.6839,-1,-1,-1
721,55,1176.86,779.35,86.66,265.87,0.7743,-1,-1,-1
721,54,1257.95,748.57,92.66,264.18,0.7339,-1,-1,-1
721,67,1569.58,598.66,106.48,226.61,0.5818,-1,-1,-1
721,48,1597.90,119.17,62.93,176.77,0.5483,-1,-1,-1
721,63,476.15,165.85,59.14,172.56,0.5103,-1,-1,-1
722,4,1718.59,451.95,86.02,214.24,0.7177,-1,-1,-1
722,47,300.25,409.14,71.10,212.52,0.7359,-1,-1,-1
722,49,852.45,938.50,80.57,141.52,0.7859,-1,-1,-1
722,53,401.76,549.97,79.49,241.23,0.7127,-1,-1,-1
722,55,1174.21,774.85,86.46,267.83,0.7862,-1,-1,-1
722,54,1254.86,747.19,91.68,262.30,0.7685,-1,-1,-1
722,67,1568.52,596.19,107.53,228.96,0.5764,-1,-1,-1
722,48,1598.07,119.48,61.79,175.18,0.5212,-1,-1,-1
722,63,475.49,164.88,59.17,171.96,0.5146,-1,-1,-1
723,4,1718.21,451.39,86.35,215.39,0.7177,-1,-1,-1
723,47,299.69,410.28,72.12,215.37,0.7556,-1,-1,-1
723,49,851.87,938.60,80.58,141.41,0.7832,-1,-1,-1
723,53,402.32,551.02,81.15,242.01,0.7217,-1,-1,-1
723,55,1172.85,771.31,84.33,262.88,0.7740,-1,-1,-1
723,54,1251.37,745.61,92.60,266.45,0.7719,-1,-1,-1
723,67,1566.76,594.80,108.26,230.46,0.5543,-1,-1,-1
723,63,475.62,165.86,59.06,170.69,0.5331,-1,-1,-1
724,4,1718.62,451.69,86.30,215.40,0.6992,-1,-1,-1
724,47,299.12,411.85,72.78,217.44,0.7636,-1,-1,-1
724,49,850.75,939.00,80.56,141.02,0.7879,-1,-1,-1
724,53,402.62,551.60,82.47,242.91,0.7247,-1,-1,-1
724,55,1171.98,768.17,80.39,251.50,0.7736,-1,-1,-1
724,54,1246.91,744.31,92.29,267.31,0.7717,-1,-1,-1
724,67,1566.03,593.21,108.89,231.82,0.5174,-1,-1,-1
724,63,474.48,165.59,59.45,171.04,0.5628,-1,-1,-1
725,4,1718.43,451.91,86.15,215.01,0.6960,-1,-1,-1
725,47,299.35,414.09,72.81,217.47,0.7556,-1,-1,-1
725,49,849.92,940.68,79.93,139.33,0.7785,-1,-1,-1
725,53,405.06,551.57,83.25,242.58,0.7175,-1,-1,-1
725,55,1170.17,764.56,79.32,249.07,0.7729,-1,-1,-1
725,54,1242.92,744.09,92.27,267.98,0.7701,-1,-1,-1
725,67,1566.01,594.72,108.14,229.99,0.5284,-1,-1,-1
725,63,473.88,167.31,59.84,170.89,0.5597,-1,-1,-1
726,4,1717.94,452.17,85.92,214.34,0.6996,-1,-1,-1
726,47,299.19,415.83,72.80,217.58,0.7589,-1,-1,-1
726,49,848.74,941.99,79.66,138.02,0.7846,-1,-1,-1
726,53,407.43,552.38,84.24,242.71,0.7400,-1,-1,-1
726,55,1169.11,760.56,78.69,247.59,0.7817,-1,-1,-1
726,54,1239.93,743.34,92.38,269.43,0.7933,-1,-1,-1
726,67,1565.50,593.76,108.65,230.72,0.5158,-1,-1,-1
726,63,473.41,169.02,60.57,172.69,0.5720,-1,-1,-1
727,4,1718.50,451.91,85.79,214.40,0.7039,-1,-1,-1
727,47,299.44,418.27,72.52,216.82,0.7686,-1,-1,-1
727,49,847.45,942.87,79.61,137.14,0.7869,-1,-1,-1
727,53,407.85,552.73,85.67,244.17,0.7689,-1,-1,-1
727,55,1167.57,756.70,77.77,244.40,0.7972,-1,-1,-1
727,54,1238.24,742.11,92.23,269.22,0.8175,-1,-1,-1
727,63,473.25,170.99,60.85,173.84,0.5438,-1,-1,-1
727,68,418.26,172.89,51.10,167.66,0.5382,-1,-1,-1
728,4,1718.67,452.22,85.44,213.53,0.7057,-1,-1,-1
728,47,298.70,419.30,73.42,219.69,0.7556,-1,-1,-1
728,49,845.88,942.71,80.16,137.30,0.7851,-1,-1,-1
728,53,408.18,552.37,86.68,245.03,0.7877,-1,-1,-1
728,55,1164.54,753.90,78.69,247.14,0.8115,-1,-1,-1
728,54,1236.77,741.73,91.98,268.82,0.8206,-1,-1,-1
728,63,472.69,171.37,61.30,176.01,0.5213,-1,-1,-1
728,48,1594.73,112.33,62.18,179.31,0.5469,-1,-1,-1
729,4,1718.41,451.49,85.82,214.50,0.7095,-1,-1,-1
729,47,298.09,420.46,73.72,221.26,0.7511,-1,-1,-1
729,49,844.70,943.88,80.11,136.13,0.7929,-1,-1,-1
729,53,407.84,552.70,87.00,244.06,0.7756,-1,-1,-1
729,55,1161.69,750.92,79.66,250.99,0.8182,-1,-1,-1
729,54,1235.06,740.72,91.53,267.45,0.8278,-1,-1,-1
729,63,472.24,171.67,61.92,178.83,0.5287,-1,-1,-1
729,48,1594.78,110.26,61.17,178.77,0.5599,-1,-1,-1
730,4,1718.71,451.77,85.88,214.46,0.7111,-1,-1,-1
730,47,297.55,421.37,73.88,222.48,0.7341,-1,-1,-1
730,49,843.23,944.09,80.50,135.70,0.7834,-1,-1,-1
730,53,408.41,552.87,87.32,243.75,0.7974,-1,-1,-1
730,55,1157.85,749.29,80.80,255.30,0.8185,-1,-1,-1
730,54,1232.49,739.36,91.97,268.67,0.8114,-1,-1,-1
731,4,1718.84,452.17,85.76,214.16,0.7040,-1,-1,-1
731,47,297.12,421.78,73.54,222.01,0.7149,-1,-1,-1
731,49,841.55,944.10,81.11,135.74,0.7831,-1,-1,-1
731,53,409.29,553.23,87.39,243.13,0.8102,-1,-1,-1
731,55,1154.62,747.74,81.21,257.50,0.8071,-1,-1,-1
731,54,1229.36,737.22,92.07,269.94,0.7996,-1,-1,-1
731,67,1567.29,596.07,107.68,228.22,0.5672,-1,-1,-1
732,4,1718.30,452.02,86.08,214.61,0.6971,-1,-1,-1
732,47,296.97,422.16,73.39,221.76,0.6780,-1,-1,-1
732,49,840.58,944.67,81.24,135.23,0.7824,-1,-1,-1
732,53,411.97,553.36,87.44,243.32,0.8056,-1,-1,-1
732,55,1151.84,746.27,81.66,259.70,0.8076,-1,-1,-1
732,54,1227.82,734.84,91.57,269.18,0.8156,-1,-1,-1
732,67,1566.78,595.40,108.30,229.39,0.5126,-1,-1,-1
732,48,1596.44,105.62,59.63,177.05,0.5165,-1,-1,-1
733,4,1717.86,451.96,86.41,215.08,0.6983,-1,-1,-1
733,47,296.61,422.75,73.13,220.90,0.6548,-1,-1,-1
733,49,839.24,944.84,81.50,134.86,0.7718,-1,-1,-1
733,53,413.87,552.97,87.34,243.75,0.7859,-1,-1,-1
733,55,1149.00,745.37,82.18,262.27,0.7685,-1,-1,-1
733,54,1226.68,730.91,88.68,261.03,0.7856,-1,-1,-1
733,67,1566.41,593.61,109.22,231.17,0.5153,-1,-1,-1
734,4,1717.39,452.04,87.14,216.93,0.7044,-1,-1,-1
734,47,296.36,423.36,72.84,219.76,0.6431,-1,-1,-1
734,49,838.30,944.97,81.79,134.61,0.7784,-1,-1,-1
734,53,416.77,553.04,87.12,245.12,0.7893,-1,-1,-1
734,55,1147.06,746.10,81.85,261.51,0.7759,-1,-1,-1
734,54,1226.32,727.92,85.60,252.26,0.7810,-1,-1,-1
735,4,1718.31,452.32,86.40,215.00,0.6874,-1,-1,-1
735,47,295.88,424.42,72.33,217.65,0.6148,-1,-1,-1
735,49,837.27,945.27,82.14,134.31,0.7784,-1,-1,-1
735,53,420.30,553.60,86.31,245.25,0.7805,-1,-1,-1
735,55,1144.20,744.67,82.39,262.80,0.7571,-1,-1,-1
735,54,1223.77,722.52,84.46,248.43,0.7750,-1,-1,-1
735,67,1574.91,596.97,105.93,229.70,0.5277,-1,-1,-1
736,4,1718.47,451.71,86.04,214.01,0.6988,-1,-1,-1
736,47,295.56,425.29,72.15,216.47,0.6418,-1,-1,-1
736,49,836.37,945.26,82.77,134.54,0.7756,-1,-1,-1
736,53,425.12,553.63,85.21,245.83,0.8009,-1,-1,-1
736,55,1143.01,741.89,82.28,261.40,0.7663,-1,-1,-1
736,54,1221.02,717.49,84.14,247.26,0.7765,-1,-1,-1
736,67,1571.42,596.41,105.69,228.77,0.5900,-1,-1,-1
737,4,1718.59,451.54,86.06,214.01,0.7115,-1,-1,-1
737,47,295.54,426.36,71.69,214.54,0.6173,-1,-1,-1
737,49,836.37,946.21,82.59,133.50,0.7825,-1,-1,-1
737,53,429.36,554.14,83.98,246.09,0.7951,-1,-1,-1
737,55,1140.80,739.57,82.50,260.81,0.7509,-1,-1,-1
737,54,1219.32,712.50,84.95,250.57,0.7644,-1,-1,-1
737,67,1575.62,596.14,104.51,230.13,0.5005,-1,-1,-1
738,4,1718.44,451.42,85.98,213.77,0.7164,-1,-1,-1
738,47,295.40,427.20,71.83,214.27,0.6738,-1,-1,-1
738,49,836.32,946.27,82.87,133.32,0.7774,-1,-1,-1
738,53,432.81,554.65,83.00,247.46,0.8005,-1,-1,-1
738,55,1137.38,737.33,83.29,263.26,0.7494,-1,-1,-1
738,54,1217.61,709.60,85.62,254.58,0.7669,-1,-1,-1
738,67,1572.15,595.43,104.56,229.81,0.5389,-1,-1,-1
739,4,1719.03,450.76,86.01,214.09,0.7204,-1,-1,-1
739,47,295.23,428.00,72.27,215.05,0.6556,-1,-1,-1
739,49,836.11,946.23,83.45,133.61,0.7797,-1,-1,-1
739,53,436.16,555.13,82.20,249.43,0.7881,-1,-1,-1
739,55,1135.37,735.44,82.38,260.28,0.7796,-1,-1,-1
739,54,1216.04,707.46,86.12,258.25,0.7537,-1,-1,-1
739,67,1571.00,590.99,106.05,233.72,0.5993,-1,-1,-1
740,4,1718.82,452.06,85.71,213.01,0.7351,-1,-1,-1
740,47,295.27,429.82,73.23,217.17,0.6924,-1,-1,-1
740,49,836.13,946.15,83.85,133.70,0.7759,-1,-1,-1
740,53,439.22,555.07,81.20,250.29,0.7673,-1,-1,-1
740,55,1134.13,733.15,81.10,255.04,0.7807,-1,-1,-1
740,54,1214.23,706.02,86.40,261.61,0.7534,-1,-1,-1
740,67,1570.81,593.50,104.76,230.83,0.6083,-1,-1,-1
741,4,1718.68,451.99,85.78,213.01,0.7291,-1,-1,-1
741,47,294.94,431.62,74.28,220.00,0.6889,-1,-1,-1
741,49,836.47,946.30,84.13,133.66,0.7820,-1,-1,-1
741,53,441.55,556.33,80.18,251.20,0.7568,-1,-1,-1
741,55,1131.77,730.66,79.80,250.41,0.7656,-1,-1,-1
741,54,1212.88,705.32,85.68,261.51,0.7452,-1,-1,-1
741,67,1571.20,593.62,104.43,230.77,0.6250,-1,-1,-1
742,4,1718.57,452.38,85.80,213.25,0.7059,-1,-1,-1
742,47,294.78,433.89,74.18,220.10,0.6950,-1,-1,-1
742,49,837.03,946.36,84.43,133.63,0.7761,-1,-1,-1
742,53,444.17,556.40,79.30,252.10,0.7697,-1,-1,-1
742,55,1128.21,727.50,79.35,248.82,0.7711,-1,-1,-1
742,54,1209.21,704.90,85.77,261.68,0.7565,-1,-1,-1
742,67,1571.70,593.52,104.34,231.13,0.6461,-1,-1,-1
742,68,412.73,196.12,49.13,157.42,0.5112,-1,-1,-1
743,4,1718.44,452.19,85.61,213.48,0.7183,-1,-1,-1
743,47,295.06,436.80,74.07,219.95,0.7118,-1,-1,-1
743,49,837.77,946.65,84.51,133.36,0.7722,-1,-1,-1
743,53,449.40,557.16,78.67,251.37,0.7574,-1,-1,-1
743,55,1124.86,723.67,79.49,249.08,0.7671,-1,-1,-1
743,54,1205.11,704.87,85.80,261.13,0.7493,-1,-1,-1
743,67,1571.18,592.05,104.79,232.41,0.5904,-1,-1,-1
743,68,412.57,199.48,49.34,155.52,0.5356,-1,-1,-1
744,4,1718.78,453.10,85.39,213.27,0.7285,-1,-1,-1
744,47,295.50,439.79,73.76,219.40,0.7045,-1,-1,-1
744,49,838.68,947.39,84.30,132.62,0.7752,-1,-1,-1
744,53,454.78,558.97,78.40,248.79,0.7515,-1,-1,-1
744,55,1122.76,721.19,79.38,248.82,0.7697,-1,-1,-1
744,54,1201.29,704.44,85.71,260.65,0.7383,-1,-1,-1
744,67,1571.03,593.02,104.17,231.40,0.6367,-1,-1,-1
744,68,412.10,201.04,49.98,155.78,0.5225,-1,-1,-1
745,4,1718.67,452.89,85.41,213.36,0.7261,-1,-1,-1
745,47,296.01,441.92,73.78,220.13,0.6978,-1,-1,-1
745,49,839.81,947.78,84.33,132.23,0.7741,-1,-1,-1
745,53,459.65,560.35,78.70,245.87,0.7883,-1,-1,-1
745,55,1121.13,719.06,80.06,251.52,0.7687,-1,-1,-1
745,54,1199.07,704.69,85.13,258.45,0.7429,-1,-1,-1
745,67,1571.54,592.97,104.06,231.59,0.6408,-1,-1,-1
745,68,411.36,202.70,50.71,157.30,0.5489,-1,-1,-1
746,4,1719.33,453.39,85.19,212.52,0.7104,-1,-1,-1
746,47,296.45,444.01,73.97,221.66,0.6974,-1,-1,-1
746,49,841.14,948.17,84.31,131.84,0.7822,-1,-1,-1
746,53,463.30,561.48,80.06,244.72,0.8045,-1,-1,-1
746,55,1119.10,717.85,80.58,253.28,0.7647,-1,-1,-1
746,54,1196.14,702.96,85.47,259.01,0.7508,-1,-1,-1
746,67,1572.83,595.21,102.92,229.44,0.6676,-1,-1,-1
746,68,409.60,202.27,51.38,159.86,0.5130,-1,-1,-1
746,63,463.97,181.66,63.92,183.52,0.5114,-1,-1,-1
747,4,1719.26,453.05,85.23,212.72,0.7109,-1,-1,-1
747,47,297.10,445.18,74.19,223.55,0.7232,-1,-1,-1
747,49,842.76,948.33,84.34,131.67,0.7861,-1,-1,-1
747,53,465.16,562.06,82.04,245.45,0.8200,-1,-1,-1
747,55,1116.53,715.81,80.88,255.19,0.7762,-1,-1,-1
747,54,1191.26,700.93,86.72,262.41,0.7580,-1,-1,-1
747,67,1571.54,592.41,104.23,232.28,0.5972,-1,-1,-1
747,68,409.74,203.63,50.89,157.87,0.5429,-1,-1,-1
747,63,464.09,183.81,63.18,182.22,0.5620,-1,-1,-1
748,4,1718.68,453.75,85.02,212.38,0.6996,-1,-1,-1
748,47,297.76,445.84,73.85,223.14,0.7085,-1,-1,-1
748,49,844.18,948.65,84.23,131.35,0.7901,-1,-1,-1
748,53,466.36,563.36,84.02,245.46,0.8213,-1,-1,-1
748,55,1114.39,714.40,80.69,255.71,0.8039,-1,-1,-1
748,54,1188.05,698.71,85.97,259.99,0.8099,-1,-1,-1
748,67,1568.46,595.21,104.01,231.13,0.5215,-1,-1,-1
748,68,409.01,203.46,51.13,159.01,0.5541,-1,-1,-1
748,63,463.78,186.28,62.68,180.56,0.5506,-1,-1,-1
749,4,1718.49,454.24,85.14,213.28,0.6838,-1,-1,-1
749,47,298.83,446.12,73.83,223.85,0.6980,-1,-1,-1
749,49,846.18,949.70,83.67,130.31,0.7890,-1,-1,-1
749,53,467.50,564.63,86.25,246.19,0.8096,-1,-1,-1
749,55,1112.57,712.38,80.26,255.87,0.8258,-1,-1,-1
749,54,1186.02,696.64,83.75,252.09,0.8110,-1,-1,-1
749,67,1569.74,590.58,105.34,234.46,0.5857,-1,-1,-1
749,68,408.42,204.41,50.59,157.97,0.5303,-1,-1,-1
749,63,463.02,187.73,62.32,181.17,0.5753,-1,-1,-1
750,4,1718.35,453.79,85.33,213.79,0.7083,-1,-1,-1
750,47,299.77,446.86,73.46,223.07,0.6979,-1,-1,-1
750,49,848.61,951.22,82.73,128.79,0.7690,-1,-1,-1
750,53,467.96,565.14,88.39,247.09,0.8153,-1,-1,-1
750,55,1110.77,711.43,80.19,257.17,0.8172,-1,-1,-1
750,54,1183.12,693.70,84.91,255.47,0.7882,-1,-1,-1
750,67,1570.96,591.53,104.52,233.08,0.6222,-1,-1,-1
750,68,408.32,203.69,51.18,159.65,0.5511,-1,-1,-1
750,63,462.19,187.07,62.86,184.27,0.5019,-1,-1,-1
751,4,1717.50,454.65,84.83,212.09,0.6830,-1,-1,-1
751,47,301.28,447.18,73.23,221.94,0.7015,-1,-1,-1
751,49,851.18,952.21,82.18,127.79,0.7662,-1,-1,-1
751,53,468.12,565.72,90.00,246.83,0.8109,-1,-1,-1
751,55,1107.78,709.43,78.93,255.20,0.8050,-1,-1,-1
751,54,1181.39,689.38,82.59,248.06,0.7994,-1,-1,-1
751,67,1571.48,592.08,104.16,232.30,0.6172,-1,-1,-1
751,68,408.52,203.85,50.57,158.22,0.5034,-1,-1,-1
752,4,1716.94,454.05,85.22,213.06,0.6898,-1,-1,-1
752,47,302.07,447.89,73.40,221.75,0.7224,-1,-1,-1
752,49,853.12,952.35,82.19,127.65,0.7692,-1,-1,-1
752,53,469.99,565.99,91.10,246.35,0.7858,-1,-1,-1
752,55,1105.29,709.49,78.40,254.83,0.7866,-1,-1,-1
752,54,1179.60,685.40,81.31,244.05,0.7705,-1,-1,-1
752,67,1569.28,594.32,103.82,231.44,0.5349,-1,-1,-1
753,4,1716.22,453.19,85.55,214.12,0.6771,-1,-1,-1
753,47,302.80,448.67,73.38,220.39,0.7255,-1,-1,-1
753,49,854.98,952.59,82.12,127.41,0.7730,-1,-1,-1
753,53,471.98,566.31,91.84,246.09,0.7557,-1,-1,-1
753,55,1103.30,707.86,78.01,255.62,0.7785,-1,-1,-1
753,54,1175.34,680.68,82.68,248.28,0.7472,-1,-1,-1
753,67,1570.63,592.44,104.18,232.15,0.5767,-1,-1,-1
753,68,407.89,205.77,49.43,154.99,0.5112,-1,-1,-1
754,4,1716.11,453.73,85.15,212.87,0.6706,-1,-1,-1
754,47,303.39,449.91,73.10,217.67,0.7189,-1,-1,-1
754,49,856.82,952.51,82.16,127.25,0.7783,-1,-1,-1
754,53,474.97,566.47,91.89,246.21,0.7266,-1,-1,-1
754,55,1100.99,704.87,78.61,259.66,0.7822,-1,-1,-1
754,54,1172.54,676.89,83.50,250.95,0.7506,-1,-1,-1
754,67,1570.16,591.72,104.50,232.88,0.5054,-1,-1,-1
755,4,1715.61,452.64,85.20,213.76,0.6755,-1,-1,-1
755,47,303.82,451.13,73.19,215.97,0.7352,-1,-1,-1
755,49,858.67,952.40,82.39,127.51,0.7789,-1,-1,-1
755,53,477.48,567.40,91.23,246.50,0.7216,-1,-1,-1
755,55,1098.96,702.27,78.10,259.66,0.7652,-1,-1,-1
755,54,1169.36,673.24,84.72,255.40,0.7573,-1,-1,-1
755,67,1570.87,590.97,104.74,233.89,0.5949,-1,-1,-1
756,4,1715.43,453.41,85.06,214.22,0.6730,-1,-1,-1
756,47,304.55,452.61,73.70,215.00,0.7341,-1,-1,-1
756,49,859.99,952.26,82.68,127.56,0.7797,-1,-1,-1
756,53,481.97,567.53,89.91,247.24,0.6988,-1,-1,-1
756,55,1098.30,698.30,75.80,252.66,0.7612,-1,-1,-1
756,54,1167.25,671.61,85.29,257.93,0.7702,-1,-1,-1
756,67,1570.42,589.90,105.04,234.96,0.5732,-1,-1,-1
757,4,1715.74,453.41,84.42,213.65,0.6811,-1,-1,-1
757,47,304.23,454.80,74.87,216.54,0.7444,-1,-1,-1
757,49,861.39,953.16,82.56,126.77,0.7813,-1,-1,-1
757,53,488.87,567.29,87.62,246.05,0.7099,-1,-1,-1
757,55,1097.32,694.50,74.66,248.56,0.7604,-1,-1,-1
757,54,1166.20,670.59,85.29,258.81,0.7719,-1,-1,-1
757,63,454.90,189.62,64.40,187.16,0.5039,-1,-1,-1
758,4,1715.89,453.04,83.82,213.32,0.7091,-1,-1,-1
758,47,303.40,457.72,76.14,218.81,0.7483,-1,-1,-1
758,49,862.66,953.51,82.77,126.47,0.7724,-1,-1,-1
758,53,494.08,566.06,86.41,247.53,0.7178,-1,-1,-1
758,55,1096.85,691.02,72.78,240.32,0.7667,-1,-1,-1
758,54,1165.18,670.40,85.33,258.94,0.7700,-1,-1,-1
759,4,1716.02,452.88,83.27,213.23,0.6912,-1,-1,-1
759,47,302.67,459.13,77.54,221.94,0.7500,-1,-1,-1
759,49,864.78,954.38,82.74,125.62,0.7556,-1,-1,-1
759,53,499.00,565.54,85.09,248.78,0.7153,-1,-1,-1
759,55,1095.11,688.13,73.05,240.17,0.7500,-1,-1,-1
759,54,1163.49,670.17,85.96,259.78,0.7585,-1,-1,-1
759,68,403.61,206.08,51.42,162.48,0.5147,-1,-1,-1
759,67,1570.94,593.36,103.54,230.72,0.5469,-1,-1,-1
760,4,1716.12,452.93,82.66,212.95,0.6993,-1,-1,-1
760,47,302.39,461.94,78.32,223.49,0.7340,-1,-1,-1
760,49,866.90,954.70,83.20,125.30,0.7562,-1,-1,-1
760,53,504.09,565.20,83.86,249.51,0.7246,-1,-1,-1
760,55,1092.97,686.49,74.11,242.84,0.7463,-1,-1,-1
760,54,1161.91,669.13,86.23,259.60,0.7646,-1,-1,-1
760,67,1571.57,593.99,103.32,230.01,0.6334,-1,-1,-1
761,4,1715.36,453.10,82.08,212.13,0.7148,-1,-1,-1
761,47,302.22,464.44,78.47,223.18,0.7136,-1,-1,-1
761,49,868.63,954.78,83.87,125.23,0.7727,-1,-1,-1
761,53,508.90,565.40,82.52,248.88,0.7487,-1,-1,-1
761,55,1090.72,685.11,74.50,243.41,0.7419,-1,-1,-1
761,54,1159.47,667.87,86.96,260.94,0.7653,-1,-1,-1
761,67,1571.22,594.58,103.27,229.38,0.6087,-1,-1,-1
762,4,1715.80,453.66,81.33,210.88,0.7040,-1,-1,-1
762,47,302.05,466.82,78.56,223.04,0.7273,-1,-1,-1
762,49,869.69,955.20,84.11,124.80,0.7772,-1,-1,-1
762,53,513.55,566.85,81.30,247.35,0.7712,-1,-1,-1
762,55,1088.43,683.20,74.95,244.92,0.7445,-1,-1,-1
762,54,1157.17,666.82,87.45,261.87,0.7527,-1,-1,-1
762,67,1571.32,594.36,103.65,230.09,0.6259,-1,-1,-1
762,63,453.26,192.53,64.72,185.60,0.5033,-1,-1,-1
762,68,404.38,208.92,53.37,168.86,0.5095,-1,-1,-1
763,4,1716.75,454.47,81.30,211.53,0.7112,-1,-1,-1
763,47,301.14,468.69,78.79,224.04,0.7418,-1,-1,-1
763,49,870.27,955.66,84.33,124.34,0.7777,-1,-1,-1
763,53,517.21,567.62,80.43,246.26,0.7638,-1,-1,-1
763,55,1084.53,682.21,75.91,246.64,0.7471,-1,-1,-1
763,54,1154.65,664.69,87.05,261.04,0.7501,-1,-1,-1
763,67,1570.89,594.43,103.71,230.06,0.6032,-1,-1,-1
763,68,404.59,209.49,53.49,169.95,0.5250,-1,-1,-1
764,4,1717.09,454.01,81.22,211.93,0.7213,-1,-1,-1
764,47,299.26,469.32,79.46,226.64,0.7412,-1,-1,-1
764,49,870.71,956.27,84.39,123.73,0.7730,-1,-1,-1
764,53,519.97,568.24,79.91,245.50,0.7563,-1,-1,-1
764,55,1081.77,680.01,77.12,250.78,0.7459,-1,-1,-1
764,54,1152.11,661.01,87.21,261.66,0.7565,-1,-1,-1
764,67,1570.70,593.48,104.08,230.96,0.5364,-1,-1,-1
764,68,403.86,209.01,54.03,172.32,0.5257,-1,-1,-1
764,63,453.92,202.01,62.65,180.05,0.5304,-1,-1,-1
765,4,1717.21,453.46,81.26,213.02,0.7132,-1,-1,-1
765,47,297.79,469.95,79.82,228.92,0.7123,-1,-1,-1
765,49,870.88,956.90,84.35,123.10,0.7693,-1,-1,-1
765,53,523.18,568.48,80.42,245.69,0.7480,-1,-1,-1
765,55,1079.03,678.19,77.74,253.15,0.7335,-1,-1,-1
765,54,1149.98,659.82,86.61,259.85,0.7424,-1,-1,-1
765,67,1570.94,593.07,104.16,231.11,0.5511,-1,-1,-1
765,68,402.36,209.31,54.50,173.43,0.5030,-1,-1,-1
765,63,454.11,204.68,62.31,179.72,0.5461,-1,-1,-1
766,4,1717.46,454.85,80.16,210.75,0.7407,-1,-1,-1
766,47,295.93,470.68,79.27,228.87,0.6357,-1,-1,-1
766,49,871.15,957.00,84.56,123.00,0.7581,-1,-1,-1
766,53,527.60,569.38,81.50,245.53,0.7485,-1,-1,-1
766,55,1076.84,677.26,78.53,255.08,0.7214,-1,-1,-1
766,54,1147.92,657.13,86.20,257.56,0.7226,-1,-1,-1
766,67,1570.44,591.73,104.79,232.70,0.6027,-1,-1,-1
767,4,1717.47,455.24,80.08,211.21,0.7278,-1,-1,-1
767,47,294.53,471.87,78.55,228.02,0.5967,-1,-1,-1
767,49,871.08,957.37,84.66,122.63,0.7592,-1,-1,-1
767,53,528.68,569.71,82.51,246.36,0.7563,-1,-1,-1
767,55,1074.93,675.50,78.82,255.51,0.7359,-1,-1,-1
767,54,1145.82,653.92,85.15,253.96,0.7163,-1,-1,-1
767,67,1574.89,596.06,102.10,229.72,0.5039,-1,-1,-1
768,4,1717.96,453.72,80.24,212.78,0.7125,-1,-1,-1
768,47,293.29,472.82,77.86,226.99,0.6006,-1,-1,-1
768,49,871.26,957.52,84.88,122.48,0.7704,-1,-1,-1
768,53,528.89,569.88,83.38,246.85,0.7619,-1,-1,-1
768,55,1073.82,673.71,78.92,255.74,0.7416,-1,-1,-1
768,54,1143.53,650.83,83.73,249.06,0.7493,-1,-1,-1
768,67,1572.36,592.35,103.43,232.60,0.5467,-1,-1,-1
768,63,450.47,199.68,65.77,192.12,0.5080,-1,-1,-1
769,4,1718.44,454.02,79.32,211.16,0.7260,-1,-1,-1
769,47,292.92,473.33,77.58,226.77,0.6544,-1,-1,-1
769,49,871.53,958.14,84.93,121.86,0.7755,-1,-1,-1
769,53,529.44,571.52,83.65,245.06,0.7593,-1,-1,-1
769,55,1071.16,670.97,78.69,254.41,0.7823,-1,-1,-1
769,54,1141.31,648.06,82.32,244.98,0.7915,-1,-1,-1
770,4,1719.19,454.86,78.62,209.99,0.7265,-1,-1,-1
770,47,292.99,474.19,76.97,225.31,0.6360,-1,-1,-1
770,49,871.83,957.67,85.70,122.33,0.7877,-1,-1,-1
770,53,529.74,571.89,84.45,244.78,0.7694,-1,-1,-1
770,55,1067.91,669.34,78.14,251.73,0.7978,-1,-1,-1
770,54,1139.45,646.08,81.03,241.55,0.8173,-1,-1,-1
771,4,1719.97,453.40,79.08,212.53,0.7257,-1,-1,-1
771,47,292.01,474.52,76.55,224.57,0.6694,-1,-1,-1
771,49,872.07,957.74,86.07,122.26,0.7910,-1,-1,-1
771,53,529.92,572.19,84.94,244.07,0.7605,-1,-1,-1
771,55,1066.06,667.18,76.57,244.70,0.8046,-1,-1,-1
771,54,1137.28,644.30,80.93,241.91,0.8068,-1,-1,-1
771,63,449.61,200.91,65.16,193.26,0.5155,-1,-1,-1
772,4,1720.71,453.36,78.60,212.24,0.7253,-1,-1,-1
772,47,291.70,475.65,75.98,223.39,0.6665,-1,-1,-1
772,49,872.65,957.99,86.42,122.01,0.7936,-1,-1,-1
772,53,530.93,571.66,85.30,243.52,0.7489,-1,-1,-1
772,55,1064.55,664.71,76.34,241.80,0.8000,-1,-1,-1
772,54,1135.22,642.06,81.56,244.60,0.7853,-1,-1,-1
772,63,450.28,202.39,63.88,191.33,0.5194,-1,-1,-1
772,67,1569.76,586.99,105.67,237.35,0.5402,-1,-1,-1
773,4,1720.36,452.29,78.06,212.01,0.7319,-1,-1,-1
773,47,291.77,476.52,75.72,222.75,0.6810,-1,-1,-1
773,49,872.83,958.07,86.76,121.93,0.8031,-1,-1,-1
773,53,533.95,570.65,85.43,243.60,0.7279,-1,-1,-1
773,55,1062.36,661.51,75.74,239.09,0.8113,-1,-1,-1
773,54,1133.45,640.66,81.54,245.60,0.7657,-1,-1,-1
774,4,1720.98,452.10,77.52,212.00,0.7186,-1,-1,-1
774,47,291.85,477.61,75.71,222.13,0.7174,-1,-1,-1
774,49,873.06,958.01,87.21,121.99,0.7985,-1,-1,-1
774,53,536.34,569.97,85.29,244.08,0.7209,-1,-1,-1
774,55,1059.71,660.17,75.23,237.54,0.7758,-1,-1,-1
774,54,1131.83,639.56,81.57,245.94,0.7608,-1,-1,-1
774,67,1571.48,597.02,101.74,229.01,0.5101,-1,-1,-1
775,4,1721.43,452.81,76.54,210.43,0.7300,-1,-1,-1
775,47,291.28,478.64,75.86,222.20,0.7412,-1,-1,-1
775,49,873.17,957.93,87.65,122.07,0.8050,-1,-1,-1
775,53,539.85,570.12,84.60,243.74,0.7002,-1,-1,-1
775,55,1056.60,658.13,75.27,237.97,0.7550,-1,-1,-1
775,54,1128.28,638.65,82.81,249.01,0.7753,-1,-1,-1
776,4,1721.34,452.52,76.27,210.85,0.7378,-1,-1,-1
776,47,290.47,479.92,76.11,222.69,0.7495,-1,-1,-1
776,49,873.21,958.60,87.53,121.40,0.7918,-1,-1,-1
776,53,543.53,570.96,83.32,242.96,0.6930,-1,-1,-1
776,55,1053.54,654.92,75.54,239.86,0.7632,-1,-1,-1
776,54,1126.68,636.96,83.42,251.68,0.7786,-1,-1,-1
776,67,1570.38,597.99,101.50,228.38,0.5496,-1,-1,-1
777,4,1721.88,452.37,75.70,210.38,0.7362,-1,-1,-1
777,47,289.44,480.98,76.96,225.34,0.7678,-1,-1,-1
777,49,873.82,959.23,87.38,120.77,0.7871,-1,-1,-1
777,53,547.02,571.44,82.43,243.88,0.7096,-1,-1,-1
777,55,1050.86,652.12,76.49,243.62,0.7512,-1,-1,-1
777,54,1124.50,635.46,83.73,253.56,0.7132,-1,-1,-1
778,4,1722.03,452.46,75.38,210.36,0.7488,-1,-1,-1
778,47,289.32,483.49,76.77,225.05,0.7582,-1,-1,-1
778,49,874.10,959.26,87.66,120.74,0.7885,-1,-1,-1
778,53,551.77,571.76,81.05,244.90,0.7167,-1,-1,-1
778,55,1049.09,649.73,77.03,246.48,0.7582,-1,-1,-1
778,54,1123.69,633.84,83.29,253.45,0.7310,-1,-1,-1
778,67,1570.20,592.55,103.46,232.33,0.5973,-1,-1,-1
779,4,1721.70,452.22,75.35,210.87,0.7450,-1,-1,-1
779,47,288.79,486.33,76.46,224.57,0.7575,-1,-1,-1
779,49,874.40,959.21,87.93,120.79,0.7902,-1,-1,-1
779,53,556.49,571.97,80.40,248.21,0.7199,-1,-1,-1
779,55,1047.19,646.92,77.58,249.61,0.7556,-1,-1,-1
779,54,1119.76,632.01,83.65,254.21,0.7262,-1,-1,-1
779,67,1570.69,589.31,104.50,235.12,0.6000,-1,-1,-1
780,4,1721.94,452.15,75.30,211.38,0.7450,-1,-1,-1
780,47,288.59,489.15,76.39,224.98,0.7532,-1,-1,-1
780,49,874.30,959.35,88.04,120.65,0.7825,-1,-1,-1
780,53,560.65,572.53,78.49,247.31,0.7030,-1,-1,-1
780,55,1045.74,645.61,77.64,250.86,0.7531,-1,-1,-1
780,54,1117.26,629.65,84.01,255.50,0.7424,-1,-1,-1
780,67,1570.33,588.16,104.81,235.88,0.6142,-1,-1,-1
781,4,1722.23,451.69,74.99,211.37,0.7390,-1,-1,-1
781,47,288.20,490.99,76.57,226.27,0.7640,-1,-1,-1
781,49,874.35,959.15,88.26,120.85,0.7804,-1,-1,-1
781,53,563.19,571.28,78.40,252.14,0.6855,-1,-1,-1
781,55,1045.05,647.29,76.17,245.38,0.7498,-1,-1,-1
781,54,1113.78,627.31,84.03,255.52,0.7634,-1,-1,-1
781,67,1571.30,589.94,103.79,233.77,0.6602,-1,-1,-1
782,4,1722.07,451.33,74.78,211.16,0.7387,-1,-1,-1
782,47,288.00,492.54,77.28,229.54,0.7719,-1,-1,-1
782,49,874.41,958.80,88.44,121.20,0.7724,-1,-1,-1
782,53,564.76,572.02,78.33,256.03,0.6345,-1,-1,-1
782,55,1043.14,645.49,76.54,247.51,0.7432,-1,-1,-1
782,54,1111.42,624.97,82.01,249.08,0.7756,-1,-1,-1
782,67,1570.88,591.38,103.34,232.48,0.5852,-1,-1,-1
783,4,1722.59,451.93,74.70,210.97,0.7192,-1,-1,-1
783,47,287.82,493.79,77.89,232.83,0.7752,-1,-1,-1
783,49,874.64,958.37,88.55,121.63,0.7677,-1,-1,-1
783,53,567.27,572.57,77.96,258.43,0.6387,-1,-1,-1
783,55,1042.05,644.55,76.43,248.19,0.7380,-1,-1,-1
783,54,1109.91,622.38,80.33,243.99,0.7566,-1,-1,-1
783,67,1571.71,592.57,102.92,231.35,0.6506,-1,-1,-1
784,4,1722.39,451.92,74.97,211.96,0.7112,-1,-1,-1
784,47,287.92,494.82,77.93,234.13,0.7647,-1,-1,-1
784,49,874.86,958.22,88.34,121.78,0.7523,-1,-1,-1
784,53,571.41,573.00,74.58,249.35,0.5582,-1,-1,-1
784,55,1040.90,643.38,75.30,246.10,0.7439,-1,-1,-1
784,54,1107.51,619.24,79.01,239.60,0.7694,-1,-1,-1
784,67,1572.63,595.86,101.52,228.17,0.6964,-1,-1,-1
785,4,1722.51,452.01,74.86,211.66,0.7247,-1,-1,-1
785,47,288.38,495.79,77.54,234.09,0.7665,-1,-1,-1
785,49,875.13,957.07,88.55,122.93,0.7630,-1,-1,-1
785,53,575.70,573.42,72.53,245.32,0.5794,-1,-1,-1
785,55,1039.87,642.03,74.90,246.05,0.7484,-1,-1,-1
785,54,1105.13,616.19,78.98,239.31,0.7503,-1,-1,-1
785,67,1572.02,594.35,102.21,229.80,0.6273,-1,-1,-1
786,4,1722.22,451.45,74.71,211.79,0.7273,-1,-1,-1
786,47,288.72,496.90,77.04,233.30,0.7664,-1,-1,-1
786,49,875.24,956.47,88.25,123.53,0.7567,-1,-1,-1
786,53,579.91,575.10,70.87,241.39,0.5835,-1,-1,-1
786,55,1038.63,639.96,74.25,245.07,0.7315,-1,-1,-1
786,54,1102.18,614.89,78.41,238.26,0.7509,-1,-1,-1
786,67,1571.28,594.10,102.37,230.25,0.6485,-1,-1,-1
787,4,1722.79,452.25,74.55,211.31,0.7241,-1,-1,-1
787,47,289.50,497.97,76.55,231.84,0.7491,-1,-1,-1
787,49,875.53,955.82,87.83,124.18,0.7692,-1,-1,-1
787,53,585.70,577.07,70.66,238.62,0.5935,-1,-1,-1
787,55,1036.73,636.97,73.75,244.36,0.7424,-1,-1,-1
787,54,1099.98,612.09,79.06,241.87,0.7829,-1,-1,-1
787,67,1571.68,594.89,102.13,229.46,0.6592,-1,-1,-1
788,4,1722.71,452.53,74.56,211.60,0.7080,-1,-1,-1
788,47,289.73,499.14,76.22,230.26,0.7403,-1,-1,-1
788,49,875.36,955.39,87.34,124.61,0.7729,-1,-1,-1
788,53,589.15,578.78,70.89,238.02,0.5398,-1,-1,-1
788,55,1035.06,634.19,72.35,239.86,0.7377,-1,-1,-1
788,54,1097.76,610.50,79.46,244.61,0.7646,-1,-1,-1
788,67,1572.87,594.52,102.15,229.67,0.6772,-1,-1,-1
789,4,1722.98,452.81,74.81,212.74,0.7222,-1,-1,-1
789,47,289.73,500.59,75.97,228.36,0.7457,-1,-1,-1
789,49,875.43,955.49,86.56,124.51,0.7685,-1,-1,-1
789,53,592.03,580.60,70.99,236.40,0.5916,-1,-1,-1
789,55,1033.11,631.24,71.48,235.85,0.7267,-1,-1,-1
789,54,1094.90,608.78,80.43,248.65,0.7914,-1,-1,-1
789,67,1571.74,594.46,102.43,229.98,0.6652,-1,-1,-1
790,4,1722.57,452.33,74.45,212.52,0.7279,-1,-1,-1
790,47,290.18,501.73,75.45,225.61,0.7442,-1,-1,-1
790,49,875.29,954.18,86.73,125.82,0.7736,-1,-1,-1
790,53,594.17,582.09,71.14,235.48,0.5954,-1,-1,-1
790,55,1032.74,629.24,68.90,225.08,0.7179,-1,-1,-1
790,54,1093.44,607.30,80.83,250.70,0.7809,-1,-1,-1
790,67,1571.55,594.14,102.49,229.95,0.6712,-1,-1,-1
791,4,1722.50,452.78,74.56,212.91,0.7326,-1,-1,-1
791,47,289.99,502.54,75.63,225.06,0.7398,-1,-1,-1
791,49,875.81,953.86,86.00,126.14,0.7571,-1,-1,-1
791,53,596.95,583.20,71.20,234.05,0.6070,-1,-1,-1
791,55,1031.16,626.85,69.38,224.92,0.7301,-1,-1,-1
791,54,1092.22,606.48,81.49,252.74,0.7685,-1,-1,-1
791,67,1570.71,593.61,102.80,230.68,0.7025,-1,-1,-1
792,4,1722.27,452.59,74.39,212.59,0.7484,-1,-1,-1
792,47,289.70,503.60,75.80,224.54,0.7439,-1,-1,-1
792,49,876.15,953.34,85.17,126.66,0.7580,-1,-1,-1
792,53,598.69,584.10,71.42,233.08,0.5912,-1,-1,-1
792,55,1028.46,624.12,71.57,231.44,0.7440,-1,-1,-1
792,54,1091.54,606.08,82.26,254.87,0.7663,-1,-1,-1
792,67,1569.55,591.08,103.92,233.24,0.6773,-1,-1,-1
793,4,1722.34,452.48,74.11,212.21,0.7369,-1,-1,-1
793,47,289.57,506.13,76.32,225.33,0.7209,-1,-1,-1
793,49,876.26,952.59,84.47,127.41,0.7587,-1,-1,-1
793,53,601.04,585.32,70.83,229.90,0.5969,-1,-1,-1
793,55,1025.68,620.84,73.57,237.78,0.7594,-1,-1,-1
793,54,1090.75,605.43,82.62,255.71,0.7804,-1,-1,-1
793,67,1569.68,591.71,103.55,232.34,0.7006,-1,-1,-1
794,4,1722.55,452.60,74.31,212.58,0.7553,-1,-1,-1
794,47,289.26,508.87,77.28,227.74,0.7037,-1,-1,-1
794,49,875.53,951.23,83.85,128.77,0.7508,-1,-1,-1
794,53,602.15,585.11,72.54,235.68,0.5290,-1,-1,-1
794,55,1023.90,618.70,74.83,241.71,0.7601,-1,-1,-1
794,54,1090.11,605.54,82.93,255.59,0.7447,-1,-1,-1
794,67,1569.44,590.29,104.08,233.70,0.6838,-1,-1,-1
795,4,1722.22,452.69,73.92,211.48,0.7574,-1,-1,-1
795,47,288.35,510.95,78.17,230.74,0.7140,-1,-1,-1
795,49,875.05,949.97,82.94,130.03,0.7325,-1,-1,-1
795,55,1021.55,616.23,75.69,244.26,0.7831,-1,-1,-1
795,54,1088.65,604.21,83.52,256.25,0.7677,-1,-1,-1
795,67,1569.25,589.76,104.48,234.56,0.6853,-1,-1,-1
796,4,1722.64,452.23,73.93,211.74,0.7578,-1,-1,-1
796,47,287.74,513.18,78.86,233.24,0.7402,-1,-1,-1
796,49,874.72,949.29,81.66,130.71,0.7514,-1,-1,-1
796,55,1019.08,615.51,75.85,245.05,0.8021,-1,-1,-1
796,54,1086.86,602.83,83.24,254.95,0.7898,-1,-1,-1
796,67,1569.43,588.55,104.99,236.19,0.6230,-1,-1,-1
797,4,1722.81,451.62,74.28,213.25,0.7450,-1,-1,-1
797,47,287.10,515.42,78.63,233.32,0.7352,-1,-1,-1
797,49,874.43,948.26,80.67,131.74,0.7461,-1,-1,-1
797,55,1016.71,614.53,76.21,246.83,0.8128,-1,-1,-1
797,54,1085.12,600.72,83.29,255.43,0.8018,-1,-1,-1
797,67,1568.57,590.26,104.65,236.04,0.5980,-1,-1,-1
797,63,442.09,235.60,58.04,179.78,0.5165,-1,-1,-1
798,4,1722.82,451.76,74.01,212.79,0.7493,-1,-1,-1
798,47,286.26,516.56,79.10,235.50,0.7570,-1,-1,-1
798,49,874.09,946.88,79.77,133.12,0.7295,-1,-1,-1
798,55,1015.40,613.62,76.15,247.13,0.8079,-1,-1,-1
798,54,1083.53,598.72,83.14,254.96,0.8042,-1,-1,-1
798,67,1570.26,590.56,103.97,234.82,0.6813,-1,-1,-1
798,63,442.26,235.71,57.74,182.44,0.5096,-1,-1,-1
799,4,1723.07,451.88,73.64,212.37,0.7431,-1,-1,-1
799,47,285.77,519.14,78.56,234.42,0.7684,-1,-1,-1
799,49,873.93,945.58,78.77,134.42,0.7112,-1,-1,-1
799,55,1013.36,615.05,75.50,245.84,0.7762,-1,-1,-1
799,54,1082.15,595.32,82.53,253.19,0.7762,-1,-1,-1
799,67,1569.67,586.90,105.12,237.99,0.6099,-1,-1,-1
799,63,442.69,237.22,57.67,183.62,0.5635,-1,-1,-1
800,4,1722.96,452.07,73.30,211.57,0.7390,-1,-1,-1
800,47,284.40,521.94,78.94,236.22,0.7765,-1,-1,-1
800,49,874.16,944.42,77.70,135.58,0.6971,-1,-1,-1
800,55,1011.60,614.93,75.18,245.08,0.7837,-1,-1,-1
800,54,1082.52,591.68,80.27,245.15,0.7349,-1,-1,-1
800,67,1570.08,587.45,104.79,237.62,0.6165,-1,-1,-1
800,63,441.38,236.19,58.41,186.92,0.5498,-1,-1,-1
800,70,395.17,238.82,54.31,174.37,0.5141,-1,-1,-1
801,4,1722.52,452.39,73.44,212.13,0.7339,-1,-1,-1
801,47,282.99,523.20,78.92,236.71,0.8035,-1,-1,-1
801,49,874.02,943.06,76.87,136.94,0.6649,-1,-1,-1
801,55,1009.03,613.28,74.97,244.34,0.7724,-1,-1,-1
801,54,1080.88,588.49,78.52,238.27,0.7592,-1,-1,-1
801,67,1569.95,592.63,103.42,234.66,0.5835,-1,-1,-1
801,63,441.22,236.69,58.64,188.43,0.5207,-1,-1,-1
801,70,396.18,240.51,53.30,171.21,0.5210,-1,-1,-1
802,4,1722.53,452.01,73.28,211.76,0.7443,-1,-1,-1
802,47,281.77,524.46,78.37,235.63,0.8037,-1,-1,-1
802,49,874.10,941.88,75.83,138.12,0.6456,-1,-1,-1
802,55,1007.74,611.73,74.97,245.23,0.7646,-1,-1,-1
802,54,1078.91,585.27,77.14,233.09,0.7485,-1,-1,-1
802,67,1568.86,594.25,103.22,234.00,0.5782,-1,-1,-1
802,63,441.25,236.83,58.77,189.84,0.5692,-1,-1,-1
803,4,1722.40,452.55,73.30,211.96,0.7406,-1,-1,-1
803,47,281.04,525.47,78.05,234.98,0.7999,-1,-1,-1
803,49,873.96,942.14,74.15,137.86,0.6701,-1,-1,-1
803,55,1005.98,609.26,75.27,246.64,0.7585,-1,-1,-1
803,54,1076.81,582.72,77.39,234.27,0.7597,-1,-1,-1
803,67,1568.78,596.33,102.37,231.47,0.5040,-1,-1,-1
803,63,441.27,238.16,58.38,189.54,0.5478,-1,-1,-1
804,4,1722.26,452.55,73.35,212.20,0.7466,-1,-1,-1
804,47,280.04,526.79,77.35,233.44,0.7956,-1,-1,-1
804,49,873.96,941.33,73.24,138.67,0.6738,-1,-1,-1
804,55,1003.90,606.26,74.97,245.85,0.7367,-1,-1,-1
804,54,1074.97,579.76,77.83,236.80,0.7574,-1,-1,-1
804,67,1568.32,596.25,102.61,231.44,0.5803,-1,-1,-1
804,63,441.44,239.17,58.09,189.45,0.5598,-1,-1,-1
804,70,395.58,239.84,53.69,172.55,0.5354,-1,-1,-1
805,4,1721.93,452.99,73.49,212.34,0.7360,-1,-1,-1
805,47,278.91,527.58,77.08,232.70,0.8018,-1,-1,-1
805,49,874.18,939.72,72.78,140.28,0.6636,-1,-1,-1
805,55,1001.88,602.87,73.61,241.70,0.7569,-1,-1,-1
805,54,1073.28,577.43,78.55,240.76,0.7711,-1,-1,-1
805,67,1568.16,595.27,103.15,232.19,0.6026,-1,-1,-1
805,63,442.20,240.18,57.72,188.39,0.6113,-1,-1,-1
805,70,394.99,241.61,53.22,171.28,0.5300,-1,-1,-1
806,4,1721.93,452.73,73.56,212.35,0.7467,-1,-1,-1
806,47,277.99,528.43,76.86,231.81,0.8027,-1,-1,-1
806,49,874.42,938.55,72.19,141.45,0.6660,-1,-1,-1
806,55,999.84,599.97,72.71,238.94,0.7663,-1,-1,-1
806,54,1072.40,575.14,78.83,244.03,0.7756,-1,-1,-1
806,67,1569.03,595.71,103.05,232.16,0.6058,-1,-1,-1
807,4,1722.31,453.74,73.86,212.78,0.7261,-1,-1,-1
807,47,277.63,529.28,76.56,230.52,0.7918,-1,-1,-1
807,49,874.46,937.52,71.49,142.48,0.6362,-1,-1,-1
807,55,998.01,597.43,71.83,235.96,0.7667,-1,-1,-1
807,54,1071.60,573.82,78.48,244.98,0.7758,-1,-1,-1
807,67,1569.54,597.50,102.28,230.33,0.6048,-1,-1,-1
808,4,1722.55,453.91,73.91,212.53,0.7252,-1,-1,-1
808,47,277.25,530.31,76.24,229.37,0.7946,-1,-1,-1
808,49,874.55,936.61,70.79,143.39,0.6371,-1,-1,-1
808,55,997.03,595.29,70.73,232.52,0.7692,-1,-1,-1
808,54,1070.18,572.95,78.13,245.05,0.7735,-1,-1,-1
808,67,1570.65,594.25,103.00,231.70,0.6522,-1,-1,-1
808,63,442.76,241.69,57.29,186.24,0.5661,-1,-1,-1
809,4,1722.57,455.11,73.46,210.72,0.7297,-1,-1,-1
809,47,276.69,531.61,76.15,228.63,0.8008,-1,-1,-1
809,49,875.14,936.61,69.62,143.20,0.6370,-1,-1,-1
809,55,995.19,593.52,70.73,233.52,0.7697,-1,-1,-1
809,54,1068.50,572.58,78.15,245.75,0.7827,-1,-1,-1
809,67,1570.75,594.92,102.48,230.14,0.6825,-1,-1,-1
809,63,441.67,241.01,57.91,186.40,0.5266,-1,-1,-1
810,4,1722.20,453.28,74.05,212.71,0.7340,-1,-1,-1
810,47,276.09,533.13,76.29,228.76,0.7915,-1,-1,-1
810,49,875.49,936.07,68.68,143.05,0.6510,-1,-1,-1
810,55,993.73,592.19,71.14,235.62,0.7627,-1,-1,-1
810,54,1066.62,572.54,77.81,244.73,0.7690,-1,-1,-1
810,67,1570.95,595.76,102.28,229.23,0.6893,-1,-1,-1
810,63,441.50,243.80,57.70,183.76,0.5847,-1,-1,-1
811,4,1722.18,452.63,73.80,212.19,0.7313,-1,-1,-1
811,47,275.54,535.04,76.97,230.56,0.7991,-1,-1,-1
811,49,875.94,935.53,68.32,143.38,0.6637,-1,-1,-1
811,55,991.40,591.45,71.11,236.36,0.7654,-1,-1,-1
811,54,1065.24,571.42,77.98,245.53,0.7718,-1,-1,-1
811,67,1571.77,597.98,101.29,226.50,0.6999,-1,-1,-1
811,63,441.50,244.42,58.15,183.73,0.5261,-1,-1,-1
812,4,1722.63,452.12,73.95,213.03,0.7280,-1,-1,-1
812,47,274.89,536.70,77.63,232.60,0.7987,-1,-1,-1
812,49,875.96,935.32,67.90,143.59,0.6738,-1,-1,-1
812,55,989.66,590.50,71.15,238.03,0.7566,-1,-1,-1
812,54,1063.10,570.60,77.70,245.33,0.7598,-1,-1,-1
812,67,1571.36,595.42,102.22,228.79,0.6660,-1,-1,-1
812,63,441.97,244.49,58.07,182.69,0.5487,-1,-1,-1
813,4,1722.73,452.03,73.85,213.11,0.7347,-1,-1,-1
813,47,273.66,538.18,78.70,236.12,0.7923,-1,-1,-1
813,49,875.92,935.36,67.52,143.55,0.6733,-1,-1,-1
813,55,987.45,590.12,71.08,238.93,0.7701,-1,-1,-1
813,54,1061.48,569.25,77.74,246.87,0.7508,-1,-1,-1
813,67,1571.63,596.81,101.89,227.50,0.6661,-1,-1,-1
814,4,1723.14,452.43,73.53,212.48,0.7231,-1,-1,-1
814,47,273.04,539.93,78.58,235.58,0.7850,-1,-1,-1
814,49,875.66,935.18,67.18,143.56,0.6511,-1,-1,-1
814,55,985.47,589.37,70.20,236.89,0.7690,-1,-1,-1
814,54,1060.57,567.34,76.49,243.67,0.7253,-1,-1,-1
814,67,1571.73,597.21,101.99,227.45,0.6815,-1,-1,-1
814,63,441.06,245.50,58.37,182.25,0.5469,-1,-1,-1
815,4,1723.35,452.75,73.18,211.66,0.7360,-1,-1,-1
815,47,272.46,542.02,78.55,235.45,0.7996,-1,-1,-1
815,49,875.62,934.88,67.11,144.13,0.6604,-1,-1,-1
815,55,984.59,589.22,68.95,233.15,0.7668,-1,-1,-1
815,54,1060.05,565.51,73.80,235.71,0.7497,-1,-1,-1
815,67,1572.07,596.45,102.38,227.95,0.6789,-1,-1,-1
816,4,1723.41,452.30,73.31,212.65,0.7306,-1,-1,-1
816,47,271.56,544.87,79.28,237.55,0.8064,-1,-1,-1
816,49,875.08,934.28,67.12,144.82,0.6881,-1,-1,-1
816,55,983.64,588.42,67.60,227.98,0.7578,-1,-1,-1
816,54,1059.03,564.12,72.04,230.85,0.7784,-1,-1,-1
816,67,1572.19,596.58,102.39,227.92,0.6860,-1,-1,-1
816,63,438.79,248.63,59.88,185.47,0.5220,-1,-1,-1
817,4,1723.72,454.18,72.56,210.22,0.7355,-1,-1,-1
817,47,271.39,547.79,79.07,236.45,0.8117,-1,-1,-1
817,49,874.40,934.01,66.80,144.90,0.6947,-1,-1,-1
817,55,982.27,586.84,66.46,223.43,0.7637,-1,-1,-1
817,54,1056.75,561.39,71.22,229.62,0.8024,-1,-1,-1
817,67,1571.85,597.21,102.28,227.24,0.6832,-1,-1,-1
817,63,438.60,251.08,59.89,184.77,0.5880,-1,-1,-1
817,70,387.38,264.31,52.83,168.77,0.5317,-1,-1,-1
818,4,1722.79,452.76,73.36,212.75,0.7291,-1,-1,-1
818,47,271.40,550.17,79.71,238.45,0.8095,-1,-1,-1
818,49,873.54,933.63,66.86,145.54,0.7191,-1,-1,-1
818,55,981.62,585.61,65.17,218.30,0.7787,-1,-1,-1
818,54,1054.41,558.80,70.97,229.84,0.7992,-1,-1,-1
818,67,1570.34,594.57,103.70,230.31,0.6823,-1,-1,-1
818,63,438.50,254.76,59.84,184.18,0.5598,-1,-1,-1
818,70,386.28,266.47,52.36,167.01,0.5093,-1,-1,-1
819,4,1723.31,453.43,73.29,212.48,0.7254,-1,-1,-1
819,47,271.56,551.73,79.77,238.92,0.7907,-1,-1,-1
819,49,873.20,934.15,66.70,145.19,0.7204,-1,-1,-1
819,55,979.77,584.00,64.64,216.56,0.8196,-1,-1,-1
819,54,1051.38,555.04,72.01,233.34,0.8177,-1,-1,-1
819,67,1570.69,596.34,102.92,228.52,0.7097,-1,-1,-1
819,63,437.26,255.92,60.49,186.05,0.6077,-1,-1,-1
819,70,385.31,265.60,52.69,167.44,0.5216,-1,-1,-1
820,4,1723.39,455.13,72.71,210.33,0.7247,-1,-1,-1
820,47,271.96,552.60,79.78,239.57,0.8012,-1,-1,-1
820,49,872.40,934.64,66.50,145.13,0.7121,-1,-1,-1
820,55,977.57,580.59,65.07,217.90,0.8336,-1,-1,-1
820,54,1048.06,553.23,72.81,235.00,0.8185,-1,-1,-1
820,67,1570.96,596.20,102.94,228.38,0.7059,-1,-1,-1
820,63,437.29,259.51,60.25,184.63,0.6611,-1,-1,-1
820,70,384.35,265.71,53.23,168.45,0.5371,-1,-1,-1
821,4,1723.18,453.38,73.19,212.09,0.7162,-1,-1,-1
821,47,272.30,553.14,79.44,238.81,0.7831,-1,-1,-1
821,49,872.26,934.63,66.43,145.31,0.7218,-1,-1,-1
821,55,975.58,577.33,65.61,219.48,0.8350,-1,-1,-1
821,54,1046.03,551.61,73.57,235.83,0.8371,-1,-1,-1
821,67,1570.94,596.85,102.76,227.81,0.6981,-1,-1,-1
821,63,436.29,260.54,61.29,187.23,0.6443,-1,-1,-1
821,70,382.86,265.30,53.93,170.08,0.5338,-1,-1,-1
822,4,1722.97,453.29,73.30,212.30,0.7219,-1,-1,-1
822,47,272.74,554.30,79.24,238.13,0.7676,-1,-1,-1
822,49,872.11,935.23,66.15,144.77,0.7199,-1,-1,-1
822,55,974.41,574.19,64.96,216.16,0.8115,-1,-1,-1
822,54,1044.36,550.31,74.57,236.90,0.8328,-1,-1,-1
822,67,1571.59,596.38,102.81,228.07,0.7121,-1,-1,-1
822,63,436.39,261.50,61.45,187.34,0.6091,-1,-1,-1
823,4,1722.66,453.29,73.36,212.45,0.7328,-1,-1,-1
823,47,273.18,555.12,78.98,237.16,0.7801,-1,-1,-1
823,49,871.72,936.04,65.73,143.97,0.7138,-1,-1,-1
823,55,972.26,570.28,66.99,222.81,0.8126,-1,-1,-1
823,54,1043.53,549.20,76.07,239.57,0.8220,-1,-1,-1
823,67,1571.22,595.68,103.04,228.58,0.6896,-1,-1,-1
823,63,436.95,262.08,61.37,187.31,0.6339,-1,-1,-1
823,70,382.27,268.11,53.66,168.14,0.5639,-1,-1,-1
824,4,1722.96,455.30,72.93,210.70,0.7123,-1,-1,-1
824,47,273.35,555.81,78.97,236.56,0.7698,-1,-1,-1
824,49,871.52,936.50,65.29,142.69,0.7265,-1,-1,-1
824,55,968.28,568.29,68.71,228.59,0.7732,-1,-1,-1
824,54,1041.54,547.86,77.97,242.38,0.7980,-1,-1,-1
824,67,1571.22,596.18,103.06,228.32,0.6776,-1,-1,-1
824,63,436.82,262.50,61.37,187.46,0.6669,-1,-1,-1
824,70,382.63,270.28,53.46,167.15,0.5496,-1,-1,-1
825,4,1722.61,454.65,73.43,211.57,0.7154,-1,-1,-1
825,47,273.43,557.24,78.65,234.77,0.7742,-1,-1,-1
825,49,870.78,937.18,65.17,142.24,0.6985,-1,-1,-1
825,55,965.80,566.58,69.39,231.50,0.7745,-1,-1,-1
825,54,1041.24,547.68,79.74,244.06,0.7935,-1,-1,-1
825,67,1571.75,598.41,102.02,225.95,0.6944,-1,-1,-1
825,63,436.53,262.97,61.39,187.52,0.6560,-1,-1,-1
825,70,382.19,271.44,53.78,168.07,0.5607,-1,-1,-1
826,4,1722.15,455.48,73.24,209.88,0.7347,-1,-1,-1
826,47,273.57,558.95,78.36,232.82,0.7890,-1,-1,-1
826,49,869.77,937.65,65.33,142.15,0.7043,-1,-1,-1
826,55,963.32,565.02,69.84,233.61,0.7712,-1,-1,-1
826,54,1040.79,547.16,80.56,242.77,0.7725,-1,-1,-1
826,67,1572.06,597.28,102.33,226.74,0.6841,-1,-1,-1
826,63,435.88,263.85,61.34,186.93,0.6904,-1,-1,-1
826,70,381.96,272.12,53.63,167.64,0.5283,-1,-1,-1
827,4,1722.11,454.78,73.80,210.82,0.7303,-1,-1,-1
827,47,273.50,560.11,78.31,231.55,0.7894,-1,-1,-1
827,49,869.77,938.71,65.16,141.23,0.7118,-1,-1,-1
827,55,962.03,563.56,69.31,232.42,0.7662,-1,-1,-1
827,54,1039.49,546.41,81.55,242.14,0.7690,-1,-1,-1
827,67,1571.86,596.97,102.62,227.16,0.6698,-1,-1,-1
827,63,436.04,264.57,61.00,185.81,0.6709,-1,-1,-1
827,70,380.84,272.21,54.06,168.72,0.5155,-1,-1,-1
828,4,1721.54,453.77,74.11,211.68,0.7416,-1,-1,-1
828,47,273.39,561.62,78.45,231.05,0.7897,-1,-1,-1
828,49,869.42,939.22,65.17,140.77,0.7060,-1,-1,-1
828,55,960.12,562.82,69.05,231.40,0.7608,-1,-1,-1
828,54,1038.61,544.83,83.05,243.31,0.7913,-1,-1,-1
828,67,1572.29,596.21,102.93,228.03,0.6726,-1,-1,-1
828,63,436.21,264.54,60.83,185.35,0.6805,-1,-1,-1
828,70,378.17,272.17,55.41,172.00,0.5264,-1,-1,-1
829,4,1721.65,453.13,74.27,212.29,0.7356,-1,-1,-1
829,47,272.91,562.60,79.32,233.03,0.7947,-1,-1,-1
829,49,869.86,939.47,65.08,140.55,0.7155,-1,-1,-1
829,55,958.72,561.51,69.33,232.43,0.7777,-1,-1,-1
829,54,1036.62,543.22,84.07,243.91,0.7742,-1,-1,-1
829,67,1572.15,596.24,102.84,227.67,0.6824,-1,-1,-1
829,63,436.35,264.66,60.78,185.24,0.6978,-1,-1,-1
829,70,377.87,272.67,56.29,174.64,0.5468,-1,-1,-1
830,4,1721.48,452.76,74.39,212.65,0.7458,-1,-1,-1
830,47,272.44,563.72,80.50,236.82,0.7990,-1,-1,-1
830,49,869.46,940.63,64.87,139.39,0.7040,-1,-1,-1
830,55,957.59,561.44,69.21,232.52,0.7996,-1,-1,-1
830,54,1035.85,541.12,85.25,245.26,0.7964,-1,-1,-1
830,67,1571.74,594.53,103.43,229.36,0.6841,-1,-1,-1
830,63,436.12,265.88,60.49,183.99,0.6679,-1,-1,-1
830,70,374.82,272.76,57.34,176.65,0.5586,-1,-1,-1
831,4,1722.11,454.88,73.94,210.87,0.7314,-1,-1,-1
831,47,271.70,565.74,81.67,240.94,0.8093,-1,-1,-1
831,49,869.64,941.26,64.72,138.76,0.7115,-1,-1,-1
831,55,956.37,561.78,69.17,232.80,0.8019,-1,-1,-1
831,54,1034.45,538.70,86.24,246.60,0.7988,-1,-1,-1
831,67,1571.86,593.96,103.51,230.16,0.7001,-1,-1,-1
831,63,435.86,266.61,60.56,183.92,0.6207,-1,-1,-1
831,70,372.82,273.60,58.43,179.53,0.5296,-1,-1,-1
832,4,1721.42,453.55,74.43,212.22,0.7499,-1,-1,-1
832,47,271.32,568.52,81.99,242.29,0.8219,-1,-1,-1
832,49,870.08,942.14,64.58,137.87,0.6851,-1,-1,-1
832,55,954.95,561.86,68.85,231.86,0.7728,-1,-1,-1
832,54,1032.18,535.93,86.07,245.86,0.7805,-1,-1,-1
832,67,1572.11,592.79,103.76,231.26,0.6929,-1,-1,-1
832,63,436.39,267.61,60.79,183.93,0.6227,-1,-1,-1
832,70,371.91,273.83,59.15,181.20,0.5159,-1,-1,-1
833,4,1720.96,453.09,74.75,212.96,0.7513,-1,-1,-1
833,47,270.45,571.18,82.34,243.66,0.8197,-1,-1,-1
833,49,870.46,943.19,64.41,136.83,0.7041,-1,-1,-1
833,55,953.22,560.36,68.92,232.22,0.7714,-1,-1,-1
833,54,1031.95,533.39,83.19,236.55,0.7928,-1,-1,-1
833,67,1571.60,591.35,104.17,232.72,0.6643,-1,-1,-1
833,63,435.96,267.67,61.70,186.39,0.6191,-1,-1,-1
834,4,1721.00,454.57,74.48,211.04,0.7542,-1,-1,-1
834,47,269.70,573.67,82.29,243.89,0.8161,-1,-1,-1
834,49,870.90,943.87,64.61,136.15,0.7142,-1,-1,-1
834,55,950.94,555.65,70.21,237.25,0.7566,-1,-1,-1
834,54,1031.47,529.43,82.01,232.98,0.8008,-1,-1,-1
834,67,1571.42,590.45,104.51,233.72,0.6828,-1,-1,-1
834,63,435.61,268.00,62.49,189.05,0.5849,-1,-1,-1
835,4,1720.74,453.57,75.47,213.24,0.7453,-1,-1,-1
835,47,268.82,576.07,82.33,245.00,0.8264,-1,-1,-1
835,49,870.74,943.60,65.42,136.42,0.6990,-1,-1,-1
835,55,948.82,552.96,70.40,238.29,0.7588,-1,-1,-1
835,54,1030.44,526.35,81.41,231.73,0.7954,-1,-1,-1
835,67,1570.64,589.14,104.99,234.95,0.6455,-1,-1,-1
835,63,436.59,270.39,62.36,189.30,0.6504,-1,-1,-1
836,4,1720.39,455.43,75.11,211.06,0.7407,-1,-1,-1
836,47,268.27,578.65,82.13,245.09,0.8160,-1,-1,-1
836,49,869.95,943.33,66.70,136.68,0.7306,-1,-1,-1
836,55,948.54,550.41,68.27,230.85,0.7773,-1,-1,-1
836,54,1029.69,523.42,81.13,232.68,0.7916,-1,-1,-1
836,67,1570.52,590.32,104.56,233.98,0.6672,-1,-1,-1
836,63,437.10,272.98,62.01,189.52,0.6299,-1,-1,-1
837,4,1720.58,454.43,75.83,212.84,0.7496,-1,-1,-1
837,47,267.57,580.31,81.79,244.70,0.8028,-1,-1,-1
837,49,869.72,943.40,67.62,136.61,0.7275,-1,-1,-1
837,55,947.20,547.98,67.48,227.87,0.7744,-1,-1,-1
837,54,1028.97,520.66,80.53,233.52,0.7735,-1,-1,-1
837,67,1570.02,589.73,105.14,234.81,0.6250,-1,-1,-1
837,63,437.95,276.59,61.05,188.02,0.6277,-1,-1,-1
838,4,1720.45,455.56,75.10,209.43,0.7585,-1,-1,-1
838,47,267.08,581.83,81.10,243.16,0.7859,-1,-1,-1
838,49,869.43,943.48,68.45,136.48,0.7208,-1,-1,-1
838,55,945.04,545.92,67.34,227.52,0.7841,-1,-1,-1
838,54,1028.84,519.14,79.79,234.25,0.7756,-1,-1,-1
838,67,1570.98,591.22,104.37,232.98,0.6791,-1,-1,-1
838,63,436.01,274.51,62.30,191.91,0.6384,-1,-1,-1
839,4,1719.98,453.55,75.81,211.48,0.7573,-1,-1,-1
839,47,266.36,583.09,80.48,241.28,0.7657,-1,-1,-1
839,49,869.16,942.79,69.51,136.95,0.7165,-1,-1,-1
839,55,943.85,543.51,67.50,228.53,0.7773,-1,-1,-1
839,54,1029.32,518.63,78.94,234.62,0.7686,-1,-1,-1
839,67,1571.09,591.36,104.36,232.59,0.6137,-1,-1,-1
839,63,435.79,276.31,62.08,191.44,0.6192,-1,-1,-1
840,4,1720.13,453.04,75.93,211.86,0.7559,-1,-1,-1
840,47,264.73,584.24,80.13,239.88,0.7395,-1,-1,-1
840,49,869.20,943.46,69.91,136.13,0.7148,-1,-1,-1
840,55,942.41,541.53,67.52,228.97,0.7689,-1,-1,-1
840,54,1029.46,518.27,77.82,233.88,0.7631,-1,-1,-1
840,67,1571.22,593.26,103.97,231.00,0.6460,-1,-1,-1
840,63,434.92,275.20,62.57,192.80,0.6562,-1,-1,-1
840,70,360.10,275.65,60.40,178.38,0.5059,-1,-1,-1
841,4,1720.00,452.45,76.17,212.43,0.7449,-1,-1,-1
841,47,264.06,585.47,79.74,237.89,0.7609,-1,-1,-1
841,49,870.36,943.61,70.62,135.94,0.7294,-1,-1,-1
841,55,940.86,539.95,67.77,230.35,0.7721,-1,-1,-1
841,54,1028.68,517.91,76.87,233.35,0.7483,-1,-1,-1
841,67,1571.68,593.76,104.02,230.82,0.6776,-1,-1,-1
841,63,435.37,278.16,61.69,191.32,0.6530,-1,-1,-1
841,70,359.39,275.82,61.89,179.17,0.5058,-1,-1,-1
842,4,1720.37,454.86,75.64,210.25,0.7272,-1,-1,-1
842,47,263.64,586.09,79.79,237.12,0.7748,-1,-1,-1
842,49,870.26,943.59,71.49,136.08,0.7153,-1,-1,-1
842,55,938.84,538.98,67.97,231.84,0.7716,-1,-1,-1
842,54,1026.51,516.94,76.37,232.92,0.7373,-1,-1,-1
842,67,1572.60,594.40,103.73,230.03,0.6518,-1,-1,-1
842,63,436.20,278.82,61.04,190.28,0.6421,-1,-1,-1
842,70,364.92,281.04,59.67,174.47,0.5131,-1,-1,-1
843,4,1720.35,455.62,75.61,209.05,0.7326,-1,-1,-1
843,47,262.91,586.87,79.90,236.08,0.7887,-1,-1,-1
843,49,870.67,943.74,72.18,135.79,0.7209,-1,-1,-1
843,55,937.48,538.29,67.84,232.11,0.7837,-1,-1,-1
843,54,1024.17,516.46,76.41,233.20,0.7527,-1,-1,-1
843,67,1571.67,593.50,104.42,231.36,0.6284,-1,-1,-1
843,63,437.06,280.50,60.31,188.47,0.6733,-1,-1,-1
843,70,366.03,282.87,59.70,174.98,0.5540,-1,-1,-1
844,4,1720.10,454.19,76.53,211.23,0.7412,-1,-1,-1
844,47,262.78,587.82,80.02,235.41,0.7974,-1,-1,-1
844,49,870.61,943.44,73.04,136.13,0.7208,-1,-1,-1
844,55,936.48,536.68,67.90,233.26,0.7891,-1,-1,-1
844,54,1021.90,516.17,76.01,232.10,0.7795,-1,-1,-1
844,67,1571.14,592.72,104.57,232.03,0.6321,-1,-1,-1
844,63,437.48,281.67,59.86,187.42,0.6716,-1,-1,-1
844,70,362.81,281.47,61.79,179.85,0.5285,-1,-1,-1
845,4,1719.70,455.81,76.03,208.86,0.7514,-1,-1,-1
845,47,262.57,588.61,80.35,235.40,0.7995,-1,-1,-1
845,49,870.21,943.57,73.70,136.01,0.7120,-1,-1,-1
845,55,935.52,535.90,67.94,233.84,0.7750,-1,-1,-1
845,54,1020.73,516.20,75.06,229.80,0.7743,-1,-1,-1
845,67,1570.62,592.77,104.34,231.62,0.6418,-1,-1,-1
845,63,437.44,281.45,59.82,188.04,0.6712,-1,-1,-1
845,70,361.79,282.78,62.41,181.20,0.5546,-1,-1,-1
846,4,1719.59,455.90,76.18,208.43,0.7434,-1,-1,-1
846,47,262.29,589.60,81.02,236.41,0.7939,-1,-1,-1
846,49,870.07,944.29,73.99,135.13,0.7197,-1,-1,-1
846,55,934.31,535.09,67.61,232.85,0.7835,-1,-1,-1
846,54,1019.74,515.43,74.77,229.17,0.7743,-1,-1,-1
846,67,1570.60,594.51,103.68,229.87,0.6630,-1,-1,-1
846,63,437.61,282.23,59.29,187.08,0.6581,-1,-1,-1
846,70,360.60,284.11,62.93,181.69,0.5688,-1,-1,-1
847,4,1719.17,454.64,77.09,210.13,0.7454,-1,-1,-1
847,47,262.21,592.56,81.36,236.39,0.7786,-1,-1,-1
847,49,870.32,944.57,74.65,134.94,0.6938,-1,-1,-1
847,55,933.44,534.17,67.14,231.17,0.7623,-1,-1,-1
847,54,1017.76,513.27,75.50,232.39,0.7548,-1,-1,-1
847,67,1570.26,594.06,103.83,230.05,0.6545,-1,-1,-1
847,63,437.83,281.94,58.83,186.50,0.6359,-1,-1,-1
847,70,360.39,287.38,62.77,180.25,0.5599,-1,-1,-1
848,4,1718.48,453.42,77.58,211.20,0.7519,-1,-1,-1
848,47,262.37,595.10,81.87,237.41,0.7984,-1,-1,-1
848,49,869.99,944.63,75.27,134.74,0.7062,-1,-1,-1
848,55,932.51,532.70,66.90,230.54,0.7651,-1,-1,-1
848,54,1016.53,511.19,74.13,228.83,0.7525,-1,-1,-1
848,67,1570.52,593.80,103.89,230.01,0.6401,-1,-1,-1
848,63,436.83,281.07,59.04,187.76,0.6348,-1,-1,-1
848,70,359.28,288.45,63.07,180.29,0.5680,-1,-1,-1
849,4,1718.62,453.47,77.75,211.13,0.7520,-1,-1,-1
849,47,261.99,597.31,83.11,240.93,0.7930,-1,-1,-1
849,49,870.02,945.18,75.73,134.16,0.6869,-1,-1,-1
849,55,931.28,530.54,66.88,231.02,0.7692,-1,-1,-1
849,54,1014.34,509.39,72.25,224.13,0.7447,-1,-1,-1
849,67,1571.63,594.42,103.66,229.85,0.6753,-1,-1,-1
849,63,436.03,280.19,59.15,188.86,0.6427,-1,-1,-1
849,70,358.26,292.73,62.91,178.08,0.6082,-1,-1,-1
850,4,1718.58,453.31,78.31,212.63,0.7482,-1,-1,-1
850,47,262.17,599.34,83.38,241.40,0.7985,-1,-1,-1
850,49,870.26,945.15,76.20,133.80,0.6974,-1,-1,-1
850,55,930.15,527.99,66.80,231.95,0.7859,-1,-1,-1
850,54,1011.91,506.70,71.78,224.09,0.8031,-1,-1,-1
850,67,1572.26,594.86,103.44,229.43,0.6768,-1,-1,-1
850,63,436.88,277.79,60.70,194.11,0.6309,-1,-1,-1
850,70,356.97,296.10,63.20,176.49,0.5993,-1,-1,-1
851,4,1718.11,452.92,77.97,211.51,0.7407,-1,-1,-1
851,47,262.21,600.91,83.87,242.64,0.8083,-1,-1,-1
851,49,870.91,945.14,76.86,133.74,0.7021,-1,-1,-1
851,55,928.36,525.80,67.18,234.25,0.7966,-1,-1,-1
851,54,1008.49,504.03,71.77,224.65,0.8157,-1,-1,-1
851,67,1572.13,593.96,103.77,230.34,0.6590,-1,-1,-1
851,63,437.02,282.98,59.76,191.86,0.6276,-1,-1,-1
851,70,355.57,298.40,63.46,174.70,0.5639,-1,-1,-1
852,4,1718.46,455.30,77.48,209.40,0.7367,-1,-1,-1
852,47,263.24,603.33,84.05,243.51,0.8042,-1,-1,-1
852,49,871.46,945.19,77.50,133.80,0.7008,-1,-1,-1
852,55,928.54,523.29,63.95,222.47,0.7426,-1,-1,-1
852,54,1006.11,502.04,71.82,225.66,0.8067,-1,-1,-1
852,67,1571.66,593.81,103.93,230.39,0.6423,-1,-1,-1
852,63,436.47,287.26,58.70,189.47,0.5885,-1,-1,-1
852,70,353.85,299.06,64.52,175.13,0.5338,-1,-1,-1
853,4,1719.04,454.02,77.99,210.70,0.7236,-1,-1,-1
853,47,264.30,605.91,84.18,243.93,0.8003,-1,-1,-1
853,49,871.31,945.22,78.12,133.98,0.6998,-1,-1,-1
853,55,928.54,520.82,62.00,213.85,0.7779,-1,-1,-1
853,54,1003.09,500.43,72.15,226.73,0.8231,-1,-1,-1
853,67,1570.92,593.36,104.16,230.95,0.6007,-1,-1,-1
853,63,436.63,290.43,58.53,188.95,0.5942,-1,-1,-1
854,4,1718.77,456.03,77.51,208.47,0.7261,-1,-1,-1
854,47,264.59,607.11,84.68,245.38,0.8175,-1,-1,-1
854,49,871.32,945.00,78.66,134.00,0.7023,-1,-1,-1
854,55,927.66,518.23,63.23,217.46,0.7967,-1,-1,-1
854,54,999.67,498.76,73.16,228.67,0.8228,-1,-1,-1
854,67,1570.12,593.98,104.17,230.28,0.5999,-1,-1,-1
854,63,436.26,289.72,59.46,192.77,0.6084,-1,-1,-1
855,4,1718.63,456.51,77.55,207.83,0.7336,-1,-1,-1
855,47,265.70,608.74,84.79,246.03,0.8214,-1,-1,-1
855,49,871.62,944.68,79.16,134.25,0.7195,-1,-1,-1
855,55,926.55,515.58,63.99,219.97,0.7904,-1,-1,-1
855,54,998.08,496.89,74.10,230.80,0.7963,-1,-1,-1
855,67,1570.33,593.15,104.57,231.14,0.6227,-1,-1,-1
855,63,435.60,290.74,59.77,194.12,0.6364,-1,-1,-1
856,4,1718.50,457.00,78.13,208.76,0.7428,-1,-1,-1
856,47,266.86,610.35,84.22,244.32,0.8048,-1,-1,-1
856,49,872.79,944.61,79.33,134.17,0.7284,-1,-1,-1
856,55,925.39,512.70,64.69,222.27,0.8040,-1,-1,-1
856,54,997.12,495.36,75.21,232.78,0.8202,-1,-1,-1
856,67,1570.95,592.39,104.98,232.13,0.6383,-1,-1,-1
856,63,434.94,292.32,59.93,195.19,0.6013,-1,-1,-1
857,4,1718.19,455.61,79.06,211.56,0.7293,-1,-1,-1
857,47,268.31,611.12,83.56,242.56,0.7872,-1,-1,-1
857,49,873.17,943.98,79.65,134.68,0.7172,-1,-1,-1
857,55,922.70,510.94,65.50,224.67,0.7819,-1,-1,-1
857,54,996.80,494.60,76.14,234.27,0.8034,-1,-1,-1
857,67,1571.58,592.46,104.93,232.13,0.6289,-1,-1,-1
857,63,434.71,293.88,59.90,195.21,0.6069,-1,-1,-1
857,70,351.64,304.77,62.94,169.47,0.5089,-1,-1,-1
858,4,1717.97,457.02,78.54,209.47,0.7340,-1,-1,-1
858,47,269.49,611.88,83.43,242.41,0.7962,-1,-1,-1
858,49,873.66,943.62,79.95,135.17,0.7255,-1,-1,-1
858,55,921.14,509.77,65.52,224.28,0.7668,-1,-1,-1
858,54,994.85,493.91,77.24,235.13,0.7997,-1,-1,-1
858,67,1572.40,594.07,104.07,230.46,0.6804,-1,-1,-1
858,63,434.77,294.22,60.34,194.77,0.5712,-1,-1,-1
858,70,349.80,304.60,64.95,172.06,0.5352,-1,-1,-1
859,4,1717.06,457.43,78.93,209.63,0.7308,-1,-1,-1
859,47,269.86,611.71,83.85,243.36,0.8008,-1,-1,-1
859,49,874.52,943.81,79.93,135.23,0.7379,-1,-1,-1
859,55,918.85,507.31,66.27,226.86,0.7696,-1,-1,-1
859,54,994.65,493.98,77.76,234.69,0.7927,-1,-1,-1
859,67,1572.70,593.90,104.12,230.70,0.6460,-1,-1,-1
859,63,435.46,298.28,59.08,190.27,0.5971,-1,-1,-1
859,70,349.03,304.05,66.37,173.48,0.5205,-1,-1,-1
860,4,1716.72,456.68,79.24,209.90,0.7424,-1,-1,-1
860,47,270.57,612.11,83.65,242.33,0.8106,-1,-1,-1
860,49,874.90,942.77,80.59,136.59,0.7249,-1,-1,-1
860,55,916.86,505.48,66.74,228.52,0.7682,-1,-1,-1
860,54,993.08,493.47,78.76,234.95,0.7726,-1,-1,-1
860,67,1572.75,593.54,104.15,230.65,0.6052,-1,-1,-1
860,63,434.81,300.15,58.80,189.11,0.6099,-1,-1,-1
860,70,348.08,302.04,68.28,177.02,0.5333,-1,-1,-1
861,4,1716.48,456.50,79.50,209.72,0.7502,-1,-1,-1
861,47,271.22,613.09,83.54,241.17,0.8141,-1,-1,-1
861,49,876.07,942.89,80.71,136.90,0.7457,-1,-1,-1
861,55,914.89,503.26,67.39,231.27,0.7792,-1,-1,-1
861,54,992.33,492.70,79.58,234.76,0.7825,-1,-1,-1
861,67,1572.66,597.01,102.70,227.22,0.6541,-1,-1,-1
861,63,434.00,300.38,59.18,188.52,0.5885,-1,-1,-1
861,70,347.55,302.39,68.48,178.14,0.5316,-1,-1,-1
861,73,1401.77,1015.41,71.51,64.59,0.5852,-1,-1,-1
862,4,1716.71,456.61,79.91,210.25,0.7354,-1,-1,-1
862,47,271.17,613.19,83.51,240.49,0.8133,-1,-1,-1
862,49,877.03,943.49,80.28,136.46,0.7283,-1,-1,-1
862,55,913.68,501.88,67.74,233.24,0.7651,-1,-1,-1
862,54,991.14,491.31,79.97,234.48,0.7788,-1,-1,-1
862,67,1572.66,596.99,102.80,226.96,0.6380,-1,-1,-1
862,63,433.92,300.06,58.94,187.53,0.5818,-1,-1,-1
862,73,1397.35,1013.08,74.21,66.92,0.6171,-1,-1,-1
863,4,1716.87,456.57,80.06,210.32,0.7412,-1,-1,-1
863,47,271.32,613.71,83.76,240.62,0.8160,-1,-1,-1
863,49,878.31,942.78,80.33,136.97,0.7321,-1,-1,-1
863,55,912.41,500.83,67.53,233.00,0.7730,-1,-1,-1
863,54,990.93,489.37,80.58,234.99,0.7992,-1,-1,-1
863,67,1572.24,595.28,103.61,228.53,0.6396,-1,-1,-1
863,63,433.51,301.12,59.02,187.33,0.5948,-1,-1,-1
863,73,1392.88,1009.92,77.83,70.08,0.6324,-1,-1,-1
863,70,346.34,307.26,69.01,179.82,0.5692,-1,-1,-1
864,4,1717.14,457.11,80.16,209.97,0.7389,-1,-1,-1
864,47,271.87,614.87,83.76,240.05,0.8133,-1,-1,-1
864,49,879.66,942.52,80.20,137.07,0.7422,-1,-1,-1
864,55,911.77,500.12,67.25,232.63,0.7635,-1,-1,-1
864,54,988.51,486.72,81.26,235.95,0.8030,-1,-1,-1
864,67,1572.64,594.56,103.91,229.14,0.6338,-1,-1,-1
864,63,433.67,302.38,59.21,187.03,0.5664,-1,-1,-1
864,73,1388.47,1005.77,82.51,74.23,0.6629,-1,-1,-1
864,70,346.10,309.46,68.51,178.94,0.5451,-1,-1,-1
865,4,1717.69,456.84,79.81,208.70,0.7301,-1,-1,-1
865,47,272.32,617.27,84.70,243.12,0.8342,-1,-1,-1
865,49,881.15,942.61,80.16,137.25,0.7300,-1,-1,-1
865,55,910.79,498.85,66.35,229.70,0.7620,-1,-1,-1
865,54,987.25,484.42,81.47,235.92,0.7994,-1,-1,-1
865,67,1572.40,594.28,104.20,229.59,0.6471,-1,-1,-1
865,63,433.66,303.05,59.51,186.92,0.5807,-1,-1,-1
865,73,1385.21,1001.78,87.00,78.22,0.6825,-1,-1,-1
865,70,346.79,311.90,68.65,178.87,0.5938,-1,-1,-1
866,4,1718.12,456.95,79.88,208.87,0.7195,-1,-1,-1
866,47,272.51,619.48,85.68,246.74,0.8294,-1,-1,-1
866,49,882.88,942.60,80.21,137.37,0.7354,-1,-1,-1
866,55,909.81,497.36,65.79,227.42,0.7879,-1,-1,-1
866,54,986.19,481.83,81.28,234.55,0.7924,-1,-1,-1
866,67,1572.58,594.33,104.16,229.30,0.6126,-1,-1,-1
866,63,433.75,303.95,59.64,186.34,0.5394,-1,-1,-1
866,73,1381.99,998.16,91.02,81.84,0.6804,-1,-1,-1
866,70,346.40,313.73,68.72,178.03,0.5720,-1,-1,-1
867,4,1718.13,456.95,80.19,209.75,0.7130,-1,-1,-1
867,47,272.72,620.81,86.47,249.86,0.8261,-1,-1,-1
867,49,884.97,941.99,80.41,138.02,0.7371,-1,-1,-1
867,55,908.61,496.17,64.98,223.06,0.7791,-1,-1,-1
867,54,985.67,478.76,80.19,230.52,0.7732,-1,-1,-1
867,67,1572.44,593.34,104.57,230.30,0.6158,-1,-1,-1
867,63,432.46,301.79,60.50,189.55,0.5465,-1,-1,-1
867,73,1379.24,994.19,95.23,85.81,0.6755,-1,-1,-1
867,70,346.17,317.58,68.02,175.58,0.5582,-1,-1,-1
868,4,1718.03,456.91,79.88,209.16,0.7020,-1,-1,-1
868,47,272.35,622.11,87.19,252.43,0.8356,-1,-1,-1
868,49,887.16,941.57,80.46,138.45,0.7426,-1,-1,-1
868,55,907.08,494.72,64.57,219.72,0.7652,-1,-1,-1
868,54,986.35,475.98,78.09,224.41,0.7793,-1,-1,-1
868,67,1572.58,592.69,104.49,230.66,0.6526,-1,-1,-1
868,63,431.31,300.97,61.73,194.93,0.5583,-1,-1,-1
868,73,1375.95,988.84,100.60,91.16,0.6574,-1,-1,-1
868,70,345.71,318.37,67.98,175.04,0.5313,-1,-1,-1
869,4,1718.32,457.23,79.79,208.84,0.7088,-1,-1,-1
869,47,273.12,624.64,86.44,250.29,0.8312,-1,-1,-1
869,49,890.26,941.02,80.46,139.00,0.7291,-1,-1,-1
869,55,906.37,492.75,63.94,214.86,0.7704,-1,-1,-1
869,54,986.20,473.38,77.59,223.98,0.7588,-1,-1,-1
869,67,1572.91,593.79,104.02,229.67,0.6356,-1,-1,-1
869,73,1373.76,984.71,104.24,95.29,0.6839,-1,-1,-1
870,4,1718.54,457.81,79.16,206.73,0.7184,-1,-1,-1
870,47,273.52,627.33,86.67,251.24,0.8334,-1,-1,-1
870,49,892.42,940.77,80.22,139.26,0.7350,-1,-1,-1
870,55,904.39,490.98,64.52,214.86,0.7288,-1,-1,-1
870,54,986.16,472.05,76.62,223.29,0.7479,-1,-1,-1
870,67,1573.39,594.46,103.70,229.30,0.6507,-1,-1,-1
870,73,1372.58,982.29,105.88,97.71,0.7184,-1,-1,-1
870,63,432.53,312.96,60.24,191.54,0.5620,-1,-1,-1
870,70,353.19,319.45,65.86,172.00,0.5095,-1,-1,-1
871,4,1718.10,457.59,79.69,207.87,0.7024,-1,-1,-1
871,47,274.26,630.04,87.30,253.68,0.8329,-1,-1,-1
871,49,894.63,941.38,79.43,138.64,0.7383,-1,-1,-1
871,55,902.54,488.69,65.15,215.18,0.7345,-1,-1,-1
871,54,985.54,469.85,76.18,224.64,0.7531,-1,-1,-1
871,67,1573.08,594.61,103.72,229.73,0.6152,-1,-1,-1
871,73,1370.75,979.61,107.64,100.39,0.7134,-1,-1,-1
871,63,432.90,315.51,59.44,190.53,0.5787,-1,-1,-1
872,4,1717.78,457.95,79.89,208.13,0.7101,-1,-1,-1
872,47,275.08,632.61,87.24,254.93,0.8345,-1,-1,-1
872,49,896.59,941.49,79.09,138.53,0.7319,-1,-1,-1
872,55,900.76,487.34,66.00,216.43,0.7402,-1,-1,-1
872,54,984.76,468.34,75.68,225.82,0.7477,-1,-1,-1
872,67,1572.36,595.54,103.45,228.82,0.6097,-1,-1,-1
872,73,1368.56,976.52,109.77,103.48,0.7117,-1,-1,-1
872,63,432.44,317.65,59.15,191.21,0.5833,-1,-1,-1
873,4,1717.55,458.14,79.89,207.90,0.7080,-1,-1,-1
873,47,275.51,634.10,87.08,255.42,0.8348,-1,-1,-1
873,49,898.84,941.52,78.83,138.50,0.7335,-1,-1,-1
873,55,899.62,486.36,67.10,219.09,0.7343,-1,-1,-1
873,54,985.03,467.63,74.59,225.20,0.7412,-1,-1,-1
873,67,1572.06,596.08,103.34,228.10,0.5866,-1,-1,-1
873,73,1366.47,974.46,110.74,105.54,0.7210,-1,-1,-1
873,63,432.52,317.47,59.53,193.07,0.6029,-1,-1,-1
873,70,352.02,315.91,66.37,176.37,0.5168,-1,-1,-1
874,4,1718.05,458.33,79.88,208.03,0.6924,-1,-1,-1
874,47,276.38,635.26,86.86,255.10,0.8304,-1,-1,-1
874,49,899.73,941.05,78.92,138.97,0.7366,-1,-1,-1
874,55,898.77,484.17,67.83,221.01,0.7175,-1,-1,-1
874,54,985.58,467.20,73.71,224.96,0.7300,-1,-1,-1
874,67,1572.82,596.96,103.10,227.25,0.6298,-1,-1,-1
874,73,1364.86,973.43,110.67,106.57,0.7276,-1,-1,-1
874,63,431.53,315.23,60.21,195.58,0.6155,-1,-1,-1
874,70,351.26,315.62,65.59,177.38,0.5340,-1,-1,-1
875,4,1717.95,458.47,79.58,207.26,0.6881,-1,-1,-1
875,47,277.95,635.87,86.17,253.93,0.8215,-1,-1,-1
875,49,901.01,940.32,79.03,139.69,0.7270,-1,-1,-1
875,55,897.12,482.96,67.96,220.99,0.7285,-1,-1,-1
875,54,985.98,466.85,72.98,225.14,0.7283,-1,-1,-1
875,67,1573.14,597.27,102.90,226.56,0.6244,-1,-1,-1
875,73,1363.21,971.88,110.97,108.12,0.7072,-1,-1,-1
875,63,431.30,313.54,60.78,197.70,0.5709,-1,-1,-1
875,70,351.92,317.89,64.29,175.71,0.5192,-1,-1,-1
876,4,1718.36,458.07,79.63,207.56,0.6895,-1,-1,-1
876,47,279.17,636.39,86.03,253.77,0.8137,-1,-1,-1
876,49,901.91,940.06,79.16,139.95,0.7458,-1,-1,-1
876,55,895.94,482.30,68.36,222.39,0.7299,-1,-1,-1
876,54,985.70,466.93,72.50,225.99,0.7277,-1,-1,-1
876,67,1573.12,598.21,102.43,225.59,0.6197,-1,-1,-1
876,73,1361.14,970.60,111.02,109.40,0.7048,-1,-1,-1
876,63,431.56,314.05,60.41,196.61,0.5743,-1,-1,-1
877,4,1718.47,458.05,79.64,207.59,0.6722,-1,-1,-1
877,47,279.89,637.54,85.48,253.10,0.7987,-1,-1,-1
877,49,902.47,939.46,79.38,140.56,0.7298,-1,-1,-1
877,55,895.43,482.16,68.58,223.13,0.7212,-1,-1,-1
877,54,984.71,466.14,72.25,226.90,0.7179,-1,-1,-1
877,67,1573.33,597.77,102.73,226.18,0.6011,-1,-1,-1
877,73,1358.90,968.41,111.92,111.59,0.6993,-1,-1,-1
877,63,431.56,314.42,60.27,195.61,0.5503,-1,-1,-1
877,70,351.57,321.06,64.49,177.79,0.5164,-1,-1,-1
878,4,1718.67,457.66,79.46,207.53,0.6348,-1,-1,-1
878,47,281.85,638.90,85.09,251.98,0.7850,-1,-1,-1
878,49,903.84,939.22,79.58,140.79,0.7349,-1,-1,-1
878,55,894.61,480.77,68.71,224.07,0.7169,-1,-1,-1
878,54,984.31,465.15,71.61,226.76,0.7103,-1,-1,-1
878,67,1573.49,597.31,102.99,226.98,0.5762,-1,-1,-1
878,73,1356.27,966.16,113.09,113.84,0.7178,-1,-1,-1
878,63,430.66,316.35,60.01,194.21,0.5511,-1,-1,-1
879,4,1718.74,457.23,79.50,207.96,0.6268,-1,-1,-1
879,47,283.37,640.36,84.76,250.57,0.7807,-1,-1,-1
879,49,904.16,938.99,79.82,141.02,0.7361,-1,-1,-1
879,55,893.79,480.38,68.36,223.54,0.7189,-1,-1,-1
879,54,982.93,464.43,71.11,226.49,0.6852,-1,-1,-1
879,67,1573.40,599.03,102.24,225.61,0.5909,-1,-1,-1
879,73,1354.74,963.65,114.23,116.35,0.7321,-1,-1,-1
879,63,429.62,314.45,60.78,196.48,0.5044,-1,-1,-1
880,4,1719.08,457.30,79.24,207.88,0.6361,-1,-1,-1
880,47,284.17,641.45,84.34,249.58,0.7549,-1,-1,-1
880,49,904.81,938.17,80.21,141.83,0.7403,-1,-1,-1
880,55,893.47,478.62,68.18,223.41,0.6963,-1,-1,-1
880,54,982.15,462.74,70.48,225.62,0.6941,-1,-1,-1
880,67,1573.53,597.61,102.45,226.47,0.6107,-1,-1,-1
880,73,1353.70,960.43,115.79,119.57,0.7308,-1,-1,-1
880,63,429.63,317.86,59.75,191.87,0.5745,-1,-1,-1
881,4,1719.27,457.47,79.22,208.00,0.6278,-1,-1,-1
881,47,285.45,642.49,84.16,248.54,0.7754,-1,-1,-1
881,49,905.17,937.78,80.48,142.23,0.7478,-1,-1,-1
881,55,893.40,477.11,67.48,221.63,0.6613,-1,-1,-1
881,54,980.78,460.33,69.62,224.17,0.7034,-1,-1,-1
881,67,1573.55,598.52,102.21,225.78,0.5643,-1,-1,-1
881,73,1351.79,957.23,117.05,122.77,0.7436,-1,-1,-1
881,63,429.41,319.98,59.19,189.41,0.5264,-1,-1,-1
882,4,1719.42,457.75,78.99,208.12,0.6414,-1,-1,-1
882,47,286.45,643.69,84.01,247.38,0.7641,-1,-1,-1
882,49,905.64,937.29,80.85,142.72,0.7535,-1,-1,-1
882,55,892.46,474.74,68.07,224.79,0.6657,-1,-1,-1
882,54,979.29,457.17,68.75,222.46,0.6953,-1,-1,-1
882,67,1573.83,597.77,102.35,226.55,0.6030,-1,-1,-1
882,73,1349.32,952.87,119.07,127.13,0.7454,-1,-1,-1
882,63,429.52,321.17,58.86,187.78,0.5302,-1,-1,-1
883,4,1720.15,457.84,78.63,207.83,0.6435,-1,-1,-1
883,47,287.51,645.14,83.96,246.16,0.7838,-1,-1,-1
883,49,905.41,937.03,81.07,142.98,0.7434,-1,-1,-1
883,55,893.14,471.53,64.54,212.74,0.6735,-1,-1,-1
883,54,978.41,454.68,67.78,219.64,0.7288,-1,-1,-1
883,67,1573.69,597.13,102.24,227.14,0.5788,-1,-1,-1
883,73,1347.57,949.12,119.82,130.38,0.7890,-1,-1,-1
883,63,428.63,320.51,59.20,187.92,0.5487,-1,-1,-1
884,4,1720.60,457.76,78.26,207.81,0.6224,-1,-1,-1
884,47,288.31,647.81,83.60,244.31,0.7818,-1,-1,-1
884,49,906.32,937.71,80.80,142.29,0.7342,-1,-1,-1
884,55,891.06,467.76,65.50,217.19,0.6513,-1,-1,-1
884,54,976.42,452.09,67.66,219.36,0.6875,-1,-1,-1
884,67,1574.40,597.89,101.62,226.50,0.5566,-1,-1,-1
884,73,1344.83,944.38,121.09,134.65,0.7979,-1,-1,-1
884,63,427.95,320.10,59.88,190.22,0.5487,-1,-1,-1
885,4,1720.94,457.83,77.82,207.26,0.6053,-1,-1,-1
885,47,288.38,649.72,83.79,244.33,0.7681,-1,-1,-1
885,49,907.09,937.42,80.93,142.58,0.7217,-1,-1,-1
885,55,890.12,465.01,65.81,219.60,0.6925,-1,-1,-1
885,54,974.81,449.55,67.80,219.46,0.7027,-1,-1,-1
885,67,1574.32,599.10,100.97,225.31,0.5470,-1,-1,-1
885,73,1342.86,939.90,122.61,139.72,0.8062,-1,-1,-1
885,63,427.23,319.65,61.16,194.70,0.5350,-1,-1,-1
885,74,1761.89,684.46,71.23,221.49,0.5178,-1,-1,-1
886,4,1720.67,457.60,77.65,207.50,0.6142,-1,-1,-1
886,47,288.61,651.86,84.24,245.67,0.7482,-1,-1,-1
886,49,907.16,936.89,81.26,143.12,0.7281,-1,-1,-1
886,55,889.74,461.55,65.57,219.88,0.6868,-1,-1,-1
886,54,972.32,446.63,68.74,221.54,0.7011,-1,-1,-1
886,67,1574.80,598.52,101.26,226.08,0.5651,-1,-1,-1
886,73,1341.09,935.70,123.09,143.92,0.8075,-1,-1,-1
887,4,1720.68,457.20,77.51,207.79,0.6175,-1,-1,-1
887,47,288.58,653.98,84.40,246.44,0.7588,-1,-1,-1
887,49,908.13,937.11,81.13,142.89,0.7179,-1,-1,-1
887,55,889.87,461.34,64.32,216.00,0.7270,-1,-1,-1
887,54,971.23,444.74,69.50,223.24,0.7183,-1,-1,-1
887,67,1574.93,599.43,100.75,225.01,0.5510,-1,-1,-1
887,73,1340.16,931.63,122.68,146.74,0.7671,-1,-1,-1
887,74,1760.37,684.63,71.73,222.74,0.5121,-1,-1,-1
888,4,1720.56,457.94,77.14,206.94,0.6288,-1,-1,-1
888,47,288.98,655.74,84.58,247.79,0.7446,-1,-1,-1
888,49,908.48,937.00,81.10,143.00,0.7097,-1,-1,-1
888,55,889.43,458.32,65.12,219.60,0.7331,-1,-1,-1
888,54,970.65,443.84,69.88,223.07,0.7354,-1,-1,-1
888,67,1575.29,599.32,100.97,225.55,0.5524,-1,-1,-1
888,73,1339.48,929.54,122.26,149.83,0.7714,-1,-1,-1
888,74,1759.17,685.26,72.27,223.79,0.5527,-1,-1,-1
888,63,426.37,325.58,62.31,198.97,0.5072,-1,-1,-1
889,4,1720.41,457.19,77.48,207.90,0.6432,-1,-1,-1
889,47,289.92,658.43,84.04,247.43,0.7296,-1,-1,-1
889,49,909.41,937.32,80.88,142.68,0.7265,-1,-1,-1
889,55,889.12,456.44,65.35,221.34,0.7350,-1,-1,-1
889,54,970.16,443.24,70.70,224.03,0.7417,-1,-1,-1
889,67,1574.97,599.66,100.48,224.89,0.5393,-1,-1,-1
889,73,1337.74,926.12,122.54,153.35,0.7714,-1,-1,-1
889,74,1758.53,683.94,73.97,228.69,0.5112,-1,-1,-1
889,63,426.37,325.09,62.29,199.61,0.5059,-1,-1,-1
890,4,1720.20,456.64,78.00,209.26,0.6655,-1,-1,-1
890,47,289.94,659.83,84.47,249.95,0.7117,-1,-1,-1
890,49,910.32,937.27,80.64,142.74,0.7379,-1,-1,-1
890,55,888.92,456.37,64.62,219.62,0.7161,-1,-1,-1
890,54,968.68,442.84,71.46,224.58,0.7268,-1,-1,-1
890,67,1574.71,599.84,100.40,224.94,0.5304,-1,-1,-1
890,73,1335.80,924.55,121.75,155.25,0.7561,-1,-1,-1
890,63,424.34,328.16,62.67,200.83,0.5099,-1,-1,-1
891,4,1720.41,456.86,77.72,209.09,0.6456,-1,-1,-1
891,47,290.92,661.95,84.49,251.78,0.7007,-1,-1,-1
891,49,910.49,937.59,80.33,142.41,0.7346,-1,-1,-1
891,55,888.39,455.07,64.29,219.18,0.7333,-1,-1,-1
891,54,967.50,442.80,72.71,225.55,0.7229,-1,-1,-1
891,67,1574.94,598.08,100.94,226.66,0.5408,-1,-1,-1
891,73,1335.34,924.55,119.83,155.39,0.7916,-1,-1,-1
891,63,423.26,329.52,62.85,201.22,0.5167,-1,-1,-1
891,74,1755.66,683.33,76.35,235.50,0.5379,-1,-1,-1
892,4,1720.48,456.60,77.68,209.19,0.6454,-1,-1,-1
892,47,292.03,664.06,84.31,253.08,0.7617,-1,-1,-1
892,49,910.57,937.65,80.08,142.35,0.7292,-1,-1,-1
892,55,887.38,455.43,64.25,219.64,0.6965,-1,-1,-1
892,54,966.46,442.95,73.99,226.40,0.7299,-1,-1,-1
892,67,1573.88,596.79,101.43,227.96,0.5353,-1,-1,-1
892,73,1334.08,923.44,119.19,156.54,0.7788,-1,-1,-1
892,63,422.32,331.37,62.81,200.36,0.5441,-1,-1,-1
892,74,1755.11,682.81,76.48,235.22,0.5392,-1,-1,-1
892,70,339.85,341.96,63.06,172.22,0.5024,-1,-1,-1
893,4,1720.92,456.92,77.42,208.81,0.6377,-1,-1,-1
893,47,293.80,664.81,84.21,254.85,0.7769,-1,-1,-1
893,49,911.46,937.83,79.74,142.17,0.7336,-1,-1,-1
893,55,885.69,455.09,64.09,219.38,0.7197,-1,-1,-1
893,54,965.68,441.95,75.03,226.77,0.7440,-1,-1,-1
893,67,1573.97,595.76,101.60,228.75,0.5345,-1,-1,-1
893,73,1331.71,920.93,119.74,159.07,0.7805,-1,-1,-1
893,63,422.75,333.38,62.35,197.99,0.5463,-1,-1,-1
893,74,1754.42,682.24,77.42,237.24,0.5605,-1,-1,-1
893,70,340.18,344.65,63.39,171.36,0.5255,-1,-1,-1
894,4,1720.60,457.17,77.32,208.42,0.6375,-1,-1,-1
894,47,294.97,666.61,83.76,254.94,0.7547,-1,-1,-1
894,49,911.74,937.90,79.34,142.10,0.7382,-1,-1,-1
894,55,885.05,455.06,63.78,218.83,0.6967,-1,-1,-1
894,54,965.34,441.10,75.95,226.86,0.7480,-1,-1,-1
894,67,1573.21,593.79,102.50,231.12,0.5018,-1,-1,-1
894,73,1328.32,917.68,120.67,162.33,0.7874,-1,-1,-1
894,63,422.04,333.65,62.73,198.22,0.5132,-1,-1,-1
894,74,1753.44,680.97,79.04,241.37,0.5685,-1,-1,-1
895,4,1720.25,456.88,77.40,208.66,0.6305,-1,-1,-1
895,47,296.30,668.15,83.05,253.75,0.7253,-1,-1,-1
895,49,912.26,938.18,78.96,141.82,0.7412,-1,-1,-1
895,55,883.37,454.88,63.61,218.77,0.7144,-1,-1,-1
895,54,965.50,440.67,76.56,226.24,0.7438,-1,-1,-1
895,67,1573.13,595.35,101.76,229.43,0.5244,-1,-1,-1
895,73,1325.61,916.44,120.18,163.57,0.7864,-1,-1,-1
895,63,421.27,333.86,62.90,198.00,0.5181,-1,-1,-1
895,74,1753.16,681.56,78.81,239.50,0.5805,-1,-1,-1
896,4,1719.90,457.14,77.40,208.60,0.6306,-1,-1,-1
896,47,297.93,668.64,82.64,252.69,0.7383,-1,-1,-1
896,49,912.18,938.51,78.46,141.49,0.7136,-1,-1,-1
896,55,883.33,455.04,62.79,216.78,0.6944,-1,-1,-1
896,54,965.16,439.00,77.36,226.44,0.7393,-1,-1,-1
896,67,1573.19,596.96,101.11,227.80,0.5775,-1,-1,-1
896,73,1323.49,913.58,120.34,166.43,0.7729,-1,-1,-1
896,63,421.04,334.07,62.98,197.67,0.5071,-1,-1,-1
896,74,1752.48,681.95,79.21,239.31,0.5837,-1,-1,-1
896,70,339.01,346.98,65.41,177.72,0.5129,-1,-1,-1
897,4,1719.98,457.13,77.19,207.91,0.6416,-1,-1,-1
897,47,299.00,669.16,83.12,253.23,0.7479,-1,-1,-1
897,49,912.34,938.90,78.04,141.11,0.7347,-1,-1,-1
897,55,882.20,452.64,63.22,218.63,0.7087,-1,-1,-1
897,54,964.96,436.57,77.99,227.08,0.7405,-1,-1,-1
897,67,1573.43,598.10,100.63,226.62,0.5726,-1,-1,-1
897,73,1320.92,909.21,121.26,170.80,0.7778,-1,-1,-1
897,74,1751.82,681.02,79.40,239.11,0.5729,-1,-1,-1
898,4,1719.94,457.07,77.32,208.38,0.6436,-1,-1,-1
898,47,300.36,670.18,83.50,252.10,0.7628,-1,-1,-1
898,49,911.46,939.66,77.42,140.28,0.7345,-1,-1,-1
898,55,881.02,450.80,63.12,218.59,0.6759,-1,-1,-1
898,54,964.35,434.26,78.03,226.23,0.7273,-1,-1,-1
898,67,1574.27,597.41,100.88,226.99,0.5845,-1,-1,-1
898,73,1317.91,904.65,122.02,175.36,0.7874,-1,-1,-1
898,74,1751.61,680.82,79.62,239.48,0.5421,-1,-1,-1
898,63,420.07,334.85,62.59,195.29,0.5058,-1,-1,-1
899,4,1719.69,457.05,77.29,208.82,0.6370,-1,-1,-1
899,47,301.38,670.53,84.32,252.29,0.7682,-1,-1,-1
899,49,911.27,940.62,76.62,139.33,0.7417,-1,-1,-1
899,55,880.14,447.79,61.97,214.16,0.6645,-1,-1,-1
899,54,963.90,431.94,77.47,223.65,0.7276,-1,-1,-1
899,67,1575.17,599.47,100.06,224.73,0.5773,-1,-1,-1
899,73,1315.49,900.26,122.32,179.75,0.7947,-1,-1,-1
899,74,1751.09,680.37,79.88,240.33,0.5102,-1,-1,-1
899,63,419.73,336.07,62.49,193.67,0.5084,-1,-1,-1
899,70,338.34,355.94,65.50,177.83,0.5336,-1,-1,-1
900,4,1719.81,456.21,77.37,209.47,0.6200,-1,-1,-1
900,47,302.58,671.26,85.38,252.31,0.7702,-1,-1,-1
900,49,911.53,942.13,75.36,137.52,0.7254,-1,-1,-1
900,55,878.36,445.57,61.83,213.72,0.6726,-1,-1,-1
900,54,963.30,428.93,77.34,222.82,0.7234,-1,-1,-1
900,67,1575.14,600.44,99.68,223.76,0.5744,-1,-1,-1
900,73,1314.10,895.92,122.59,184.09,0.7993,-1,-1,-1
900,74,1751.17,680.86,79.36,239.19,0.5391,-1,-1,-1
900,63,418.91,336.17,63.46,195.87,0.5176,-1,-1,-1
900,70,337.01,356.31,66.10,180.03,0.5390,-1,-1,-1
901,4,1720.81,456.96,76.70,207.88,0.6041,-1,-1,-1
901,47,303.54,672.62,85.98,250.27,0.7861,-1,-1,-1
901,49,911.80,943.10,74.42,136.24,0.7376,-1,-1,-1
901,55,877.40,442.79,61.44,211.63,0.6630,-1,-1,-1
901,54,963.39,425.38,77.06,222.58,0.7155,-1,-1,-1
901,67,1575.89,599.40,100.35,225.02,0.5797,-1,-1,-1
901,73,1312.51,892.36,122.32,187.64,0.8133,-1,-1,-1
901,74,1749.86,682.30,78.86,237.79,0.5596,-1,-1,-1
901,63,417.57,337.65,64.19,196.92,0.5251,-1,-1,-1
902,4,1720.87,456.81,76.61,208.00,0.6083,-1,-1,-1
902,47,303.78,674.65,87.13,249.86,0.8122,-1,-1,-1
902,49,911.91,944.10,73.37,135.10,0.7258,-1,-1,-1
902,55,876.08,440.57,61.41,210.80,0.6949,-1,-1,-1
902,54,964.12,422.85,75.59,219.16,0.7300,-1,-1,-1
902,67,1576.60,599.18,100.18,224.93,0.5811,-1,-1,-1
902,73,1310.48,889.03,121.76,190.98,0.8059,-1,-1,-1
902,74,1749.41,682.23,79.05,238.59,0.5493,-1,-1,-1
902,63,417.69,338.21,65.31,200.35,0.5158,-1,-1,-1
903,4,1720.52,457.22,76.61,208.26,0.5954,-1,-1,-1
903,47,303.18,676.46,89.11,252.87,0.8223,-1,-1,-1
903,49,911.71,945.16,72.74,134.55,0.7349,-1,-1,-1
903,55,875.26,438.43,61.50,210.59,0.6910,-1,-1,-1
903,54,964.34,420.94,74.68,217.90,0.7163,-1,-1,-1
903,67,1577.14,598.97,100.11,225.33,0.5928,-1,-1,-1
903,73,1308.41,885.16,121.55,194.84,0.7814,-1,-1,-1
903,74,1750.04,681.03,79.73,241.09,0.5651,-1,-1,-1
903,63,416.76,340.28,65.96,201.76,0.5506,-1,-1,-1
904,4,1721.24,457.19,76.24,207.72,0.6274,-1,-1,-1
904,47,303.06,678.57,90.16,253.70,0.8373,-1,-1,-1
904,49,912.04,946.18,71.93,133.72,0.7201,-1,-1,-1
904,55,874.22,436.94,62.31,213.12,0.7102,-1,-1,-1
904,54,964.62,420.07,73.91,217.16,0.7098,-1,-1,-1
904,67,1576.99,599.32,99.81,224.74,0.5474,-1,-1,-1
904,73,1305.68,881.23,121.21,198.77,0.7713,-1,-1,-1
904,74,1751.16,681.93,79.66,240.67,0.5868,-1,-1,-1
905,4,1721.38,456.90,76.20,208.05,0.6410,-1,-1,-1
905,47,303.14,680.33,91.89,257.46,0.8371,-1,-1,-1
905,49,912.13,947.36,71.12,132.61,0.7267,-1,-1,-1
905,55,873.74,435.19,62.26,213.28,0.7178,-1,-1,-1
905,54,964.41,418.59,73.88,218.33,0.7308,-1,-1,-1
905,67,1576.63,598.80,100.11,225.62,0.5767,-1,-1,-1
905,73,1303.99,877.99,120.00,201.12,0.7484,-1,-1,-1
905,74,1751.62,682.41,80.29,243.18,0.5758,-1,-1,-1
906,4,1720.72,456.69,76.31,208.75,0.6351,-1,-1,-1
906,47,303.74,682.38,92.96,260.27,0.8409,-1,-1,-1
906,49,912.32,948.97,70.17,131.03,0.7252,-1,-1,-1
906,55,872.57,434.44,62.39,214.22,0.7389,-1,-1,-1
906,54,964.23,417.67,73.25,217.80,0.7331,-1,-1,-1
906,67,1577.30,598.99,99.83,225.35,0.5942,-1,-1,-1
906,73,1302.43,875.88,118.50,203.20,0.7586,-1,-1,-1
906,74,1752.48,682.88,79.43,240.37,0.6094,-1,-1,-1
906,63,414.77,348.08,65.95,201.83,0.5884,-1,-1,-1
907,4,1720.77,457.14,75.94,207.97,0.6204,-1,-1,-1
907,47,305.17,684.76,91.94,257.33,0.8388,-1,-1,-1
907,49,910.86,949.32,70.34,130.69,0.7460,-1,-1,-1
907,55,871.76,432.80,62.56,214.73,0.7305,-1,-1,-1
907,54,964.40,417.27,73.32,219.39,0.6830,-1,-1,-1
907,67,1578.24,599.27,99.25,224.86,0.5615,-1,-1,-1
907,73,1301.60,875.51,116.75,204.14,0.7327,-1,-1,-1
907,74,1753.13,683.03,79.54,240.66,0.6236,-1,-1,-1
907,63,414.24,346.09,67.47,205.65,0.5853,-1,-1,-1
908,4,1721.09,457.39,75.52,207.11,0.6245,-1,-1,-1
908,47,306.33,687.28,91.81,257.53,0.8393,-1,-1,-1
908,49,911.35,950.67,69.81,129.34,0.7262,-1,-1,-1
908,55,870.55,431.87,63.24,217.51,0.7239,-1,-1,-1
908,54,964.20,417.11,72.80,219.56,0.7232,-1,-1,-1
908,67,1576.96,598.53,99.56,225.99,0.6038,-1,-1,-1
908,73,1300.09,875.13,115.11,204.75,0.7338,-1,-1,-1
908,74,1754.18,683.87,79.50,240.81,0.6295,-1,-1,-1
908,63,413.77,346.61,67.97,206.45,0.5882,-1,-1,-1
909,4,1720.99,457.16,75.33,207.23,0.6057,-1,-1,-1
909,47,306.76,689.61,92.18,259.42,0.8418,-1,-1,-1
909,49,910.22,950.58,70.17,129.43,0.7385,-1,-1,-1
909,55,869.78,431.46,63.42,218.77,0.7266,-1,-1,-1
909,54,963.61,416.75,72.97,222.02,0.7148,-1,-1,-1
909,67,1577.30,597.70,99.40,226.50,0.5931,-1,-1,-1
909,73,1298.32,873.74,113.83,206.22,0.7358,-1,-1,-1
909,74,1755.07,684.31,79.05,239.44,0.6273,-1,-1,-1
909,63,414.31,352.78,65.85,200.55,0.5978,-1,-1,-1
909,70,327.13,359.31,68.07,179.56,0.5397,-1,-1,-1
910,4,1721.13,456.74,75.58,208.32,0.6291,-1,-1,-1
910,47,306.66,691.81,92.68,261.78,0.8391,-1,-1,-1
910,49,909.81,951.16,70.31,128.85,0.7346,-1,-1,-1
910,55,869.65,431.00,63.47,219.26,0.7137,-1,-1,-1
910,54,962.78,416.67,72.69,222.42,0.7153,-1,-1,-1
910,67,1576.05,598.15,99.44,226.13,0.5753,-1,-1,-1
910,73,1297.01,871.98,112.69,208.01,0.7561,-1,-1,-1
910,74,1755.64,683.77,78.99,239.91,0.6105,-1,-1,-1
910,63,413.73,351.87,66.02,201.06,0.6175,-1,-1,-1
910,70,325.71,358.87,70.71,182.65,0.5745,-1,-1,-1
911,4,1721.65,457.35,75.34,207.24,0.6297,-1,-1,-1
911,47,306.53,693.70,92.46,262.15,0.8373,-1,-1,-1
911,49,909.73,951.74,70.39,128.27,0.7430,-1,-1,-1
911,55,869.18,430.25,63.62,220.26,0.7107,-1,-1,-1
911,54,962.67,415.74,72.42,223.35,0.7068,-1,-1,-1
911,67,1575.65,598.90,99.27,225.42,0.5510,-1,-1,-1
911,73,1294.72,869.41,111.86,210.60,0.7713,-1,-1,-1
911,74,1756.16,683.67,78.82,240.02,0.6088,-1,-1,-1
911,63,413.81,355.44,64.66,197.71,0.6222,-1,-1,-1
911,70,326.11,362.73,71.50,182.08,0.5644,-1,-1,-1
912,4,1721.76,456.78,75.45,207.55,0.6291,-1,-1,-1
912,47,306.36,695.34,92.39,263.17,0.8344,-1,-1,-1
912,49,910.54,952.86,70.11,127.14,0.7403,-1,-1,-1
912,55,869.15,429.14,63.24,219.11,0.6911,-1,-1,-1
912,54,962.27,414.91,71.27,221.18,0.7012,-1,-1,-1
912,67,1574.88,598.09,99.79,226.17,0.5373,-1,-1,-1
912,73,1292.89,866.60,111.17,213.38,0.7658,-1,-1,-1
912,74,1756.67,683.66,78.76,240.54,0.6182,-1,-1,-1
912,63,412.56,353.76,65.29,200.24,0.6220,-1,-1,-1
912,70,326.26,365.91,71.73,181.50,0.5700,-1,-1,-1
913,4,1721.61,456.18,75.66,208.15,0.5950,-1,-1,-1
913,47,306.26,696.56,91.77,262.50,0.8276,-1,-1,-1
913,49,910.60,953.04,70.28,126.97,0.7401,-1,-1,-1
913,55,868.36,426.93,63.77,221.24,0.7048,-1,-1,-1
913,54,961.67,412.97,70.19,218.77,0.6852,-1,-1,-1
913,67,1575.27,598.39,99.59,225.89,0.5475,-1,-1,-1
913,73,1291.09,862.10,111.21,217.90,0.7719,-1,-1,-1
913,74,1756.86,682.42,78.95,241.69,0.6180,-1,-1,-1
913,63,411.96,352.91,65.63,201.32,0.6024,-1,-1,-1
913,70,327.37,367.48,72.46,182.63,0.5164,-1,-1,-1
914,4,1721.91,456.08,75.55,208.27,0.6204,-1,-1,-1
914,47,306.36,697.24,91.20,261.74,0.8218,-1,-1,-1
914,49,910.25,953.35,70.53,126.66,0.7459,-1,-1,-1
914,55,867.80,425.86,62.94,218.58,0.6764,-1,-1,-1
914,54,961.10,410.71,68.62,214.27,0.6973,-1,-1,-1
914,73,1288.87,857.95,111.17,222.05,0.7723,-1,-1,-1
914,74,1757.32,681.09,79.22,243.58,0.5932,-1,-1,-1
914,63,412.01,355.16,64.71,198.43,0.5553,-1,-1,-1
914,70,327.67,367.44,73.36,184.59,0.5371,-1,-1,-1
915,4,1721.65,456.44,75.13,207.64,0.6135,-1,-1,-1
915,47,306.35,698.15,90.57,260.76,0.8161,-1,-1,-1
915,49,909.60,953.76,70.76,126.24,0.7469,-1,-1,-1
915,55,868.22,422.74,60.37,209.00,0.6626,-1,-1,-1
915,54,960.27,408.79,67.38,210.82,0.7017,-1,-1,-1
915,73,1288.23,854.02,111.13,225.99,0.7732,-1,-1,-1
915,74,1756.87,678.70,79.48,245.54,0.5833,-1,-1,-1
915,63,411.69,355.76,64.44,197.35,0.5396,-1,-1,-1
915,70,328.35,368.68,73.39,185.16,0.5383,-1,-1,-1
915,67,1574.90,598.68,99.63,225.67,0.5304,-1,-1,-1
916,4,1721.54,456.20,75.17,207.99,0.6019,-1,-1,-1
916,47,306.19,699.55,89.77,259.15,0.7992,-1,-1,-1
916,49,909.19,953.96,71.10,126.04,0.7433,-1,-1,-1
916,55,868.02,420.38,59.90,207.18,0.6696,-1,-1,-1
916,54,959.06,406.81,66.31,207.83,0.7077,-1,-1,-1
916,73,1286.75,850.16,111.12,229.85,0.7697,-1,-1,-1
916,74,1755.78,677.05,80.51,250.27,0.5579,-1,-1,-1
916,70,327.92,370.87,72.80,184.13,0.5289,-1,-1,-1
916,67,1574.40,599.70,99.15,224.26,0.5460,-1,-1,-1
917,4,1721.05,456.37,75.05,207.93,0.6346,-1,-1,-1
917,47,305.98,701.69,88.83,256.98,0.8084,-1,-1,-1
917,49,908.72,953.96,71.52,126.05,0.7443,-1,-1,-1
917,55,866.99,416.78,60.68,210.47,0.6912,-1,-1,-1
917,54,957.31,404.32,66.20,208.14,0.7379,-1,-1,-1
917,73,1285.69,845.83,111.41,234.18,0.7740,-1,-1,-1
917,74,1756.23,675.97,80.44,251.36,0.5489,-1,-1,-1
917,70,327.85,371.58,72.67,183.90,0.5519,-1,-1,-1
917,63,410.39,355.98,64.20,196.79,0.5344,-1,-1,-1
918,4,1720.88,455.87,75.21,208.89,0.6125,-1,-1,-1
918,47,306.06,702.77,87.98,254.98,0.7995,-1,-1,-1
918,49,908.71,954.51,71.61,125.49,0.7493,-1,-1,-1
918,55,866.24,414.75,60.87,211.60,0.7007,-1,-1,-1
918,54,954.65,401.47,66.60,209.61,0.7143,-1,-1,-1
918,73,1283.08,841.99,111.45,238.02,0.7655,-1,-1,-1
918,74,1755.39,674.62,80.54,252.71,0.5492,-1,-1,-1
918,70,327.87,371.86,72.59,183.77,0.5271,-1,-1,-1
918,63,409.51,352.42,66.03,201.22,0.5581,-1,-1,-1
918,67,1574.63,600.63,98.89,223.49,0.5702,-1,-1,-1
919,4,1720.96,455.57,75.45,210.01,0.6043,-1,-1,-1
919,47,306.51,703.69,87.25,253.06,0.7887,-1,-1,-1
919,49,908.76,954.81,71.89,125.19,0.7415,-1,-1,-1
919,55,865.78,413.09,61.31,213.17,0.7216,-1,-1,-1
919,54,953.13,399.02,67.23,211.63,0.7156,-1,-1,-1
919,73,1282.22,838.98,111.18,241.03,0.7653,-1,-1,-1
919,74,1756.50,676.06,79.78,251.77,0.5595,-1,-1,-1
919,63,408.30,351.96,67.62,205.09,0.5695,-1,-1,-1
919,67,1574.48,599.34,99.34,224.55,0.5445,-1,-1,-1
920,4,1720.77,455.80,75.24,209.37,0.6082,-1,-1,-1
920,47,306.62,705.36,87.41,253.37,0.7922,-1,-1,-1
920,49,908.62,955.50,71.98,124.51,0.7419,-1,-1,-1
920,55,865.62,409.27,61.45,213.90,0.7460,-1,-1,-1
920,54,951.40,396.59,68.06,214.17,0.7448,-1,-1,-1
920,73,1280.12,835.66,111.09,244.34,0.7746,-1,-1,-1
920,74,1757.43,677.62,79.27,251.24,0.5527,-1,-1,-1
920,63,408.11,353.57,67.83,205.67,0.5468,-1,-1,-1
920,67,1574.83,599.67,99.12,224.22,0.5432,-1,-1,-1
921,4,1720.67,455.45,75.51,210.28,0.6012,-1,-1,-1
921,47,306.47,706.81,87.57,253.92,0.7886,-1,-1,-1
921,49,907.89,955.30,72.34,124.61,0.7195,-1,-1,-1
921,55,865.18,407.63,61.98,216.17,0.7616,-1,-1,-1
921,54,949.67,394.85,69.00,216.04,0.7418,-1,-1,-1
921,73,1279.19,833.40,110.34,246.61,0.7704,-1,-1,-1
921,74,1757.89,678.36,78.80,250.63,0.5598,-1,-1,-1
921,63,407.26,355.29,68.38,207.20,0.5529,-1,-1,-1
921,67,1575.07,600.72,98.87,223.33,0.5395,-1,-1,-1
922,4,1720.47,455.38,75.32,209.91,0.6094,-1,-1,-1
922,47,306.12,708.35,88.30,256.48,0.7726,-1,-1,-1
922,49,907.47,955.32,72.73,124.65,0.7304,-1,-1,-1
922,55,865.07,406.72,61.87,216.39,0.7642,-1,-1,-1
922,54,948.48,393.38,69.83,217.50,0.7355,-1,-1,-1
922,73,1277.63,831.44,109.44,248.34,0.7847,-1,-1,-1
922,74,1758.12,677.74,78.63,251.03,0.5386,-1,-1,-1
922,63,406.43,358.08,68.01,205.77,0.5427,-1,-1,-1
923,4,1719.99,455.73,75.40,210.03,0.6225,-1,-1,-1
923,47,305.98,710.07,88.57,257.78,0.7699,-1,-1,-1
923,49,907.77,955.66,72.95,124.33,0.7330,-1,-1,-1
923,55,864.72,406.16,61.88,217.30,0.7652,-1,-1,-1
923,54,947.71,392.54,70.92,219.22,0.7378,-1,-1,-1
923,73,1277.02,829.68,108.61,250.07,0.7879,-1,-1,-1
923,74,1757.62,677.67,78.05,250.43,0.5799,-1,-1,-1
923,63,405.63,360.19,68.02,205.46,0.5231,-1,-1,-1
923,67,1574.35,598.94,99.89,225.18,0.5140,-1,-1,-1
924,4,1719.87,455.57,75.54,209.92,0.6284,-1,-1,-1
924,47,305.64,711.63,89.27,260.97,0.7529,-1,-1,-1
924,49,907.78,955.85,73.21,124.15,0.7353,-1,-1,-1
924,55,864.81,405.80,61.38,215.99,0.7512,-1,-1,-1
924,54,946.74,391.76,72.25,221.20,0.7562,-1,-1,-1
924,73,1276.34,828.72,107.29,249.77,0.7901,-1,-1,-1
924,74,1755.84,676.09,77.56,249.31,0.5560,-1,-1,-1
924,63,404.58,361.74,69.16,208.28,0.5484,-1,-1,-1
924,70,328.51,376.53,71.19,180.24,0.5056,-1,-1,-1
925,4,1719.29,455.37,75.83,210.41,0.6063,-1,-1,-1
925,47,306.09,714.17,89.03,261.42,0.7442,-1,-1,-1
925,49,907.42,955.25,73.73,124.75,0.7232,-1,-1,-1
925,55,864.42,405.61,61.23,215.61,0.7586,-1,-1,-1
925,54,945.33,391.56,73.09,221.86,0.7579,-1,-1,-1
925,73,1275.35,828.31,106.11,248.98,0.7774,-1,-1,-1
925,74,1755.70,676.33,77.29,248.59,0.5357,-1,-1,-1
925,63,402.87,363.15,70.15,210.87,0.5779,-1,-1,-1
925,70,328.03,377.36,71.05,180.16,0.5638,-1,-1,-1
926,4,1719.48,455.82,75.70,209.74,0.5818,-1,-1,-1
926,47,306.85,717.07,88.79,261.36,0.7453,-1,-1,-1
926,49,908.09,955.42,73.93,124.58,0.7306,-1,-1,-1
926,55,863.99,405.28,61.13,215.47,0.7059,-1,-1,-1
926,54,944.02,391.44,73.92,222.09,0.7609,-1,-1,-1
926,73,1273.66,826.94,105.63,250.90,0.7913,-1,-1,-1
926,74,1756.09,676.83,77.61,249.78,0.5894,-1,-1,-1
926,63,401.61,363.75,70.86,212.29,0.5012,-1,-1,-1
926,70,328.21,378.96,70.76,180.09,0.5356,-1,-1,-1
927,4,1719.43,456.02,75.67,209.44,0.6102,-1,-1,-1
927,47,307.10,720.00,89.12,263.40,0.7486,-1,-1,-1
927,49,907.86,955.12,74.17,124.88,0.7388,-1,-1,-1
927,55,863.52,404.71,60.78,214.19,0.7403,-1,-1,-1
927,54,943.56,390.92,74.31,221.07,0.7727,-1,-1,-1
927,73,1271.36,825.19,105.17,252.55,0.8028,-1,-1,-1
927,74,1756.28,676.70,78.24,252.27,0.5862,-1,-1,-1
927,70,328.14,381.96,70.55,180.71,0.5715,-1,-1,-1
928,4,1719.22,456.24,75.61,209.02,0.6034,-1,-1,-1
928,47,308.55,724.39,88.78,264.09,0.7731,-1,-1,-1
928,49,907.66,954.90,74.47,125.10,0.7213,-1,-1,-1
928,55,862.81,403.96,60.88,214.50,0.7359,-1,-1,-1
928,54,943.37,389.88,74.86,221.06,0.7677,-1,-1,-1
928,73,1268.59,822.59,105.14,255.74,0.7778,-1,-1,-1
928,74,1756.05,676.03,78.43,252.92,0.5873,-1,-1,-1
928,70,327.90,383.91,71.22,183.77,0.5215,-1,-1,-1
928,63,400.30,364.18,71.22,212.57,0.5128,-1,-1,-1
929,4,1718.91,456.19,75.78,209.26,0.6077,-1,-1,-1
929,47,310.07,726.81,88.59,265.02,0.7941,-1,-1,-1
929,49,907.94,955.00,74.56,125.00,0.7308,-1,-1,-1
929,55,861.67,401.99,61.41,215.94,0.7441,-1,-1,-1
929,54,942.64,388.44,75.34,221.39,0.7689,-1,-1,-1
929,73,1266.51,818.12,105.29,259.78,0.7775,-1,-1,-1
929,74,1755.97,676.49,78.31,252.13,0.5928,-1,-1,-1
929,70,328.30,385.45,71.94,186.32,0.5337,-1,-1,-1
929,63,399.73,364.68,71.36,212.04,0.5722,-1,-1,-1
930,4,1719.25,456.32,75.74,209.18,0.5972,-1,-1,-1
930,47,311.78,728.91,87.41,262.59,0.7748,-1,-1,-1
930,49,907.02,954.61,74.90,125.29,0.7199,-1,-1,-1
930,55,861.46,399.75,61.27,214.82,0.7166,-1,-1,-1
930,54,942.00,386.25,75.96,222.42,0.7702,-1,-1,-1
930,73,1264.72,814.32,105.88,264.91,0.7959,-1,-1,-1
930,74,1754.92,676.95,78.72,251.64,0.5852,-1,-1,-1
930,63,399.16,365.12,70.80,209.50,0.5125,-1,-1,-1
931,4,1719.33,456.32,75.71,208.93,0.5655,-1,-1,-1
931,47,313.85,730.73,86.28,259.79,0.7860,-1,-1,-1
931,49,907.65,954.94,74.99,125.02,0.7312,-1,-1,-1
931,55,861.87,399.08,59.13,205.79,0.6985,-1,-1,-1
931,54,941.79,384.12,75.61,220.93,0.7591,-1,-1,-1
931,73,1263.09,810.18,106.08,269.57,0.7848,-1,-1,-1
931,74,1753.36,675.99,79.46,252.49,0.6228,-1,-1,-1
931,67,1574.78,597.65,99.95,226.35,0.5214,-1,-1,-1
931,70,328.37,388.29,72.79,188.87,0.5052,-1,-1,-1
932,4,1719.57,456.09,75.82,209.46,0.5773,-1,-1,-1
932,47,315.86,731.92,85.27,257.29,0.7789,-1,-1,-1
932,49,907.96,954.61,75.32,125.37,0.7311,-1,-1,-1
932,55,861.49,396.83,58.60,202.50,0.6496,-1,-1,-1
932,54,942.55,381.58,74.98,218.63,0.7427,-1,-1,-1
932,73,1261.73,805.67,106.26,274.27,0.7908,-1,-1,-1
932,74,1752.51,675.65,79.98,252.20,0.6170,-1,-1,-1
932,67,1575.28,597.97,99.43,226.13,0.5558,-1,-1,-1
933,4,1719.53,455.95,75.82,209.77,0.5541,-1,-1,-1
933,47,317.22,733.33,85.15,257.01,0.7948,-1,-1,-1
933,49,908.21,954.54,75.54,125.45,0.7420,-1,-1,-1
933,55,861.07,395.09,58.17,199.32,0.6489,-1,-1,-1
933,54,942.83,379.19,74.05,214.93,0.7366,-1,-1,-1
933,73,1261.34,802.21,105.18,275.63,0.7758,-1,-1,-1
933,74,1751.21,674.95,80.79,253.61,0.6317,-1,-1,-1
933,67,1574.69,596.16,100.11,228.13,0.5280,-1,-1,-1
933,63,396.62,366.48,70.76,207.62,0.5203,-1,-1,-1
934,4,1719.55,455.90,75.78,210.04,0.5782,-1,-1,-1
934,47,318.44,734.57,85.03,256.29,0.8049,-1,-1,-1
934,49,908.27,954.05,75.99,125.95,0.7528,-1,-1,-1
934,55,860.20,393.18,58.99,200.76,0.6633,-1,-1,-1
934,54,943.11,376.70,73.79,213.93,0.7234,-1,-1,-1
934,73,1261.06,799.15,103.31,274.52,0.7781,-1,-1,-1
934,74,1751.00,675.26,80.95,252.52,0.6110,-1,-1,-1
934,67,1575.12,596.01,99.94,228.48,0.5555,-1,-1,-1
934,63,395.58,367.89,70.94,206.56,0.5506,-1,-1,-1
935,4,1719.96,456.23,75.54,209.57,0.5750,-1,-1,-1
935,47,319.91,736.07,85.39,256.16,0.8270,-1,-1,-1
935,49,908.01,953.69,76.32,126.31,0.7409,-1,-1,-1
935,55,859.88,391.06,59.44,201.08,0.6729,-1,-1,-1
935,54,943.42,374.38,72.75,211.53,0.7351,-1,-1,-1
935,73,1261.26,796.18,101.82,273.87,0.7687,-1,-1,-1
935,74,1750.97,674.54,82.07,254.51,0.6210,-1,-1,-1
935,67,1575.18,595.97,99.94,228.89,0.5815,-1,-1,-1
935,63,394.46,369.07,71.47,205.84,0.5367,-1,-1,-1
936,4,1720.14,455.99,75.13,209.03,0.5626,-1,-1,-1
936,47,321.13,737.00,85.52,254.87,0.8217,-1,-1,-1
936,49,907.87,952.40,76.81,127.20,0.7263,-1,-1,-1
936,55,859.38,389.07,60.90,205.82,0.6694,-1,-1,-1
936,54,943.11,373.48,72.04,210.46,0.7074,-1,-1,-1
936,73,1260.69,793.04,101.94,277.52,0.7683,-1,-1,-1
936,74,1751.06,674.34,82.38,254.15,0.6006,-1,-1,-1
936,67,1575.96,596.36,99.39,227.95,0.5664,-1,-1,-1
936,63,392.52,369.01,73.85,211.37,0.6004,-1,-1,-1
937,4,1720.44,456.34,74.91,208.97,0.5534,-1,-1,-1
937,47,322.49,738.09,85.96,253.76,0.8362,-1,-1,-1
937,49,908.08,952.42,76.98,127.42,0.7434,-1,-1,-1
937,55,858.83,388.18,61.64,208.25,0.6903,-1,-1,-1
937,54,942.77,372.76,71.62,210.69,0.6928,-1,-1,-1
937,73,1259.87,790.62,101.72,279.71,0.7771,-1,-1,-1
937,74,1750.62,674.09,83.01,255.04,0.6187,-1,-1,-1
937,67,1575.70,595.99,99.59,228.27,0.5386,-1,-1,-1
937,63,390.76,369.12,75.90,216.35,0.6123,-1,-1,-1
938,4,1720.18,456.62,74.84,208.91,0.5749,-1,-1,-1
938,47,323.17,738.76,87.05,254.51,0.8321,-1,-1,-1
938,49,908.54,951.67,77.32,128.28,0.7529,-1,-1,-1
938,55,858.27,386.47,61.92,209.16,0.6811,-1,-1,-1
938,54,941.77,370.85,71.74,213.14,0.7000,-1,-1,-1
938,73,1258.22,788.07,101.87,283.23,0.7855,-1,-1,-1
938,74,1749.95,673.74,83.41,254.97,0.6238,-1,-1,-1
938,67,1575.83,596.72,99.23,227.66,0.5618,-1,-1,-1
938,63,390.66,370.73,76.60,217.77,0.5653,-1,-1,-1
939,4,1720.10,456.51,74.93,209.72,0.5561,-1,-1,-1
939,47,322.96,739.86,88.51,257.08,0.8307,-1,-1,-1
939,49,909.95,950.79,77.55,129.19,0.7237,-1,-1,-1
939,55,858.00,386.22,62.17,210.22,0.6648,-1,-1,-1
939,54,941.70,369.81,71.42,214.12,0.6714,-1,-1,-1
939,73,1257.29,785.89,101.43,285.05,0.7899,-1,-1,-1
939,74,1748.78,674.58,83.50,254.41,0.6270,-1,-1,-1
939,67,1574.88,595.20,99.77,229.17,0.5186,-1,-1,-1
939,63,391.62,377.01,75.83,214.63,0.5984,-1,-1,-1
940,4,1720.11,456.25,74.84,209.90,0.5598,-1,-1,-1
940,47,322.65,740.90,90.10,260.95,0.8254,-1,-1,-1
940,49,910.42,949.70,77.85,130.30,0.7619,-1,-1,-1
940,55,858.23,386.09,62.21,210.77,0.6759,-1,-1,-1
940,54,941.23,369.36,71.03,214.53,0.6936,-1,-1,-1
940,73,1255.69,784.30,100.55,285.78,0.7855,-1,-1,-1
940,74,1747.89,674.01,83.63,253.90,0.6361,-1,-1,-1
940,67,1574.64,595.37,99.57,228.90,0.5332,-1,-1,-1
940,63,391.86,381.71,74.93,211.54,0.5956,-1,-1,-1
941,4,1719.73,456.44,74.58,209.10,0.5794,-1,-1,-1
941,47,322.56,742.95,92.12,266.65,0.8184,-1,-1,-1
941,49,910.82,948.66,78.17,131.34,0.7510,-1,-1,-1
941,55,858.12,385.71,62.38,211.59,0.7097,-1,-1,-1
941,54,940.08,368.53,70.89,215.88,0.7170,-1,-1,-1
941,73,1253.97,783.00,100.14,287.82,0.7844,-1,-1,-1
941,74,1748.27,674.04,84.09,254.22,0.6634,-1,-1,-1
941,67,1574.35,595.33,99.66,229.36,0.5657,-1,-1,-1
941,63,390.88,383.27,75.35,212.35,0.6215,-1,-1,-1
942,4,1719.66,456.23,74.76,209.87,0.5558,-1,-1,-1
942,47,322.83,746.42,92.78,268.59,0.8173,-1,-1,-1
942,49,911.27,947.49,78.40,132.51,0.7628,-1,-1,-1
942,55,858.11,384.93,62.54,212.40,0.7000,-1,-1,-1
942,54,939.59,368.16,70.39,215.81,0.7131,-1,-1,-1
942,73,1252.53,782.60,99.09,287.39,0.7773,-1,-1,-1
942,74,1748.27,672.82,84.40,253.88,0.6571,-1,-1,-1
942,67,1574.18,594.91,99.79,229.88,0.5416,-1,-1,-1
942,63,391.30,385.51,75.31,212.05,0.5921,-1,-1,-1
943,4,1719.64,456.30,74.54,209.49,0.5679,-1,-1,-1
943,47,323.52,750.02,92.46,267.43,0.8184,-1,-1,-1
943,49,911.78,946.00,78.75,134.01,0.7552,-1,-1,-1
943,55,858.09,383.74,62.52,212.32,0.6829,-1,-1,-1
943,54,938.77,366.93,70.36,216.81,0.7132,-1,-1,-1
943,73,1251.37,781.75,98.07,287.11,0.7748,-1,-1,-1
943,74,1747.41,671.71,84.99,254.78,0.6662,-1,-1,-1
943,67,1574.50,595.39,99.36,229.04,0.5493,-1,-1,-1
943,63,392.24,387.30,74.97,211.04,0.5718,-1,-1,-1
944,4,1719.49,456.41,74.57,210.13,0.5650,-1,-1,-1
944,47,324.19,753.61,91.55,264.42,0.8223,-1,-1,-1
944,49,912.89,944.64,78.99,135.36,0.7344,-1,-1,-1
944,55,857.74,382.05,62.81,213.58,0.6917,-1,-1,-1
944,54,937.49,366.02,70.03,216.82,0.6967,-1,-1,-1
944,73,1249.90,779.76,97.41,287.22,0.7731,-1,-1,-1
944,74,1746.83,672.82,85.03,254.24,0.6759,-1,-1,-1
944,67,1574.29,594.71,99.45,229.68,0.5490,-1,-1,-1
944,63,392.50,388.21,74.65,209.86,0.5440,-1,-1,-1
945,4,1719.19,456.06,74.78,211.03,0.5424,-1,-1,-1
945,47,324.21,756.31,91.39,264.03,0.8237,-1,-1,-1
945,49,913.59,943.79,78.97,136.22,0.7561,-1,-1,-1
945,55,857.54,379.65,62.66,212.88,0.6940,-1,-1,-1
945,54,937.51,364.44,69.37,216.71,0.6919,-1,-1,-1
945,73,1248.78,777.39,97.07,288.68,0.7645,-1,-1,-1
945,74,1746.28,673.42,85.02,253.48,0.6790,-1,-1,-1
945,67,1574.90,595.63,99.01,228.86,0.5612,-1,-1,-1
945,63,392.90,388.82,74.60,209.44,0.5449,-1,-1,-1
946,4,1719.50,456.94,74.17,209.20,0.5699,-1,-1,-1
946,47,324.36,759.40,91.48,264.51,0.8211,-1,-1,-1
946,49,915.10,943.43,78.52,136.58,0.7576,-1,-1,-1
946,55,857.39,377.21,63.14,214.05,0.6500,-1,-1,-1
946,54,936.57,362.68,68.62,216.18,0.6461,-1,-1,-1
946,73,1247.83,774.87,95.25,284.70,0.7755,-1,-1,-1
946,74,1745.13,673.17,85.37,253.09,0.6623,-1,-1,-1
946,67,1575.80,596.90,98.02,226.81,0.5642,-1,-1,-1
946,63,391.71,388.89,74.77,209.66,0.5928,-1,-1,-1
947,4,1719.49,457.53,73.98,208.92,0.5719,-1,-1,-1
947,47,323.82,760.81,92.21,266.96,0.8233,-1,-1,-1
947,49,915.64,941.88,78.68,138.13,0.7545,-1,-1,-1
947,55,857.24,374.66,62.77,212.02,0.6626,-1,-1,-1
947,54,935.82,360.97,66.92,212.11,0.6498,-1,-1,-1
947,73,1246.95,771.81,93.89,281.95,0.7636,-1,-1,-1
947,74,1744.96,670.02,86.07,254.35,0.6922,-1,-1,-1
947,67,1576.32,597.15,98.06,226.94,0.5836,-1,-1,-1
947,63,391.81,388.75,74.80,210.00,0.5913,-1,-1,-1
948,4,1719.42,457.33,73.90,208.99,0.5736,-1,-1,-1
948,47,322.80,762.72,92.56,268.74,0.8271,-1,-1,-1
948,49,916.37,940.40,78.84,139.60,0.7534,-1,-1,-1
948,55,856.83,371.46,62.85,211.77,0.6633,-1,-1,-1
948,54,935.06,358.15,65.52,209.02,0.6509,-1,-1,-1
948,73,1245.54,768.91,92.29,278.88,0.7740,-1,-1,-1
948,74,1743.65,669.60,87.10,255.07,0.6816,-1,-1,-1
948,67,1576.01,595.88,98.55,228.17,0.5923,-1,-1,-1
948,63,391.63,388.74,74.74,209.91,0.5565,-1,-1,-1
949,4,1719.31,456.93,73.77,208.94,0.5777,-1,-1,-1
949,47,322.92,764.14,92.35,268.55,0.8215,-1,-1,-1
949,49,917.40,939.28,78.76,140.72,0.7384,-1,-1,-1
949,55,856.33,368.91,62.98,211.64,0.6659,-1,-1,-1
949,54,933.62,355.85,65.36,209.36,0.6396,-1,-1,-1
949,73,1245.17,764.60,90.62,275.35,0.7646,-1,-1,-1
949,74,1744.05,670.05,86.25,251.76,0.6772,-1,-1,-1
949,67,1576.25,594.95,98.95,229.47,0.5765,-1,-1,-1
949,63,391.77,390.06,74.23,208.56,0.5626,-1,-1,-1
949,70,322.00,412.87,72.54,191.06,0.5549,-1,-1,-1
950,4,1719.35,456.36,74.00,209.89,0.5724,-1,-1,-1
950,47,322.29,765.27,91.90,267.68,0.8230,-1,-1,-1
950,49,918.31,937.66,78.75,142.34,0.7546,-1,-1,-1
950,55,857.14,366.79,61.87,206.73,0.6532,-1,-1,-1
950,54,931.27,352.70,65.33,209.27,0.6464,-1,-1,-1
950,73,1244.92,759.83,88.24,268.78,0.7694,-1,-1,-1
950,74,1743.50,667.88,87.65,255.49,0.6781,-1,-1,-1
950,67,1575.91,594.97,98.77,229.01,0.5690,-1,-1,-1
950,63,390.90,390.10,74.39,208.99,0.5825,-1,-1,-1
950,70,323.48,413.98,71.28,190.23,0.5082,-1,-1,-1
951,4,1719.27,456.14,74.21,210.77,0.5724,-1,-1,-1
951,47,322.08,766.78,91.33,266.11,0.8161,-1,-1,-1
951,49,918.75,936.75,78.49,143.25,0.7622,-1,-1,-1
951,55,856.78,365.09,62.00,205.89,0.6683,-1,-1,-1
951,54,930.08,349.82,65.58,210.09,0.6525,-1,-1,-1
951,73,1243.88,754.91,87.35,266.76,0.7678,-1,-1,-1
951,74,1743.54,667.53,87.68,255.18,0.6549,-1,-1,-1
951,67,1575.95,594.78,98.94,229.30,0.5811,-1,-1,-1
951,63,391.01,390.63,73.94,207.48,0.5044,-1,-1,-1
952,4,1719.07,456.28,74.18,210.97,0.5726,-1,-1,-1
952,47,321.98,768.28,90.86,264.97,0.8045,-1,-1,-1
952,49,919.83,935.91,78.19,144.09,0.7728,-1,-1,-1
952,55,856.27,363.65,62.37,205.78,0.6919,-1,-1,-1
952,54,929.24,347.31,66.03,211.78,0.6930,-1,-1,-1
952,73,1242.07,751.49,87.32,266.88,0.7631,-1,-1,-1
952,74,1743.29,667.78,88.29,256.19,0.6676,-1,-1,-1
952,67,1575.99,595.66,98.75,228.37,0.5729,-1,-1,-1
952,63,391.76,390.80,73.67,206.87,0.5189,-1,-1,-1
953,4,1719.24,456.79,73.88,210.00,0.5683,-1,-1,-1
953,47,321.42,769.84,90.31,263.53,0.8138,-1,-1,-1
953,49,921.05,935.22,77.82,144.78,0.7791,-1,-1,-1
953,55,855.39,362.26,63.18,206.63,0.6847,-1,-1,-1
953,54,927.88,345.95,66.11,211.69,0.7090,-1,-1,-1
953,73,1240.95,749.87,86.96,265.99,0.7807,-1,-1,-1
953,74,1743.14,668.20,88.42,255.77,0.6717,-1,-1,-1
953,67,1576.23,594.88,99.06,229.01,0.6081,-1,-1,-1
953,63,391.55,393.38,74.05,207.65,0.5562,-1,-1,-1
954,4,1719.66,456.64,73.80,209.77,0.5800,-1,-1,-1
954,47,321.89,771.38,89.73,262.13,0.8180,-1,-1,-1
954,49,921.87,934.52,77.44,145.48,0.7647,-1,-1,-1
954,55,854.37,360.79,63.87,207.65,0.6716,-1,-1,-1
954,54,926.65,344.96,66.36,211.74,0.7074,-1,-1,-1
954,73,1238.74,748.28,87.23,266.28,0.7781,-1,-1,-1
954,74,1743.16,669.12,88.47,255.14,0.6836,-1,-1,-1
954,67,1576.39,596.08,98.72,228.25,0.5787,-1,-1,-1
954,63,390.05,394.15,75.08,210.11,0.6113,-1,-1,-1
955,4,1719.41,456.16,74.05,210.27,0.5747,-1,-1,-1
955,47,322.07,773.01,89.09,260.37,0.8190,-1,-1,-1
955,49,922.58,934.17,76.80,145.83,0.7775,-1,-1,-1
955,55,853.83,360.17,64.39,208.49,0.6666,-1,-1,-1
955,54,926.45,343.79,66.66,211.86,0.6881,-1,-1,-1
955,73,1237.18,746.10,87.69,267.79,0.7886,-1,-1,-1
955,74,1743.12,668.68,88.43,254.31,0.6737,-1,-1,-1
955,67,1576.21,594.40,99.30,229.66,0.5886,-1,-1,-1
955,63,389.89,396.36,75.98,212.11,0.5808,-1,-1,-1
956,4,1719.66,456.42,74.00,210.22,0.5833,-1,-1,-1
956,47,321.88,773.47,88.81,259.49,0.8289,-1,-1,-1
956,49,923.03,933.50,76.48,146.50,0.7815,-1,-1,-1
956,55,852.85,360.06,65.05,209.82,0.6588,-1,-1,-1
956,54,925.59,343.53,67.76,214.21,0.6929,-1,-1,-1
956,73,1235.08,744.01,88.00,268.96,0.7904,-1,-1,-1
956,74,1742.87,668.01,88.63,254.18,0.6592,-1,-1,-1
956,67,1577.51,594.63,98.90,229.34,0.5545,-1,-1,-1
956,63,389.83,399.70,76.23,212.54,0.6056,-1,-1,-1
957,4,1719.37,456.24,74.03,210.18,0.5699,-1,-1,-1
957,47,321.72,774.15,88.69,259.41,0.8345,-1,-1,-1
957,49,923.56,933.08,76.17,146.92,0.7782,-1,-1,-1
957,55,852.18,360.41,64.82,208.19,0.6745,-1,-1,-1
957,54,923.98,343.43,68.53,214.82,0.6919,-1,-1,-1
957,73,1234.72,742.77,85.91,260.29,0.7515,-1,-1,-1
957,74,1742.20,669.12,88.49,251.87,0.6707,-1,-1,-1
957,67,1579.00,593.70,98.72,230.23,0.5680,-1,-1,-1
957,63,388.95,403.33,76.57,213.16,0.6145,-1,-1,-1
958,4,1719.28,455.97,74.17,210.50,0.5799,-1,-1,-1
958,47,321.33,775.11,89.35,261.98,0.8283,-1,-1,-1
958,49,924.31,932.67,75.86,147.33,0.7847,-1,-1,-1
958,55,851.58,359.95,65.04,207.87,0.6789,-1,-1,-1
958,54,924.41,343.21,69.09,215.38,0.6937,-1,-1,-1
958,73,1233.36,741.51,86.21,259.70,0.7563,-1,-1,-1
958,74,1741.59,668.12,89.56,253.51,0.6617,-1,-1,-1
958,67,1579.22,594.94,97.90,228.75,0.5441,-1,-1,-1
958,63,387.79,405.03,77.26,215.05,0.5994,-1,-1,-1
959,4,1719.35,456.34,73.90,209.50,0.5786,-1,-1,-1
959,47,320.93,777.09,89.41,262.87,0.7966,-1,-1,-1
959,49,924.92,932.62,75.40,147.38,0.7850,-1,-1,-1
959,55,851.72,359.15,64.81,206.01,0.6789,-1,-1,-1
959,54,924.73,342.86,69.47,216.01,0.6845,-1,-1,-1
959,73,1232.13,740.40,85.02,253.14,0.7574,-1,-1,-1
959,74,1741.70,668.46,89.13,252.31,0.6471,-1,-1,-1
959,67,1579.57,596.11,97.26,228.03,0.5639,-1,-1,-1
959,63,386.85,408.21,76.98,214.13,0.6066,-1,-1,-1
959,70,320.72,421.13,69.73,187.33,0.5237,-1,-1,-1
960,4,1719.26,455.74,74.25,210.35,0.5896,-1,-1,-1
960,47,320.72,779.39,89.21,262.98,0.8038,-1,-1,-1
960,49,925.42,932.21,75.20,147.79,0.7891,-1,-1,-1
960,55,851.03,356.25,65.26,206.88,0.6894,-1,-1,-1
960,54,924.80,341.51,69.70,216.24,0.6971,-1,-1,-1
960,73,1228.83,738.81,86.66,255.95,0.7923,-1,-1,-1
960,74,1742.18,668.71,89.27,252.21,0.6832,-1,-1,-1
960,67,1579.08,593.42,98.19,230.54,0.5780,-1,-1,-1
960,63,389.49,411.84,76.04,211.98,0.5336,-1,-1,-1
961,4,1719.50,455.58,74.36,210.54,0.5976,-1,-1,-1
961,47,321.27,783.48,88.51,261.59,0.8184,-1,-1,-1
961,49,925.93,931.83,74.95,148.17,0.7791,-1,-1,-1
961,55,849.90,353.03,65.05,205.84,0.6868,-1,-1,-1
961,54,924.94,340.33,70.09,217.01,0.6919,-1,-1,-1
961,73,1225.89,736.60,87.48,256.02,0.7770,-1,-1,-1
961,74,1742.21,669.58,89.48,252.33,0.6776,-1,-1,-1
961,67,1577.99,593.47,98.25,230.36,0.5437,-1,-1,-1
961,63,390.23,413.02,75.72,211.39,0.5707,-1,-1,-1
961,70,318.96,422.20,69.88,190.81,0.5794,-1,-1,-1
962,4,1719.41,455.45,74.12,209.89,0.5948,-1,-1,-1
962,47,321.51,786.34,87.94,260.56,0.8295,-1,-1,-1
962,49,926.42,931.80,74.62,148.20,0.7877,-1,-1,-1
962,55,849.39,350.05,64.65,203.85,0.6832,-1,-1,-1
962,54,925.66,338.60,70.12,216.72,0.6872,-1,-1,-1
962,73,1223.51,733.25,88.02,255.99,0.7650,-1,-1,-1
962,74,1741.75,666.97,91.39,257.70,0.6720,-1,-1,-1
962,67,1577.32,591.18,99.34,232.61,0.5474,-1,-1,-1
962,63,391.49,415.09,74.97,209.57,0.5330,-1,-1,-1
962,70,317.72,421.24,70.55,195.39,0.5732,-1,-1,-1
963,4,1719.47,455.34,74.10,209.82,0.5758,-1,-1,-1
963,47,322.06,789.26,88.45,262.82,0.8183,-1,-1,-1
963,49,926.92,931.65,74.35,148.35,0.7773,-1,-1,-1
963,55,848.87,348.08,64.40,203.10,0.6767,-1,-1,-1
963,54,924.83,336.35,70.51,217.99,0.6826,-1,-1,-1
963,73,1220.75,730.36,89.29,259.27,0.7674,-1,-1,-1
963,74,1742.00,667.81,90.74,255.39,0.6636,-1,-1,-1
963,67,1576.56,591.47,99.76,232.48,0.5526,-1,-1,-1
963,63,391.83,415.70,74.76,209.13,0.5554,-1,-1,-1
963,70,317.29,420.36,71.06,199.60,0.5817,-1,-1,-1
964,4,1719.14,455.61,74.18,210.10,0.5691,-1,-1,-1
964,47,322.45,792.18,89.21,266.65,0.8268,-1,-1,-1
964,49,927.07,931.83,74.00,148.17,0.7843,-1,-1,-1
964,55,847.86,346.59,64.10,202.48,0.6549,-1,-1,-1
964,54,923.94,334.00,70.46,217.52,0.6622,-1,-1,-1
964,73,1217.88,727.46,91.12,265.75,0.7785,-1,-1,-1
964,74,1741.67,665.80,91.53,257.53,0.6716,-1,-1,-1
964,67,1575.63,589.58,100.75,234.80,0.5430,-1,-1,-1
964,63,391.92,416.77,74.32,208.00,0.5666,-1,-1,-1
964,70,317.91,423.19,69.69,198.48,0.6053,-1,-1,-1
965,4,1719.48,455.74,73.99,209.45,0.5920,-1,-1,-1
965,47,322.94,795.07,90.12,271.37,0.8258,-1,-1,-1
965,49,927.32,931.77,73.75,148.15,0.7782,-1,-1,-1
965,55,847.85,344.27,63.40,201.17,0.6580,-1,-1,-1
965,54,924.50,331.58,69.83,214.91,0.6826,-1,-1,-1
965,73,1216.16,723.43,91.11,266.28,0.7902,-1,-1,-1
965,74,1742.37,668.22,90.99,255.41,0.6871,-1,-1,-1
965,67,1575.45,589.43,100.80,234.95,0.5984,-1,-1,-1
965,63,392.02,417.48,73.85,206.83,0.5657,-1,-1,-1
965,70,317.79,427.21,68.61,195.66,0.6129,-1,-1,-1
966,4,1719.19,455.85,74.09,209.76,0.5744,-1,-1,-1
966,47,323.59,797.84,90.54,275.21,0.8304,-1,-1,-1
966,49,927.42,932.00,73.53,147.97,0.7738,-1,-1,-1
966,55,847.98,342.71,62.91,200.39,0.6739,-1,-1,-1
966,54,925.45,330.10,68.39,209.57,0.7017,-1,-1,-1
966,73,1215.85,719.77,89.79,262.23,0.7831,-1,-1,-1
966,74,1742.85,669.04,91.05,255.16,0.6888,-1,-1,-1
966,67,1575.64,590.34,100.55,233.84,0.6056,-1,-1,-1
966,63,389.79,415.64,74.65,208.70,0.5524,-1,-1,-1
966,70,318.62,432.28,66.87,190.86,0.6082,-1,-1,-1
967,4,1719.09,455.81,74.19,210.08,0.5819,-1,-1,-1
967,47,324.93,799.41,89.63,274.71,0.7979,-1,-1,-1
967,49,927.45,932.00,73.47,147.99,0.7771,-1,-1,-1
967,55,848.43,340.86,63.03,201.64,0.6837,-1,-1,-1
967,54,926.44,328.35,67.91,207.84,0.7081,-1,-1,-1
967,73,1215.65,715.96,89.16,260.95,0.7860,-1,-1,-1
967,74,1742.45,669.79,90.86,254.36,0.7121,-1,-1,-1
967,67,1575.20,590.30,100.92,233.79,0.5917,-1,-1,-1
967,63,391.49,417.90,73.48,205.69,0.5480,-1,-1,-1
967,70,316.73,433.11,67.48,191.41,0.5865,-1,-1,-1
968,4,1718.83,455.94,74.25,210.44,0.5836,-1,-1,-1
968,47,326.54,800.53,89.27,275.25,0.7966,-1,-1,-1
968,49,927.16,931.65,73.54,148.35,0.7810,-1,-1,-1
968,55,847.58,339.55,63.42,203.52,0.6941,-1,-1,-1
968,54,926.90,325.76,68.01,207.92,0.7234,-1,-1,-1
968,73,1214.41,712.64,89.29,261.73,0.7839,-1,-1,-1
968,74,1741.95,669.03,91.51,255.50,0.6957,-1,-1,-1
968,67,1575.17,589.58,101.43,234.60,0.6147,-1,-1,-1
968,63,392.68,418.83,72.79,203.99,0.5532,-1,-1,-1
968,70,314.95,433.52,68.05,191.62,0.5846,-1,-1,-1
969,4,1718.74,456.28,74.19,210.46,0.5891,-1,-1,-1
969,47,328.40,802.10,88.58,274.10,0.7833,-1,-1,-1
969,49,926.99,931.92,73.24,148.08,0.7818,-1,-1,-1
969,55,847.32,338.61,63.61,205.19,0.6958,-1,-1,-1
969,54,927.23,324.02,67.92,207.52,0.7281,-1,-1,-1
969,73,1213.17,709.54,89.93,263.63,0.7817,-1,-1,-1
969,74,1741.32,668.50,91.40,254.63,0.6977,-1,-1,-1
969,67,1575.70,590.28,101.52,233.83,0.6184,-1,-1,-1
969,63,393.19,420.57,72.32,202.91,0.5213,-1,-1,-1
969,70,312.09,433.48,69.47,192.06,0.5694,-1,-1,-1
970,4,1718.84,455.94,74.06,210.20,0.5880,-1,-1,-1
970,47,330.10,803.61,88.01,272.84,0.7936,-1,-1,-1
970,49,926.62,931.93,73.10,148.07,0.7810,-1,-1,-1
970,55,847.18,338.14,63.57,206.06,0.6995,-1,-1,-1
970,54,927.05,323.02,67.81,207.84,0.7032,-1,-1,-1
970,73,1211.79,707.46,90.69,265.91,0.7811,-1,-1,-1
970,74,1741.11,668.37,91.29,253.56,0.6942,-1,-1,-1
970,67,1576.18,591.23,101.44,233.11,0.6187,-1,-1,-1
970,63,390.80,418.30,74.49,208.81,0.5194,-1,-1,-1
971,4,1719.12,456.08,74.20,210.49,0.5860,-1,-1,-1
971,47,330.90,804.13,87.97,271.99,0.7871,-1,-1,-1
971,49,926.37,932.22,72.81,147.78,0.7793,-1,-1,-1
971,55,846.96,337.69,63.64,207.43,0.7053,-1,-1,-1
971,54,927.09,322.45,67.56,207.66,0.7117,-1,-1,-1
971,73,1210.11,706.40,91.28,267.90,0.7932,-1,-1,-1
971,74,1740.86,669.82,90.98,252.37,0.6852,-1,-1,-1
971,67,1576.12,590.66,101.87,233.65,0.5853,-1,-1,-1
971,63,391.19,421.63,75.59,212.44,0.5196,-1,-1,-1
972,4,1719.39,455.93,73.98,210.00,0.5870,-1,-1,-1
972,47,331.84,804.91,88.06,270.53,0.7704,-1,-1,-1
972,49,925.92,932.46,72.41,147.54,0.7637,-1,-1,-1
972,55,846.80,337.57,63.53,208.21,0.6763,-1,-1,-1
972,54,926.95,321.84,67.26,207.22,0.6948,-1,-1,-1
972,73,1208.30,705.96,91.62,268.65,0.7898,-1,-1,-1
972,74,1740.66,669.19,91.76,254.48,0.6968,-1,-1,-1
972,67,1575.94,590.38,102.08,233.74,0.5742,-1,-1,-1
972,63,388.68,419.82,76.94,215.89,0.5281,-1,-1,-1
973,4,1719.04,455.84,74.13,210.47,0.5752,-1,-1,-1
973,47,332.88,806.35,88.16,268.16,0.7738,-1,-1,-1
973,49,925.73,933.22,71.92,146.78,0.7776,-1,-1,-1
973,55,846.52,336.38,63.38,208.23,0.6858,-1,-1,-1
973,54,926.87,321.31,67.04,207.27,0.6986,-1,-1,-1
973,73,1206.30,704.76,91.48,268.83,0.7941,-1,-1,-1
973,74,1740.78,668.62,91.93,254.54,0.6941,-1,-1,-1
973,67,1575.73,590.84,102.12,233.42,0.6067,-1,-1,-1
973,63,387.78,419.70,77.79,218.47,0.5476,-1,-1,-1
974,4,1718.94,455.50,73.89,210.10,0.5481,-1,-1,-1
974,47,333.18,807.42,88.76,266.93,0.7683,-1,-1,-1
974,49,925.09,932.94,71.78,147.06,0.7694,-1,-1,-1
974,55,846.49,335.37,63.27,208.56,0.6666,-1,-1,-1
974,54,926.40,321.20,66.79,207.04,0.7105,-1,-1,-1
974,73,1204.93,703.05,91.80,270.04,0.7965,-1,-1,-1
974,74,1740.66,670.04,91.64,253.54,0.6885,-1,-1,-1
974,67,1576.34,589.61,102.50,234.46,0.6294,-1,-1,-1
974,63,387.10,421.41,77.83,219.03,0.5676,-1,-1,-1
975,4,1718.70,455.24,74.06,210.65,0.5843,-1,-1,-1
975,47,333.38,808.90,89.29,265.18,0.7802,-1,-1,-1
975,49,924.24,933.47,71.38,146.53,0.7595,-1,-1,-1
975,55,846.23,333.62,63.13,208.61,0.6640,-1,-1,-1
975,54,925.80,320.68,66.95,208.47,0.6908,-1,-1,-1
975,73,1202.91,702.09,91.62,270.38,0.7914,-1,-1,-1
975,74,1739.78,669.44,92.37,254.35,0.6918,-1,-1,-1
975,67,1577.15,589.70,102.40,234.44,0.6047,-1,-1,-1
975,63,387.07,423.44,77.63,218.67,0.5703,-1,-1,-1
976,4,1719.17,456.69,73.55,209.18,0.5698,-1,-1,-1
976,47,333.58,811.02,90.15,264.53,0.7742,-1,-1,-1
976,49,923.42,933.86,70.95,146.14,0.7337,-1,-1,-1
976,55,846.19,332.32,62.31,205.92,0.6726,-1,-1,-1
976,54,924.48,320.12,67.37,210.59,0.6926,-1,-1,-1
976,73,1200.74,700.57,91.48,270.51,0.8038,-1,-1,-1
976,74,1739.70,670.73,92.26,252.71,0.7112,-1,-1,-1
976,67,1577.80,588.96,102.51,235.07,0.6039,-1,-1,-1
976,63,387.17,425.76,77.46,218.76,0.5746,-1,-1,-1
976,70,320.35,436.94,67.81,191.39,0.5091,-1,-1,-1
977,4,1719.10,456.63,73.74,209.87,0.5578,-1,-1,-1
977,47,333.62,813.21,91.48,265.29,0.7843,-1,-1,-1
977,49,922.09,933.77,70.91,146.23,0.7405,-1,-1,-1
977,55,846.23,330.53,61.66,203.71,0.6665,-1,-1,-1
977,54,922.20,317.89,67.83,213.06,0.6804,-1,-1,-1
977,73,1198.96,698.55,91.65,272.74,0.7905,-1,-1,-1
977,74,1739.09,669.84,92.63,252.64,0.7134,-1,-1,-1
977,67,1577.52,588.41,102.89,235.90,0.6107,-1,-1,-1
977,63,386.75,428.09,76.91,217.49,0.5711,-1,-1,-1
978,4,1719.29,457.24,73.52,209.17,0.5440,-1,-1,-1
978,47,333.59,815.90,91.93,264.08,0.7920,-1,-1,-1
978,49,921.49,934.19,70.49,145.81,0.7364,-1,-1,-1
978,55,846.15,328.38,60.97,200.70,0.6665,-1,-1,-1
978,54,921.81,316.90,67.28,212.03,0.6793,-1,-1,-1
978,73,1197.13,696.02,91.45,273.92,0.7882,-1,-1,-1
978,74,1738.51,669.85,92.91,252.71,0.7100,-1,-1,-1
978,67,1577.52,589.07,102.61,235.23,0.6092,-1,-1,-1
978,63,386.66,429.64,76.39,216.74,0.5471,-1,-1,-1
979,4,1718.88,456.86,73.67,209.69,0.5309,-1,-1,-1
979,47,334.05,818.44,92.01,262.04,0.8076,-1,-1,-1
979,49,920.98,934.80,69.96,145.20,0.7400,-1,-1,-1
979,55,846.01,325.62,60.67,199.01,0.6504,-1,-1,-1
979,54,921.42,316.00,66.36,209.87,0.6810,-1,-1,-1
979,73,1196.36,692.51,91.40,275.62,0.7898,-1,-1,-1
979,74,1738.34,669.37,93.25,252.80,0.7057,-1,-1,-1
979,67,1576.86,590.00,102.29,233.98,0.6143,-1,-1,-1
979,63,387.30,431.71,75.88,215.51,0.5978,-1,-1,-1
979,70,313.18,439.12,72.39,199.97,0.5161,-1,-1,-1
980,4,1719.36,456.80,73.44,209.29,0.5465,-1,-1,-1
980,47,333.86,821.62,91.69,258.99,0.8206,-1,-1,-1
980,49,920.20,935.60,69.29,144.40,0.7514,-1,-1,-1
980,55,845.43,324.44,60.48,198.38,0.6299,-1,-1,-1
980,54,920.89,314.83,65.74,208.68,0.6861,-1,-1,-1
980,73,1196.70,688.66,90.23,273.19,0.7734,-1,-1,-1
980,74,1738.62,668.18,94.07,254.22,0.6966,-1,-1,-1
980,67,1576.41,590.53,102.52,233.69,0.6258,-1,-1,-1
980,63,387.57,432.09,76.02,216.21,0.6374,-1,-1,-1
980,70,310.95,438.58,75.21,205.94,0.6045,-1,-1,-1
981,4,1719.33,456.74,73.63,209.61,0.5475,-1,-1,-1
981,47,333.96,825.38,91.16,255.23,0.8242,-1,-1,-1
981,49,919.63,936.33,68.73,143.67,0.7438,-1,-1,-1
981,55,844.50,322.60,60.66,199.31,0.6143,-1,-1,-1
981,54,919.76,313.24,65.25,207.62,0.6630,-1,-1,-1
981,73,1196.57,684.90,88.40,268.24,0.7786,-1,-1,-1
981,74,1738.86,669.16,93.44,253.04,0.6989,-1,-1,-1
981,67,1576.19,590.34,102.86,234.04,0.6279,-1,-1,-1
981,63,387.12,433.10,75.70,215.87,0.5301,-1,-1,-1
981,70,310.80,440.06,75.96,206.71,0.5142,-1,-1,-1
982,4,1719.54,457.05,73.53,209.26,0.5407,-1,-1,-1
982,47,333.93,828.78,90.63,251.78,0.8211,-1,-1,-1
982,49,918.69,937.05,68.32,142.95,0.7421,-1,-1,-1
982,55,843.19,319.93,60.85,198.48,0.6024,-1,-1,-1
982,54,920.38,311.14,64.14,204.84,0.6536,-1,-1,-1
982,73,1196.03,681.13,87.23,264.99,0.7703,-1,-1,-1
982,74,1738.59,668.50,94.17,254.14,0.7030,-1,-1,-1
982,67,1576.47,590.05,103.12,233.91,0.6244,-1,-1,-1
982,63,389.38,439.36,73.40,209.74,0.5090,-1,-1,-1
983,4,1719.77,456.88,73.77,210.00,0.5340,-1,-1,-1
983,47,333.31,832.23,89.91,248.27,0.8259,-1,-1,-1
983,49,917.39,937.66,68.02,142.34,0.7389,-1,-1,-1
983,55,841.52,317.85,62.35,202.76,0.6487,-1,-1,-1
983,54,920.92,309.14,63.75,204.56,0.6712,-1,-1,-1
983,73,1195.43,677.85,85.61,259.23,0.7636,-1,-1,-1
983,74,1738.55,670.14,93.02,251.81,0.6793,-1,-1,-1
983,67,1576.24,589.21,103.69,234.82,0.6065,-1,-1,-1
983,63,388.08,437.11,74.07,212.55,0.5044,-1,-1,-1
983,70,309.79,445.42,75.70,206.09,0.5068,-1,-1,-1
984,4,1719.67,457.35,73.94,210.17,0.5409,-1,-1,-1
984,47,332.78,834.67,89.63,245.77,0.8257,-1,-1,-1
984,49,917.23,938.53,67.56,141.47,0.7370,-1,-1,-1
984,55,841.34,316.89,62.65,201.96,0.6542,-1,-1,-1
984,54,920.80,308.08,63.36,203.77,0.6785,-1,-1,-1
984,73,1194.98,674.18,85.08,256.47,0.7552,-1,-1,-1
984,74,1739.16,669.47,93.13,252.34,0.6940,-1,-1,-1
984,67,1575.93,586.99,104.71,236.82,0.6219,-1,-1,-1
984,63,390.50,441.93,72.05,207.34,0.5214,-1,-1,-1
985,4,1719.97,457.97,73.75,209.22,0.5180,-1,-1,-1
985,47,332.21,836.52,89.54,243.87,0.8158,-1,-1,-1
985,49,915.91,939.69,67.09,140.31,0.7294,-1,-1,-1
985,55,840.48,316.06,63.36,201.93,0.6291,-1,-1,-1
985,54,920.22,306.02,63.41,204.40,0.6609,-1,-1,-1
985,73,1193.34,670.93,86.11,258.59,0.7661,-1,-1,-1
985,74,1738.95,670.43,92.48,251.30,0.6748,-1,-1,-1
985,67,1576.09,587.25,104.89,236.64,0.6100,-1,-1,-1
985,63,390.74,443.86,71.44,205.72,0.5316,-1,-1,-1
985,78,494.06,250.94,66.33,185.38,0.5403,-1,-1,-1
986,47,331.89,837.68,89.60,242.65,0.7984,-1,-1,-1
986,49,915.34,940.43,66.80,139.57,0.7138,-1,-1,-1
986,55,839.58,316.23,64.41,204.70,0.6420,-1,-1,-1
986,54,919.85,304.03,63.73,205.58,0.6641,-1,-1,-1
986,73,1191.81,667.97,86.09,257.81,0.7544,-1,-1,-1
986,74,1739.07,670.29,92.55,251.99,0.6857,-1,-1,-1
986,67,1575.64,585.14,106.00,238.91,0.6145,-1,-1,-1
986,63,391.01,444.97,71.17,205.26,0.5417,-1,-1,-1
986,78,494.10,252.71,66.26,185.09,0.5201,-1,-1,-1
987,47,331.66,839.01,89.47,241.28,0.7834,-1,-1,-1
987,49,913.76,940.80,66.82,139.20,0.7142,-1,-1,-1
987,55,838.50,315.44,64.83,203.76,0.6327,-1,-1,-1
987,54,919.78,302.37,63.88,205.53,0.6760,-1,-1,-1
987,73,1191.48,666.02,86.20,257.73,0.7517,-1,-1,-1
987,74,1739.43,670.42,92.35,251.83,0.6776,-1,-1,-1
987,67,1575.19,585.35,106.13,239.01,0.6250,-1,-1,-1
987,63,390.91,445.45,71.19,205.56,0.5457,-1,-1,-1
987,78,493.95,253.84,67.09,187.44,0.5079,-1,-1,-1
987,4,1719.93,457.58,73.92,209.39,0.5071,-1,-1,-1
988,47,331.18,840.29,89.40,239.97,0.7764,-1,-1,-1
988,49,913.22,941.27,66.62,138.73,0.7181,-1,-1,-1
988,55,837.83,314.67,65.56,204.34,0.6249,-1,-1,-1
988,54,919.87,301.03,64.60,207.34,0.6507,-1,-1,-1
988,73,1190.44,664.49,86.50,258.12,0.7255,-1,-1,-1
988,74,1739.43,669.46,92.44,252.43,0.6800,-1,-1,-1
988,67,1575.14,585.83,105.89,238.52,0.6241,-1,-1,-1
988,63,388.34,442.52,73.23,211.68,0.5696,-1,-1,-1
988,4,1720.40,457.73,74.10,209.82,0.5130,-1,-1,-1
989,47,330.85,841.94,89.31,238.28,0.7704,-1,-1,-1
989,49,912.08,941.64,66.43,138.36,0.7060,-1,-1,-1
989,55,837.29,313.59,65.98,204.10,0.6209,-1,-1,-1
989,54,920.00,300.34,65.03,207.87,0.6215,-1,-1,-1
989,73,1190.26,663.87,84.05,248.76,0.7231,-1,-1,-1
989,74,1739.77,669.55,92.38,252.57,0.6841,-1,-1,-1
989,67,1575.12,585.01,106.12,239.42,0.6464,-1,-1,-1
989,63,387.12,442.91,74.46,216.05,0.6146,-1,-1,-1
990,47,330.47,843.63,89.24,236.57,0.7772,-1,-1,-1
990,49,910.59,941.83,66.39,138.17,0.7077,-1,-1,-1
990,55,837.04,312.60,66.58,204.61,0.6357,-1,-1,-1
990,54,920.68,300.07,64.97,207.10,0.6090,-1,-1,-1
990,73,1189.42,663.11,82.34,242.06,0.7089,-1,-1,-1
990,74,1739.55,668.87,92.30,252.96,0.6723,-1,-1,-1
990,67,1574.43,585.01,106.08,239.41,0.6412,-1,-1,-1
990,63,387.00,444.34,74.78,217.56,0.6316,-1,-1,-1
990,4,1721.82,457.60,73.92,208.69,0.5166,-1,-1,-1
991,47,330.08,845.18,89.16,234.99,0.7794,-1,-1,-1
991,49,910.14,942.67,66.06,137.33,0.7295,-1,-1,-1
991,55,836.93,311.81,66.56,203.53,0.6162,-1,-1,-1
991,54,920.36,299.39,65.91,210.31,0.5669,-1,-1,-1
991,73,1187.39,661.21,85.21,250.38,0.7374,-1,-1,-1
991,74,1738.63,668.14,92.48,254.07,0.6911,-1,-1,-1
991,67,1574.96,585.40,106.15,239.12,0.6625,-1,-1,-1
991,63,386.04,445.12,75.31,219.74,0.5909,-1,-1,-1
991,4,1721.69,457.90,74.42,208.72,0.5164,-1,-1,-1
991,78,496.29,260.55,66.61,187.00,0.5418,-1,-1,-1
992,47,329.72,846.67,89.01,233.48,0.7838,-1,-1,-1
992,49,909.30,943.13,65.90,136.87,0.7291,-1,-1,-1
992,55,837.03,311.00,65.51,199.05,0.6173,-1,-1,-1
992,54,920.06,299.54,66.18,210.98,0.6108,-1,-1,-1
992,73,1184.64,659.70,86.99,255.77,0.7232,-1,-1,-1
992,74,1738.49,668.49,92.23,254.26,0.6791,-1,-1,-1
992,67,1575.35,585.10,106.32,239.33,0.6794,-1,-1,-1
992,63,385.13,447.75,74.98,219.04,0.6126,-1,-1,-1
992,4,1721.45,458.00,74.90,208.54,0.5465,-1,-1,-1
992,78,495.60,261.93,66.63,187.51,0.5677,-1,-1,-1
993,47,329.46,847.95,88.91,232.19,0.7816,-1,-1,-1
993,49,909.08,943.85,65.75,136.15,0.7397,-1,-1,-1
993,55,837.38,310.34,65.30,197.97,0.6127,-1,-1,-1
993,54,920.51,298.93,66.01,211.15,0.5868,-1,-1,-1
993,73,1183.40,658.27,86.72,254.41,0.7072,-1,-1,-1
993,74,1739.18,667.81,92.48,255.28,0.6827,-1,-1,-1
993,67,1575.23,585.28,106.21,238.92,0.6825,-1,-1,-1
993,63,383.89,451.30,75.00,218.97,0.6136,-1,-1,-1
993,4,1721.00,457.41,75.62,209.81,0.5240,-1,-1,-1
993,78,496.13,263.28,66.13,186.58,0.5456,-1,-1,-1
993,79,402.06,265.71,66.62,200.83,0.5001,-1,-1,-1
993,70,304.82,461.56,72.14,193.98,0.5120,-1,-1,-1
994,47,329.56,849.84,88.36,230.27,0.7850,-1,-1,-1
994,49,908.31,944.05,66.05,135.95,0.7345,-1,-1,-1
994,55,837.62,308.00,65.54,199.64,0.6286,-1,-1,-1
994,54,921.89,297.64,65.84,210.52,0.5905,-1,-1,-1
994,73,1181.34,656.13,87.94,258.20,0.7173,-1,-1,-1
994,74,1739.73,669.86,92.62,253.99,0.6769,-1,-1,-1
994,67,1575.42,585.29,106.16,238.94,0.6773,-1,-1,-1
994,63,382.47,453.92,74.77,217.81,0.6197,-1,-1,-1
994,4,1720.72,457.88,75.95,209.52,0.5426,-1,-1,-1
994,78,497.66,264.73,65.31,184.83,0.5244,-1,-1,-1
994,79,401.06,265.81,67.29,202.95,0.5159,-1,-1,-1
994,70,305.34,463.04,72.20,193.96,0.5319,-1,-1,-1
995,47,330.37,852.25,87.74,227.85,0.7778,-1,-1,-1
995,49,907.94,944.63,66.10,135.37,0.7331,-1,-1,-1
995,55,838.53,306.18,64.59,197.33,0.5836,-1,-1,-1
995,54,922.12,295.76,65.91,210.52,0.5856,-1,-1,-1
995,73,1178.55,654.28,86.68,254.35,0.7372,-1,-1,-1
995,74,1739.60,670.23,93.15,254.39,0.6797,-1,-1,-1
995,67,1575.84,586.13,105.62,238.09,0.6632,-1,-1,-1
995,63,381.82,455.41,74.82,217.90,0.6158,-1,-1,-1
995,4,1720.85,458.17,76.11,208.98,0.5495,-1,-1,-1
995,79,400.20,265.51,68.41,206.77,0.5076,-1,-1,-1
995,70,305.25,463.71,72.79,196.18,0.5613,-1,-1,-1
996,47,330.74,853.74,87.47,226.34,0.7834,-1,-1,-1
996,49,907.67,945.20,66.01,134.80,0.7313,-1,-1,-1
996,55,839.24,304.40,63.93,195.87,0.6331,-1,-1,-1
996,54,923.01,293.98,66.04,209.99,0.5693,-1,-1,-1
996,73,1176.55,651.70,87.39,257.13,0.7636,-1,-1,-1
996,74,1739.51,670.08,92.50,253.24,0.6779,-1,-1,-1
996,67,1575.57,586.04,105.46,238.03,0.6556,-1,-1,-1
996,63,381.00,456.40,74.79,217.37,0.6263,-1,-1,-1
996,4,1721.07,458.36,76.08,208.31,0.5566,-1,-1,-1
996,79,399.90,267.66,68.70,208.32,0.5283,-1,-1,-1
996,70,305.04,463.76,74.01,201.90,0.5757,-1,-1,-1
997,47,331.26,856.86,86.82,223.21,0.7794,-1,-1,-1
997,49,907.27,945.58,66.09,134.42,0.7348,-1,-1,-1
997,55,839.95,302.43,63.31,194.96,0.6105,-1,-1,-1
997,54,922.75,291.43,66.26,210.99,0.5848,-1,-1,-1
997,73,1174.92,648.45,87.00,256.83,0.7588,-1,-1,-1
997,74,1739.65,670.29,91.77,252.22,0.6758,-1,-1,-1
997,67,1575.52,586.42,105.03,237.47,0.6555,-1,-1,-1
997,63,381.21,457.12,74.78,216.95,0.6295,-1,-1,-1
997,4,1721.21,458.15,76.42,208.61,0.5354,-1,-1,-1
997,70,305.29,464.99,74.16,203.98,0.5936,-1,-1,-1
997,78,500.82,264.49,65.17,185.76,0.5050,-1,-1,-1
998,47,331.80,860.09,86.13,219.98,0.7687,-1,-1,-1
998,49,906.66,945.69,66.33,134.31,0.7315,-1,-1,-1
998,55,840.84,299.32,63.35,195.96,0.5720,-1,-1,-1
998,54,923.31,288.98,66.25,210.66,0.5794,-1,-1,-1
998,73,1174.28,643.43,86.62,256.69,0.7625,-1,-1,-1
998,74,1739.38,670.08,91.96,254.02,0.6839,-1,-1,-1
998,67,1575.90,586.58,105.05,237.77,0.6735,-1,-1,-1
998,63,381.21,457.80,74.99,216.55,0.5851,-1,-1,-1
998,4,1721.61,458.29,76.52,208.91,0.5764,-1,-1,-1
998,70,305.99,467.99,73.53,203.04,0.5810,-1,-1,-1
998,78,501.83,264.43,64.90,186.20,0.5315,-1,-1,-1
999,47,332.67,863.77,85.39,216.29,0.7800,-1,-1,-1
999,49,906.42,945.99,66.43,134.01,0.7227,-1,-1,-1
999,55,841.43,296.91,63.39,197.06,0.5633,-1,-1,-1
999,54,924.85,286.59,66.55,210.70,0.5774,-1,-1,-1
999,73,1173.92,639.34,85.78,255.19,0.7533,-1,-1,-1
999,74,1739.75,669.55,91.72,254.23,0.6788,-1,-1,-1
999,67,1576.80,586.78,104.62,237.30,0.6477,-1,-1,-1
999,63,380.86,457.77,75.52,216.75,0.5324,-1,-1,-1
999,4,1721.30,458.23,76.66,209.29,0.5487,-1,-1,-1
999,70,306.03,467.99,73.81,205.12,0.5901,-1,-1,-1
999,78,501.67,265.44,64.60,186.07,0.5095,-1,-1,-1
1000,47,333.62,867.25,84.75,212.80,0.7948,-1,-1,-1
1000,49,906.34,946.23,66.49,133.77,0.7306,-1,-1,-1
1000,55,841.43,295.18,63.82,199.50,0.5312,-1,-1,-1
1000,54,925.79,284.68,65.55,207.41,0.5484,-1,-1,-1
1000,73,1173.55,636.82,85.17,253.45,0.7513,-1,-1,-1
1000,74,1740.71,671.27,90.97,252.68,0.6617,-1,-1,-1
1000,67,1576.19,586.35,104.56,237.70,0.6524,-1,-1,-1
1000,63,380.58,458.09,76.31,216.79,0.5374,-1,-1,-1
1000,4,1721.03,457.79,76.65,209.63,0.5490,-1,-1,-1
1000,70,306.14,470.36,73.27,204.06,0.6243,-1,-1,-1
1001,47,335.41,870.15,84.29,209.89,0.7963,-1,-1,-1
1001,49,906.28,946.62,66.56,133.38,0.7319,-1,-1,-1
1001,55,841.68,294.28,63.79,200.59,0.5509,-1,-1,-1
1001,54,926.83,283.05,64.53,203.73,0.5573,-1,-1,-1
1001,73,1173.90,634.63,85.21,253.87,0.7634,-1,-1,-1
1001,74,1739.72,669.11,91.19,254.88,0.6402,-1,-1,-1
1001,67,1575.19,586.24,104.68,237.76,0.6562,-1,-1,-1
1001,63,379.43,458.21,76.70,216.64,0.5254,-1,-1,-1
1001,4,1720.44,458.35,76.41,209.23,0.5610,-1,-1,-1
1001,70,306.37,471.97,72.78,202.60,0.5708,-1,-1,-1
1002,47,337.40,873.37,83.76,206.67,0.7895,-1,-1,-1
1002,49,905.58,946.80,66.77,133.20,0.7411,-1,-1,-1
1002,55,841.46,293.88,63.94,202.38,0.5453,-1,-1,-1
1002,54,926.87,281.87,64.25,203.46,0.5636,-1,-1,-1
1002,73,1174.12,632.72,85.60,255.64,0.7692,-1,-1,-1
1002,74,1739.87,670.71,90.03,253.60,0.6520,-1,-1,-1
1002,67,1574.50,586.63,104.85,237.55,0.6611,-1,-1,-1
1002,63,380.24,458.51,76.93,216.27,0.5520,-1,-1,-1
1002,4,1720.01,458.26,76.41,210.03,0.5526,-1,-1,-1
1002,70,306.19,475.56,72.00,199.41,0.5338,-1,-1,-1
1002,78,501.46,268.24,65.03,188.01,0.5036,-1,-1,-1
1003,47,339.06,875.90,83.35,204.14,0.7922,-1,-1,-1
1003,49,905.91,947.44,66.65,132.56,0.7487,-1,-1,-1
1003,55,841.56,293.43,63.78,202.89,0.5556,-1,-1,-1
1003,54,927.28,279.97,64.14,202.88,0.5799,-1,-1,-1
1003,73,1173.15,629.88,86.35,258.66,0.7760,-1,-1,-1
1003,74,1741.40,672.68,89.22,252.51,0.6624,-1,-1,-1
1003,67,1574.91,587.71,104.60,236.41,0.6746,-1,-1,-1
1003,63,380.06,459.34,76.98,215.83,0.5888,-1,-1,-1
1003,4,1719.64,459.31,75.93,209.46,0.5564,-1,-1,-1
1003,70,305.05,474.61,72.74,200.24,0.5403,-1,-1,-1
1003,78,500.72,269.82,65.73,190.40,0.5757,-1,-1,-1
1004,47,341.12,878.06,83.11,201.97,0.7991,-1,-1,-1
1004,49,905.57,947.68,66.75,132.32,0.7350,-1,-1,-1
1004,55,841.63,293.46,63.67,204.71,0.5930,-1,-1,-1
1004,54,926.84,279.93,63.90,202.34,0.6020,-1,-1,-1
1004,73,1172.18,629.28,86.19,258.37,0.7750,-1,-1,-1
1004,74,1742.46,673.06,89.26,253.46,0.6366,-1,-1,-1
1004,67,1574.98,587.84,104.79,236.41,0.6677,-1,-1,-1
1004,63,380.03,458.74,78.00,218.38,0.6273,-1,-1,-1
1004,4,1718.99,458.67,76.09,210.34,0.5258,-1,-1,-1
1004,78,500.78,271.85,65.64,190.65,0.5788,-1,-1,-1
1005,47,343.25,879.31,83.17,200.71,0.8005,-1,-1,-1
1005,49,905.31,947.84,66.91,132.16,0.7349,-1,-1,-1
1005,55,841.80,293.31,63.17,205.04,0.6137,-1,-1,-1
1005,54,927.34,279.14,63.85,202.47,0.6230,-1,-1,-1
1005,73,1170.70,628.00,86.50,259.63,0.7777,-1,-1,-1
1005,74,1743.45,673.70,89.17,253.60,0.6360,-1,-1,-1
1005,67,1575.23,587.78,105.07,236.78,0.6471,-1,-1,-1
1005,63,379.83,459.50,78.98,221.21,0.5909,-1,-1,-1
1005,4,1718.72,458.18,76.23,211.64,0.5428,-1,-1,-1
1005,78,500.45,274.36,64.94,188.56,0.6125,-1,-1,-1
1006,47,345.21,881.11,83.13,198.91,0.8022,-1,-1,-1
1006,49,905.50,948.75,66.64,131.25,0.7277,-1,-1,-1
1006,55,842.31,292.24,62.52,203.96,0.6554,-1,-1,-1
1006,54,928.04,278.73,63.55,202.14,0.5945,-1,-1,-1
1006,73,1169.33,627.30,86.97,260.92,0.7661,-1,-1,-1
1006,74,1744.55,671.97,89.28,254.28,0.5949,-1,-1,-1
1006,67,1575.28,588.48,104.93,236.10,0.6676,-1,-1,-1
1006,63,380.60,460.44,79.21,222.12,0.5390,-1,-1,-1
1006,4,1718.57,457.99,75.87,211.17,0.5259,-1,-1,-1
1006,78,501.10,276.72,64.27,187.29,0.5683,-1,-1,-1
1007,47,347.28,882.84,83.24,197.18,0.8143,-1,-1,-1
1007,49,905.48,948.87,66.69,131.13,0.7239,-1,-1,-1
1007,55,842.91,291.13,61.82,202.39,0.6928,-1,-1,-1
1007,54,928.45,275.84,63.82,204.98,0.6564,-1,-1,-1
1007,73,1168.14,627.41,86.73,259.60,0.7632,-1,-1,-1
1007,74,1745.48,670.97,89.96,256.64,0.6233,-1,-1,-1
1007,67,1575.63,589.57,104.42,234.81,0.6643,-1,-1,-1
1007,63,383.18,464.79,80.04,224.73,0.5605,-1,-1,-1
1007,4,1718.86,458.26,75.81,210.95,0.5485,-1,-1,-1
1007,78,501.36,279.30,64.19,187.63,0.5994,-1,-1,-1
1008,47,348.93,883.96,83.67,196.06,0.8084,-1,-1,-1
1008,49,905.41,949.23,66.65,130.77,0.7353,-1,-1,-1
1008,55,843.45,289.01,61.50,202.09,0.6845,-1,-1,-1
1008,54,928.61,274.07,63.82,207.19,0.6626,-1,-1,-1
1008,73,1165.99,626.41,86.80,259.62,0.7600,-1,-1,-1
1008,74,1745.73,672.23,89.60,255.91,0.5953,-1,-1,-1
1008,67,1575.61,589.04,104.87,235.72,0.6717,-1,-1,-1
1008,63,382.51,464.50,79.81,224.15,0.5741,-1,-1,-1
1008,4,1718.69,458.35,75.87,211.23,0.5497,-1,-1,-1
1008,78,500.46,280.79,64.51,188.89,0.5668,-1,-1,-1
1009,47,350.99,886.16,84.05,193.86,0.8106,-1,-1,-1
1009,49,905.46,949.73,66.54,130.27,0.7388,-1,-1,-1
1009,55,844.39,287.80,60.30,198.05,0.6418,-1,-1,-1
1009,54,928.41,276.08,63.02,205.26,0.6106,-1,-1,-1
1009,73,1161.87,624.86,86.95,260.03,0.7598,-1,-1,-1
1009,74,1745.96,672.03,89.06,253.78,0.5841,-1,-1,-1
1009,67,1575.82,589.32,104.94,235.61,0.6870,-1,-1,-1
1009,63,382.32,465.66,80.19,224.61,0.5713,-1,-1,-1
1009,4,1719.55,458.17,76.22,212.00,0.5566,-1,-1,-1
1009,78,500.10,280.57,64.69,190.49,0.5671,-1,-1,-1
1009,80,595.57,548.09,80.02,244.36,0.5675,-1,-1,-1
1010,47,352.21,888.02,84.50,191.99,0.8095,-1,-1,-1
1010,49,905.35,949.75,66.73,130.25,0.7316,-1,-1,-1
1010,55,844.49,285.64,60.21,197.64,0.6318,-1,-1,-1
1010,54,928.55,276.14,63.05,206.07,0.6284,-1,-1,-1
1010,73,1159.47,623.27,86.94,259.16,0.7590,-1,-1,-1
1010,74,1745.85,671.30,88.89,251.63,0.5448,-1,-1,-1
1010,67,1575.93,589.16,104.83,235.18,0.6752,-1,-1,-1
1010,63,381.75,466.99,80.90,226.26,0.5126,-1,-1,-1
1010,4,1719.69,457.86,76.55,212.27,0.5378,-1,-1,-1
1010,78,499.95,282.45,64.10,189.88,0.5170,-1,-1,-1
1010,80,595.12,549.56,79.61,242.79,0.5751,-1,-1,-1
1011,47,354.04,890.35,84.76,189.66,0.8000,-1,-1,-1
1011,49,905.05,949.76,66.89,130.24,0.7364,-1,-1,-1
1011,55,845.56,283.09,59.71,195.46,0.5813,-1,-1,-1
1011,54,928.50,276.06,62.85,205.50,0.6176,-1,-1,-1
1011,73,1157.72,621.44,87.44,259.87,0.7501,-1,-1,-1
1011,67,1575.54,589.92,104.70,234.74,0.6662,-1,-1,-1
1011,4,1719.15,457.08,77.05,213.04,0.5520,-1,-1,-1
1011,80,594.83,549.28,79.89,243.14,0.5547,-1,-1,-1
1012,47,355.65,892.96,85.20,187.05,0.8092,-1,-1,-1
1012,49,904.92,949.59,67.22,130.41,0.7304,-1,-1,-1
1012,55,845.33,281.46,59.41,194.38,0.5904,-1,-1,-1
1012,54,929.44,274.23,62.73,205.74,0.5721,-1,-1,-1
1012,73,1155.61,618.91,87.93,260.76,0.7542,-1,-1,-1
1012,67,1574.87,588.86,105.25,235.83,0.6592,-1,-1,-1
1012,4,1718.91,456.52,77.27,213.18,0.5417,-1,-1,-1
1012,80,593.97,550.14,80.03,242.69,0.5625,-1,-1,-1
1013,47,357.22,895.64,85.61,184.37,0.8033,-1,-1,-1
1013,49,904.64,949.38,67.46,130.62,0.7071,-1,-1,-1
1013,55,845.18,279.82,59.79,195.96,0.6106,-1,-1,-1
1013,54,929.48,272.31,62.74,206.23,0.5834,-1,-1,-1
1013,73,1154.90,616.59,87.51,259.21,0.7498,-1,-1,-1
1013,67,1575.26,589.39,105.12,235.29,0.6641,-1,-1,-1
1013,4,1718.63,456.22,77.52,213.07,0.5711,-1,-1,-1
1013,80,593.29,550.68,80.37,242.60,0.6108,-1,-1,-1
1014,47,358.02,897.68,86.31,182.33,0.8028,-1,-1,-1
1014,49,904.97,948.97,67.79,131.03,0.7121,-1,-1,-1
1014,55,843.99,278.45,60.18,197.13,0.5994,-1,-1,-1
1014,54,929.75,270.87,61.27,201.33,0.5356,-1,-1,-1
1014,73,1153.45,613.55,87.81,260.05,0.7436,-1,-1,-1
1014,67,1573.94,588.05,105.70,236.33,0.6495,-1,-1,-1
1014,4,1718.79,456.19,77.77,212.84,0.5493,-1,-1,-1
1014,80,592.14,551.12,80.75,242.55,0.5935,-1,-1,-1
1015,47,358.90,900.54,86.52,179.47,0.7933,-1,-1,-1
1015,49,904.65,949.18,67.85,130.82,0.7080,-1,-1,-1
1015,55,842.75,275.33,61.54,201.49,0.5934,-1,-1,-1
1015,54,929.10,270.08,60.87,200.80,0.5471,-1,-1,-1
1015,73,1153.14,611.35,86.30,256.39,0.7574,-1,-1,-1
1015,67,1574.21,588.84,105.68,235.94,0.6603,-1,-1,-1
1015,4,1718.91,455.92,78.15,212.85,0.5461,-1,-1,-1
1015,80,591.39,551.80,80.75,241.57,0.5562,-1,-1,-1
1015,63,380.48,473.97,80.84,226.21,0.5073,-1,-1,-1
1016,47,359.90,903.43,86.75,176.44,0.8084,-1,-1,-1
1016,49,904.19,948.81,68.03,131.19,0.7218,-1,-1,-1
1016,55,843.03,275.82,61.11,199.72,0.5850,-1,-1,-1
1016,54,929.01,268.83,59.99,198.45,0.5462,-1,-1,-1
1016,73,1152.93,607.87,84.47,251.21,0.7732,-1,-1,-1
1016,67,1573.80,588.14,106.11,236.75,0.6536,-1,-1,-1
1016,4,1718.75,456.04,78.33,212.26,0.5174,-1,-1,-1
1016,80,590.04,551.36,81.33,242.24,0.5567,-1,-1,-1
1016,63,379.17,477.00,80.16,224.90,0.5179,-1,-1,-1
1017,47,361.09,907.11,86.36,172.20,0.8148,-1,-1,-1
1017,49,904.00,948.74,68.09,131.26,0.7080,-1,-1,-1
1017,55,843.79,275.96,61.18,199.83,0.5929,-1,-1,-1
1017,54,929.11,266.31,59.61,197.32,0.5281,-1,-1,-1
1017,73,1152.30,604.26,83.17,247.23,0.7648,-1,-1,-1
1017,67,1573.51,588.25,106.13,236.94,0.6683,-1,-1,-1
1017,80,589.08,551.80,80.82,240.08,0.5827,-1,-1,-1
1018,47,362.33,910.93,86.09,167.98,0.8027,-1,-1,-1
1018,49,904.00,948.61,68.10,131.39,0.7165,-1,-1,-1
1018,55,843.69,275.71,61.52,200.76,0.5860,-1,-1,-1
1018,54,929.74,262.97,60.18,199.17,0.5210,-1,-1,-1
1018,73,1151.66,601.16,82.82,246.93,0.7484,-1,-1,-1
1018,67,1573.52,590.24,105.21,234.95,0.6461,-1,-1,-1
1018,80,588.21,551.80,80.80,239.35,0.5338,-1,-1,-1
1018,63,379.02,479.97,78.37,220.55,0.5369,-1,-1,-1
1019,47,362.80,914.31,85.97,164.22,0.8014,-1,-1,-1
1019,49,903.21,948.36,68.18,131.64,0.7164,-1,-1,-1
1019,55,843.21,273.60,62.04,202.61,0.5804,-1,-1,-1
1019,54,928.97,260.73,60.94,200.12,0.5771,-1,-1,-1
1019,73,1151.37,598.81,82.66,247.02,0.7363,-1,-1,-1
1019,67,1573.20,590.49,105.17,235.15,0.6631,-1,-1,-1
1019,63,379.46,481.93,77.17,217.22,0.5524,-1,-1,-1
1019,70,293.39,508.30,74.45,198.61,0.5360,-1,-1,-1
1020,47,363.23,917.15,86.31,161.59,0.8049,-1,-1,-1
1020,49,903.07,947.69,68.41,132.26,0.7094,-1,-1,-1
1020,55,843.71,274.69,61.52,200.62,0.5932,-1,-1,-1
1020,54,927.71,259.78,61.25,199.13,0.5331,-1,-1,-1
1020,73,1150.22,596.24,83.27,248.89,0.7270,-1,-1,-1
1020,67,1573.75,589.81,105.36,236.05,0.6436,-1,-1,-1
1020,63,379.82,483.09,76.64,215.35,0.5435,-1,-1,-1
1020,80,586.79,551.67,81.34,239.92,0.5320,-1,-1,-1
1021,47,363.57,918.76,86.90,159.97,0.8074,-1,-1,-1
1021,49,902.28,946.30,69.08,133.67,0.7015,-1,-1,-1
1021,55,843.87,274.35,61.43,200.13,0.6060,-1,-1,-1
1021,54,928.36,258.26,61.10,196.98,0.5380,-1,-1,-1
1021,73,1148.34,593.74,83.81,250.52,0.7213,-1,-1,-1
1021,67,1573.82,589.61,105.52,236.97,0.6523,-1,-1,-1
1021,63,379.57,484.64,76.89,215.36,0.5565,-1,-1,-1
1021,80,586.04,550.87,81.88,240.28,0.5163,-1,-1,-1
1021,74,1718.40,672.40,89.16,250.51,0.5399,-1,-1,-1
1021,4,1721.16,454.71,75.89,203.53,0.5034,-1,-1,-1
1021,70,289.84,507.73,77.15,199.03,0.5316,-1,-1,-1
1022,47,364.31,920.54,87.22,158.30,0.8165,-1,-1,-1
1022,49,902.15,946.37,68.83,133.47,0.7122,-1,-1,-1
1022,55,843.90,273.34,61.27,199.41,0.6093,-1,-1,-1
1022,54,928.01,257.93,61.64,196.98,0.5721,-1,-1,-1
1022,73,1147.79,592.71,84.38,251.87,0.7301,-1,-1,-1
1022,67,1574.52,589.33,105.28,237.36,0.6493,-1,-1,-1
1022,63,378.52,485.62,79.42,222.48,0.5685,-1,-1,-1
1022,80,585.08,550.10,82.30,240.72,0.5285,-1,-1,-1
1022,74,1716.34,672.06,89.00,248.34,0.5986,-1,-1,-1
1022,4,1721.41,454.65,75.21,199.60,0.5124,-1,-1,-1
1023,47,364.66,922.68,87.23,156.08,0.8094,-1,-1,-1
1023,49,901.88,945.94,68.78,133.75,0.7106,-1,-1,-1
1023,55,844.09,273.19,60.45,196.16,0.5968,-1,-1,-1
1023,54,928.00,257.17,62.37,198.60,0.5375,-1,-1,-1
1023,73,1147.28,590.86,85.03,254.01,0.7125,-1,-1,-1
1023,67,1573.91,588.21,105.63,238.65,0.5947,-1,-1,-1
1023,63,377.94,486.15,81.04,227.37,0.5622,-1,-1,-1
1023,74,1714.72,673.84,88.98,246.36,0.6402,-1,-1,-1
1023,4,1722.15,454.89,74.44,195.12,0.5301,-1,-1,-1
1023,78,492.58,298.01,65.22,191.96,0.5011,-1,-1,-1
1024,47,365.11,924.87,87.36,154.12,0.8090,-1,-1,-1
1024,49,902.32,946.21,68.56,133.66,0.7226,-1,-1,-1
1024,55,844.03,271.93,59.95,193.67,0.6218,-1,-1,-1
1024,54,927.98,256.84,63.18,201.14,0.5887,-1,-1,-1
1024,73,1146.46,589.35,85.34,254.59,0.6897,-1,-1,-1
1024,67,1573.73,587.77,105.57,239.06,0.5995,-1,-1,-1
1024,63,377.84,487.45,81.41,228.76,0.5553,-1,-1,-1
1024,74,1713.26,675.29,88.87,244.67,0.5928,-1,-1,-1
1024,4,1722.13,454.67,73.96,191.97,0.5641,-1,-1,-1
1024,78,491.96,298.80,65.93,194.06,0.5346,-1,-1,-1
1025,47,365.59,926.49,87.75,152.92,0.8112,-1,-1,-1
1025,49,901.88,946.05,68.34,133.75,0.7138,-1,-1,-1
1025,55,843.56,269.01,60.52,195.18,0.6656,-1,-1,-1
1025,54,928.79,256.92,63.51,203.31,0.5799,-1,-1,-1
1025,73,1145.36,588.18,85.63,254.37,0.6880,-1,-1,-1
1025,67,1573.27,587.55,105.42,239.43,0.5712,-1,-1,-1
1025,63,376.62,488.47,81.95,231.44,0.5157,-1,-1,-1
1025,74,1711.35,677.33,88.19,242.81,0.6031,-1,-1,-1
1025,4,1721.89,454.42,74.63,191.82,0.5434,-1,-1,-1
1025,78,492.19,300.16,66.15,194.78,0.5061,-1,-1,-1
1026,47,366.61,928.26,87.61,150.96,0.8076,-1,-1,-1
1026,49,901.34,945.80,68.29,134.01,0.7177,-1,-1,-1
1026,55,844.39,267.33,59.62,191.54,0.6342,-1,-1,-1
1026,54,930.12,256.51,63.24,203.82,0.5994,-1,-1,-1
1026,73,1144.54,587.86,84.95,251.51,0.6912,-1,-1,-1
1026,67,1574.26,588.57,104.73,238.58,0.6184,-1,-1,-1
1026,63,375.76,491.05,81.67,232.14,0.5375,-1,-1,-1
1026,74,1709.58,681.64,86.81,239.75,0.6231,-1,-1,-1
1026,4,1721.78,454.21,74.81,190.53,0.5661,-1,-1,-1
1026,78,492.60,300.64,66.46,195.52,0.5992,-1,-1,-1
1027,47,368.47,930.09,87.37,148.81,0.8122,-1,-1,-1
1027,49,900.92,945.77,67.84,133.84,0.7179,-1,-1,-1
1027,55,845.29,265.53,58.89,189.03,0.6329,-1,-1,-1
1027,54,931.18,256.21,63.04,205.03,0.5791,-1,-1,-1
1027,73,1142.98,587.71,85.25,252.14,0.7251,-1,-1,-1
1027,67,1574.44,589.17,104.40,238.13,0.6723,-1,-1,-1
1027,63,373.97,493.56,81.03,232.56,0.5655,-1,-1,-1
1027,74,1705.13,675.87,87.23,242.16,0.5731,-1,-1,-1
1027,4,1721.99,454.56,75.22,189.75,0.5369,-1,-1,-1
1027,78,493.13,302.09,66.12,194.49,0.6042,-1,-1,-1
1027,79,372.74,302.21,65.51,193.46,0.5207,-1,-1,-1
1027,70,291.12,506.06,77.02,199.31,0.5615,-1,-1,-1
1028,47,369.59,931.98,87.28,147.09,0.8205,-1,-1,-1
1028,49,900.70,945.66,67.66,134.19,0.7132,-1,-1,-1
1028,55,846.18,263.13,58.70,188.27,0.6024,-1,-1,-1
1028,54,933.57,255.92,61.39,200.56,0.5854,-1,-1,-1
1028,73,1141.79,586.70,84.54,249.89,0.7228,-1,-1,-1
1028,67,1574.13,589.27,104.22,238.15,0.6740,-1,-1,-1
1028,63,373.69,496.45,80.23,231.16,0.5981,-1,-1,-1
1028,74,1701.94,664.24,89.42,251.19,0.5204,-1,-1,-1
1028,4,1719.88,456.66,78.53,197.41,0.5748,-1,-1,-1
1028,78,494.38,303.50,65.35,192.93,0.5131,-1,-1,-1
1028,79,372.17,305.63,66.06,191.39,0.5329,-1,-1,-1
1028,70,293.39,508.88,75.32,197.29,0.5644,-1,-1,-1
1029,47,371.25,933.17,87.19,145.57,0.8127,-1,-1,-1
1029,49,900.01,945.42,67.42,134.53,0.6991,-1,-1,-1
1029,55,847.02,261.72,58.88,189.08,0.5971,-1,-1,-1
1029,54,934.75,255.37,61.37,201.50,0.6222,-1,-1,-1
1029,73,1140.35,585.84,84.04,249.18,0.7394,-1,-1,-1
1029,67,1573.89,589.57,104.02,237.89,0.6888,-1,-1,-1
1029,63,373.78,499.27,79.35,229.10,0.6166,-1,-1,-1
1029,4,1719.61,458.35,79.87,199.84,0.5821,-1,-1,-1
1029,78,494.05,304.53,64.96,191.77,0.5337,-1,-1,-1
1029,79,371.19,307.27,66.67,192.40,0.5067,-1,-1,-1
1029,70,293.43,511.61,74.58,197.20,0.5981,-1,-1,-1
1030,47,372.50,935.64,86.57,142.93,0.8001,-1,-1,-1
1030,49,899.21,945.09,67.07,134.89,0.7173,-1,-1,-1
1030,55,847.12,260.76,59.30,191.35,0.5864,-1,-1,-1
1030,54,935.64,254.43,60.94,200.66,0.5627,-1,-1,-1
1030,73,1138.78,584.14,83.59,249.26,0.7752,-1,-1,-1
1030,67,1573.06,588.76,104.25,239.10,0.6454,-1,-1,-1
1030,63,371.41,500.84,78.20,227.69,0.6114,-1,-1,-1
1030,4,1719.01,458.18,80.63,201.23,0.5786,-1,-1,-1
1030,78,493.51,303.70,65.28,192.76,0.5338,-1,-1,-1
1030,79,369.66,308.50,67.38,193.62,0.5652,-1,-1,-1
1030,70,293.02,512.21,75.17,200.72,0.6495,-1,-1,-1
1031,47,374.33,937.42,86.07,140.94,0.7950,-1,-1,-1
1031,49,898.02,944.65,66.77,135.35,0.7212,-1,-1,-1
1031,55,847.26,259.36,59.59,193.15,0.5696,-1,-1,-1
1031,54,937.07,251.70,59.99,198.26,0.5686,-1,-1,-1
1031,73,1137.73,579.66,82.88,248.57,0.7785,-1,-1,-1
1031,67,1572.94,590.02,103.66,237.72,0.6565,-1,-1,-1
1031,63,372.49,501.14,78.61,228.77,0.6369,-1,-1,-1
1031,4,1718.39,458.51,81.82,204.04,0.6012,-1,-1,-1
1031,78,493.37,303.05,64.72,190.80,0.5711,-1,-1,-1
1031,79,368.58,309.79,67.72,193.58,0.5661,-1,-1,-1
1031,70,291.79,513.64,76.82,207.93,0.6803,-1,-1,-1
1031,74,1685.76,641.53,97.40,273.72,0.5302,-1,-1,-1
1032,47,376.06,940.55,84.85,137.79,0.7708,-1,-1,-1
1032,49,897.11,944.17,66.42,135.83,0.7001,-1,-1,-1
1032,55,847.63,256.81,59.68,194.00,0.5792,-1,-1,-1
1032,54,938.38,249.31,58.92,195.35,0.6191,-1,-1,-1
1032,73,1137.13,575.86,81.72,246.44,0.7699,-1,-1,-1
1032,67,1572.73,590.26,103.42,237.59,0.6397,-1,-1,-1
1032,63,372.91,501.41,78.78,229.59,0.6621,-1,-1,-1
1032,4,1717.95,458.62,82.83,206.65,0.5970,-1,-1,-1
1032,79,367.56,310.89,67.93,193.36,0.5058,-1,-1,-1
1032,70,291.65,515.67,77.26,211.64,0.6870,-1,-1,-1
1033,47,377.50,943.55,83.61,134.27,0.7609,-1,-1,-1
1033,49,896.11,943.98,65.88,136.02,0.6958,-1,-1,-1
1033,55,847.67,255.60,59.86,194.89,0.5525,-1,-1,-1
1033,54,939.73,247.47,58.68,194.63,0.6346,-1,-1,-1
1033,73,1137.06,572.71,80.30,243.28,0.7705,-1,-1,-1
1033,67,1572.84,591.31,102.73,236.91,0.6248,-1,-1,-1
1033,63,372.57,502.04,78.53,229.11,0.6440,-1,-1,-1
1033,4,1717.92,458.53,82.90,207.07,0.5883,-1,-1,-1
1033,79,366.64,311.77,68.05,192.76,0.5324,-1,-1,-1
1033,70,291.49,517.69,77.11,213.35,0.6678,-1,-1,-1
1033,74,1677.55,638.17,99.31,278.52,0.5392,-1,-1,-1
1034,47,379.27,946.96,82.51,131.46,0.7544,-1,-1,-1
1034,49,895.13,943.73,65.52,136.27,0.7087,-1,-1,-1
1034,55,847.98,255.50,59.75,194.47,0.5583,-1,-1,-1
1034,54,939.92,245.00,58.68,194.97,0.6023,-1,-1,-1
1034,73,1137.19,569.45,79.54,242.57,0.7687,-1,-1,-1
1034,67,1573.50,594.01,101.31,233.56,0.5892,-1,-1,-1
1034,63,371.29,503.35,77.68,227.71,0.6246,-1,-1,-1
1034,4,1717.45,458.05,82.77,206.75,0.5856,-1,-1,-1
1034,79,365.94,312.58,68.39,193.42,0.5748,-1,-1,-1
1034,70,291.98,520.32,76.70,213.38,0.6706,-1,-1,-1
1034,74,1675.17,637.42,99.67,279.41,0.5382,-1,-1,-1
1035,47,381.18,950.38,81.63,128.80,0.7441,-1,-1,-1
1035,49,894.14,943.09,65.23,136.91,0.7048,-1,-1,-1
1035,55,848.22,254.87,59.66,194.41,0.5653,-1,-1,-1
1035,54,939.87,243.04,59.12,196.63,0.6449,-1,-1,-1
1035,73,1136.75,567.77,78.92,241.65,0.7607,-1,-1,-1
1035,67,1572.85,594.28,101.03,233.02,0.6063,-1,-1,-1
1035,63,371.55,504.35,76.98,225.40,0.6206,-1,-1,-1
1035,4,1717.75,458.45,81.80,204.61,0.5955,-1,-1,-1
1035,79,365.57,312.86,68.81,194.67,0.5548,-1,-1,-1
1035,70,292.28,522.96,76.82,212.47,0.6425,-1,-1,-1
1035,74,1672.91,635.58,98.91,279.77,0.6020,-1,-1,-1
1036,47,383.79,953.53,80.86,126.23,0.7314,-1,-1,-1
1036,49,892.97,941.90,65.20,138.11,0.7198,-1,-1,-1
1036,55,848.66,254.12,59.67,195.15,0.5759,-1,-1,-1
1036,54,939.58,241.19,59.14,197.19,0.6589,-1,-1,-1
1036,73,1135.59,565.86,79.47,244.91,0.7364,-1,-1,-1
1036,67,1572.87,595.12,100.60,232.32,0.6051,-1,-1,-1
1036,63,371.49,504.68,76.79,224.61,0.6307,-1,-1,-1
1036,4,1718.24,459.96,81.14,203.10,0.5844,-1,-1,-1
1036,70,292.72,525.38,76.38,210.49,0.5829,-1,-1,-1
1036,74,1671.29,633.84,98.13,280.91,0.6304,-1,-1,-1
1037,47,386.94,956.30,80.06,123.66,0.7572,-1,-1,-1
1037,49,892.14,940.78,64.95,139.22,0.7297,-1,-1,-1
1037,55,848.94,252.84,59.79,195.95,0.5732,-1,-1,-1
1037,54,939.71,240.45,59.16,197.73,0.6868,-1,-1,-1
1037,73,1134.51,563.85,79.88,247.67,0.7501,-1,-1,-1
1037,67,1572.41,595.41,100.22,231.80,0.6299,-1,-1,-1
1037,63,372.03,505.44,76.59,223.06,0.6693,-1,-1,-1
1037,4,1718.21,460.14,80.95,202.95,0.6304,-1,-1,-1
1037,70,291.11,527.58,76.39,208.38,0.5516,-1,-1,-1
1037,74,1669.86,631.67,96.89,280.58,0.6189,-1,-1,-1
1038,47,389.88,958.80,79.64,121.23,0.7812,-1,-1,-1
1038,49,890.52,939.22,64.90,140.79,0.7230,-1,-1,-1
1038,55,849.32,251.85,59.92,196.46,0.5633,-1,-1,-1
1038,54,939.53,239.67,59.19,198.58,0.6838,-1,-1,-1
1038,73,1133.36,562.75,80.91,251.58,0.7537,-1,-1,-1
1038,67,1572.36,595.36,99.96,231.76,0.6315,-1,-1,-1
1038,63,371.96,505.80,76.77,223.04,0.6653,-1,-1,-1
1038,4,1718.39,460.46,80.50,202.06,0.6306,-1,-1,-1
1038,74,1667.94,630.92,96.36,280.04,0.6215,-1,-1,-1
1039,47,392.55,959.90,79.71,120.15,0.7463,-1,-1,-1
1039,49,889.98,939.16,64.35,140.84,0.7282,-1,-1,-1
1039,55,849.89,251.25,59.65,195.79,0.5373,-1,-1,-1
1039,54,939.29,238.69,59.13,199.18,0.6589,-1,-1,-1
1039,73,1130.93,561.98,81.59,253.47,0.7656,-1,-1,-1
1039,67,1571.98,594.32,100.13,232.58,0.6041,-1,-1,-1
1039,63,371.31,506.42,76.82,223.04,0.6574,-1,-1,-1
1039,4,1718.09,460.24,80.81,203.34,0.6351,-1,-1,-1
1039,74,1664.29,631.27,96.10,279.12,0.6260,-1,-1,-1
1039,70,294.93,532.10,73.27,203.57,0.5360,-1,-1,-1
1040,47,395.54,961.63,79.42,118.43,0.7245,-1,-1,-1
1040,49,889.02,938.62,64.10,141.38,0.7288,-1,-1,-1
1040,55,851.05,249.33,59.14,193.83,0.5329,-1,-1,-1
1040,54,939.00,238.08,59.03,199.32,0.6254,-1,-1,-1
1040,73,1127.89,561.74,81.96,254.42,0.7765,-1,-1,-1
1040,67,1572.21,595.36,99.49,231.21,0.6023,-1,-1,-1
1040,63,371.68,507.86,77.55,224.69,0.6860,-1,-1,-1
1040,4,1717.98,459.95,80.97,204.44,0.6537,-1,-1,-1
1040,74,1661.16,632.46,96.20,279.46,0.6279,-1,-1,-1
1041,47,399.54,963.80,79.07,116.25,0.7475,-1,-1,-1
1041,49,886.77,938.32,63.58,141.68,0.7129,-1,-1,-1
1041,55,851.63,247.44,58.78,191.48,0.5401,-1,-1,-1
1041,54,939.05,237.35,59.12,200.08,0.6494,-1,-1,-1
1041,73,1126.90,560.66,81.96,253.56,0.7934,-1,-1,-1
1041,67,1572.49,594.30,99.68,231.73,0.6037,-1,-1,-1
1041,63,371.66,509.95,78.15,226.39,0.6519,-1,-1,-1
1041,4,1718.04,459.65,81.14,205.45,0.6579,-1,-1,-1
1041,74,1659.52,634.61,95.09,276.97,0.5460,-1,-1,-1
1042,47,402.96,965.00,79.63,114.98,0.7534,-1,-1,-1
1042,49,885.02,937.79,63.25,142.22,0.7265,-1,-1,-1
1042,55,852.70,244.94,58.50,188.85,0.5132,-1,-1,-1
1042,54,939.54,237.27,58.96,200.02,0.6358,-1,-1,-1
1042,73,1126.17,559.56,81.42,251.14,0.7839,-1,-1,-1
1042,67,1572.54,592.91,99.90,232.28,0.5835,-1,-1,-1
1042,63,371.55,510.53,79.19,229.38,0.6635,-1,-1,-1
1042,4,1717.89,460.21,80.80,205.52,0.6193,-1,-1,-1
1042,74,1658.08,636.68,94.05,274.11,0.5478,-1,-1,-1
1043,47,404.80,966.33,80.33,113.68,0.7560,-1,-1,-1
1043,49,883.82,937.50,62.96,142.50,0.7181,-1,-1,-1
1043,55,852.70,242.23,59.27,189.74,0.5035,-1,-1,-1
1043,54,939.99,237.01,58.60,199.60,0.6311,-1,-1,-1
1043,73,1124.93,558.81,80.94,248.69,0.7816,-1,-1,-1
1043,67,1572.46,592.98,99.98,231.94,0.5410,-1,-1,-1
1043,63,371.61,511.48,79.91,231.44,0.6772,-1,-1,-1
1043,4,1717.91,459.14,81.07,207.20,0.6047,-1,-1,-1
1043,80,576.78,538.36,79.29,252.54,0.5031,-1,-1,-1
1044,47,406.75,968.21,80.77,111.82,0.7458,-1,-1,-1
1044,49,882.45,937.37,62.64,142.63,0.7015,-1,-1,-1
1044,54,940.25,236.35,58.24,199.28,0.6268,-1,-1,-1
1044,73,1123.17,557.35,80.85,248.18,0.7760,-1,-1,-1
1044,63,371.60,514.00,80.28,233.22,0.6526,-1,-1,-1
1044,4,1717.69,459.14,80.82,207.58,0.6035,-1,-1,-1
1044,74,1656.44,640.89,94.04,273.87,0.5197,-1,-1,-1
1045,47,408.70,969.31,82.04,110.72,0.7483,-1,-1,-1
1045,49,882.36,937.14,62.51,142.86,0.7091,-1,-1,-1
1045,54,940.23,235.17,58.07,199.59,0.6043,-1,-1,-1
1045,73,1120.91,554.91,81.37,249.44,0.7756,-1,-1,-1
1045,63,372.36,516.85,80.18,233.17,0.6506,-1,-1,-1
1045,4,1717.80,460.57,80.24,206.94,0.6023,-1,-1,-1
1045,74,1653.20,642.24,93.96,272.39,0.5482,-1,-1,-1
1045,79,357.64,323.75,74.65,206.81,0.5331,-1,-1,-1
1045,55,853.36,238.78,60.28,191.77,0.5560,-1,-1,-1
1046,47,410.13,971.03,82.94,108.99,0.7449,-1,-1,-1
1046,49,880.72,936.24,62.55,143.76,0.6693,-1,-1,-1
1046,54,939.86,234.31,57.87,200.08,0.5944,-1,-1,-1
1046,73,1120.11,553.37,80.81,247.61,0.7769,-1,-1,-1
1046,63,372.18,519.57,79.95,233.82,0.6333,-1,-1,-1
1046,4,1717.50,460.96,79.90,206.65,0.6025,-1,-1,-1
1046,74,1652.11,643.35,93.52,270.64,0.5405,-1,-1,-1
1046,79,354.40,326.39,75.81,206.68,0.5148,-1,-1,-1
1046,55,853.03,238.07,60.84,192.17,0.5465,-1,-1,-1
1047,47,411.71,973.81,83.27,106.21,0.7391,-1,-1,-1
1047,49,879.95,935.96,62.42,144.05,0.6671,-1,-1,-1
1047,54,938.81,233.29,57.68,199.97,0.5748,-1,-1,-1
1047,73,1118.88,551.21,81.13,248.68,0.7555,-1,-1,-1
1047,63,372.41,522.01,79.51,233.10,0.6455,-1,-1,-1
1047,4,1717.35,462.21,79.27,205.36,0.6156,-1,-1,-1
1047,74,1653.27,649.04,91.17,263.95,0.6150,-1,-1,-1
1047,79,352.34,328.85,76.57,206.67,0.5395,-1,-1,-1
1047,55,852.81,235.79,62.14,194.15,0.5410,-1,-1,-1
1047,70,281.45,539.97,77.21,210.45,0.5348,-1,-1,-1
1048,47,414.16,977.11,83.23,102.91,0.7362,-1,-1,-1
1048,49,879.53,935.27,62.38,144.73,0.6473,-1,-1,-1
1048,54,938.92,231.38,56.08,194.52,0.5806,-1,-1,-1
1048,73,1118.06,548.11,80.59,246.65,0.7448,-1,-1,-1
1048,63,372.05,522.63,79.22,232.79,0.6370,-1,-1,-1
1048,4,1717.71,462.10,78.99,205.33,0.5860,-1,-1,-1
1048,74,1651.84,651.71,90.04,260.02,0.6467,-1,-1,-1
1048,55,853.17,234.76,62.90,194.64,0.5536,-1,-1,-1
1048,70,278.95,541.54,79.08,212.37,0.5872,-1,-1,-1
1049,47,415.65,979.56,83.78,100.45,0.7479,-1,-1,-1
1049,49,878.79,934.20,62.63,145.80,0.6695,-1,-1,-1
1049,54,938.58,229.60,55.55,192.41,0.6100,-1,-1,-1
1049,73,1117.09,545.35,79.48,243.76,0.7428,-1,-1,-1
1049,63,371.63,523.88,78.64,231.51,0.6465,-1,-1,-1
1049,4,1717.70,462.24,79.00,205.89,0.6217,-1,-1,-1
1049,74,1650.50,649.99,90.36,260.91,0.6957,-1,-1,-1
1049,55,853.65,234.51,63.33,194.30,0.5660,-1,-1,-1
1049,70,279.42,543.81,79.30,211.97,0.5535,-1,-1,-1
1049,78,480.97,325.85,66.36,193.06,0.5062,-1,-1,-1
1050,47,418.22,982.70,83.50,97.31,0.7518,-1,-1,-1
1050,49,878.14,933.23,62.87,146.77,0.6684,-1,-1,-1
1050,54,938.38,228.05,55.26,191.00,0.6085,-1,-1,-1
1050,73,1115.66,542.67,77.87,238.66,0.7528,-1,-1,-1
1050,63,372.24,524.42,78.26,230.26,0.6629,-1,-1,-1
1050,4,1717.63,461.56,79.14,206.64,0.6446,-1,-1,-1
1050,74,1649.03,649.56,89.89,259.95,0.6880,-1,-1,-1
1050,55,854.20,234.26,63.55,194.05,0.5899,-1,-1,-1
1050,70,279.45,546.94,79.34,211.97,0.6137,-1,-1,-1
1050,80,579.82,537.91,74.77,253.63,0.5113,-1,-1,-1
